solid OpenSCAD_Model
  facet normal 0.995192 0.0979416 0
    outer loop
      vertex 10.9764 0.719434 39
      vertex 10.9059 1.43579 15
      vertex 10.9059 1.43579 39
    endloop
  endfacet
  facet normal 0.995192 0.0979416 0
    outer loop
      vertex 10.9059 1.43579 15
      vertex 10.9764 0.719434 39
      vertex 10.9764 0.719434 15
    endloop
  endfacet
  facet normal 0.999462 0.0327859 0
    outer loop
      vertex 11 0 39
      vertex 10.9764 0.719434 15
      vertex 10.9764 0.719434 39
    endloop
  endfacet
  facet normal 0.999462 0.0327859 0
    outer loop
      vertex 10.9764 0.719434 15
      vertex 11 0 39
      vertex 11 0 15
    endloop
  endfacet
  facet normal -0.973894 -0.227004 0
    outer loop
      vertex -10.6252 -2.84701 15
      vertex -10.7886 -2.14599 39
      vertex -10.7886 -2.14599 15
    endloop
  endfacet
  facet normal -0.973894 -0.227004 0
    outer loop
      vertex -10.7886 -2.14599 39
      vertex -10.6252 -2.84701 15
      vertex -10.6252 -2.84701 39
    endloop
  endfacet
  facet normal -0.956922 -0.290347 0
    outer loop
      vertex -10.4162 -3.53583 15
      vertex -10.6252 -2.84701 39
      vertex -10.6252 -2.84701 15
    endloop
  endfacet
  facet normal -0.956922 -0.290347 0
    outer loop
      vertex -10.6252 -2.84701 39
      vertex -10.4162 -3.53583 15
      vertex -10.4162 -3.53583 39
    endloop
  endfacet
  facet normal 0.634393 -0.773011 0
    outer loop
      vertex 6.69637 -8.72689 15
      vertex 7.2528 -8.27024 39
      vertex 6.69637 -8.72689 39
    endloop
  endfacet
  facet normal 0.634393 -0.773011 0
    outer loop
      vertex 7.2528 -8.27024 39
      vertex 6.69637 -8.72689 15
      vertex 7.2528 -8.27024 15
    endloop
  endfacet
  facet normal 0.0327463 -0.999464 0
    outer loop
      vertex 0.0915642 -10.997 33.397
      vertex 0 -11 39
      vertex 0 -11 33.4
    endloop
  endfacet
  facet normal 0.0327859 -0.999462 6.47909e-07
    outer loop
      vertex 0 -11 39
      vertex 0.0915642 -10.997 33.397
      vertex 0.719434 -10.9764 39
    endloop
  endfacet
  facet normal 0.0328861 -0.999459 -1.05857e-05
    outer loop
      vertex 0.182736 -10.994 33.388
      vertex 0.719434 -10.9764 39
      vertex 0.0915642 -10.997 33.397
    endloop
  endfacet
  facet normal 0.0320777 -0.999485 6.68045e-05
    outer loop
      vertex 0.273126 -10.9911 33.3731
      vertex 0.719434 -10.9764 39
      vertex 0.182736 -10.994 33.388
    endloop
  endfacet
  facet normal 0.0335929 -0.999436 -5.35082e-05
    outer loop
      vertex 0.362347 -10.9881 33.3523
      vertex 0.719434 -10.9764 39
      vertex 0.273126 -10.9911 33.3731
    endloop
  endfacet
  facet normal 0.0319379 -0.99949 5.1244e-05
    outer loop
      vertex 0.450015 -10.9853 33.3257
      vertex 0.719434 -10.9764 39
      vertex 0.362347 -10.9881 33.3523
    endloop
  endfacet
  facet normal 0.0326457 -0.999467 1.76023e-05
    outer loop
      vertex 0.535756 -10.9825 33.2934
      vertex 0.719434 -10.9764 39
      vertex 0.450015 -10.9853 33.3257
    endloop
  endfacet
  facet normal 0.03353 -0.999438 -1.08924e-05
    outer loop
      vertex 0.619204 -10.9797 33.2556
      vertex 0.719434 -10.9764 39
      vertex 0.535756 -10.9825 33.2934
    endloop
  endfacet
  facet normal 0.03217 -0.999482 1.28629e-05
    outer loop
      vertex 0.7 -10.9771 33.2124
      vertex 0.719434 -10.9764 39
      vertex 0.619204 -10.9797 33.2556
    endloop
  endfacet
  facet normal 0.035996 -0.999352 0
    outer loop
      vertex 0.719434 -10.9764 39
      vertex 0.7 -10.9771 33.2124
      vertex 0.719434 -10.9764 33.2004
    endloop
  endfacet
  facet normal 0.0327463 -0.999464 0
    outer loop
      vertex 0 -11 15
      vertex 0.0915642 -10.997 30.603
      vertex 0 -11 30.6
    endloop
  endfacet
  facet normal 0.0327859 -0.999462 -2.32663e-07
    outer loop
      vertex 0.719434 -10.9764 15
      vertex 0.0915642 -10.997 30.603
      vertex 0 -11 15
    endloop
  endfacet
  facet normal 0.0328867 -0.999459 3.82814e-06
    outer loop
      vertex 0.0915642 -10.997 30.603
      vertex 0.719434 -10.9764 15
      vertex 0.182736 -10.994 30.612
    endloop
  endfacet
  facet normal 0.0320707 -0.999486 -2.42552e-05
    outer loop
      vertex 0.182736 -10.994 30.612
      vertex 0.719434 -10.9764 15
      vertex 0.273126 -10.9911 30.6269
    endloop
  endfacet
  facet normal 0.0336008 -0.999435 1.94936e-05
    outer loop
      vertex 0.273126 -10.9911 30.6269
      vertex 0.719434 -10.9764 15
      vertex 0.362347 -10.9881 30.6477
    endloop
  endfacet
  facet normal 0.0319281 -0.99949 -1.87206e-05
    outer loop
      vertex 0.362347 -10.9881 30.6477
      vertex 0.719434 -10.9764 15
      vertex 0.450015 -10.9853 30.6743
    endloop
  endfacet
  facet normal 0.0326415 -0.999467 -6.44451e-06
    outer loop
      vertex 0.450015 -10.9853 30.6743
      vertex 0.719434 -10.9764 15
      vertex 0.535756 -10.9825 30.7066
    endloop
  endfacet
  facet normal 0.0335332 -0.999438 3.99403e-06
    outer loop
      vertex 0.535756 -10.9825 30.7066
      vertex 0.719434 -10.9764 15
      vertex 0.619204 -10.9797 30.7444
    endloop
  endfacet
  facet normal 0.0321657 -0.999483 -4.72079e-06
    outer loop
      vertex 0.619204 -10.9797 30.7444
      vertex 0.719434 -10.9764 15
      vertex 0.7 -10.9771 30.7876
    endloop
  endfacet
  facet normal 0.035996 -0.999352 0
    outer loop
      vertex 0.7 -10.9771 30.7876
      vertex 0.719434 -10.9764 15
      vertex 0.719434 -10.9764 30.7996
    endloop
  endfacet
  facet normal -0.582472 0.812851 0
    outer loop
      vertex -6.11127 9.14616 15
      vertex -6.69637 8.72689 39
      vertex -6.11127 9.14616 39
    endloop
  endfacet
  facet normal -0.582472 0.812851 0
    outer loop
      vertex -6.69637 8.72689 39
      vertex -6.11127 9.14616 15
      vertex -6.69637 8.72689 15
    endloop
  endfacet
  facet normal -0.812851 -0.582472 0
    outer loop
      vertex -8.72689 -6.69637 15
      vertex -9.14616 -6.11127 39
      vertex -9.14616 -6.11127 15
    endloop
  endfacet
  facet normal -0.812851 -0.582472 0
    outer loop
      vertex -9.14616 -6.11127 39
      vertex -8.72689 -6.69637 15
      vertex -8.72689 -6.69637 39
    endloop
  endfacet
  facet normal -0.729859 -0.683598 0
    outer loop
      vertex -7.77817 -7.77817 15
      vertex -8.27024 -7.2528 39
      vertex -8.27024 -7.2528 15
    endloop
  endfacet
  facet normal -0.729859 -0.683598 0
    outer loop
      vertex -8.27024 -7.2528 39
      vertex -7.77817 -7.77817 15
      vertex -7.77817 -7.77817 39
    endloop
  endfacet
  facet normal 0.634393 0.773011 -0
    outer loop
      vertex 7.2528 8.27024 15
      vertex 6.69637 8.72689 39
      vertex 7.2528 8.27024 39
    endloop
  endfacet
  facet normal 0.634393 0.773011 0
    outer loop
      vertex 6.69637 8.72689 39
      vertex 7.2528 8.27024 15
      vertex 6.69637 8.72689 15
    endloop
  endfacet
  facet normal -0.683598 0.729859 0
    outer loop
      vertex -7.2528 8.27024 15
      vertex -7.77817 7.77817 39
      vertex -7.2528 8.27024 39
    endloop
  endfacet
  facet normal -0.683598 0.729859 0
    outer loop
      vertex -7.77817 7.77817 39
      vertex -7.2528 8.27024 15
      vertex -7.77817 7.77817 15
    endloop
  endfacet
  facet normal -0.986633 -0.162957 0
    outer loop
      vertex -10.7886 -2.14599 15
      vertex -10.9059 -1.43579 39
      vertex -10.9059 -1.43579 15
    endloop
  endfacet
  facet normal -0.986633 -0.162957 0
    outer loop
      vertex -10.9059 -1.43579 39
      vertex -10.7886 -2.14599 15
      vertex -10.7886 -2.14599 39
    endloop
  endfacet
  facet normal 0.812851 -0.582472 0
    outer loop
      vertex 8.72689 -6.69637 39
      vertex 9.14616 -6.11127 15
      vertex 9.14616 -6.11127 39
    endloop
  endfacet
  facet normal 0.812851 -0.582472 0
    outer loop
      vertex 9.14616 -6.11127 15
      vertex 8.72689 -6.69637 39
      vertex 8.72689 -6.69637 15
    endloop
  endfacet
  facet normal -0.812851 0.582472 0
    outer loop
      vertex -9.14616 6.11127 15
      vertex -8.72689 6.69637 39
      vertex -8.72689 6.69637 15
    endloop
  endfacet
  facet normal -0.812851 0.582472 0
    outer loop
      vertex -8.72689 6.69637 39
      vertex -9.14616 6.11127 15
      vertex -9.14616 6.11127 39
    endloop
  endfacet
  facet normal 0.162957 -0.986633 0
    outer loop
      vertex 1.43579 -10.9059 15
      vertex 2.14599 -10.7886 39
      vertex 1.43579 -10.9059 39
    endloop
  endfacet
  facet normal 0.162957 -0.986633 0
    outer loop
      vertex 2.14599 -10.7886 39
      vertex 1.43579 -10.9059 15
      vertex 2.14599 -10.7886 15
    endloop
  endfacet
  facet normal 0.162957 0.986633 -0
    outer loop
      vertex 2.14599 10.7886 15
      vertex 1.43579 10.9059 39
      vertex 2.14599 10.7886 39
    endloop
  endfacet
  facet normal 0.162957 0.986633 0
    outer loop
      vertex 1.43579 10.9059 39
      vertex 2.14599 10.7886 15
      vertex 1.43579 10.9059 15
    endloop
  endfacet
  facet normal -0.973894 0.227004 0
    outer loop
      vertex -10.7886 2.14599 15
      vertex -10.6252 2.84701 39
      vertex -10.6252 2.84701 15
    endloop
  endfacet
  facet normal -0.973894 0.227004 0
    outer loop
      vertex -10.6252 2.84701 39
      vertex -10.7886 2.14599 15
      vertex -10.7886 2.14599 39
    endloop
  endfacet
  facet normal 0.910851 0.412735 0
    outer loop
      vertex 10.1627 4.20952 39
      vertex 9.8656 4.86518 15
      vertex 9.8656 4.86518 39
    endloop
  endfacet
  facet normal 0.910851 0.412735 0
    outer loop
      vertex 9.8656 4.86518 15
      vertex 10.1627 4.20952 39
      vertex 10.1627 4.20952 15
    endloop
  endfacet
  facet normal -0.935933 0.352178 0
    outer loop
      vertex -10.4162 3.53583 15
      vertex -10.1627 4.20952 39
      vertex -10.1627 4.20952 15
    endloop
  endfacet
  facet normal -0.935933 0.352178 0
    outer loop
      vertex -10.1627 4.20952 39
      vertex -10.4162 3.53583 15
      vertex -10.4162 3.53583 39
    endloop
  endfacet
  facet normal -0.227004 0.973894 0
    outer loop
      vertex -2.14599 10.7886 15
      vertex -2.84701 10.6252 39
      vertex -2.14599 10.7886 39
    endloop
  endfacet
  facet normal -0.227004 0.973894 0
    outer loop
      vertex -2.84701 10.6252 39
      vertex -2.14599 10.7886 15
      vertex -2.84701 10.6252 15
    endloop
  endfacet
  facet normal -0.634393 -0.773011 0
    outer loop
      vertex -7.2528 -8.27024 15
      vertex -6.69637 -8.72689 39
      vertex -7.2528 -8.27024 39
    endloop
  endfacet
  facet normal -0.634393 -0.773011 -0
    outer loop
      vertex -6.69637 -8.72689 39
      vertex -7.2528 -8.27024 15
      vertex -6.69637 -8.72689 15
    endloop
  endfacet
  facet normal 0.935933 0.352178 0
    outer loop
      vertex 10.4162 3.53583 39
      vertex 10.1627 4.20952 15
      vertex 10.1627 4.20952 39
    endloop
  endfacet
  facet normal 0.935933 0.352178 0
    outer loop
      vertex 10.1627 4.20952 15
      vertex 10.4162 3.53583 39
      vertex 10.4162 3.53583 15
    endloop
  endfacet
  facet normal -0.352178 0.935933 0
    outer loop
      vertex -3.53583 10.4162 15
      vertex -4.20952 10.1627 39
      vertex -3.53583 10.4162 39
    endloop
  endfacet
  facet normal -0.352178 0.935933 0
    outer loop
      vertex -4.20952 10.1627 39
      vertex -3.53583 10.4162 15
      vertex -4.20952 10.1627 15
    endloop
  endfacet
  facet normal 0.0979416 -0.995192 0
    outer loop
      vertex 0.719434 -10.9764 33.2004
      vertex 1.43579 -10.9059 39
      vertex 0.719434 -10.9764 39
    endloop
  endfacet
  facet normal 0.0972534 -0.99526 8.58286e-05
    outer loop
      vertex 0.777798 -10.9707 33.1641
      vertex 1.43579 -10.9059 39
      vertex 0.719434 -10.9764 33.2004
    endloop
  endfacet
  facet normal 0.0975956 -0.995226 4.68672e-05
    outer loop
      vertex 0.852265 -10.9634 33.1107
      vertex 1.43579 -10.9059 39
      vertex 0.777798 -10.9707 33.1641
    endloop
  endfacet
  facet normal 0.0983429 -0.995153 -2.78925e-05
    outer loop
      vertex 0.923083 -10.9564 33.0526
      vertex 1.43579 -10.9059 39
      vertex 0.852265 -10.9634 33.1107
    endloop
  endfacet
  facet normal 0.0982122 -0.995165 -1.65153e-05
    outer loop
      vertex 0.989949 -10.9498 32.9899
      vertex 1.43579 -10.9059 39
      vertex 0.923083 -10.9564 33.0526
    endloop
  endfacet
  facet normal 0.0984729 -0.99514 -3.60457e-05
    outer loop
      vertex 1.05258 -10.9436 32.9231
      vertex 1.43579 -10.9059 39
      vertex 0.989949 -10.9498 32.9899
    endloop
  endfacet
  facet normal 0.0976417 -0.995222 1.6881e-05
    outer loop
      vertex 1.11069 -10.9379 32.8523
      vertex 1.43579 -10.9059 39
      vertex 1.05258 -10.9436 32.9231
    endloop
  endfacet
  facet normal 0.0970415 -0.99528 4.89275e-05
    outer loop
      vertex 1.16406 -10.9327 32.7778
      vertex 1.43579 -10.9059 39
      vertex 1.11069 -10.9379 32.8523
    endloop
  endfacet
  facet normal 0.0987107 -0.995116 -2.4678e-05
    outer loop
      vertex 1.21243 -10.9279 32.7
      vertex 1.43579 -10.9059 39
      vertex 1.16406 -10.9327 32.7778
    endloop
  endfacet
  facet normal 0.0990051 -0.995087 -3.52154e-05
    outer loop
      vertex 1.25562 -10.9236 32.6192
      vertex 1.43579 -10.9059 39
      vertex 1.21243 -10.9279 32.7
    endloop
  endfacet
  facet normal 0.0974146 -0.995244 1.01278e-05
    outer loop
      vertex 1.29343 -10.9199 32.5358
      vertex 1.43579 -10.9059 39
      vertex 1.25562 -10.9236 32.6192
    endloop
  endfacet
  facet normal 0.0986346 -0.995124 -1.69989e-05
    outer loop
      vertex 1.3257 -10.9167 32.45
      vertex 1.43579 -10.9059 39
      vertex 1.29343 -10.9199 32.5358
    endloop
  endfacet
  facet normal 0.0972992 -0.995255 5.66135e-06
    outer loop
      vertex 1.3523 -10.9141 32.3623
      vertex 1.43579 -10.9059 39
      vertex 1.3257 -10.9167 32.45
    endloop
  endfacet
  facet normal 0.0958165 -0.995399 2.44897e-05
    outer loop
      vertex 1.3731 -10.9121 32.2731
      vertex 1.43579 -10.9059 39
      vertex 1.3523 -10.9141 32.3623
    endloop
  endfacet
  facet normal 0.0999457 -0.994993 -1.43667e-05
    outer loop
      vertex 1.38802 -10.9106 32.1827
      vertex 1.43579 -10.9059 39
      vertex 1.3731 -10.9121 32.2731
    endloop
  endfacet
  facet normal 0.0996032 -0.995027 -1.19425e-05
    outer loop
      vertex 1.397 -10.9097 32.0916
      vertex 1.43579 -10.9059 39
      vertex 1.38802 -10.9106 32.1827
    endloop
  endfacet
  facet normal 0.0992101 -0.995067 -9.71362e-06
    outer loop
      vertex 1.4 -10.9094 32
      vertex 1.43579 -10.9059 39
      vertex 1.397 -10.9097 32.0916
    endloop
  endfacet
  facet normal 0.0979416 -0.995192 0
    outer loop
      vertex 1.43579 -10.9059 15
      vertex 0.719434 -10.9764 30.7996
      vertex 0.719434 -10.9764 15
    endloop
  endfacet
  facet normal 0.0972208 -0.995263 -3.29953e-05
    outer loop
      vertex 0.719434 -10.9764 30.7996
      vertex 1.43579 -10.9059 15
      vertex 0.777798 -10.9707 30.8359
    endloop
  endfacet
  facet normal 0.0975752 -0.995228 -1.8128e-05
    outer loop
      vertex 0.777798 -10.9707 30.8359
      vertex 1.43579 -10.9059 15
      vertex 0.852265 -10.9634 30.8893
    endloop
  endfacet
  facet normal 0.0983567 -0.995151 1.08517e-05
    outer loop
      vertex 0.852265 -10.9634 30.8893
      vertex 1.43579 -10.9059 15
      vertex 0.923083 -10.9564 30.9474
    endloop
  endfacet
  facet normal 0.0982215 -0.995165 6.46257e-06
    outer loop
      vertex 0.923083 -10.9564 30.9474
      vertex 1.43579 -10.9059 15
      vertex 0.989949 -10.9498 31.01
    endloop
  endfacet
  facet normal 0.098496 -0.995137 1.41802e-05
    outer loop
      vertex 0.989949 -10.9498 31.01
      vertex 1.43579 -10.9059 15
      vertex 1.05258 -10.9436 31.0769
    endloop
  endfacet
  facet normal 0.0976294 -0.995223 -6.67719e-06
    outer loop
      vertex 1.05258 -10.9436 31.0769
      vertex 1.43579 -10.9059 15
      vertex 1.11069 -10.9379 31.1477
    endloop
  endfacet
  facet normal 0.0970007 -0.995284 -1.94558e-05
    outer loop
      vertex 1.11069 -10.9379 31.1477
      vertex 1.43579 -10.9059 15
      vertex 1.16406 -10.9327 31.2222
    endloop
  endfacet
  facet normal 0.0987343 -0.995114 9.86459e-06
    outer loop
      vertex 1.16406 -10.9327 31.2222
      vertex 1.43579 -10.9059 15
      vertex 1.21243 -10.9279 31.3
    endloop
  endfacet
  facet normal 0.0990441 -0.995083 1.41508e-05
    outer loop
      vertex 1.21243 -10.9279 31.3
      vertex 1.43579 -10.9059 15
      vertex 1.25562 -10.9236 31.3808
    endloop
  endfacet
  facet normal 0.0974014 -0.995245 -4.09153e-06
    outer loop
      vertex 1.25562 -10.9236 31.3808
      vertex 1.43579 -10.9059 15
      vertex 1.29343 -10.9199 31.4642
    endloop
  endfacet
  facet normal 0.0986611 -0.995121 6.90616e-06
    outer loop
      vertex 1.29343 -10.9199 31.4642
      vertex 1.43579 -10.9059 15
      vertex 1.3257 -10.9167 31.55
    endloop
  endfacet
  facet normal 0.0972883 -0.995256 -2.31401e-06
    outer loop
      vertex 1.3257 -10.9167 31.55
      vertex 1.43579 -10.9059 15
      vertex 1.3523 -10.9141 31.6377
    endloop
  endfacet
  facet normal 0.0957552 -0.995405 -1.00804e-05
    outer loop
      vertex 1.3523 -10.9141 31.6377
      vertex 1.43579 -10.9059 15
      vertex 1.3731 -10.9121 31.7269
    endloop
  endfacet
  facet normal 0.0999961 -0.994988 5.96839e-06
    outer loop
      vertex 1.3731 -10.9121 31.7269
      vertex 1.43579 -10.9059 15
      vertex 1.38802 -10.9106 31.8173
    endloop
  endfacet
  facet normal 0.0973284 -0.995252 0
    outer loop
      vertex 1.4 -10.9094 32
      vertex 1.43579 -10.9059 15
      vertex 1.43579 -10.9059 39
    endloop
  endfacet
  facet normal 0.0993724 -0.99505 4.34477e-06
    outer loop
      vertex 1.397 -10.9097 31.9084
      vertex 1.43579 -10.9059 15
      vertex 1.4 -10.9094 32
    endloop
  endfacet
  facet normal 0.0996725 -0.99502 5.04007e-06
    outer loop
      vertex 1.38802 -10.9106 31.8173
      vertex 1.43579 -10.9059 15
      vertex 1.397 -10.9097 31.9084
    endloop
  endfacet
  facet normal -0.729859 0.683598 0
    outer loop
      vertex -8.27024 7.2528 15
      vertex -7.77817 7.77817 39
      vertex -7.77817 7.77817 15
    endloop
  endfacet
  facet normal -0.729859 0.683598 0
    outer loop
      vertex -7.77817 7.77817 39
      vertex -8.27024 7.2528 15
      vertex -8.27024 7.2528 39
    endloop
  endfacet
  facet normal -0.773011 0.634393 0
    outer loop
      vertex -8.72689 6.69637 15
      vertex -8.27024 7.2528 39
      vertex -8.27024 7.2528 15
    endloop
  endfacet
  facet normal -0.773011 0.634393 0
    outer loop
      vertex -8.27024 7.2528 39
      vertex -8.72689 6.69637 15
      vertex -8.72689 6.69637 39
    endloop
  endfacet
  facet normal -0.88192 0.471399 0
    outer loop
      vertex -9.8656 4.86518 15
      vertex -9.52628 5.5 39
      vertex -9.52628 5.5 15
    endloop
  endfacet
  facet normal -0.88192 0.471399 0
    outer loop
      vertex -9.52628 5.5 39
      vertex -9.8656 4.86518 15
      vertex -9.8656 4.86518 39
    endloop
  endfacet
  facet normal 0.528076 -0.849197 0
    outer loop
      vertex 5.5 -9.52628 15
      vertex 6.11127 -9.14616 39
      vertex 5.5 -9.52628 39
    endloop
  endfacet
  facet normal 0.528076 -0.849197 0
    outer loop
      vertex 6.11127 -9.14616 39
      vertex 5.5 -9.52628 15
      vertex 6.11127 -9.14616 15
    endloop
  endfacet
  facet normal -0.0327859 -0.999462 6.47909e-07
    outer loop
      vertex -0.0915642 -10.997 33.397
      vertex 0 -11 39
      vertex -0.719434 -10.9764 39
    endloop
  endfacet
  facet normal -0.0327463 -0.999464 -0
    outer loop
      vertex 0 -11 39
      vertex -0.0915642 -10.997 33.397
      vertex 0 -11 33.4
    endloop
  endfacet
  facet normal -0.0328861 -0.999459 -1.05857e-05
    outer loop
      vertex -0.719434 -10.9764 39
      vertex -0.182736 -10.994 33.388
      vertex -0.0915642 -10.997 33.397
    endloop
  endfacet
  facet normal -0.0320777 -0.999485 6.68045e-05
    outer loop
      vertex -0.719434 -10.9764 39
      vertex -0.273126 -10.9911 33.3731
      vertex -0.182736 -10.994 33.388
    endloop
  endfacet
  facet normal -0.0335929 -0.999436 -5.35082e-05
    outer loop
      vertex -0.719434 -10.9764 39
      vertex -0.362347 -10.9881 33.3523
      vertex -0.273126 -10.9911 33.3731
    endloop
  endfacet
  facet normal -0.0319379 -0.99949 5.1244e-05
    outer loop
      vertex -0.719434 -10.9764 39
      vertex -0.450015 -10.9853 33.3257
      vertex -0.362347 -10.9881 33.3523
    endloop
  endfacet
  facet normal -0.0326457 -0.999467 1.76023e-05
    outer loop
      vertex -0.719434 -10.9764 39
      vertex -0.535756 -10.9825 33.2934
      vertex -0.450015 -10.9853 33.3257
    endloop
  endfacet
  facet normal -0.03353 -0.999438 -1.08924e-05
    outer loop
      vertex -0.719434 -10.9764 39
      vertex -0.619204 -10.9797 33.2556
      vertex -0.535756 -10.9825 33.2934
    endloop
  endfacet
  facet normal -0.03217 -0.999482 1.28629e-05
    outer loop
      vertex -0.719434 -10.9764 39
      vertex -0.7 -10.9771 33.2124
      vertex -0.619204 -10.9797 33.2556
    endloop
  endfacet
  facet normal -0.035996 -0.999352 0
    outer loop
      vertex -0.7 -10.9771 33.2124
      vertex -0.719434 -10.9764 39
      vertex -0.719434 -10.9764 33.2004
    endloop
  endfacet
  facet normal -0.035996 -0.999352 0
    outer loop
      vertex -0.719434 -10.9764 15
      vertex -0.7 -10.9771 30.7876
      vertex -0.719434 -10.9764 30.7996
    endloop
  endfacet
  facet normal -0.0321657 -0.999483 -4.72079e-06
    outer loop
      vertex -0.719434 -10.9764 15
      vertex -0.619204 -10.9797 30.7444
      vertex -0.7 -10.9771 30.7876
    endloop
  endfacet
  facet normal -0.0335332 -0.999438 3.99403e-06
    outer loop
      vertex -0.719434 -10.9764 15
      vertex -0.535756 -10.9825 30.7066
      vertex -0.619204 -10.9797 30.7444
    endloop
  endfacet
  facet normal -0.0326415 -0.999467 -6.44451e-06
    outer loop
      vertex -0.719434 -10.9764 15
      vertex -0.450015 -10.9853 30.6743
      vertex -0.535756 -10.9825 30.7066
    endloop
  endfacet
  facet normal -0.0319281 -0.99949 -1.87206e-05
    outer loop
      vertex -0.719434 -10.9764 15
      vertex -0.362347 -10.9881 30.6477
      vertex -0.450015 -10.9853 30.6743
    endloop
  endfacet
  facet normal -0.0336008 -0.999435 1.94936e-05
    outer loop
      vertex -0.719434 -10.9764 15
      vertex -0.273126 -10.9911 30.6269
      vertex -0.362347 -10.9881 30.6477
    endloop
  endfacet
  facet normal -0.0320707 -0.999486 -2.42552e-05
    outer loop
      vertex -0.719434 -10.9764 15
      vertex -0.182736 -10.994 30.612
      vertex -0.273126 -10.9911 30.6269
    endloop
  endfacet
  facet normal -0.0328867 -0.999459 3.82814e-06
    outer loop
      vertex -0.719434 -10.9764 15
      vertex -0.0915642 -10.997 30.603
      vertex -0.182736 -10.994 30.612
    endloop
  endfacet
  facet normal -0.0327464 -0.999464 -1.82566e-06
    outer loop
      vertex -0.719434 -10.9764 15
      vertex 0 -11 30.6
      vertex -0.0915642 -10.997 30.603
    endloop
  endfacet
  facet normal -0.0327859 -0.999462 -0
    outer loop
      vertex 0 -11 30.6
      vertex -0.719434 -10.9764 15
      vertex 0 -11 15
    endloop
  endfacet
  facet normal -0.849197 -0.528076 0
    outer loop
      vertex -9.14616 -6.11127 15
      vertex -9.52628 -5.5 39
      vertex -9.52628 -5.5 15
    endloop
  endfacet
  facet normal -0.849197 -0.528076 0
    outer loop
      vertex -9.52628 -5.5 39
      vertex -9.14616 -6.11127 15
      vertex -9.14616 -6.11127 39
    endloop
  endfacet
  facet normal -0.412735 -0.910851 0
    outer loop
      vertex -4.86518 -9.8656 15
      vertex -4.20952 -10.1627 39
      vertex -4.86518 -9.8656 39
    endloop
  endfacet
  facet normal -0.412735 -0.910851 -0
    outer loop
      vertex -4.20952 -10.1627 39
      vertex -4.86518 -9.8656 15
      vertex -4.20952 -10.1627 15
    endloop
  endfacet
  facet normal -0.995192 0.0979416 0
    outer loop
      vertex -10.9764 0.719434 15
      vertex -10.9059 1.43579 39
      vertex -10.9059 1.43579 15
    endloop
  endfacet
  facet normal -0.995192 0.0979416 0
    outer loop
      vertex -10.9059 1.43579 39
      vertex -10.9764 0.719434 15
      vertex -10.9764 0.719434 39
    endloop
  endfacet
  facet normal -0.910851 0.412735 0
    outer loop
      vertex -10.1627 4.20952 15
      vertex -9.8656 4.86518 39
      vertex -9.8656 4.86518 15
    endloop
  endfacet
  facet normal -0.910851 0.412735 0
    outer loop
      vertex -9.8656 4.86518 39
      vertex -10.1627 4.20952 15
      vertex -10.1627 4.20952 39
    endloop
  endfacet
  facet normal -0.999462 -0.0327859 0
    outer loop
      vertex -10.9764 -0.719434 15
      vertex -11 0 39
      vertex -11 0 15
    endloop
  endfacet
  facet normal -0.999462 -0.0327859 0
    outer loop
      vertex -11 0 39
      vertex -10.9764 -0.719434 15
      vertex -10.9764 -0.719434 39
    endloop
  endfacet
  facet normal -0.849197 0.528076 0
    outer loop
      vertex -9.52628 5.5 15
      vertex -9.14616 6.11127 39
      vertex -9.14616 6.11127 15
    endloop
  endfacet
  facet normal -0.849197 0.528076 0
    outer loop
      vertex -9.14616 6.11127 39
      vertex -9.52628 5.5 15
      vertex -9.52628 5.5 39
    endloop
  endfacet
  facet normal -0.986633 0.162957 0
    outer loop
      vertex -10.9059 1.43579 15
      vertex -10.7886 2.14599 39
      vertex -10.7886 2.14599 15
    endloop
  endfacet
  facet normal -0.986633 0.162957 0
    outer loop
      vertex -10.7886 2.14599 39
      vertex -10.9059 1.43579 15
      vertex -10.9059 1.43579 39
    endloop
  endfacet
  facet normal 0.812851 0.582472 0
    outer loop
      vertex 9.14616 6.11127 39
      vertex 8.72689 6.69637 15
      vertex 8.72689 6.69637 39
    endloop
  endfacet
  facet normal 0.812851 0.582472 0
    outer loop
      vertex 8.72689 6.69637 15
      vertex 9.14616 6.11127 39
      vertex 9.14616 6.11127 15
    endloop
  endfacet
  facet normal 0 0 1
    outer loop
      vertex 6.75 0 39
      vertex 11 0 39
      vertex 10.9764 0.719434 39
    endloop
  endfacet
  facet normal 0 0 1
    outer loop
      vertex 6.73555 0.441471 39
      vertex 10.9764 0.719434 39
      vertex 10.9059 1.43579 39
    endloop
  endfacet
  facet normal 0 0 1
    outer loop
      vertex 11 0 39
      vertex 6.75 0 39
      vertex 10.9764 -0.719434 39
    endloop
  endfacet
  facet normal 0 0 1
    outer loop
      vertex 6.69225 0.881051 39
      vertex 10.9059 1.43579 39
      vertex 10.7886 2.14599 39
    endloop
  endfacet
  facet normal -0 0 1
    outer loop
      vertex 6.73555 -0.441471 39
      vertex 10.9764 -0.719434 39
      vertex 6.75 0 39
    endloop
  endfacet
  facet normal 0 0 1
    outer loop
      vertex 6.6203 1.31686 39
      vertex 10.7886 2.14599 39
      vertex 10.6252 2.84701 39
    endloop
  endfacet
  facet normal 0 0 1
    outer loop
      vertex 10.9764 -0.719434 39
      vertex 6.73555 -0.441471 39
      vertex 10.9059 -1.43579 39
    endloop
  endfacet
  facet normal 0 0 1
    outer loop
      vertex 6.52 1.74703 39
      vertex 10.6252 2.84701 39
      vertex 10.4162 3.53583 39
    endloop
  endfacet
  facet normal -0 0 1
    outer loop
      vertex 6.69225 -0.881051 39
      vertex 10.9059 -1.43579 39
      vertex 6.73555 -0.441471 39
    endloop
  endfacet
  facet normal 0 0 1
    outer loop
      vertex 6.39178 2.16972 39
      vertex 10.4162 3.53583 39
      vertex 10.1627 4.20952 39
    endloop
  endfacet
  facet normal 0 0 1
    outer loop
      vertex 10.9059 -1.43579 39
      vertex 6.69225 -0.881051 39
      vertex 10.7886 -2.14599 39
    endloop
  endfacet
  facet normal 0 0 1
    outer loop
      vertex 6.23619 2.58311 39
      vertex 10.1627 4.20952 39
      vertex 9.8656 4.86518 39
    endloop
  endfacet
  facet normal -0 0 1
    outer loop
      vertex 6.6203 -1.31686 39
      vertex 10.7886 -2.14599 39
      vertex 6.69225 -0.881051 39
    endloop
  endfacet
  facet normal 0 0 1
    outer loop
      vertex 6.05389 2.98545 39
      vertex 9.8656 4.86518 39
      vertex 9.52628 5.5 39
    endloop
  endfacet
  facet normal 0 0 1
    outer loop
      vertex 10.7886 -2.14599 39
      vertex 6.6203 -1.31686 39
      vertex 10.6252 -2.84701 39
    endloop
  endfacet
  facet normal 0 0 1
    outer loop
      vertex 5.84567 3.375 39
      vertex 9.52628 5.5 39
      vertex 9.14616 6.11127 39
    endloop
  endfacet
  facet normal -0 0 1
    outer loop
      vertex 6.52 -1.74703 39
      vertex 10.6252 -2.84701 39
      vertex 6.6203 -1.31686 39
    endloop
  endfacet
  facet normal 0 0 1
    outer loop
      vertex 5.61242 3.7501 39
      vertex 9.14616 6.11127 39
      vertex 8.72689 6.69637 39
    endloop
  endfacet
  facet normal 0 0 1
    outer loop
      vertex 10.6252 -2.84701 39
      vertex 6.52 -1.74703 39
      vertex 10.4162 -3.53583 39
    endloop
  endfacet
  facet normal 0 0 1
    outer loop
      vertex 5.35513 4.10914 39
      vertex 8.72689 6.69637 39
      vertex 8.27024 7.2528 39
    endloop
  endfacet
  facet normal -0 0 1
    outer loop
      vertex 6.39178 -2.16972 39
      vertex 10.4162 -3.53583 39
      vertex 6.52 -1.74703 39
    endloop
  endfacet
  facet normal 0 0 1
    outer loop
      vertex 5.07492 4.45058 39
      vertex 8.27024 7.2528 39
      vertex 7.77817 7.77817 39
    endloop
  endfacet
  facet normal 0 0 1
    outer loop
      vertex 10.4162 -3.53583 39
      vertex 6.39178 -2.16972 39
      vertex 10.1627 -4.20952 39
    endloop
  endfacet
  facet normal 0 0 1
    outer loop
      vertex 4.77297 4.77297 39
      vertex 7.77817 7.77817 39
      vertex 7.2528 8.27024 39
    endloop
  endfacet
  facet normal -0 0 1
    outer loop
      vertex 6.23619 -2.58311 39
      vertex 10.1627 -4.20952 39
      vertex 6.39178 -2.16972 39
    endloop
  endfacet
  facet normal 0 0 1
    outer loop
      vertex 10.1627 -4.20952 39
      vertex 6.23619 -2.58311 39
      vertex 9.8656 -4.86518 39
    endloop
  endfacet
  facet normal 0 0 1
    outer loop
      vertex 10.9764 0.719434 39
      vertex 6.73555 0.441471 39
      vertex 6.75 0 39
    endloop
  endfacet
  facet normal 0 0 1
    outer loop
      vertex 4.45058 5.07492 39
      vertex 7.2528 8.27024 39
      vertex 6.69637 8.72689 39
    endloop
  endfacet
  facet normal 0 0 1
    outer loop
      vertex 10.9059 1.43579 39
      vertex 6.69225 0.881051 39
      vertex 6.73555 0.441471 39
    endloop
  endfacet
  facet normal 0 0 1
    outer loop
      vertex 10.7886 2.14599 39
      vertex 6.6203 1.31686 39
      vertex 6.69225 0.881051 39
    endloop
  endfacet
  facet normal 0 0 1
    outer loop
      vertex 10.6252 2.84701 39
      vertex 6.52 1.74703 39
      vertex 6.6203 1.31686 39
    endloop
  endfacet
  facet normal 0 0 1
    outer loop
      vertex 10.4162 3.53583 39
      vertex 6.39178 2.16972 39
      vertex 6.52 1.74703 39
    endloop
  endfacet
  facet normal 0 0 1
    outer loop
      vertex 10.1627 4.20952 39
      vertex 6.23619 2.58311 39
      vertex 6.39178 2.16972 39
    endloop
  endfacet
  facet normal 0 0 1
    outer loop
      vertex 4.10914 5.35513 39
      vertex 6.69637 8.72689 39
      vertex 6.11127 9.14616 39
    endloop
  endfacet
  facet normal 0 0 1
    outer loop
      vertex 9.8656 4.86518 39
      vertex 6.05389 2.98545 39
      vertex 6.23619 2.58311 39
    endloop
  endfacet
  facet normal 0 0 1
    outer loop
      vertex 9.52628 5.5 39
      vertex 5.84567 3.375 39
      vertex 6.05389 2.98545 39
    endloop
  endfacet
  facet normal 0 0 1
    outer loop
      vertex 9.14616 6.11127 39
      vertex 5.61242 3.7501 39
      vertex 5.84567 3.375 39
    endloop
  endfacet
  facet normal 0 0 1
    outer loop
      vertex 3.7501 5.61242 39
      vertex 6.11127 9.14616 39
      vertex 5.5 9.52628 39
    endloop
  endfacet
  facet normal 0 0 1
    outer loop
      vertex 8.72689 6.69637 39
      vertex 5.35513 4.10914 39
      vertex 5.61242 3.7501 39
    endloop
  endfacet
  facet normal 0 0 1
    outer loop
      vertex 8.27024 7.2528 39
      vertex 5.07492 4.45058 39
      vertex 5.35513 4.10914 39
    endloop
  endfacet
  facet normal 0 0 1
    outer loop
      vertex 3.375 5.84567 39
      vertex 5.5 9.52628 39
      vertex 4.86518 9.8656 39
    endloop
  endfacet
  facet normal 0 0 1
    outer loop
      vertex 7.77817 7.77817 39
      vertex 4.77297 4.77297 39
      vertex 5.07492 4.45058 39
    endloop
  endfacet
  facet normal 0 0 1
    outer loop
      vertex 7.2528 8.27024 39
      vertex 4.45058 5.07492 39
      vertex 4.77297 4.77297 39
    endloop
  endfacet
  facet normal 0 0 1
    outer loop
      vertex 2.98545 6.05389 39
      vertex 4.86518 9.8656 39
      vertex 4.20952 10.1627 39
    endloop
  endfacet
  facet normal 0 0 1
    outer loop
      vertex 6.69637 8.72689 39
      vertex 4.10914 5.35513 39
      vertex 4.45058 5.07492 39
    endloop
  endfacet
  facet normal 0 0 1
    outer loop
      vertex 6.11127 9.14616 39
      vertex 3.7501 5.61242 39
      vertex 4.10914 5.35513 39
    endloop
  endfacet
  facet normal 0 0 1
    outer loop
      vertex 2.58311 6.23619 39
      vertex 4.20952 10.1627 39
      vertex 3.53583 10.4162 39
    endloop
  endfacet
  facet normal 0 0 1
    outer loop
      vertex 5.5 9.52628 39
      vertex 3.375 5.84567 39
      vertex 3.7501 5.61242 39
    endloop
  endfacet
  facet normal 0 0 1
    outer loop
      vertex 4.86518 9.8656 39
      vertex 2.98545 6.05389 39
      vertex 3.375 5.84567 39
    endloop
  endfacet
  facet normal 0 0 1
    outer loop
      vertex 2.16972 6.39178 39
      vertex 3.53583 10.4162 39
      vertex 2.84701 10.6252 39
    endloop
  endfacet
  facet normal 0 0 1
    outer loop
      vertex 4.20952 10.1627 39
      vertex 2.58311 6.23619 39
      vertex 2.98545 6.05389 39
    endloop
  endfacet
  facet normal 0 0 1
    outer loop
      vertex 3.53583 10.4162 39
      vertex 2.16972 6.39178 39
      vertex 2.58311 6.23619 39
    endloop
  endfacet
  facet normal 0 0 1
    outer loop
      vertex 1.74703 6.52 39
      vertex 2.84701 10.6252 39
      vertex 2.14599 10.7886 39
    endloop
  endfacet
  facet normal 0 0 1
    outer loop
      vertex 2.84701 10.6252 39
      vertex 1.74703 6.52 39
      vertex 2.16972 6.39178 39
    endloop
  endfacet
  facet normal 0 0 1
    outer loop
      vertex 1.31686 6.6203 39
      vertex 2.14599 10.7886 39
      vertex 1.43579 10.9059 39
    endloop
  endfacet
  facet normal 0 0 1
    outer loop
      vertex 2.14599 10.7886 39
      vertex 1.31686 6.6203 39
      vertex 1.74703 6.52 39
    endloop
  endfacet
  facet normal 0 0 1
    outer loop
      vertex 1.43579 10.9059 39
      vertex 0.881051 6.69225 39
      vertex 1.31686 6.6203 39
    endloop
  endfacet
  facet normal 0 0 1
    outer loop
      vertex 0.719434 10.9764 39
      vertex 0.881051 6.69225 39
      vertex 1.43579 10.9059 39
    endloop
  endfacet
  facet normal 0 0 1
    outer loop
      vertex 0.719434 10.9764 39
      vertex 0.441471 6.73555 39
      vertex 0.881051 6.69225 39
    endloop
  endfacet
  facet normal 0 0 1
    outer loop
      vertex 0 11 39
      vertex 0.441471 6.73555 39
      vertex 0.719434 10.9764 39
    endloop
  endfacet
  facet normal 0 0 1
    outer loop
      vertex 0 11 39
      vertex 0 6.75 39
      vertex 0.441471 6.73555 39
    endloop
  endfacet
  facet normal 0 0 1
    outer loop
      vertex 0 11 39
      vertex -0.441471 6.73555 39
      vertex 0 6.75 39
    endloop
  endfacet
  facet normal -0 0 1
    outer loop
      vertex -0.719434 10.9764 39
      vertex -0.441471 6.73555 39
      vertex 0 11 39
    endloop
  endfacet
  facet normal 0 0 1
    outer loop
      vertex -0.719434 10.9764 39
      vertex -0.881051 6.69225 39
      vertex -0.441471 6.73555 39
    endloop
  endfacet
  facet normal -0 0 1
    outer loop
      vertex -1.43579 10.9059 39
      vertex -0.881051 6.69225 39
      vertex -0.719434 10.9764 39
    endloop
  endfacet
  facet normal 0 0 1
    outer loop
      vertex -0.881051 6.69225 39
      vertex -1.43579 10.9059 39
      vertex -1.31686 6.6203 39
    endloop
  endfacet
  facet normal -0 0 1
    outer loop
      vertex -2.14599 10.7886 39
      vertex -1.31686 6.6203 39
      vertex -1.43579 10.9059 39
    endloop
  endfacet
  facet normal 0 0 1
    outer loop
      vertex -1.31686 6.6203 39
      vertex -2.14599 10.7886 39
      vertex -1.74703 6.52 39
    endloop
  endfacet
  facet normal -0 0 1
    outer loop
      vertex -2.84701 10.6252 39
      vertex -1.74703 6.52 39
      vertex -2.14599 10.7886 39
    endloop
  endfacet
  facet normal 0 0 1
    outer loop
      vertex -1.74703 6.52 39
      vertex -2.84701 10.6252 39
      vertex -2.16972 6.39178 39
    endloop
  endfacet
  facet normal -0 0 1
    outer loop
      vertex -3.53583 10.4162 39
      vertex -2.16972 6.39178 39
      vertex -2.84701 10.6252 39
    endloop
  endfacet
  facet normal 0 0 1
    outer loop
      vertex -2.16972 6.39178 39
      vertex -3.53583 10.4162 39
      vertex -2.58311 6.23619 39
    endloop
  endfacet
  facet normal -0 0 1
    outer loop
      vertex -4.20952 10.1627 39
      vertex -2.58311 6.23619 39
      vertex -3.53583 10.4162 39
    endloop
  endfacet
  facet normal 0 0 1
    outer loop
      vertex -2.58311 6.23619 39
      vertex -4.20952 10.1627 39
      vertex -2.98545 6.05389 39
    endloop
  endfacet
  facet normal -0 0 1
    outer loop
      vertex -4.86518 9.8656 39
      vertex -2.98545 6.05389 39
      vertex -4.20952 10.1627 39
    endloop
  endfacet
  facet normal 0 0 1
    outer loop
      vertex -2.98545 6.05389 39
      vertex -4.86518 9.8656 39
      vertex -3.375 5.84567 39
    endloop
  endfacet
  facet normal -0 0 1
    outer loop
      vertex -5.5 9.52628 39
      vertex -3.375 5.84567 39
      vertex -4.86518 9.8656 39
    endloop
  endfacet
  facet normal 0 0 1
    outer loop
      vertex -3.375 5.84567 39
      vertex -5.5 9.52628 39
      vertex -3.7501 5.61242 39
    endloop
  endfacet
  facet normal -0 0 1
    outer loop
      vertex -6.11127 9.14616 39
      vertex -3.7501 5.61242 39
      vertex -5.5 9.52628 39
    endloop
  endfacet
  facet normal 0 0 1
    outer loop
      vertex -3.7501 5.61242 39
      vertex -6.11127 9.14616 39
      vertex -4.10914 5.35513 39
    endloop
  endfacet
  facet normal -0 0 1
    outer loop
      vertex -6.69637 8.72689 39
      vertex -4.10914 5.35513 39
      vertex -6.11127 9.14616 39
    endloop
  endfacet
  facet normal 0 0 1
    outer loop
      vertex -4.10914 5.35513 39
      vertex -6.69637 8.72689 39
      vertex -4.45058 5.07492 39
    endloop
  endfacet
  facet normal -0 0 1
    outer loop
      vertex -7.2528 8.27024 39
      vertex -4.45058 5.07492 39
      vertex -6.69637 8.72689 39
    endloop
  endfacet
  facet normal 0 0 1
    outer loop
      vertex -4.45058 5.07492 39
      vertex -7.2528 8.27024 39
      vertex -4.77297 4.77297 39
    endloop
  endfacet
  facet normal -0 0 1
    outer loop
      vertex -7.77817 7.77817 39
      vertex -4.77297 4.77297 39
      vertex -7.2528 8.27024 39
    endloop
  endfacet
  facet normal 0 0 1
    outer loop
      vertex -4.77297 4.77297 39
      vertex -7.77817 7.77817 39
      vertex -5.07492 4.45058 39
    endloop
  endfacet
  facet normal -0 0 1
    outer loop
      vertex -8.27024 7.2528 39
      vertex -5.07492 4.45058 39
      vertex -7.77817 7.77817 39
    endloop
  endfacet
  facet normal 0 0 1
    outer loop
      vertex -5.07492 4.45058 39
      vertex -8.27024 7.2528 39
      vertex -5.35513 4.10914 39
    endloop
  endfacet
  facet normal -0 0 1
    outer loop
      vertex -8.72689 6.69637 39
      vertex -5.35513 4.10914 39
      vertex -8.27024 7.2528 39
    endloop
  endfacet
  facet normal 0 0 1
    outer loop
      vertex -5.35513 4.10914 39
      vertex -8.72689 6.69637 39
      vertex -5.61242 3.7501 39
    endloop
  endfacet
  facet normal -0 0 1
    outer loop
      vertex -9.14616 6.11127 39
      vertex -5.61242 3.7501 39
      vertex -8.72689 6.69637 39
    endloop
  endfacet
  facet normal 0 0 1
    outer loop
      vertex -5.61242 3.7501 39
      vertex -9.14616 6.11127 39
      vertex -5.84567 3.375 39
    endloop
  endfacet
  facet normal -0 0 1
    outer loop
      vertex -9.52628 5.5 39
      vertex -5.84567 3.375 39
      vertex -9.14616 6.11127 39
    endloop
  endfacet
  facet normal 0 0 1
    outer loop
      vertex -5.84567 3.375 39
      vertex -9.52628 5.5 39
      vertex -6.05389 2.98545 39
    endloop
  endfacet
  facet normal -0 0 1
    outer loop
      vertex -9.8656 4.86518 39
      vertex -6.05389 2.98545 39
      vertex -9.52628 5.5 39
    endloop
  endfacet
  facet normal 0 0 1
    outer loop
      vertex -6.05389 2.98545 39
      vertex -9.8656 4.86518 39
      vertex -6.23619 2.58311 39
    endloop
  endfacet
  facet normal -0 0 1
    outer loop
      vertex 6.05389 -2.98545 39
      vertex 9.8656 -4.86518 39
      vertex 6.23619 -2.58311 39
    endloop
  endfacet
  facet normal 0 0 1
    outer loop
      vertex 9.8656 -4.86518 39
      vertex 6.05389 -2.98545 39
      vertex 9.52628 -5.5 39
    endloop
  endfacet
  facet normal -0 0 1
    outer loop
      vertex 5.84567 -3.375 39
      vertex 9.52628 -5.5 39
      vertex 6.05389 -2.98545 39
    endloop
  endfacet
  facet normal 0 0 1
    outer loop
      vertex 9.52628 -5.5 39
      vertex 5.84567 -3.375 39
      vertex 9.14616 -6.11127 39
    endloop
  endfacet
  facet normal -0 0 1
    outer loop
      vertex 5.61242 -3.7501 39
      vertex 9.14616 -6.11127 39
      vertex 5.84567 -3.375 39
    endloop
  endfacet
  facet normal 0 0 1
    outer loop
      vertex 9.14616 -6.11127 39
      vertex 5.61242 -3.7501 39
      vertex 8.72689 -6.69637 39
    endloop
  endfacet
  facet normal -0 0 1
    outer loop
      vertex 5.35513 -4.10914 39
      vertex 8.72689 -6.69637 39
      vertex 5.61242 -3.7501 39
    endloop
  endfacet
  facet normal 0 0 1
    outer loop
      vertex 8.72689 -6.69637 39
      vertex 5.35513 -4.10914 39
      vertex 8.27024 -7.2528 39
    endloop
  endfacet
  facet normal -0 0 1
    outer loop
      vertex 5.07492 -4.45058 39
      vertex 8.27024 -7.2528 39
      vertex 5.35513 -4.10914 39
    endloop
  endfacet
  facet normal 0 0 1
    outer loop
      vertex 8.27024 -7.2528 39
      vertex 5.07492 -4.45058 39
      vertex 7.77817 -7.77817 39
    endloop
  endfacet
  facet normal -0 0 1
    outer loop
      vertex 4.77297 -4.77297 39
      vertex 7.77817 -7.77817 39
      vertex 5.07492 -4.45058 39
    endloop
  endfacet
  facet normal 0 0 1
    outer loop
      vertex 7.77817 -7.77817 39
      vertex 4.77297 -4.77297 39
      vertex 7.2528 -8.27024 39
    endloop
  endfacet
  facet normal -0 0 1
    outer loop
      vertex 4.45058 -5.07492 39
      vertex 7.2528 -8.27024 39
      vertex 4.77297 -4.77297 39
    endloop
  endfacet
  facet normal 0 0 1
    outer loop
      vertex 7.2528 -8.27024 39
      vertex 4.45058 -5.07492 39
      vertex 6.69637 -8.72689 39
    endloop
  endfacet
  facet normal -0 0 1
    outer loop
      vertex 4.10914 -5.35513 39
      vertex 6.69637 -8.72689 39
      vertex 4.45058 -5.07492 39
    endloop
  endfacet
  facet normal 0 0 1
    outer loop
      vertex 6.69637 -8.72689 39
      vertex 4.10914 -5.35513 39
      vertex 6.11127 -9.14616 39
    endloop
  endfacet
  facet normal -0 0 1
    outer loop
      vertex 3.7501 -5.61242 39
      vertex 6.11127 -9.14616 39
      vertex 4.10914 -5.35513 39
    endloop
  endfacet
  facet normal 0 0 1
    outer loop
      vertex 6.11127 -9.14616 39
      vertex 3.7501 -5.61242 39
      vertex 5.5 -9.52628 39
    endloop
  endfacet
  facet normal -0 0 1
    outer loop
      vertex 3.375 -5.84567 39
      vertex 5.5 -9.52628 39
      vertex 3.7501 -5.61242 39
    endloop
  endfacet
  facet normal 0 0 1
    outer loop
      vertex 5.5 -9.52628 39
      vertex 3.375 -5.84567 39
      vertex 4.86518 -9.8656 39
    endloop
  endfacet
  facet normal -0 0 1
    outer loop
      vertex 2.98545 -6.05389 39
      vertex 4.86518 -9.8656 39
      vertex 3.375 -5.84567 39
    endloop
  endfacet
  facet normal 0 0 1
    outer loop
      vertex 4.86518 -9.8656 39
      vertex 2.98545 -6.05389 39
      vertex 4.20952 -10.1627 39
    endloop
  endfacet
  facet normal -0 0 1
    outer loop
      vertex 2.58311 -6.23619 39
      vertex 4.20952 -10.1627 39
      vertex 2.98545 -6.05389 39
    endloop
  endfacet
  facet normal 0 0 1
    outer loop
      vertex 4.20952 -10.1627 39
      vertex 2.58311 -6.23619 39
      vertex 3.53583 -10.4162 39
    endloop
  endfacet
  facet normal -0 0 1
    outer loop
      vertex 2.16972 -6.39178 39
      vertex 3.53583 -10.4162 39
      vertex 2.58311 -6.23619 39
    endloop
  endfacet
  facet normal 0 0 1
    outer loop
      vertex 3.53583 -10.4162 39
      vertex 2.16972 -6.39178 39
      vertex 2.84701 -10.6252 39
    endloop
  endfacet
  facet normal -0 0 1
    outer loop
      vertex 1.74703 -6.52 39
      vertex 2.84701 -10.6252 39
      vertex 2.16972 -6.39178 39
    endloop
  endfacet
  facet normal 0 0 1
    outer loop
      vertex 2.84701 -10.6252 39
      vertex 1.74703 -6.52 39
      vertex 2.14599 -10.7886 39
    endloop
  endfacet
  facet normal -0 0 1
    outer loop
      vertex 1.31686 -6.6203 39
      vertex 2.14599 -10.7886 39
      vertex 1.74703 -6.52 39
    endloop
  endfacet
  facet normal 0 0 1
    outer loop
      vertex 2.14599 -10.7886 39
      vertex 1.31686 -6.6203 39
      vertex 1.43579 -10.9059 39
    endloop
  endfacet
  facet normal -0 0 1
    outer loop
      vertex 0.881051 -6.69225 39
      vertex 1.43579 -10.9059 39
      vertex 1.31686 -6.6203 39
    endloop
  endfacet
  facet normal 0 0 1
    outer loop
      vertex 0.881051 -6.69225 39
      vertex 0.719434 -10.9764 39
      vertex 1.43579 -10.9059 39
    endloop
  endfacet
  facet normal -0 0 1
    outer loop
      vertex 0.441471 -6.73555 39
      vertex 0.719434 -10.9764 39
      vertex 0.881051 -6.69225 39
    endloop
  endfacet
  facet normal -0 0 1
    outer loop
      vertex 0 -6.75 39
      vertex 0.719434 -10.9764 39
      vertex 0.441471 -6.73555 39
    endloop
  endfacet
  facet normal 0 0 1
    outer loop
      vertex 0 -6.75 39
      vertex 0 -11 39
      vertex 0.719434 -10.9764 39
    endloop
  endfacet
  facet normal 0 0 1
    outer loop
      vertex -0.441471 -6.73555 39
      vertex 0 -11 39
      vertex 0 -6.75 39
    endloop
  endfacet
  facet normal 0 0 1
    outer loop
      vertex -0.441471 -6.73555 39
      vertex -0.719434 -10.9764 39
      vertex 0 -11 39
    endloop
  endfacet
  facet normal 0 0 1
    outer loop
      vertex -0.881051 -6.69225 39
      vertex -0.719434 -10.9764 39
      vertex -0.441471 -6.73555 39
    endloop
  endfacet
  facet normal 0 0 1
    outer loop
      vertex -1.43579 -10.9059 39
      vertex -0.881051 -6.69225 39
      vertex -1.31686 -6.6203 39
    endloop
  endfacet
  facet normal 0 0 1
    outer loop
      vertex -0.881051 -6.69225 39
      vertex -1.43579 -10.9059 39
      vertex -0.719434 -10.9764 39
    endloop
  endfacet
  facet normal 0 0 1
    outer loop
      vertex -2.14599 -10.7886 39
      vertex -1.31686 -6.6203 39
      vertex -1.74703 -6.52 39
    endloop
  endfacet
  facet normal 0 0 1
    outer loop
      vertex -1.31686 -6.6203 39
      vertex -2.14599 -10.7886 39
      vertex -1.43579 -10.9059 39
    endloop
  endfacet
  facet normal 0 0 1
    outer loop
      vertex -2.84701 -10.6252 39
      vertex -1.74703 -6.52 39
      vertex -2.16972 -6.39178 39
    endloop
  endfacet
  facet normal 0 0 1
    outer loop
      vertex -3.53583 -10.4162 39
      vertex -2.16972 -6.39178 39
      vertex -2.58311 -6.23619 39
    endloop
  endfacet
  facet normal 0 0 1
    outer loop
      vertex -1.74703 -6.52 39
      vertex -2.84701 -10.6252 39
      vertex -2.14599 -10.7886 39
    endloop
  endfacet
  facet normal 0 0 1
    outer loop
      vertex -4.20952 -10.1627 39
      vertex -2.58311 -6.23619 39
      vertex -2.98545 -6.05389 39
    endloop
  endfacet
  facet normal 0 0 1
    outer loop
      vertex -4.86518 -9.8656 39
      vertex -2.98545 -6.05389 39
      vertex -3.375 -5.84567 39
    endloop
  endfacet
  facet normal 0 0 1
    outer loop
      vertex -2.16972 -6.39178 39
      vertex -3.53583 -10.4162 39
      vertex -2.84701 -10.6252 39
    endloop
  endfacet
  facet normal 0 0 1
    outer loop
      vertex -5.5 -9.52628 39
      vertex -3.375 -5.84567 39
      vertex -3.7501 -5.61242 39
    endloop
  endfacet
  facet normal 0 0 1
    outer loop
      vertex -6.11127 -9.14616 39
      vertex -3.7501 -5.61242 39
      vertex -4.10914 -5.35513 39
    endloop
  endfacet
  facet normal 0 0 1
    outer loop
      vertex -2.58311 -6.23619 39
      vertex -4.20952 -10.1627 39
      vertex -3.53583 -10.4162 39
    endloop
  endfacet
  facet normal 0 0 1
    outer loop
      vertex -6.69637 -8.72689 39
      vertex -4.10914 -5.35513 39
      vertex -4.45058 -5.07492 39
    endloop
  endfacet
  facet normal 0 0 1
    outer loop
      vertex -7.2528 -8.27024 39
      vertex -4.45058 -5.07492 39
      vertex -4.77297 -4.77297 39
    endloop
  endfacet
  facet normal 0 0 1
    outer loop
      vertex -2.98545 -6.05389 39
      vertex -4.86518 -9.8656 39
      vertex -4.20952 -10.1627 39
    endloop
  endfacet
  facet normal 0 0 1
    outer loop
      vertex -7.77817 -7.77817 39
      vertex -4.77297 -4.77297 39
      vertex -5.07492 -4.45058 39
    endloop
  endfacet
  facet normal 0 0 1
    outer loop
      vertex -8.27024 -7.2528 39
      vertex -5.07492 -4.45058 39
      vertex -5.35513 -4.10914 39
    endloop
  endfacet
  facet normal 0 0 1
    outer loop
      vertex -3.375 -5.84567 39
      vertex -5.5 -9.52628 39
      vertex -4.86518 -9.8656 39
    endloop
  endfacet
  facet normal 0 0 1
    outer loop
      vertex -8.72689 -6.69637 39
      vertex -5.35513 -4.10914 39
      vertex -5.61242 -3.7501 39
    endloop
  endfacet
  facet normal 0 0 1
    outer loop
      vertex -9.14616 -6.11127 39
      vertex -5.61242 -3.7501 39
      vertex -5.84567 -3.375 39
    endloop
  endfacet
  facet normal 0 0 1
    outer loop
      vertex -9.52628 -5.5 39
      vertex -5.84567 -3.375 39
      vertex -6.05389 -2.98545 39
    endloop
  endfacet
  facet normal 0 0 1
    outer loop
      vertex -3.7501 -5.61242 39
      vertex -6.11127 -9.14616 39
      vertex -5.5 -9.52628 39
    endloop
  endfacet
  facet normal 0 0 1
    outer loop
      vertex -9.8656 -4.86518 39
      vertex -6.05389 -2.98545 39
      vertex -6.23619 -2.58311 39
    endloop
  endfacet
  facet normal 0 0 1
    outer loop
      vertex -10.1627 -4.20952 39
      vertex -6.23619 -2.58311 39
      vertex -6.39178 -2.16972 39
    endloop
  endfacet
  facet normal 0 0 1
    outer loop
      vertex -10.4162 -3.53583 39
      vertex -6.39178 -2.16972 39
      vertex -6.52 -1.74703 39
    endloop
  endfacet
  facet normal 0 0 1
    outer loop
      vertex -10.6252 -2.84701 39
      vertex -6.52 -1.74703 39
      vertex -6.6203 -1.31686 39
    endloop
  endfacet
  facet normal 0 0 1
    outer loop
      vertex -10.7886 -2.14599 39
      vertex -6.6203 -1.31686 39
      vertex -6.69225 -0.881051 39
    endloop
  endfacet
  facet normal 0 0 1
    outer loop
      vertex -4.10914 -5.35513 39
      vertex -6.69637 -8.72689 39
      vertex -6.11127 -9.14616 39
    endloop
  endfacet
  facet normal 0 0 1
    outer loop
      vertex -10.9059 -1.43579 39
      vertex -6.69225 -0.881051 39
      vertex -6.73555 -0.441471 39
    endloop
  endfacet
  facet normal 0 0 1
    outer loop
      vertex -10.9764 -0.719434 39
      vertex -6.73555 -0.441471 39
      vertex -6.75 0 39
    endloop
  endfacet
  facet normal -0 0 1
    outer loop
      vertex -10.1627 4.20952 39
      vertex -6.23619 2.58311 39
      vertex -9.8656 4.86518 39
    endloop
  endfacet
  facet normal 0 0 1
    outer loop
      vertex -4.45058 -5.07492 39
      vertex -7.2528 -8.27024 39
      vertex -6.69637 -8.72689 39
    endloop
  endfacet
  facet normal 0 0 1
    outer loop
      vertex -6.23619 2.58311 39
      vertex -10.1627 4.20952 39
      vertex -6.39178 2.16972 39
    endloop
  endfacet
  facet normal 0 0 1
    outer loop
      vertex -4.77297 -4.77297 39
      vertex -7.77817 -7.77817 39
      vertex -7.2528 -8.27024 39
    endloop
  endfacet
  facet normal -0 0 1
    outer loop
      vertex -10.4162 3.53583 39
      vertex -6.39178 2.16972 39
      vertex -10.1627 4.20952 39
    endloop
  endfacet
  facet normal 0 0 1
    outer loop
      vertex -5.07492 -4.45058 39
      vertex -8.27024 -7.2528 39
      vertex -7.77817 -7.77817 39
    endloop
  endfacet
  facet normal 0 0 1
    outer loop
      vertex -6.39178 2.16972 39
      vertex -10.4162 3.53583 39
      vertex -6.52 1.74703 39
    endloop
  endfacet
  facet normal 0 0 1
    outer loop
      vertex -5.35513 -4.10914 39
      vertex -8.72689 -6.69637 39
      vertex -8.27024 -7.2528 39
    endloop
  endfacet
  facet normal -0 0 1
    outer loop
      vertex -10.6252 2.84701 39
      vertex -6.52 1.74703 39
      vertex -10.4162 3.53583 39
    endloop
  endfacet
  facet normal 0 0 1
    outer loop
      vertex -5.61242 -3.7501 39
      vertex -9.14616 -6.11127 39
      vertex -8.72689 -6.69637 39
    endloop
  endfacet
  facet normal 0 0 1
    outer loop
      vertex -6.52 1.74703 39
      vertex -10.6252 2.84701 39
      vertex -6.6203 1.31686 39
    endloop
  endfacet
  facet normal 0 0 1
    outer loop
      vertex -5.84567 -3.375 39
      vertex -9.52628 -5.5 39
      vertex -9.14616 -6.11127 39
    endloop
  endfacet
  facet normal -0 0 1
    outer loop
      vertex -10.7886 2.14599 39
      vertex -6.6203 1.31686 39
      vertex -10.6252 2.84701 39
    endloop
  endfacet
  facet normal 0 0 1
    outer loop
      vertex -6.05389 -2.98545 39
      vertex -9.8656 -4.86518 39
      vertex -9.52628 -5.5 39
    endloop
  endfacet
  facet normal 0 0 1
    outer loop
      vertex -6.6203 1.31686 39
      vertex -10.7886 2.14599 39
      vertex -6.69225 0.881051 39
    endloop
  endfacet
  facet normal 0 0 1
    outer loop
      vertex -6.23619 -2.58311 39
      vertex -10.1627 -4.20952 39
      vertex -9.8656 -4.86518 39
    endloop
  endfacet
  facet normal -0 0 1
    outer loop
      vertex -10.9059 1.43579 39
      vertex -6.69225 0.881051 39
      vertex -10.7886 2.14599 39
    endloop
  endfacet
  facet normal 0 0 1
    outer loop
      vertex -6.39178 -2.16972 39
      vertex -10.4162 -3.53583 39
      vertex -10.1627 -4.20952 39
    endloop
  endfacet
  facet normal 0 0 1
    outer loop
      vertex -6.69225 0.881051 39
      vertex -10.9059 1.43579 39
      vertex -6.73555 0.441471 39
    endloop
  endfacet
  facet normal 0 0 1
    outer loop
      vertex -6.52 -1.74703 39
      vertex -10.6252 -2.84701 39
      vertex -10.4162 -3.53583 39
    endloop
  endfacet
  facet normal -0 0 1
    outer loop
      vertex -10.9764 0.719434 39
      vertex -6.73555 0.441471 39
      vertex -10.9059 1.43579 39
    endloop
  endfacet
  facet normal 0 0 1
    outer loop
      vertex -6.6203 -1.31686 39
      vertex -10.7886 -2.14599 39
      vertex -10.6252 -2.84701 39
    endloop
  endfacet
  facet normal 0 0 1
    outer loop
      vertex -6.73555 0.441471 39
      vertex -10.9764 0.719434 39
      vertex -6.75 0 39
    endloop
  endfacet
  facet normal 0 0 1
    outer loop
      vertex -6.69225 -0.881051 39
      vertex -10.9059 -1.43579 39
      vertex -10.7886 -2.14599 39
    endloop
  endfacet
  facet normal 0 0 1
    outer loop
      vertex -11 0 39
      vertex -6.75 0 39
      vertex -10.9764 0.719434 39
    endloop
  endfacet
  facet normal 0 0 1
    outer loop
      vertex -6.73555 -0.441471 39
      vertex -10.9764 -0.719434 39
      vertex -10.9059 -1.43579 39
    endloop
  endfacet
  facet normal 0 0 1
    outer loop
      vertex -6.75 0 39
      vertex -11 0 39
      vertex -10.9764 -0.719434 39
    endloop
  endfacet
  facet normal 0.412735 -0.910851 0
    outer loop
      vertex 4.20952 -10.1627 15
      vertex 4.86518 -9.8656 39
      vertex 4.20952 -10.1627 39
    endloop
  endfacet
  facet normal 0.412735 -0.910851 0
    outer loop
      vertex 4.86518 -9.8656 39
      vertex 4.20952 -10.1627 15
      vertex 4.86518 -9.8656 15
    endloop
  endfacet
  facet normal 0.956922 -0.290347 0
    outer loop
      vertex 10.4162 -3.53583 39
      vertex 10.6252 -2.84701 15
      vertex 10.6252 -2.84701 39
    endloop
  endfacet
  facet normal 0.956922 -0.290347 0
    outer loop
      vertex 10.6252 -2.84701 15
      vertex 10.4162 -3.53583 39
      vertex 10.4162 -3.53583 15
    endloop
  endfacet
  facet normal -0.227004 -0.973894 0
    outer loop
      vertex -2.84701 -10.6252 15
      vertex -2.14599 -10.7886 39
      vertex -2.84701 -10.6252 39
    endloop
  endfacet
  facet normal -0.227004 -0.973894 -0
    outer loop
      vertex -2.14599 -10.7886 39
      vertex -2.84701 -10.6252 15
      vertex -2.14599 -10.7886 15
    endloop
  endfacet
  facet normal -0.88192 -0.471399 0
    outer loop
      vertex -9.52628 -5.5 15
      vertex -9.8656 -4.86518 39
      vertex -9.8656 -4.86518 15
    endloop
  endfacet
  facet normal -0.88192 -0.471399 0
    outer loop
      vertex -9.8656 -4.86518 39
      vertex -9.52628 -5.5 15
      vertex -9.52628 -5.5 39
    endloop
  endfacet
  facet normal 0.995192 -0.0979416 0
    outer loop
      vertex 10.9059 -1.43579 39
      vertex 10.9764 -0.719434 15
      vertex 10.9764 -0.719434 39
    endloop
  endfacet
  facet normal 0.995192 -0.0979416 0
    outer loop
      vertex 10.9764 -0.719434 15
      vertex 10.9059 -1.43579 39
      vertex 10.9059 -1.43579 15
    endloop
  endfacet
  facet normal 0.412735 0.910851 -0
    outer loop
      vertex 4.86518 9.8656 15
      vertex 4.20952 10.1627 39
      vertex 4.86518 9.8656 39
    endloop
  endfacet
  facet normal 0.412735 0.910851 0
    outer loop
      vertex 4.20952 10.1627 39
      vertex 4.86518 9.8656 15
      vertex 4.20952 10.1627 15
    endloop
  endfacet
  facet normal 0.683598 0.729859 -0
    outer loop
      vertex 7.77817 7.77817 15
      vertex 7.2528 8.27024 39
      vertex 7.77817 7.77817 39
    endloop
  endfacet
  facet normal 0.683598 0.729859 0
    outer loop
      vertex 7.2528 8.27024 39
      vertex 7.77817 7.77817 15
      vertex 7.2528 8.27024 15
    endloop
  endfacet
  facet normal -0.0979416 0.995192 0
    outer loop
      vertex -0.719434 10.9764 15
      vertex -1.43579 10.9059 39
      vertex -0.719434 10.9764 39
    endloop
  endfacet
  facet normal -0.0979416 0.995192 0
    outer loop
      vertex -1.43579 10.9059 39
      vertex -0.719434 10.9764 15
      vertex -1.43579 10.9059 15
    endloop
  endfacet
  facet normal -0.528076 0.849197 0
    outer loop
      vertex -5.5 9.52628 15
      vertex -6.11127 9.14616 39
      vertex -5.5 9.52628 39
    endloop
  endfacet
  facet normal -0.528076 0.849197 0
    outer loop
      vertex -6.11127 9.14616 39
      vertex -5.5 9.52628 15
      vertex -6.11127 9.14616 15
    endloop
  endfacet
  facet normal 0.973894 -0.227004 0
    outer loop
      vertex 10.6252 -2.84701 39
      vertex 10.7886 -2.14599 15
      vertex 10.7886 -2.14599 39
    endloop
  endfacet
  facet normal 0.973894 -0.227004 0
    outer loop
      vertex 10.7886 -2.14599 15
      vertex 10.6252 -2.84701 39
      vertex 10.6252 -2.84701 15
    endloop
  endfacet
  facet normal -0.910851 -0.412735 0
    outer loop
      vertex -9.8656 -4.86518 15
      vertex -10.1627 -4.20952 39
      vertex -10.1627 -4.20952 15
    endloop
  endfacet
  facet normal -0.910851 -0.412735 0
    outer loop
      vertex -10.1627 -4.20952 39
      vertex -9.8656 -4.86518 15
      vertex -9.8656 -4.86518 39
    endloop
  endfacet
  facet normal 0.849197 0.528076 0
    outer loop
      vertex 9.52628 5.5 39
      vertex 9.14616 6.11127 15
      vertex 9.14616 6.11127 39
    endloop
  endfacet
  facet normal 0.849197 0.528076 0
    outer loop
      vertex 9.14616 6.11127 15
      vertex 9.52628 5.5 39
      vertex 9.52628 5.5 15
    endloop
  endfacet
  facet normal 0.0979416 0.995192 -0
    outer loop
      vertex 1.43579 10.9059 15
      vertex 0.719434 10.9764 39
      vertex 1.43579 10.9059 39
    endloop
  endfacet
  facet normal 0.0979416 0.995192 0
    outer loop
      vertex 0.719434 10.9764 39
      vertex 1.43579 10.9059 15
      vertex 0.719434 10.9764 15
    endloop
  endfacet
  facet normal 0.290347 -0.956922 0
    outer loop
      vertex 2.84701 -10.6252 15
      vertex 3.53583 -10.4162 39
      vertex 2.84701 -10.6252 39
    endloop
  endfacet
  facet normal 0.290347 -0.956922 0
    outer loop
      vertex 3.53583 -10.4162 39
      vertex 2.84701 -10.6252 15
      vertex 3.53583 -10.4162 15
    endloop
  endfacet
  facet normal 0.956922 0.290347 0
    outer loop
      vertex 10.6252 2.84701 39
      vertex 10.4162 3.53583 15
      vertex 10.4162 3.53583 39
    endloop
  endfacet
  facet normal 0.956922 0.290347 0
    outer loop
      vertex 10.4162 3.53583 15
      vertex 10.6252 2.84701 39
      vertex 10.6252 2.84701 15
    endloop
  endfacet
  facet normal 0.88192 0.471399 0
    outer loop
      vertex 9.8656 4.86518 39
      vertex 9.52628 5.5 15
      vertex 9.52628 5.5 39
    endloop
  endfacet
  facet normal 0.88192 0.471399 0
    outer loop
      vertex 9.52628 5.5 15
      vertex 9.8656 4.86518 39
      vertex 9.8656 4.86518 15
    endloop
  endfacet
  facet normal 0.773011 -0.634393 0
    outer loop
      vertex 8.27024 -7.2528 39
      vertex 8.72689 -6.69637 15
      vertex 8.72689 -6.69637 39
    endloop
  endfacet
  facet normal 0.773011 -0.634393 0
    outer loop
      vertex 8.72689 -6.69637 15
      vertex 8.27024 -7.2528 39
      vertex 8.27024 -7.2528 15
    endloop
  endfacet
  facet normal -0.0979416 -0.995192 0
    outer loop
      vertex -1.43579 -10.9059 39
      vertex -0.719434 -10.9764 33.2004
      vertex -0.719434 -10.9764 39
    endloop
  endfacet
  facet normal -0.0972534 -0.99526 8.58286e-05
    outer loop
      vertex -1.43579 -10.9059 39
      vertex -0.777798 -10.9707 33.1641
      vertex -0.719434 -10.9764 33.2004
    endloop
  endfacet
  facet normal -0.0975956 -0.995226 4.68672e-05
    outer loop
      vertex -1.43579 -10.9059 39
      vertex -0.852265 -10.9634 33.1107
      vertex -0.777798 -10.9707 33.1641
    endloop
  endfacet
  facet normal -0.0983429 -0.995153 -2.78925e-05
    outer loop
      vertex -1.43579 -10.9059 39
      vertex -0.923083 -10.9564 33.0526
      vertex -0.852265 -10.9634 33.1107
    endloop
  endfacet
  facet normal -0.0982122 -0.995165 -1.65153e-05
    outer loop
      vertex -1.43579 -10.9059 39
      vertex -0.989949 -10.9498 32.9899
      vertex -0.923083 -10.9564 33.0526
    endloop
  endfacet
  facet normal -0.0984729 -0.99514 -3.60457e-05
    outer loop
      vertex -1.43579 -10.9059 39
      vertex -1.05258 -10.9436 32.9231
      vertex -0.989949 -10.9498 32.9899
    endloop
  endfacet
  facet normal -0.0976417 -0.995222 1.6881e-05
    outer loop
      vertex -1.43579 -10.9059 39
      vertex -1.11069 -10.9379 32.8523
      vertex -1.05258 -10.9436 32.9231
    endloop
  endfacet
  facet normal -0.0970415 -0.99528 4.89275e-05
    outer loop
      vertex -1.43579 -10.9059 39
      vertex -1.16406 -10.9327 32.7778
      vertex -1.11069 -10.9379 32.8523
    endloop
  endfacet
  facet normal -0.0987107 -0.995116 -2.4678e-05
    outer loop
      vertex -1.43579 -10.9059 39
      vertex -1.21243 -10.9279 32.7
      vertex -1.16406 -10.9327 32.7778
    endloop
  endfacet
  facet normal -0.0990051 -0.995087 -3.52154e-05
    outer loop
      vertex -1.43579 -10.9059 39
      vertex -1.25562 -10.9236 32.6192
      vertex -1.21243 -10.9279 32.7
    endloop
  endfacet
  facet normal -0.0974146 -0.995244 1.01278e-05
    outer loop
      vertex -1.43579 -10.9059 39
      vertex -1.29343 -10.9199 32.5358
      vertex -1.25562 -10.9236 32.6192
    endloop
  endfacet
  facet normal -0.0986346 -0.995124 -1.69989e-05
    outer loop
      vertex -1.43579 -10.9059 39
      vertex -1.3257 -10.9167 32.45
      vertex -1.29343 -10.9199 32.5358
    endloop
  endfacet
  facet normal -0.0972992 -0.995255 5.66135e-06
    outer loop
      vertex -1.43579 -10.9059 39
      vertex -1.3523 -10.9141 32.3623
      vertex -1.3257 -10.9167 32.45
    endloop
  endfacet
  facet normal -0.0958165 -0.995399 2.44897e-05
    outer loop
      vertex -1.43579 -10.9059 39
      vertex -1.3731 -10.9121 32.2731
      vertex -1.3523 -10.9141 32.3623
    endloop
  endfacet
  facet normal -0.0999457 -0.994993 -1.43667e-05
    outer loop
      vertex -1.43579 -10.9059 39
      vertex -1.38802 -10.9106 32.1827
      vertex -1.3731 -10.9121 32.2731
    endloop
  endfacet
  facet normal -0.0996032 -0.995027 -1.19425e-05
    outer loop
      vertex -1.43579 -10.9059 39
      vertex -1.397 -10.9097 32.0916
      vertex -1.38802 -10.9106 32.1827
    endloop
  endfacet
  facet normal -0.0992101 -0.995067 -9.71362e-06
    outer loop
      vertex -1.43579 -10.9059 39
      vertex -1.4 -10.9094 32
      vertex -1.397 -10.9097 32.0916
    endloop
  endfacet
  facet normal -0.0973284 -0.995252 0
    outer loop
      vertex -1.43579 -10.9059 15
      vertex -1.4 -10.9094 32
      vertex -1.43579 -10.9059 39
    endloop
  endfacet
  facet normal -0.0993724 -0.99505 4.34477e-06
    outer loop
      vertex -1.43579 -10.9059 15
      vertex -1.397 -10.9097 31.9084
      vertex -1.4 -10.9094 32
    endloop
  endfacet
  facet normal -0.0996725 -0.99502 5.04007e-06
    outer loop
      vertex -1.43579 -10.9059 15
      vertex -1.38802 -10.9106 31.8173
      vertex -1.397 -10.9097 31.9084
    endloop
  endfacet
  facet normal -0.0999961 -0.994988 5.96839e-06
    outer loop
      vertex -1.43579 -10.9059 15
      vertex -1.3731 -10.9121 31.7269
      vertex -1.38802 -10.9106 31.8173
    endloop
  endfacet
  facet normal -0.0957552 -0.995405 -1.00804e-05
    outer loop
      vertex -1.43579 -10.9059 15
      vertex -1.3523 -10.9141 31.6377
      vertex -1.3731 -10.9121 31.7269
    endloop
  endfacet
  facet normal -0.0972883 -0.995256 -2.31401e-06
    outer loop
      vertex -1.43579 -10.9059 15
      vertex -1.3257 -10.9167 31.55
      vertex -1.3523 -10.9141 31.6377
    endloop
  endfacet
  facet normal -0.0986611 -0.995121 6.90616e-06
    outer loop
      vertex -1.43579 -10.9059 15
      vertex -1.29343 -10.9199 31.4642
      vertex -1.3257 -10.9167 31.55
    endloop
  endfacet
  facet normal -0.0974014 -0.995245 -4.09153e-06
    outer loop
      vertex -1.43579 -10.9059 15
      vertex -1.25562 -10.9236 31.3808
      vertex -1.29343 -10.9199 31.4642
    endloop
  endfacet
  facet normal -0.0990441 -0.995083 1.41508e-05
    outer loop
      vertex -1.43579 -10.9059 15
      vertex -1.21243 -10.9279 31.3
      vertex -1.25562 -10.9236 31.3808
    endloop
  endfacet
  facet normal -0.0987343 -0.995114 9.86459e-06
    outer loop
      vertex -1.43579 -10.9059 15
      vertex -1.16406 -10.9327 31.2222
      vertex -1.21243 -10.9279 31.3
    endloop
  endfacet
  facet normal -0.0970007 -0.995284 -1.94558e-05
    outer loop
      vertex -1.43579 -10.9059 15
      vertex -1.11069 -10.9379 31.1477
      vertex -1.16406 -10.9327 31.2222
    endloop
  endfacet
  facet normal -0.0976294 -0.995223 -6.67719e-06
    outer loop
      vertex -1.43579 -10.9059 15
      vertex -1.05258 -10.9436 31.0769
      vertex -1.11069 -10.9379 31.1477
    endloop
  endfacet
  facet normal -0.098496 -0.995137 1.41802e-05
    outer loop
      vertex -1.43579 -10.9059 15
      vertex -0.989949 -10.9498 31.01
      vertex -1.05258 -10.9436 31.0769
    endloop
  endfacet
  facet normal -0.0982215 -0.995165 6.46257e-06
    outer loop
      vertex -1.43579 -10.9059 15
      vertex -0.923083 -10.9564 30.9474
      vertex -0.989949 -10.9498 31.01
    endloop
  endfacet
  facet normal -0.0983567 -0.995151 1.08517e-05
    outer loop
      vertex -1.43579 -10.9059 15
      vertex -0.852265 -10.9634 30.8893
      vertex -0.923083 -10.9564 30.9474
    endloop
  endfacet
  facet normal -0.0975752 -0.995228 -1.8128e-05
    outer loop
      vertex -1.43579 -10.9059 15
      vertex -0.777798 -10.9707 30.8359
      vertex -0.852265 -10.9634 30.8893
    endloop
  endfacet
  facet normal -0.0972208 -0.995263 -3.29953e-05
    outer loop
      vertex -1.43579 -10.9059 15
      vertex -0.719434 -10.9764 30.7996
      vertex -0.777798 -10.9707 30.8359
    endloop
  endfacet
  facet normal -0.0979416 -0.995192 -0
    outer loop
      vertex -0.719434 -10.9764 30.7996
      vertex -1.43579 -10.9059 15
      vertex -0.719434 -10.9764 15
    endloop
  endfacet
  facet normal 0.999462 -0.0327859 0
    outer loop
      vertex 10.9764 -0.719434 39
      vertex 11 0 15
      vertex 11 0 39
    endloop
  endfacet
  facet normal 0.999462 -0.0327859 0
    outer loop
      vertex 11 0 15
      vertex 10.9764 -0.719434 39
      vertex 10.9764 -0.719434 15
    endloop
  endfacet
  facet normal -0.471399 -0.88192 0
    outer loop
      vertex -5.5 -9.52628 15
      vertex -4.86518 -9.8656 39
      vertex -5.5 -9.52628 39
    endloop
  endfacet
  facet normal -0.471399 -0.88192 -0
    outer loop
      vertex -4.86518 -9.8656 39
      vertex -5.5 -9.52628 15
      vertex -4.86518 -9.8656 15
    endloop
  endfacet
  facet normal 0.986633 -0.162957 0
    outer loop
      vertex 10.7886 -2.14599 39
      vertex 10.9059 -1.43579 15
      vertex 10.9059 -1.43579 39
    endloop
  endfacet
  facet normal 0.986633 -0.162957 0
    outer loop
      vertex 10.9059 -1.43579 15
      vertex 10.7886 -2.14599 39
      vertex 10.7886 -2.14599 15
    endloop
  endfacet
  facet normal 0.227004 -0.973894 0
    outer loop
      vertex 2.14599 -10.7886 15
      vertex 2.84701 -10.6252 39
      vertex 2.14599 -10.7886 39
    endloop
  endfacet
  facet normal 0.227004 -0.973894 0
    outer loop
      vertex 2.84701 -10.6252 39
      vertex 2.14599 -10.7886 15
      vertex 2.84701 -10.6252 15
    endloop
  endfacet
  facet normal -0.956922 0.290347 0
    outer loop
      vertex -10.6252 2.84701 15
      vertex -10.4162 3.53583 39
      vertex -10.4162 3.53583 15
    endloop
  endfacet
  facet normal -0.956922 0.290347 0
    outer loop
      vertex -10.4162 3.53583 39
      vertex -10.6252 2.84701 15
      vertex -10.6252 2.84701 39
    endloop
  endfacet
  facet normal -0.412735 0.910851 0
    outer loop
      vertex -4.20952 10.1627 15
      vertex -4.86518 9.8656 39
      vertex -4.20952 10.1627 39
    endloop
  endfacet
  facet normal -0.412735 0.910851 0
    outer loop
      vertex -4.86518 9.8656 39
      vertex -4.20952 10.1627 15
      vertex -4.86518 9.8656 15
    endloop
  endfacet
  facet normal 0.227004 0.973894 -0
    outer loop
      vertex 2.84701 10.6252 15
      vertex 2.14599 10.7886 39
      vertex 2.84701 10.6252 39
    endloop
  endfacet
  facet normal 0.227004 0.973894 0
    outer loop
      vertex 2.14599 10.7886 39
      vertex 2.84701 10.6252 15
      vertex 2.14599 10.7886 15
    endloop
  endfacet
  facet normal -0.162957 0.986633 0
    outer loop
      vertex -1.43579 10.9059 15
      vertex -2.14599 10.7886 39
      vertex -1.43579 10.9059 39
    endloop
  endfacet
  facet normal -0.162957 0.986633 0
    outer loop
      vertex -2.14599 10.7886 39
      vertex -1.43579 10.9059 15
      vertex -2.14599 10.7886 15
    endloop
  endfacet
  facet normal -0.471399 0.88192 0
    outer loop
      vertex -4.86518 9.8656 15
      vertex -5.5 9.52628 39
      vertex -4.86518 9.8656 39
    endloop
  endfacet
  facet normal -0.471399 0.88192 0
    outer loop
      vertex -5.5 9.52628 39
      vertex -4.86518 9.8656 15
      vertex -5.5 9.52628 15
    endloop
  endfacet
  facet normal 0.88192 -0.471399 0
    outer loop
      vertex 9.52628 -5.5 39
      vertex 9.8656 -4.86518 15
      vertex 9.8656 -4.86518 39
    endloop
  endfacet
  facet normal 0.88192 -0.471399 0
    outer loop
      vertex 9.8656 -4.86518 15
      vertex 9.52628 -5.5 39
      vertex 9.52628 -5.5 15
    endloop
  endfacet
  facet normal 0.582472 0.812851 -0
    outer loop
      vertex 6.69637 8.72689 15
      vertex 6.11127 9.14616 39
      vertex 6.69637 8.72689 39
    endloop
  endfacet
  facet normal 0.582472 0.812851 0
    outer loop
      vertex 6.11127 9.14616 39
      vertex 6.69637 8.72689 15
      vertex 6.11127 9.14616 15
    endloop
  endfacet
  facet normal 0.729859 -0.683598 0
    outer loop
      vertex 7.77817 -7.77817 39
      vertex 8.27024 -7.2528 15
      vertex 8.27024 -7.2528 39
    endloop
  endfacet
  facet normal 0.729859 -0.683598 0
    outer loop
      vertex 8.27024 -7.2528 15
      vertex 7.77817 -7.77817 39
      vertex 7.77817 -7.77817 15
    endloop
  endfacet
  facet normal 0.471399 -0.88192 0
    outer loop
      vertex 4.86518 -9.8656 15
      vertex 5.5 -9.52628 39
      vertex 4.86518 -9.8656 39
    endloop
  endfacet
  facet normal 0.471399 -0.88192 0
    outer loop
      vertex 5.5 -9.52628 39
      vertex 4.86518 -9.8656 15
      vertex 5.5 -9.52628 15
    endloop
  endfacet
  facet normal 0.352178 -0.935933 0
    outer loop
      vertex 3.53583 -10.4162 15
      vertex 4.20952 -10.1627 39
      vertex 3.53583 -10.4162 39
    endloop
  endfacet
  facet normal 0.352178 -0.935933 0
    outer loop
      vertex 4.20952 -10.1627 39
      vertex 3.53583 -10.4162 15
      vertex 4.20952 -10.1627 15
    endloop
  endfacet
  facet normal -0.582472 -0.812851 0
    outer loop
      vertex -6.69637 -8.72689 15
      vertex -6.11127 -9.14616 39
      vertex -6.69637 -8.72689 39
    endloop
  endfacet
  facet normal -0.582472 -0.812851 -0
    outer loop
      vertex -6.11127 -9.14616 39
      vertex -6.69637 -8.72689 15
      vertex -6.11127 -9.14616 15
    endloop
  endfacet
  facet normal 0.729859 0.683598 0
    outer loop
      vertex 8.27024 7.2528 39
      vertex 7.77817 7.77817 15
      vertex 7.77817 7.77817 39
    endloop
  endfacet
  facet normal 0.729859 0.683598 0
    outer loop
      vertex 7.77817 7.77817 15
      vertex 8.27024 7.2528 39
      vertex 8.27024 7.2528 15
    endloop
  endfacet
  facet normal 0.773011 0.634393 0
    outer loop
      vertex 8.72689 6.69637 39
      vertex 8.27024 7.2528 15
      vertex 8.27024 7.2528 39
    endloop
  endfacet
  facet normal 0.773011 0.634393 0
    outer loop
      vertex 8.27024 7.2528 15
      vertex 8.72689 6.69637 39
      vertex 8.72689 6.69637 15
    endloop
  endfacet
  facet normal -0.290347 0.956922 0
    outer loop
      vertex -2.84701 10.6252 15
      vertex -3.53583 10.4162 39
      vertex -2.84701 10.6252 39
    endloop
  endfacet
  facet normal -0.290347 0.956922 0
    outer loop
      vertex -3.53583 10.4162 39
      vertex -2.84701 10.6252 15
      vertex -3.53583 10.4162 15
    endloop
  endfacet
  facet normal -0.773011 -0.634393 0
    outer loop
      vertex -8.27024 -7.2528 15
      vertex -8.72689 -6.69637 39
      vertex -8.72689 -6.69637 15
    endloop
  endfacet
  facet normal -0.773011 -0.634393 0
    outer loop
      vertex -8.72689 -6.69637 39
      vertex -8.27024 -7.2528 15
      vertex -8.27024 -7.2528 39
    endloop
  endfacet
  facet normal 0.528076 0.849197 -0
    outer loop
      vertex 6.11127 9.14616 15
      vertex 5.5 9.52628 39
      vertex 6.11127 9.14616 39
    endloop
  endfacet
  facet normal 0.528076 0.849197 0
    outer loop
      vertex 5.5 9.52628 39
      vertex 6.11127 9.14616 15
      vertex 5.5 9.52628 15
    endloop
  endfacet
  facet normal 0.352178 0.935933 -0
    outer loop
      vertex 4.20952 10.1627 15
      vertex 3.53583 10.4162 39
      vertex 4.20952 10.1627 39
    endloop
  endfacet
  facet normal 0.352178 0.935933 0
    outer loop
      vertex 3.53583 10.4162 39
      vertex 4.20952 10.1627 15
      vertex 3.53583 10.4162 15
    endloop
  endfacet
  facet normal 0.973894 0.227004 0
    outer loop
      vertex 10.7886 2.14599 39
      vertex 10.6252 2.84701 15
      vertex 10.6252 2.84701 39
    endloop
  endfacet
  facet normal 0.973894 0.227004 0
    outer loop
      vertex 10.6252 2.84701 15
      vertex 10.7886 2.14599 39
      vertex 10.7886 2.14599 15
    endloop
  endfacet
  facet normal 0.986633 0.162957 0
    outer loop
      vertex 10.9059 1.43579 39
      vertex 10.7886 2.14599 15
      vertex 10.7886 2.14599 39
    endloop
  endfacet
  facet normal 0.986633 0.162957 0
    outer loop
      vertex 10.7886 2.14599 15
      vertex 10.9059 1.43579 39
      vertex 10.9059 1.43579 15
    endloop
  endfacet
  facet normal -0.995192 -0.0979416 0
    outer loop
      vertex -10.9059 -1.43579 15
      vertex -10.9764 -0.719434 39
      vertex -10.9764 -0.719434 15
    endloop
  endfacet
  facet normal -0.995192 -0.0979416 0
    outer loop
      vertex -10.9764 -0.719434 39
      vertex -10.9059 -1.43579 15
      vertex -10.9059 -1.43579 39
    endloop
  endfacet
  facet normal 0.0327859 0.999462 -0
    outer loop
      vertex 0.719434 10.9764 15
      vertex 0 11 39
      vertex 0.719434 10.9764 39
    endloop
  endfacet
  facet normal 0.0327859 0.999462 0
    outer loop
      vertex 0 11 39
      vertex 0.719434 10.9764 15
      vertex 0 11 15
    endloop
  endfacet
  facet normal -0.634393 0.773011 0
    outer loop
      vertex -6.69637 8.72689 15
      vertex -7.2528 8.27024 39
      vertex -6.69637 8.72689 39
    endloop
  endfacet
  facet normal -0.634393 0.773011 0
    outer loop
      vertex -7.2528 8.27024 39
      vertex -6.69637 8.72689 15
      vertex -7.2528 8.27024 15
    endloop
  endfacet
  facet normal 0.935933 -0.352178 0
    outer loop
      vertex 10.1627 -4.20952 39
      vertex 10.4162 -3.53583 15
      vertex 10.4162 -3.53583 39
    endloop
  endfacet
  facet normal 0.935933 -0.352178 0
    outer loop
      vertex 10.4162 -3.53583 15
      vertex 10.1627 -4.20952 39
      vertex 10.1627 -4.20952 15
    endloop
  endfacet
  facet normal -0.935933 -0.352178 0
    outer loop
      vertex -10.1627 -4.20952 15
      vertex -10.4162 -3.53583 39
      vertex -10.4162 -3.53583 15
    endloop
  endfacet
  facet normal -0.935933 -0.352178 0
    outer loop
      vertex -10.4162 -3.53583 39
      vertex -10.1627 -4.20952 15
      vertex -10.1627 -4.20952 39
    endloop
  endfacet
  facet normal 0.582472 -0.812851 0
    outer loop
      vertex 6.11127 -9.14616 15
      vertex 6.69637 -8.72689 39
      vertex 6.11127 -9.14616 39
    endloop
  endfacet
  facet normal 0.582472 -0.812851 0
    outer loop
      vertex 6.69637 -8.72689 39
      vertex 6.11127 -9.14616 15
      vertex 6.69637 -8.72689 15
    endloop
  endfacet
  facet normal -0.0327859 0.999462 0
    outer loop
      vertex 0 11 15
      vertex -0.719434 10.9764 39
      vertex 0 11 39
    endloop
  endfacet
  facet normal -0.0327859 0.999462 0
    outer loop
      vertex -0.719434 10.9764 39
      vertex 0 11 15
      vertex -0.719434 10.9764 15
    endloop
  endfacet
  facet normal 0.683598 -0.729859 0
    outer loop
      vertex 7.2528 -8.27024 15
      vertex 7.77817 -7.77817 39
      vertex 7.2528 -8.27024 39
    endloop
  endfacet
  facet normal 0.683598 -0.729859 0
    outer loop
      vertex 7.77817 -7.77817 39
      vertex 7.2528 -8.27024 15
      vertex 7.77817 -7.77817 15
    endloop
  endfacet
  facet normal 0.290347 0.956922 -0
    outer loop
      vertex 3.53583 10.4162 15
      vertex 2.84701 10.6252 39
      vertex 3.53583 10.4162 39
    endloop
  endfacet
  facet normal 0.290347 0.956922 0
    outer loop
      vertex 2.84701 10.6252 39
      vertex 3.53583 10.4162 15
      vertex 2.84701 10.6252 15
    endloop
  endfacet
  facet normal -0.162957 -0.986633 0
    outer loop
      vertex -2.14599 -10.7886 15
      vertex -1.43579 -10.9059 39
      vertex -2.14599 -10.7886 39
    endloop
  endfacet
  facet normal -0.162957 -0.986633 -0
    outer loop
      vertex -1.43579 -10.9059 39
      vertex -2.14599 -10.7886 15
      vertex -1.43579 -10.9059 15
    endloop
  endfacet
  facet normal 0.471399 0.88192 -0
    outer loop
      vertex 5.5 9.52628 15
      vertex 4.86518 9.8656 39
      vertex 5.5 9.52628 39
    endloop
  endfacet
  facet normal 0.471399 0.88192 0
    outer loop
      vertex 4.86518 9.8656 39
      vertex 5.5 9.52628 15
      vertex 4.86518 9.8656 15
    endloop
  endfacet
  facet normal 0.849197 -0.528076 0
    outer loop
      vertex 9.14616 -6.11127 39
      vertex 9.52628 -5.5 15
      vertex 9.52628 -5.5 39
    endloop
  endfacet
  facet normal 0.849197 -0.528076 0
    outer loop
      vertex 9.52628 -5.5 15
      vertex 9.14616 -6.11127 39
      vertex 9.14616 -6.11127 15
    endloop
  endfacet
  facet normal -0.528076 -0.849197 0
    outer loop
      vertex -6.11127 -9.14616 15
      vertex -5.5 -9.52628 39
      vertex -6.11127 -9.14616 39
    endloop
  endfacet
  facet normal -0.528076 -0.849197 -0
    outer loop
      vertex -5.5 -9.52628 39
      vertex -6.11127 -9.14616 15
      vertex -5.5 -9.52628 15
    endloop
  endfacet
  facet normal -0.683598 -0.729859 0
    outer loop
      vertex -7.77817 -7.77817 15
      vertex -7.2528 -8.27024 39
      vertex -7.77817 -7.77817 39
    endloop
  endfacet
  facet normal -0.683598 -0.729859 -0
    outer loop
      vertex -7.2528 -8.27024 39
      vertex -7.77817 -7.77817 15
      vertex -7.2528 -8.27024 15
    endloop
  endfacet
  facet normal -0.290347 -0.956922 0
    outer loop
      vertex -3.53583 -10.4162 15
      vertex -2.84701 -10.6252 39
      vertex -3.53583 -10.4162 39
    endloop
  endfacet
  facet normal -0.290347 -0.956922 -0
    outer loop
      vertex -2.84701 -10.6252 39
      vertex -3.53583 -10.4162 15
      vertex -2.84701 -10.6252 15
    endloop
  endfacet
  facet normal -0.999462 0.0327859 0
    outer loop
      vertex -11 0 15
      vertex -10.9764 0.719434 39
      vertex -10.9764 0.719434 15
    endloop
  endfacet
  facet normal -0.999462 0.0327859 0
    outer loop
      vertex -10.9764 0.719434 39
      vertex -11 0 15
      vertex -11 0 39
    endloop
  endfacet
  facet normal -0.352178 -0.935933 0
    outer loop
      vertex -4.20952 -10.1627 15
      vertex -3.53583 -10.4162 39
      vertex -4.20952 -10.1627 39
    endloop
  endfacet
  facet normal -0.352178 -0.935933 -0
    outer loop
      vertex -3.53583 -10.4162 39
      vertex -4.20952 -10.1627 15
      vertex -3.53583 -10.4162 15
    endloop
  endfacet
  facet normal 0.910851 -0.412735 0
    outer loop
      vertex 9.8656 -4.86518 39
      vertex 10.1627 -4.20952 15
      vertex 10.1627 -4.20952 39
    endloop
  endfacet
  facet normal 0.910851 -0.412735 0
    outer loop
      vertex 10.1627 -4.20952 15
      vertex 9.8656 -4.86518 39
      vertex 9.8656 -4.86518 15
    endloop
  endfacet
  facet normal -0.633392 -0.5198 -0.573256
    outer loop
      vertex -0.375919 -0.329673 0
      vertex -8.72689 -6.69637 15
      vertex -0.396676 -0.30438 0
    endloop
  endfacet
  facet normal -0.026864 0.818936 -0.573255
    outer loop
      vertex 0 0.5 0
      vertex -0.719434 10.9764 15
      vertex 0 11 15
    endloop
  endfacet
  facet normal -0.722624 0.386253 -0.573256
    outer loop
      vertex -0.433012 0.25 0
      vertex -9.8656 4.86518 15
      vertex -9.52628 5.5 15
    endloop
  endfacet
  facet normal 0.818936 0.026864 -0.573255
    outer loop
      vertex 11 0 15
      vertex 0.5 0 0
      vertex 10.9764 0.719434 15
    endloop
  endfacet
  facet normal 0.818938 0.0268209 -0.573255
    outer loop
      vertex 0.5 0 0
      vertex 0.498929 0.0327015 0
      vertex 10.9764 0.719434 15
    endloop
  endfacet
  facet normal 0.0803127 -0.81543 -0.573256
    outer loop
      vertex 1.43579 -10.9059 15
      vertex 0.0327015 -0.498929 0
      vertex 0.0652628 -0.495722 0
    endloop
  endfacet
  facet normal 0.288567 -0.766881 -0.573256
    outer loop
      vertex 3.53583 -10.4162 15
      vertex 0.160719 -0.473465 0
      vertex 4.20952 -10.1627 15
    endloop
  endfacet
  facet normal 0.797976 -0.186044 -0.573255
    outer loop
      vertex 10.7886 -2.14599 15
      vertex 0.482963 -0.129409 0
      vertex 0.490392 -0.0975447 0
    endloop
  endfacet
  facet normal 0.797986 -0.186002 -0.573256
    outer loop
      vertex 10.6252 -2.84701 15
      vertex 0.482963 -0.129409 0
      vertex 10.7886 -2.14599 15
    endloop
  endfacet
  facet normal -0.386254 0.722624 -0.573256
    outer loop
      vertex -0.25 0.433012 0
      vertex -4.86518 9.8656 15
      vertex -0.221144 0.448436 0
    endloop
  endfacet
  facet normal -0.0803127 0.81543 -0.573256
    outer loop
      vertex -0.0652628 0.495722 0
      vertex -1.43579 10.9059 15
      vertex -0.0327015 0.498929 0
    endloop
  endfacet
  facet normal 0.766881 -0.288567 -0.573256
    outer loop
      vertex 10.1627 -4.20952 15
      vertex 0.473465 -0.160719 0
      vertex 10.4162 -3.53583 15
    endloop
  endfacet
  facet normal -0.695807 0.432701 -0.573256
    outer loop
      vertex -0.433012 0.25 0
      vertex -9.14616 6.11127 15
      vertex -0.415734 0.277784 0
    endloop
  endfacet
  facet normal 0.026864 -0.818936 -0.573255
    outer loop
      vertex 0.719434 -10.9764 15
      vertex 0 -11 15
      vertex 0 -0.5 0
    endloop
  endfacet
  facet normal -0.666032 0.477261 -0.573256
    outer loop
      vertex -0.415734 0.277784 0
      vertex -9.14616 6.11127 15
      vertex -0.396676 0.30438 0
    endloop
  endfacet
  facet normal 0.0268209 0.818938 -0.573255
    outer loop
      vertex 0.0327015 0.498929 0
      vertex 0 0.5 0
      vertex 0.719434 10.9764 15
    endloop
  endfacet
  facet normal 0.81543 -0.0803127 -0.573256
    outer loop
      vertex 10.9059 -1.43579 15
      vertex 0.495722 -0.0652628 0
      vertex 0.498929 -0.0327015 0
    endloop
  endfacet
  facet normal 0.598029 -0.560124 -0.573256
    outer loop
      vertex 7.77817 -7.77817 15
      vertex 0.375919 -0.329673 0
      vertex 8.27024 -7.2528 15
    endloop
  endfacet
  facet normal -0.0803127 -0.81543 -0.573256
    outer loop
      vertex -0.0327015 -0.498929 0
      vertex -1.43579 -10.9059 15
      vertex -0.0652628 -0.495722 0
    endloop
  endfacet
  facet normal 0.338185 -0.746329 -0.573257
    outer loop
      vertex 4.20952 -10.1627 15
      vertex 0.221144 -0.448436 0
      vertex 4.86518 -9.8656 15
    endloop
  endfacet
  facet normal -0.766852 -0.28864 -0.573257
    outer loop
      vertex -0.461939 -0.191341 0
      vertex -10.1627 -4.20952 15
      vertex -0.473465 -0.160719 0
    endloop
  endfacet
  facet normal -0.477263 0.666031 -0.573256
    outer loop
      vertex -0.30438 0.396676 0
      vertex -6.69637 8.72689 15
      vertex -6.11127 9.14616 15
    endloop
  endfacet
  facet normal -0.28864 -0.766852 -0.573257
    outer loop
      vertex -0.160719 -0.473465 0
      vertex -4.20952 -10.1627 15
      vertex -0.191341 -0.461939 0
    endloop
  endfacet
  facet normal 0.746345 -0.33815 -0.573257
    outer loop
      vertex 10.1627 -4.20952 15
      vertex 0.448436 -0.221144 0
      vertex 0.461939 -0.191341 0
    endloop
  endfacet
  facet normal 0.133479 -0.808432 -0.573255
    outer loop
      vertex 2.14599 -10.7886 15
      vertex 0.0652628 -0.495722 0
      vertex 0.0975447 -0.490392 0
    endloop
  endfacet
  facet normal -0.808424 -0.133523 -0.573256
    outer loop
      vertex -10.7886 -2.14599 15
      vertex -10.9059 -1.43579 15
      vertex -0.495722 -0.0652628 0
    endloop
  endfacet
  facet normal 0.186044 -0.797976 -0.573255
    outer loop
      vertex 2.14599 -10.7886 15
      vertex 0.0975447 -0.490392 0
      vertex 0.129409 -0.482963 0
    endloop
  endfacet
  facet normal -0.815437 -0.0802511 -0.573255
    outer loop
      vertex -10.9059 -1.43579 15
      vertex -10.9764 -0.719434 15
      vertex -0.498929 -0.0327015 0
    endloop
  endfacet
  facet normal 0.288567 0.766881 -0.573256
    outer loop
      vertex 4.20952 10.1627 15
      vertex 0.160719 0.473465 0
      vertex 3.53583 10.4162 15
    endloop
  endfacet
  facet normal 0.33815 -0.746345 -0.573257
    outer loop
      vertex 4.20952 -10.1627 15
      vertex 0.191341 -0.461939 0
      vertex 0.221144 -0.448436 0
    endloop
  endfacet
  facet normal -0.633387 -0.519807 -0.573256
    outer loop
      vertex -8.27024 -7.2528 15
      vertex -8.72689 -6.69637 15
      vertex -0.375919 -0.329673 0
    endloop
  endfacet
  facet normal 0.519807 -0.633387 -0.573256
    outer loop
      vertex 6.69637 -8.72689 15
      vertex 0.329673 -0.375919 0
      vertex 7.2528 -8.27024 15
    endloop
  endfacet
  facet normal 0.818938 -0.0268209 -0.573255
    outer loop
      vertex 10.9764 -0.719434 15
      vertex 0.498929 -0.0327015 0
      vertex 0.5 0 0
    endloop
  endfacet
  facet normal 0.746329 0.338185 -0.573257
    outer loop
      vertex 10.1627 4.20952 15
      vertex 0.448436 0.221144 0
      vertex 9.8656 4.86518 15
    endloop
  endfacet
  facet normal 0.237857 -0.784092 -0.573257
    outer loop
      vertex 2.84701 -10.6252 15
      vertex 0.129409 -0.482963 0
      vertex 0.160719 -0.473465 0
    endloop
  endfacet
  facet normal 0.432701 -0.695807 -0.573256
    outer loop
      vertex 6.11127 -9.14616 15
      vertex 0.25 -0.433012 0
      vertex 0.277784 -0.415734 0
    endloop
  endfacet
  facet normal 0.695807 -0.432701 -0.573256
    outer loop
      vertex 9.14616 -6.11127 15
      vertex 0.415734 -0.277784 0
      vertex 0.433012 -0.25 0
    endloop
  endfacet
  facet normal -0.666031 -0.477263 -0.573256
    outer loop
      vertex -8.72689 -6.69637 15
      vertex -9.14616 -6.11127 15
      vertex -0.396676 -0.30438 0
    endloop
  endfacet
  facet normal -0.666032 -0.477261 -0.573256
    outer loop
      vertex -0.396676 -0.30438 0
      vertex -9.14616 -6.11127 15
      vertex -0.415734 -0.277784 0
    endloop
  endfacet
  facet normal -0.722624 -0.386253 -0.573256
    outer loop
      vertex -9.52628 -5.5 15
      vertex -9.8656 -4.86518 15
      vertex -0.433012 -0.25 0
    endloop
  endfacet
  facet normal 0.598034 -0.560119 -0.573256
    outer loop
      vertex 7.77817 -7.77817 15
      vertex 0.353553 -0.353553 0
      vertex 0.375919 -0.329673 0
    endloop
  endfacet
  facet normal -0.237903 0.784079 -0.573256
    outer loop
      vertex -0.160719 0.473465 0
      vertex -3.53583 10.4162 15
      vertex -2.84701 10.6252 15
    endloop
  endfacet
  facet normal 0.560124 -0.598029 -0.573256
    outer loop
      vertex 7.2528 -8.27024 15
      vertex 0.329673 -0.375919 0
      vertex 7.77817 -7.77817 15
    endloop
  endfacet
  facet normal 0.746329 -0.338185 -0.573257
    outer loop
      vertex 9.8656 -4.86518 15
      vertex 0.448436 -0.221144 0
      vertex 10.1627 -4.20952 15
    endloop
  endfacet
  facet normal -0.288567 -0.766881 -0.573256
    outer loop
      vertex -3.53583 -10.4162 15
      vertex -4.20952 -10.1627 15
      vertex -0.160719 -0.473465 0
    endloop
  endfacet
  facet normal 0.133523 0.808424 -0.573256
    outer loop
      vertex 2.14599 10.7886 15
      vertex 0.0652628 0.495722 0
      vertex 1.43579 10.9059 15
    endloop
  endfacet
  facet normal 0.0802511 0.815437 -0.573255
    outer loop
      vertex 1.43579 10.9059 15
      vertex 0.0327015 0.498929 0
      vertex 0.719434 10.9764 15
    endloop
  endfacet
  facet normal -0.186044 -0.797976 -0.573255
    outer loop
      vertex -0.0975447 -0.490392 0
      vertex -2.14599 -10.7886 15
      vertex -0.129409 -0.482963 0
    endloop
  endfacet
  facet normal 0.722624 -0.386253 -0.573256
    outer loop
      vertex 9.52628 -5.5 15
      vertex 0.433012 -0.25 0
      vertex 9.8656 -4.86518 15
    endloop
  endfacet
  facet normal 0.5198 -0.633392 -0.573256
    outer loop
      vertex 6.69637 -8.72689 15
      vertex 0.30438 -0.396676 0
      vertex 0.329673 -0.375919 0
    endloop
  endfacet
  facet normal 0.808432 -0.133479 -0.573255
    outer loop
      vertex 10.7886 -2.14599 15
      vertex 0.490392 -0.0975447 0
      vertex 0.495722 -0.0652628 0
    endloop
  endfacet
  facet normal 0.784079 -0.237903 -0.573256
    outer loop
      vertex 10.4162 -3.53583 15
      vertex 0.473465 -0.160719 0
      vertex 10.6252 -2.84701 15
    endloop
  endfacet
  facet normal 0.815437 -0.0802511 -0.573255
    outer loop
      vertex 10.9059 -1.43579 15
      vertex 0.498929 -0.0327015 0
      vertex 10.9764 -0.719434 15
    endloop
  endfacet
  facet normal -0.237903 -0.784079 -0.573256
    outer loop
      vertex -2.84701 -10.6252 15
      vertex -3.53583 -10.4162 15
      vertex -0.160719 -0.473465 0
    endloop
  endfacet
  facet normal 0.695812 -0.432693 -0.573256
    outer loop
      vertex 9.14616 -6.11127 15
      vertex 0.433012 -0.25 0
      vertex 9.52628 -5.5 15
    endloop
  endfacet
  facet normal -0.0268209 0.818938 -0.573255
    outer loop
      vertex -0.0327015 0.498929 0
      vertex -0.719434 10.9764 15
      vertex 0 0.5 0
    endloop
  endfacet
  facet normal 0.133523 -0.808424 -0.573256
    outer loop
      vertex 1.43579 -10.9059 15
      vertex 0.0652628 -0.495722 0
      vertex 2.14599 -10.7886 15
    endloop
  endfacet
  facet normal 0.746345 0.33815 -0.573257
    outer loop
      vertex 0.461939 0.191341 0
      vertex 0.448436 0.221144 0
      vertex 10.1627 4.20952 15
    endloop
  endfacet
  facet normal 0.186002 -0.797986 -0.573256
    outer loop
      vertex 2.14599 -10.7886 15
      vertex 0.129409 -0.482963 0
      vertex 2.84701 -10.6252 15
    endloop
  endfacet
  facet normal 0.477261 -0.666032 -0.573256
    outer loop
      vertex 6.11127 -9.14616 15
      vertex 0.277784 -0.415734 0
      vertex 0.30438 -0.396676 0
    endloop
  endfacet
  facet normal 0.808424 -0.133523 -0.573256
    outer loop
      vertex 10.7886 -2.14599 15
      vertex 0.495722 -0.0652628 0
      vertex 10.9059 -1.43579 15
    endloop
  endfacet
  facet normal 0.818936 -0.026864 -0.573255
    outer loop
      vertex 10.9764 -0.719434 15
      vertex 0.5 0 0
      vertex 11 0 15
    endloop
  endfacet
  facet normal -0.432701 -0.695807 -0.573256
    outer loop
      vertex -0.25 -0.433012 0
      vertex -6.11127 -9.14616 15
      vertex -0.277784 -0.415734 0
    endloop
  endfacet
  facet normal 0.28864 -0.766852 -0.573257
    outer loop
      vertex 4.20952 -10.1627 15
      vertex 0.160719 -0.473465 0
      vertex 0.191341 -0.461939 0
    endloop
  endfacet
  facet normal -0.784092 -0.237857 -0.573257
    outer loop
      vertex -0.473465 -0.160719 0
      vertex -10.6252 -2.84701 15
      vertex -0.482963 -0.129409 0
    endloop
  endfacet
  facet normal 0.237903 -0.784079 -0.573256
    outer loop
      vertex 2.84701 -10.6252 15
      vertex 0.160719 -0.473465 0
      vertex 3.53583 -10.4162 15
    endloop
  endfacet
  facet normal -0.81543 -0.0803127 -0.573256
    outer loop
      vertex -0.495722 -0.0652628 0
      vertex -10.9059 -1.43579 15
      vertex -0.498929 -0.0327015 0
    endloop
  endfacet
  facet normal 0.386253 -0.722624 -0.573256
    outer loop
      vertex 4.86518 -9.8656 15
      vertex 0.25 -0.433012 0
      vertex 5.5 -9.52628 15
    endloop
  endfacet
  facet normal -0.695812 0.432693 -0.573256
    outer loop
      vertex -0.433012 0.25 0
      vertex -9.52628 5.5 15
      vertex -9.14616 6.11127 15
    endloop
  endfacet
  facet normal -0.237857 -0.784092 -0.573257
    outer loop
      vertex -0.129409 -0.482963 0
      vertex -2.84701 -10.6252 15
      vertex -0.160719 -0.473465 0
    endloop
  endfacet
  facet normal -0.432693 -0.695812 -0.573256
    outer loop
      vertex -5.5 -9.52628 15
      vertex -6.11127 -9.14616 15
      vertex -0.25 -0.433012 0
    endloop
  endfacet
  facet normal 0.0802511 -0.815437 -0.573255
    outer loop
      vertex 0.719434 -10.9764 15
      vertex 0.0327015 -0.498929 0
      vertex 1.43579 -10.9059 15
    endloop
  endfacet
  facet normal 0.5198 0.633392 -0.573256
    outer loop
      vertex 0.329673 0.375919 0
      vertex 0.30438 0.396676 0
      vertex 6.69637 8.72689 15
    endloop
  endfacet
  facet normal -0.0802511 0.815437 -0.573255
    outer loop
      vertex -0.0327015 0.498929 0
      vertex -1.43579 10.9059 15
      vertex -0.719434 10.9764 15
    endloop
  endfacet
  facet normal 0.477263 -0.666031 -0.573256
    outer loop
      vertex 6.11127 -9.14616 15
      vertex 0.30438 -0.396676 0
      vertex 6.69637 -8.72689 15
    endloop
  endfacet
  facet normal -0.818938 0.0268209 -0.573255
    outer loop
      vertex -0.5 0 0
      vertex -10.9764 0.719434 15
      vertex -0.498929 0.0327015 0
    endloop
  endfacet
  facet normal -0.0802511 -0.815437 -0.573255
    outer loop
      vertex -0.719434 -10.9764 15
      vertex -1.43579 -10.9059 15
      vertex -0.0327015 -0.498929 0
    endloop
  endfacet
  facet normal 0.784092 -0.237857 -0.573257
    outer loop
      vertex 10.6252 -2.84701 15
      vertex 0.473465 -0.160719 0
      vertex 0.482963 -0.129409 0
    endloop
  endfacet
  facet normal 0.186002 0.797986 -0.573256
    outer loop
      vertex 2.84701 10.6252 15
      vertex 0.129409 0.482963 0
      vertex 2.14599 10.7886 15
    endloop
  endfacet
  facet normal -0.386253 0.722624 -0.573256
    outer loop
      vertex -0.25 0.433012 0
      vertex -5.5 9.52628 15
      vertex -4.86518 9.8656 15
    endloop
  endfacet
  facet normal -0.766881 -0.288567 -0.573256
    outer loop
      vertex -10.1627 -4.20952 15
      vertex -10.4162 -3.53583 15
      vertex -0.473465 -0.160719 0
    endloop
  endfacet
  facet normal -0.598034 0.560119 -0.573256
    outer loop
      vertex -0.375919 0.329673 0
      vertex -7.77817 7.77817 15
      vertex -0.353553 0.353553 0
    endloop
  endfacet
  facet normal 0.633387 -0.519807 -0.573256
    outer loop
      vertex 8.27024 -7.2528 15
      vertex 0.375919 -0.329673 0
      vertex 8.72689 -6.69637 15
    endloop
  endfacet
  facet normal 0.386253 0.722624 -0.573256
    outer loop
      vertex 5.5 9.52628 15
      vertex 0.25 0.433012 0
      vertex 4.86518 9.8656 15
    endloop
  endfacet
  facet normal -0.519807 -0.633387 -0.573256
    outer loop
      vertex -6.69637 -8.72689 15
      vertex -7.2528 -8.27024 15
      vertex -0.329673 -0.375919 0
    endloop
  endfacet
  facet normal -0.288567 0.766881 -0.573256
    outer loop
      vertex -0.160719 0.473465 0
      vertex -4.20952 10.1627 15
      vertex -3.53583 10.4162 15
    endloop
  endfacet
  facet normal 0.766852 -0.28864 -0.573257
    outer loop
      vertex 10.1627 -4.20952 15
      vertex 0.461939 -0.191341 0
      vertex 0.473465 -0.160719 0
    endloop
  endfacet
  facet normal 0.477263 0.666031 -0.573256
    outer loop
      vertex 6.69637 8.72689 15
      vertex 0.30438 0.396676 0
      vertex 6.11127 9.14616 15
    endloop
  endfacet
  facet normal -0.598029 -0.560124 -0.573256
    outer loop
      vertex -7.77817 -7.77817 15
      vertex -8.27024 -7.2528 15
      vertex -0.375919 -0.329673 0
    endloop
  endfacet
  facet normal 0.0268209 -0.818938 -0.573255
    outer loop
      vertex 0.719434 -10.9764 15
      vertex 0 -0.5 0
      vertex 0.0327015 -0.498929 0
    endloop
  endfacet
  facet normal 0.666031 -0.477263 -0.573256
    outer loop
      vertex 8.72689 -6.69637 15
      vertex 0.396676 -0.30438 0
      vertex 9.14616 -6.11127 15
    endloop
  endfacet
  facet normal 0.695807 0.432701 -0.573256
    outer loop
      vertex 0.433012 0.25 0
      vertex 0.415734 0.277784 0
      vertex 9.14616 6.11127 15
    endloop
  endfacet
  facet normal -0.560124 -0.598029 -0.573256
    outer loop
      vertex -7.2528 -8.27024 15
      vertex -7.77817 -7.77817 15
      vertex -0.329673 -0.375919 0
    endloop
  endfacet
  facet normal -0.186044 0.797976 -0.573255
    outer loop
      vertex -0.129409 0.482963 0
      vertex -2.14599 10.7886 15
      vertex -0.0975447 0.490392 0
    endloop
  endfacet
  facet normal 0.386254 -0.722624 -0.573256
    outer loop
      vertex 4.86518 -9.8656 15
      vertex 0.221144 -0.448436 0
      vertex 0.25 -0.433012 0
    endloop
  endfacet
  facet normal 0.560119 -0.598034 -0.573256
    outer loop
      vertex 7.77817 -7.77817 15
      vertex 0.329673 -0.375919 0
      vertex 0.353553 -0.353553 0
    endloop
  endfacet
  facet normal 0.477261 0.666032 -0.573256
    outer loop
      vertex 0.30438 0.396676 0
      vertex 0.277784 0.415734 0
      vertex 6.11127 9.14616 15
    endloop
  endfacet
  facet normal 0.722624 -0.386254 -0.573256
    outer loop
      vertex 9.8656 -4.86518 15
      vertex 0.433012 -0.25 0
      vertex 0.448436 -0.221144 0
    endloop
  endfacet
  facet normal 0.722624 0.386254 -0.573256
    outer loop
      vertex 0.448436 0.221144 0
      vertex 0.433012 0.25 0
      vertex 9.8656 4.86518 15
    endloop
  endfacet
  facet normal -0.784079 -0.237903 -0.573256
    outer loop
      vertex -10.4162 -3.53583 15
      vertex -10.6252 -2.84701 15
      vertex -0.473465 -0.160719 0
    endloop
  endfacet
  facet normal -0.722624 -0.386254 -0.573256
    outer loop
      vertex -0.433012 -0.25 0
      vertex -9.8656 -4.86518 15
      vertex -0.448436 -0.221144 0
    endloop
  endfacet
  facet normal 0.633387 0.519807 -0.573256
    outer loop
      vertex 8.72689 6.69637 15
      vertex 0.375919 0.329673 0
      vertex 8.27024 7.2528 15
    endloop
  endfacet
  facet normal -0.0268209 -0.818938 -0.573255
    outer loop
      vertex 0 -0.5 0
      vertex -0.719434 -10.9764 15
      vertex -0.0327015 -0.498929 0
    endloop
  endfacet
  facet normal -0.797986 -0.186002 -0.573256
    outer loop
      vertex -10.6252 -2.84701 15
      vertex -10.7886 -2.14599 15
      vertex -0.482963 -0.129409 0
    endloop
  endfacet
  facet normal -0.133523 0.808424 -0.573256
    outer loop
      vertex -0.0652628 0.495722 0
      vertex -2.14599 10.7886 15
      vertex -1.43579 10.9059 15
    endloop
  endfacet
  facet normal -0.797976 0.186044 -0.573255
    outer loop
      vertex -0.490392 0.0975447 0
      vertex -10.7886 2.14599 15
      vertex -0.482963 0.129409 0
    endloop
  endfacet
  facet normal 0.666032 0.477261 -0.573256
    outer loop
      vertex 0.415734 0.277784 0
      vertex 0.396676 0.30438 0
      vertex 9.14616 6.11127 15
    endloop
  endfacet
  facet normal 0.633392 -0.5198 -0.573256
    outer loop
      vertex 8.72689 -6.69637 15
      vertex 0.375919 -0.329673 0
      vertex 0.396676 -0.30438 0
    endloop
  endfacet
  facet normal -0.695812 -0.432693 -0.573256
    outer loop
      vertex -9.14616 -6.11127 15
      vertex -9.52628 -5.5 15
      vertex -0.433012 -0.25 0
    endloop
  endfacet
  facet normal -0.477261 -0.666032 -0.573256
    outer loop
      vertex -0.277784 -0.415734 0
      vertex -6.11127 -9.14616 15
      vertex -0.30438 -0.396676 0
    endloop
  endfacet
  facet normal 0.598034 0.560119 -0.573256
    outer loop
      vertex 0.375919 0.329673 0
      vertex 0.353553 0.353553 0
      vertex 7.77817 7.77817 15
    endloop
  endfacet
  facet normal 0.432693 -0.695812 -0.573256
    outer loop
      vertex 5.5 -9.52628 15
      vertex 0.25 -0.433012 0
      vertex 6.11127 -9.14616 15
    endloop
  endfacet
  facet normal 0 0 -1
    outer loop
      vertex 0.498929 -0.0327015 0
      vertex 0.498929 0.0327015 0
      vertex 0.5 0 0
    endloop
  endfacet
  facet normal 0 0 -1
    outer loop
      vertex 0.495722 -0.0652628 0
      vertex 0.498929 0.0327015 0
      vertex 0.498929 -0.0327015 0
    endloop
  endfacet
  facet normal 0 0 -1
    outer loop
      vertex 0.495722 -0.0652628 0
      vertex 0.495722 0.0652628 0
      vertex 0.498929 0.0327015 0
    endloop
  endfacet
  facet normal 0 0 -1
    outer loop
      vertex 0.490392 -0.0975447 0
      vertex 0.495722 0.0652628 0
      vertex 0.495722 -0.0652628 0
    endloop
  endfacet
  facet normal 0 0 -1
    outer loop
      vertex 0.490392 -0.0975447 0
      vertex 0.490392 0.0975447 0
      vertex 0.495722 0.0652628 0
    endloop
  endfacet
  facet normal 0 0 -1
    outer loop
      vertex 0.482963 -0.129409 0
      vertex 0.490392 0.0975447 0
      vertex 0.490392 -0.0975447 0
    endloop
  endfacet
  facet normal 0 0 -1
    outer loop
      vertex 0.482963 -0.129409 0
      vertex 0.482963 0.129409 0
      vertex 0.490392 0.0975447 0
    endloop
  endfacet
  facet normal 0 0 -1
    outer loop
      vertex 0.473465 -0.160719 0
      vertex 0.482963 0.129409 0
      vertex 0.482963 -0.129409 0
    endloop
  endfacet
  facet normal 0 0 -1
    outer loop
      vertex 0.473465 -0.160719 0
      vertex 0.473465 0.160719 0
      vertex 0.482963 0.129409 0
    endloop
  endfacet
  facet normal 0 0 -1
    outer loop
      vertex 0.461939 -0.191341 0
      vertex 0.473465 0.160719 0
      vertex 0.473465 -0.160719 0
    endloop
  endfacet
  facet normal 0 0 -1
    outer loop
      vertex 0.461939 -0.191341 0
      vertex 0.461939 0.191341 0
      vertex 0.473465 0.160719 0
    endloop
  endfacet
  facet normal 0 0 -1
    outer loop
      vertex 0.448436 -0.221144 0
      vertex 0.461939 0.191341 0
      vertex 0.461939 -0.191341 0
    endloop
  endfacet
  facet normal 0 0 -1
    outer loop
      vertex 0.448436 -0.221144 0
      vertex 0.448436 0.221144 0
      vertex 0.461939 0.191341 0
    endloop
  endfacet
  facet normal 0 0 -1
    outer loop
      vertex 0.433012 -0.25 0
      vertex 0.448436 0.221144 0
      vertex 0.448436 -0.221144 0
    endloop
  endfacet
  facet normal 0 0 -1
    outer loop
      vertex 0.433012 -0.25 0
      vertex 0.433012 0.25 0
      vertex 0.448436 0.221144 0
    endloop
  endfacet
  facet normal 0 0 -1
    outer loop
      vertex 0.415734 -0.277784 0
      vertex 0.433012 0.25 0
      vertex 0.433012 -0.25 0
    endloop
  endfacet
  facet normal 0 0 -1
    outer loop
      vertex 0.415734 -0.277784 0
      vertex 0.415734 0.277784 0
      vertex 0.433012 0.25 0
    endloop
  endfacet
  facet normal 0 0 -1
    outer loop
      vertex 0.396676 -0.30438 0
      vertex 0.415734 0.277784 0
      vertex 0.415734 -0.277784 0
    endloop
  endfacet
  facet normal 0 0 -1
    outer loop
      vertex 0.396676 -0.30438 0
      vertex 0.396676 0.30438 0
      vertex 0.415734 0.277784 0
    endloop
  endfacet
  facet normal 0 0 -1
    outer loop
      vertex 0.375919 -0.329673 0
      vertex 0.396676 0.30438 0
      vertex 0.396676 -0.30438 0
    endloop
  endfacet
  facet normal 0 0 -1
    outer loop
      vertex 0.375919 -0.329673 0
      vertex 0.375919 0.329673 0
      vertex 0.396676 0.30438 0
    endloop
  endfacet
  facet normal 0 0 -1
    outer loop
      vertex 0.353553 -0.353553 0
      vertex 0.375919 0.329673 0
      vertex 0.375919 -0.329673 0
    endloop
  endfacet
  facet normal 0 0 -1
    outer loop
      vertex 0.353553 -0.353553 0
      vertex 0.353553 0.353553 0
      vertex 0.375919 0.329673 0
    endloop
  endfacet
  facet normal 0 0 -1
    outer loop
      vertex 0.329673 -0.375919 0
      vertex 0.353553 0.353553 0
      vertex 0.353553 -0.353553 0
    endloop
  endfacet
  facet normal 0 0 -1
    outer loop
      vertex 0.329673 -0.375919 0
      vertex 0.329673 0.375919 0
      vertex 0.353553 0.353553 0
    endloop
  endfacet
  facet normal 0 0 -1
    outer loop
      vertex 0.30438 -0.396676 0
      vertex 0.329673 0.375919 0
      vertex 0.329673 -0.375919 0
    endloop
  endfacet
  facet normal 0 0 -1
    outer loop
      vertex 0.30438 -0.396676 0
      vertex 0.30438 0.396676 0
      vertex 0.329673 0.375919 0
    endloop
  endfacet
  facet normal 0 0 -1
    outer loop
      vertex 0.277784 -0.415734 0
      vertex 0.30438 0.396676 0
      vertex 0.30438 -0.396676 0
    endloop
  endfacet
  facet normal 0 0 -1
    outer loop
      vertex 0.277784 -0.415734 0
      vertex 0.277784 0.415734 0
      vertex 0.30438 0.396676 0
    endloop
  endfacet
  facet normal 0 0 -1
    outer loop
      vertex 0.25 -0.433012 0
      vertex 0.277784 0.415734 0
      vertex 0.277784 -0.415734 0
    endloop
  endfacet
  facet normal 0 0 -1
    outer loop
      vertex 0.25 -0.433012 0
      vertex 0.25 0.433012 0
      vertex 0.277784 0.415734 0
    endloop
  endfacet
  facet normal 0 0 -1
    outer loop
      vertex 0.221144 -0.448436 0
      vertex 0.25 0.433012 0
      vertex 0.25 -0.433012 0
    endloop
  endfacet
  facet normal 0 0 -1
    outer loop
      vertex 0.221144 -0.448436 0
      vertex 0.221144 0.448436 0
      vertex 0.25 0.433012 0
    endloop
  endfacet
  facet normal 0 0 -1
    outer loop
      vertex 0.191341 -0.461939 0
      vertex 0.221144 0.448436 0
      vertex 0.221144 -0.448436 0
    endloop
  endfacet
  facet normal 0 0 -1
    outer loop
      vertex 0.191341 -0.461939 0
      vertex 0.191341 0.461939 0
      vertex 0.221144 0.448436 0
    endloop
  endfacet
  facet normal 0 0 -1
    outer loop
      vertex 0.160719 -0.473465 0
      vertex 0.191341 0.461939 0
      vertex 0.191341 -0.461939 0
    endloop
  endfacet
  facet normal 0 0 -1
    outer loop
      vertex 0.160719 -0.473465 0
      vertex 0.160719 0.473465 0
      vertex 0.191341 0.461939 0
    endloop
  endfacet
  facet normal 0 0 -1
    outer loop
      vertex 0.129409 -0.482963 0
      vertex 0.160719 0.473465 0
      vertex 0.160719 -0.473465 0
    endloop
  endfacet
  facet normal 0 0 -1
    outer loop
      vertex 0.129409 -0.482963 0
      vertex 0.129409 0.482963 0
      vertex 0.160719 0.473465 0
    endloop
  endfacet
  facet normal 0 0 -1
    outer loop
      vertex 0.0975447 -0.490392 0
      vertex 0.129409 0.482963 0
      vertex 0.129409 -0.482963 0
    endloop
  endfacet
  facet normal 0 0 -1
    outer loop
      vertex 0.0975447 -0.490392 0
      vertex 0.0975447 0.490392 0
      vertex 0.129409 0.482963 0
    endloop
  endfacet
  facet normal 0 0 -1
    outer loop
      vertex 0.0652628 -0.495722 0
      vertex 0.0975447 0.490392 0
      vertex 0.0975447 -0.490392 0
    endloop
  endfacet
  facet normal 0 0 -1
    outer loop
      vertex 0.0652628 -0.495722 0
      vertex 0.0652628 0.495722 0
      vertex 0.0975447 0.490392 0
    endloop
  endfacet
  facet normal 0 0 -1
    outer loop
      vertex 0.0327015 -0.498929 0
      vertex 0.0652628 0.495722 0
      vertex 0.0652628 -0.495722 0
    endloop
  endfacet
  facet normal 0 0 -1
    outer loop
      vertex 0.0327015 -0.498929 0
      vertex 0.0327015 0.498929 0
      vertex 0.0652628 0.495722 0
    endloop
  endfacet
  facet normal 0 0 -1
    outer loop
      vertex 0 -0.5 0
      vertex 0.0327015 0.498929 0
      vertex 0.0327015 -0.498929 0
    endloop
  endfacet
  facet normal 0 0 -1
    outer loop
      vertex 0 -0.5 0
      vertex 0 0.5 0
      vertex 0.0327015 0.498929 0
    endloop
  endfacet
  facet normal 0 0 -1
    outer loop
      vertex -0.0327015 -0.498929 0
      vertex 0 0.5 0
      vertex 0 -0.5 0
    endloop
  endfacet
  facet normal 0 0 -1
    outer loop
      vertex -0.0327015 -0.498929 0
      vertex -0.0327015 0.498929 0
      vertex 0 0.5 0
    endloop
  endfacet
  facet normal 0 0 -1
    outer loop
      vertex -0.0652628 -0.495722 0
      vertex -0.0327015 0.498929 0
      vertex -0.0327015 -0.498929 0
    endloop
  endfacet
  facet normal 0 0 -1
    outer loop
      vertex -0.0652628 -0.495722 0
      vertex -0.0652628 0.495722 0
      vertex -0.0327015 0.498929 0
    endloop
  endfacet
  facet normal 0 0 -1
    outer loop
      vertex -0.0975447 -0.490392 0
      vertex -0.0652628 0.495722 0
      vertex -0.0652628 -0.495722 0
    endloop
  endfacet
  facet normal 0 0 -1
    outer loop
      vertex -0.0975447 -0.490392 0
      vertex -0.0975447 0.490392 0
      vertex -0.0652628 0.495722 0
    endloop
  endfacet
  facet normal 0 0 -1
    outer loop
      vertex -0.129409 -0.482963 0
      vertex -0.0975447 0.490392 0
      vertex -0.0975447 -0.490392 0
    endloop
  endfacet
  facet normal 0 0 -1
    outer loop
      vertex -0.129409 -0.482963 0
      vertex -0.129409 0.482963 0
      vertex -0.0975447 0.490392 0
    endloop
  endfacet
  facet normal 0 0 -1
    outer loop
      vertex -0.160719 -0.473465 0
      vertex -0.129409 0.482963 0
      vertex -0.129409 -0.482963 0
    endloop
  endfacet
  facet normal 0 0 -1
    outer loop
      vertex -0.160719 -0.473465 0
      vertex -0.160719 0.473465 0
      vertex -0.129409 0.482963 0
    endloop
  endfacet
  facet normal 0 0 -1
    outer loop
      vertex -0.191341 -0.461939 0
      vertex -0.160719 0.473465 0
      vertex -0.160719 -0.473465 0
    endloop
  endfacet
  facet normal 0 0 -1
    outer loop
      vertex -0.191341 -0.461939 0
      vertex -0.191341 0.461939 0
      vertex -0.160719 0.473465 0
    endloop
  endfacet
  facet normal 0 0 -1
    outer loop
      vertex -0.221144 -0.448436 0
      vertex -0.191341 0.461939 0
      vertex -0.191341 -0.461939 0
    endloop
  endfacet
  facet normal 0 0 -1
    outer loop
      vertex -0.221144 -0.448436 0
      vertex -0.221144 0.448436 0
      vertex -0.191341 0.461939 0
    endloop
  endfacet
  facet normal 0 0 -1
    outer loop
      vertex -0.25 -0.433012 0
      vertex -0.221144 0.448436 0
      vertex -0.221144 -0.448436 0
    endloop
  endfacet
  facet normal 0 0 -1
    outer loop
      vertex -0.25 -0.433012 0
      vertex -0.25 0.433012 0
      vertex -0.221144 0.448436 0
    endloop
  endfacet
  facet normal 0 0 -1
    outer loop
      vertex -0.277784 -0.415734 0
      vertex -0.25 0.433012 0
      vertex -0.25 -0.433012 0
    endloop
  endfacet
  facet normal 0 0 -1
    outer loop
      vertex -0.277784 -0.415734 0
      vertex -0.277784 0.415734 0
      vertex -0.25 0.433012 0
    endloop
  endfacet
  facet normal 0 0 -1
    outer loop
      vertex -0.30438 -0.396676 0
      vertex -0.277784 0.415734 0
      vertex -0.277784 -0.415734 0
    endloop
  endfacet
  facet normal 0 0 -1
    outer loop
      vertex -0.30438 -0.396676 0
      vertex -0.30438 0.396676 0
      vertex -0.277784 0.415734 0
    endloop
  endfacet
  facet normal 0 0 -1
    outer loop
      vertex -0.329673 -0.375919 0
      vertex -0.30438 0.396676 0
      vertex -0.30438 -0.396676 0
    endloop
  endfacet
  facet normal 0 0 -1
    outer loop
      vertex -0.329673 -0.375919 0
      vertex -0.329673 0.375919 0
      vertex -0.30438 0.396676 0
    endloop
  endfacet
  facet normal 0 0 -1
    outer loop
      vertex -0.353553 -0.353553 0
      vertex -0.329673 0.375919 0
      vertex -0.329673 -0.375919 0
    endloop
  endfacet
  facet normal 0 0 -1
    outer loop
      vertex -0.353553 -0.353553 0
      vertex -0.353553 0.353553 0
      vertex -0.329673 0.375919 0
    endloop
  endfacet
  facet normal 0 0 -1
    outer loop
      vertex -0.375919 -0.329673 0
      vertex -0.353553 0.353553 0
      vertex -0.353553 -0.353553 0
    endloop
  endfacet
  facet normal 0 0 -1
    outer loop
      vertex -0.375919 -0.329673 0
      vertex -0.375919 0.329673 0
      vertex -0.353553 0.353553 0
    endloop
  endfacet
  facet normal 0 0 -1
    outer loop
      vertex -0.396676 -0.30438 0
      vertex -0.375919 0.329673 0
      vertex -0.375919 -0.329673 0
    endloop
  endfacet
  facet normal 0 0 -1
    outer loop
      vertex -0.396676 -0.30438 0
      vertex -0.396676 0.30438 0
      vertex -0.375919 0.329673 0
    endloop
  endfacet
  facet normal 0 0 -1
    outer loop
      vertex -0.415734 -0.277784 0
      vertex -0.396676 0.30438 0
      vertex -0.396676 -0.30438 0
    endloop
  endfacet
  facet normal 0 0 -1
    outer loop
      vertex -0.415734 -0.277784 0
      vertex -0.415734 0.277784 0
      vertex -0.396676 0.30438 0
    endloop
  endfacet
  facet normal 0 0 -1
    outer loop
      vertex -0.433012 -0.25 0
      vertex -0.415734 0.277784 0
      vertex -0.415734 -0.277784 0
    endloop
  endfacet
  facet normal 0 0 -1
    outer loop
      vertex -0.433012 -0.25 0
      vertex -0.433012 0.25 0
      vertex -0.415734 0.277784 0
    endloop
  endfacet
  facet normal 0 0 -1
    outer loop
      vertex -0.448436 -0.221144 0
      vertex -0.433012 0.25 0
      vertex -0.433012 -0.25 0
    endloop
  endfacet
  facet normal 0 0 -1
    outer loop
      vertex -0.448436 -0.221144 0
      vertex -0.448436 0.221144 0
      vertex -0.433012 0.25 0
    endloop
  endfacet
  facet normal 0 0 -1
    outer loop
      vertex -0.461939 -0.191341 0
      vertex -0.448436 0.221144 0
      vertex -0.448436 -0.221144 0
    endloop
  endfacet
  facet normal 0 0 -1
    outer loop
      vertex -0.461939 -0.191341 0
      vertex -0.461939 0.191341 0
      vertex -0.448436 0.221144 0
    endloop
  endfacet
  facet normal 0 0 -1
    outer loop
      vertex -0.473465 -0.160719 0
      vertex -0.461939 0.191341 0
      vertex -0.461939 -0.191341 0
    endloop
  endfacet
  facet normal 0 0 -1
    outer loop
      vertex -0.473465 -0.160719 0
      vertex -0.473465 0.160719 0
      vertex -0.461939 0.191341 0
    endloop
  endfacet
  facet normal 0 0 -1
    outer loop
      vertex -0.482963 -0.129409 0
      vertex -0.473465 0.160719 0
      vertex -0.473465 -0.160719 0
    endloop
  endfacet
  facet normal 0 0 -1
    outer loop
      vertex -0.482963 -0.129409 0
      vertex -0.482963 0.129409 0
      vertex -0.473465 0.160719 0
    endloop
  endfacet
  facet normal 0 0 -1
    outer loop
      vertex -0.490392 -0.0975447 0
      vertex -0.482963 0.129409 0
      vertex -0.482963 -0.129409 0
    endloop
  endfacet
  facet normal 0 0 -1
    outer loop
      vertex -0.490392 -0.0975447 0
      vertex -0.490392 0.0975447 0
      vertex -0.482963 0.129409 0
    endloop
  endfacet
  facet normal 0 0 -1
    outer loop
      vertex -0.495722 -0.0652628 0
      vertex -0.490392 0.0975447 0
      vertex -0.490392 -0.0975447 0
    endloop
  endfacet
  facet normal 0 0 -1
    outer loop
      vertex -0.495722 -0.0652628 0
      vertex -0.495722 0.0652628 0
      vertex -0.490392 0.0975447 0
    endloop
  endfacet
  facet normal 0 0 -1
    outer loop
      vertex -0.498929 -0.0327015 0
      vertex -0.495722 0.0652628 0
      vertex -0.495722 -0.0652628 0
    endloop
  endfacet
  facet normal 0 0 -1
    outer loop
      vertex -0.498929 -0.0327015 0
      vertex -0.498929 0.0327015 0
      vertex -0.495722 0.0652628 0
    endloop
  endfacet
  facet normal 0 -0 -1
    outer loop
      vertex -0.498929 0.0327015 0
      vertex -0.498929 -0.0327015 0
      vertex -0.5 0 0
    endloop
  endfacet
  facet normal -0.133479 0.808432 -0.573255
    outer loop
      vertex -0.0975447 0.490392 0
      vertex -2.14599 10.7886 15
      vertex -0.0652628 0.495722 0
    endloop
  endfacet
  facet normal 0.33815 0.746345 -0.573257
    outer loop
      vertex 0.221144 0.448436 0
      vertex 0.191341 0.461939 0
      vertex 4.20952 10.1627 15
    endloop
  endfacet
  facet normal 0.519807 0.633387 -0.573256
    outer loop
      vertex 7.2528 8.27024 15
      vertex 0.329673 0.375919 0
      vertex 6.69637 8.72689 15
    endloop
  endfacet
  facet normal -0.746329 -0.338185 -0.573257
    outer loop
      vertex -9.8656 -4.86518 15
      vertex -10.1627 -4.20952 15
      vertex -0.448436 -0.221144 0
    endloop
  endfacet
  facet normal 0.432693 0.695812 -0.573256
    outer loop
      vertex 6.11127 9.14616 15
      vertex 0.25 0.433012 0
      vertex 5.5 9.52628 15
    endloop
  endfacet
  facet normal -0.666031 0.477263 -0.573256
    outer loop
      vertex -0.396676 0.30438 0
      vertex -9.14616 6.11127 15
      vertex -8.72689 6.69637 15
    endloop
  endfacet
  facet normal 0.560124 0.598029 -0.573256
    outer loop
      vertex 7.77817 7.77817 15
      vertex 0.329673 0.375919 0
      vertex 7.2528 8.27024 15
    endloop
  endfacet
  facet normal -0.633387 0.519807 -0.573256
    outer loop
      vertex -0.375919 0.329673 0
      vertex -8.72689 6.69637 15
      vertex -8.27024 7.2528 15
    endloop
  endfacet
  facet normal -0.818938 -0.0268209 -0.573255
    outer loop
      vertex -0.498929 -0.0327015 0
      vertex -10.9764 -0.719434 15
      vertex -0.5 0 0
    endloop
  endfacet
  facet normal 0.666032 -0.477261 -0.573256
    outer loop
      vertex 9.14616 -6.11127 15
      vertex 0.396676 -0.30438 0
      vertex 0.415734 -0.277784 0
    endloop
  endfacet
  facet normal -0.766852 0.28864 -0.573257
    outer loop
      vertex -0.473465 0.160719 0
      vertex -10.1627 4.20952 15
      vertex -0.461939 0.191341 0
    endloop
  endfacet
  facet normal -0.633392 0.5198 -0.573256
    outer loop
      vertex -0.396676 0.30438 0
      vertex -8.72689 6.69637 15
      vertex -0.375919 0.329673 0
    endloop
  endfacet
  facet normal -0.746329 0.338185 -0.573257
    outer loop
      vertex -0.448436 0.221144 0
      vertex -10.1627 4.20952 15
      vertex -9.8656 4.86518 15
    endloop
  endfacet
  facet normal -0.338185 -0.746329 -0.573257
    outer loop
      vertex -4.20952 -10.1627 15
      vertex -4.86518 -9.8656 15
      vertex -0.221144 -0.448436 0
    endloop
  endfacet
  facet normal 0.386254 0.722624 -0.573256
    outer loop
      vertex 0.25 0.433012 0
      vertex 0.221144 0.448436 0
      vertex 4.86518 9.8656 15
    endloop
  endfacet
  facet normal -0.797976 -0.186044 -0.573255
    outer loop
      vertex -0.482963 -0.129409 0
      vertex -10.7886 -2.14599 15
      vertex -0.490392 -0.0975447 0
    endloop
  endfacet
  facet normal -0.722624 0.386254 -0.573256
    outer loop
      vertex -0.448436 0.221144 0
      vertex -9.8656 4.86518 15
      vertex -0.433012 0.25 0
    endloop
  endfacet
  facet normal -0.808432 -0.133479 -0.573255
    outer loop
      vertex -0.490392 -0.0975447 0
      vertex -10.7886 -2.14599 15
      vertex -0.495722 -0.0652628 0
    endloop
  endfacet
  facet normal 0.237903 0.784079 -0.573256
    outer loop
      vertex 3.53583 10.4162 15
      vertex 0.160719 0.473465 0
      vertex 2.84701 10.6252 15
    endloop
  endfacet
  facet normal -0.818936 -0.026864 -0.573255
    outer loop
      vertex -10.9764 -0.719434 15
      vertex -11 0 15
      vertex -0.5 0 0
    endloop
  endfacet
  facet normal 0.797986 0.186002 -0.573256
    outer loop
      vertex 10.7886 2.14599 15
      vertex 0.482963 0.129409 0
      vertex 10.6252 2.84701 15
    endloop
  endfacet
  facet normal 0.722624 0.386253 -0.573256
    outer loop
      vertex 9.8656 4.86518 15
      vertex 0.433012 0.25 0
      vertex 9.52628 5.5 15
    endloop
  endfacet
  facet normal -0.746345 -0.33815 -0.573257
    outer loop
      vertex -0.448436 -0.221144 0
      vertex -10.1627 -4.20952 15
      vertex -0.461939 -0.191341 0
    endloop
  endfacet
  facet normal -0.808424 0.133523 -0.573256
    outer loop
      vertex -0.495722 0.0652628 0
      vertex -10.9059 1.43579 15
      vertex -10.7886 2.14599 15
    endloop
  endfacet
  facet normal -0.766881 0.288567 -0.573256
    outer loop
      vertex -0.473465 0.160719 0
      vertex -10.4162 3.53583 15
      vertex -10.1627 4.20952 15
    endloop
  endfacet
  facet normal 0.784092 0.237857 -0.573257
    outer loop
      vertex 0.482963 0.129409 0
      vertex 0.473465 0.160719 0
      vertex 10.6252 2.84701 15
    endloop
  endfacet
  facet normal -0.808432 0.133479 -0.573255
    outer loop
      vertex -0.495722 0.0652628 0
      vertex -10.7886 2.14599 15
      vertex -0.490392 0.0975447 0
    endloop
  endfacet
  facet normal -0.784079 0.237903 -0.573256
    outer loop
      vertex -0.473465 0.160719 0
      vertex -10.6252 2.84701 15
      vertex -10.4162 3.53583 15
    endloop
  endfacet
  facet normal -0.560119 -0.598034 -0.573256
    outer loop
      vertex -0.329673 -0.375919 0
      vertex -7.77817 -7.77817 15
      vertex -0.353553 -0.353553 0
    endloop
  endfacet
  facet normal -0.133479 -0.808432 -0.573255
    outer loop
      vertex -0.0652628 -0.495722 0
      vertex -2.14599 -10.7886 15
      vertex -0.0975447 -0.490392 0
    endloop
  endfacet
  facet normal 0.598029 0.560124 -0.573256
    outer loop
      vertex 8.27024 7.2528 15
      vertex 0.375919 0.329673 0
      vertex 7.77817 7.77817 15
    endloop
  endfacet
  facet normal -0.519807 0.633387 -0.573256
    outer loop
      vertex -0.329673 0.375919 0
      vertex -7.2528 8.27024 15
      vertex -6.69637 8.72689 15
    endloop
  endfacet
  facet normal -0.477263 -0.666031 -0.573256
    outer loop
      vertex -6.11127 -9.14616 15
      vertex -6.69637 -8.72689 15
      vertex -0.30438 -0.396676 0
    endloop
  endfacet
  facet normal -0.026864 -0.818936 -0.573255
    outer loop
      vertex 0 -11 15
      vertex -0.719434 -10.9764 15
      vertex 0 -0.5 0
    endloop
  endfacet
  facet normal 0.432701 0.695807 -0.573256
    outer loop
      vertex 0.277784 0.415734 0
      vertex 0.25 0.433012 0
      vertex 6.11127 9.14616 15
    endloop
  endfacet
  facet normal -0.695807 -0.432701 -0.573256
    outer loop
      vertex -0.415734 -0.277784 0
      vertex -9.14616 -6.11127 15
      vertex -0.433012 -0.25 0
    endloop
  endfacet
  facet normal -0.186002 -0.797986 -0.573256
    outer loop
      vertex -2.14599 -10.7886 15
      vertex -2.84701 -10.6252 15
      vertex -0.129409 -0.482963 0
    endloop
  endfacet
  facet normal -0.560124 0.598029 -0.573256
    outer loop
      vertex -0.329673 0.375919 0
      vertex -7.77817 7.77817 15
      vertex -7.2528 8.27024 15
    endloop
  endfacet
  facet normal -0.33815 -0.746345 -0.573257
    outer loop
      vertex -0.191341 -0.461939 0
      vertex -4.20952 -10.1627 15
      vertex -0.221144 -0.448436 0
    endloop
  endfacet
  facet normal -0.338185 0.746329 -0.573257
    outer loop
      vertex -0.221144 0.448436 0
      vertex -4.86518 9.8656 15
      vertex -4.20952 10.1627 15
    endloop
  endfacet
  facet normal -0.432693 0.695812 -0.573256
    outer loop
      vertex -0.25 0.433012 0
      vertex -6.11127 9.14616 15
      vertex -5.5 9.52628 15
    endloop
  endfacet
  facet normal -0.5198 -0.633392 -0.573256
    outer loop
      vertex -0.30438 -0.396676 0
      vertex -6.69637 -8.72689 15
      vertex -0.329673 -0.375919 0
    endloop
  endfacet
  facet normal -0.386253 -0.722624 -0.573256
    outer loop
      vertex -4.86518 -9.8656 15
      vertex -5.5 -9.52628 15
      vertex -0.25 -0.433012 0
    endloop
  endfacet
  facet normal 0.633392 0.5198 -0.573256
    outer loop
      vertex 0.396676 0.30438 0
      vertex 0.375919 0.329673 0
      vertex 8.72689 6.69637 15
    endloop
  endfacet
  facet normal -0.386254 -0.722624 -0.573256
    outer loop
      vertex -0.221144 -0.448436 0
      vertex -4.86518 -9.8656 15
      vertex -0.25 -0.433012 0
    endloop
  endfacet
  facet normal 0.338185 0.746329 -0.573257
    outer loop
      vertex 4.86518 9.8656 15
      vertex 0.221144 0.448436 0
      vertex 4.20952 10.1627 15
    endloop
  endfacet
  facet normal -0.33815 0.746345 -0.573257
    outer loop
      vertex -0.221144 0.448436 0
      vertex -4.20952 10.1627 15
      vertex -0.191341 0.461939 0
    endloop
  endfacet
  facet normal -0.133523 -0.808424 -0.573256
    outer loop
      vertex -1.43579 -10.9059 15
      vertex -2.14599 -10.7886 15
      vertex -0.0652628 -0.495722 0
    endloop
  endfacet
  facet normal 0.815437 0.0802511 -0.573255
    outer loop
      vertex 10.9764 0.719434 15
      vertex 0.498929 0.0327015 0
      vertex 10.9059 1.43579 15
    endloop
  endfacet
  facet normal -0.186002 0.797986 -0.573256
    outer loop
      vertex -0.129409 0.482963 0
      vertex -2.84701 10.6252 15
      vertex -2.14599 10.7886 15
    endloop
  endfacet
  facet normal -0.237857 0.784092 -0.573257
    outer loop
      vertex -0.160719 0.473465 0
      vertex -2.84701 10.6252 15
      vertex -0.129409 0.482963 0
    endloop
  endfacet
  facet normal -0.598029 0.560124 -0.573256
    outer loop
      vertex -0.375919 0.329673 0
      vertex -8.27024 7.2528 15
      vertex -7.77817 7.77817 15
    endloop
  endfacet
  facet normal -0.81543 0.0803127 -0.573256
    outer loop
      vertex -0.498929 0.0327015 0
      vertex -10.9059 1.43579 15
      vertex -0.495722 0.0652628 0
    endloop
  endfacet
  facet normal -0.815437 0.0802511 -0.573255
    outer loop
      vertex -0.498929 0.0327015 0
      vertex -10.9764 0.719434 15
      vertex -10.9059 1.43579 15
    endloop
  endfacet
  facet normal -0.746345 0.33815 -0.573257
    outer loop
      vertex -0.461939 0.191341 0
      vertex -10.1627 4.20952 15
      vertex -0.448436 0.221144 0
    endloop
  endfacet
  facet normal -0.5198 0.633392 -0.573256
    outer loop
      vertex -0.329673 0.375919 0
      vertex -6.69637 8.72689 15
      vertex -0.30438 0.396676 0
    endloop
  endfacet
  facet normal 0.560119 0.598034 -0.573256
    outer loop
      vertex 0.353553 0.353553 0
      vertex 0.329673 0.375919 0
      vertex 7.77817 7.77817 15
    endloop
  endfacet
  facet normal -0.818936 0.026864 -0.573255
    outer loop
      vertex -0.5 0 0
      vertex -11 0 15
      vertex -10.9764 0.719434 15
    endloop
  endfacet
  facet normal -0.560119 0.598034 -0.573256
    outer loop
      vertex -0.353553 0.353553 0
      vertex -7.77817 7.77817 15
      vertex -0.329673 0.375919 0
    endloop
  endfacet
  facet normal -0.432701 0.695807 -0.573256
    outer loop
      vertex -0.277784 0.415734 0
      vertex -6.11127 9.14616 15
      vertex -0.25 0.433012 0
    endloop
  endfacet
  facet normal 0.0803127 0.81543 -0.573256
    outer loop
      vertex 0.0652628 0.495722 0
      vertex 0.0327015 0.498929 0
      vertex 1.43579 10.9059 15
    endloop
  endfacet
  facet normal -0.598034 -0.560119 -0.573256
    outer loop
      vertex -0.353553 -0.353553 0
      vertex -7.77817 -7.77817 15
      vertex -0.375919 -0.329673 0
    endloop
  endfacet
  facet normal 0.237857 0.784092 -0.573257
    outer loop
      vertex 0.160719 0.473465 0
      vertex 0.129409 0.482963 0
      vertex 2.84701 10.6252 15
    endloop
  endfacet
  facet normal 0.026864 0.818936 -0.573255
    outer loop
      vertex 0.719434 10.9764 15
      vertex 0 0.5 0
      vertex 0 11 15
    endloop
  endfacet
  facet normal 0.797976 0.186044 -0.573255
    outer loop
      vertex 0.490392 0.0975447 0
      vertex 0.482963 0.129409 0
      vertex 10.7886 2.14599 15
    endloop
  endfacet
  facet normal 0.766852 0.28864 -0.573257
    outer loop
      vertex 0.473465 0.160719 0
      vertex 0.461939 0.191341 0
      vertex 10.1627 4.20952 15
    endloop
  endfacet
  facet normal 0.695812 0.432693 -0.573256
    outer loop
      vertex 9.52628 5.5 15
      vertex 0.433012 0.25 0
      vertex 9.14616 6.11127 15
    endloop
  endfacet
  facet normal 0.666031 0.477263 -0.573256
    outer loop
      vertex 9.14616 6.11127 15
      vertex 0.396676 0.30438 0
      vertex 8.72689 6.69637 15
    endloop
  endfacet
  facet normal 0.808424 0.133523 -0.573256
    outer loop
      vertex 10.9059 1.43579 15
      vertex 0.495722 0.0652628 0
      vertex 10.7886 2.14599 15
    endloop
  endfacet
  facet normal 0.81543 0.0803127 -0.573256
    outer loop
      vertex 0.498929 0.0327015 0
      vertex 0.495722 0.0652628 0
      vertex 10.9059 1.43579 15
    endloop
  endfacet
  facet normal -0.784092 0.237857 -0.573257
    outer loop
      vertex -0.482963 0.129409 0
      vertex -10.6252 2.84701 15
      vertex -0.473465 0.160719 0
    endloop
  endfacet
  facet normal -0.797986 0.186002 -0.573256
    outer loop
      vertex -0.482963 0.129409 0
      vertex -10.7886 2.14599 15
      vertex -10.6252 2.84701 15
    endloop
  endfacet
  facet normal 0.766881 0.288567 -0.573256
    outer loop
      vertex 10.4162 3.53583 15
      vertex 0.473465 0.160719 0
      vertex 10.1627 4.20952 15
    endloop
  endfacet
  facet normal 0.784079 0.237903 -0.573256
    outer loop
      vertex 10.6252 2.84701 15
      vertex 0.473465 0.160719 0
      vertex 10.4162 3.53583 15
    endloop
  endfacet
  facet normal 0.186044 0.797976 -0.573255
    outer loop
      vertex 0.129409 0.482963 0
      vertex 0.0975447 0.490392 0
      vertex 2.14599 10.7886 15
    endloop
  endfacet
  facet normal -0.28864 0.766852 -0.573257
    outer loop
      vertex -0.191341 0.461939 0
      vertex -4.20952 10.1627 15
      vertex -0.160719 0.473465 0
    endloop
  endfacet
  facet normal 0.133479 0.808432 -0.573255
    outer loop
      vertex 0.0975447 0.490392 0
      vertex 0.0652628 0.495722 0
      vertex 2.14599 10.7886 15
    endloop
  endfacet
  facet normal -0.477261 0.666032 -0.573256
    outer loop
      vertex -0.30438 0.396676 0
      vertex -6.11127 9.14616 15
      vertex -0.277784 0.415734 0
    endloop
  endfacet
  facet normal 0.28864 0.766852 -0.573257
    outer loop
      vertex 0.191341 0.461939 0
      vertex 0.160719 0.473465 0
      vertex 4.20952 10.1627 15
    endloop
  endfacet
  facet normal 0.808432 0.133479 -0.573255
    outer loop
      vertex 0.495722 0.0652628 0
      vertex 0.490392 0.0975447 0
      vertex 10.7886 2.14599 15
    endloop
  endfacet
  facet normal -0.227014 0.973891 0
    outer loop
      vertex 1.06116 -3.9603 27
      vertex 1.05258 -3.9623 31.0769
      vertex 1.06116 -3.9603 31.0874
    endloop
  endfacet
  facet normal -0.227025 0.973889 -2.28332e-08
    outer loop
      vertex 1.06116 -3.9603 27
      vertex 0.989949 -3.9769 31.01
      vertex 1.05258 -3.9623 31.0769
    endloop
  endfacet
  facet normal -0.227062 0.97388 -7.28435e-07
    outer loop
      vertex 1.06116 -3.9603 27
      vertex 0.923083 -3.99249 30.9474
      vertex 0.989949 -3.9769 31.01
    endloop
  endfacet
  facet normal -0.227044 0.973884 -6.72242e-08
    outer loop
      vertex 1.06116 -3.9603 27
      vertex 0.852265 -4.009 30.8893
      vertex 0.923083 -3.99249 30.9474
    endloop
  endfacet
  facet normal -0.227129 0.973865 -4.88006e-06
    outer loop
      vertex 1.06116 -3.9603 27
      vertex 0.79987 -4.02122 30.8518
      vertex 0.852265 -4.009 30.8893
    endloop
  endfacet
  facet normal -0.227061 0.973881 0
    outer loop
      vertex 0.79987 -4.02122 30.8518
      vertex 1.06116 -3.9603 27
      vertex 0.79987 -4.02122 27
    endloop
  endfacet
  facet normal -0.227061 0.973881 0
    outer loop
      vertex 1.06116 -3.9603 37
      vertex 0.79987 -4.02122 33.1482
      vertex 0.79987 -4.02122 37
    endloop
  endfacet
  facet normal -0.227129 0.973865 4.88006e-06
    outer loop
      vertex 1.06116 -3.9603 37
      vertex 0.852265 -4.009 33.1107
      vertex 0.79987 -4.02122 33.1482
    endloop
  endfacet
  facet normal -0.227044 0.973884 6.72242e-08
    outer loop
      vertex 1.06116 -3.9603 37
      vertex 0.923083 -3.99249 33.0526
      vertex 0.852265 -4.009 33.1107
    endloop
  endfacet
  facet normal -0.227062 0.97388 7.28398e-07
    outer loop
      vertex 1.06116 -3.9603 37
      vertex 0.989949 -3.9769 32.9899
      vertex 0.923083 -3.99249 33.0526
    endloop
  endfacet
  facet normal -0.227025 0.973889 2.28332e-08
    outer loop
      vertex 1.06116 -3.9603 37
      vertex 1.05258 -3.9623 32.9231
      vertex 0.989949 -3.9769 32.9899
    endloop
  endfacet
  facet normal -0.227014 0.973891 0
    outer loop
      vertex 1.05258 -3.9623 32.9231
      vertex 1.06116 -3.9603 37
      vertex 1.06116 -3.9603 32.9126
    endloop
  endfacet
  facet normal 0.986646 0.16288 0
    outer loop
      vertex -4.02122 -0.79987 37
      vertex -4.06492 -0.535157 27
      vertex -4.06492 -0.535157 37
    endloop
  endfacet
  facet normal 0.986646 0.16288 0
    outer loop
      vertex -4.06492 -0.535157 27
      vertex -4.02122 -0.79987 37
      vertex -4.02122 -0.79987 27
    endloop
  endfacet
  facet normal -0.849219 0.528041 0
    outer loop
      vertex 3.40903 -2.27784 27
      vertex 3.5507 -2.05 37
      vertex 3.5507 -2.05 27
    endloop
  endfacet
  facet normal -0.849219 0.528041 0
    outer loop
      vertex 3.5507 -2.05 37
      vertex 3.40903 -2.27784 27
      vertex 3.40903 -2.27784 37
    endloop
  endfacet
  facet normal 0.0980256 0.995184 0
    outer loop
      vertex -0.535157 -4.06492 27
      vertex -0.268152 -4.09122 30.6261
      vertex -0.268152 -4.09122 27
    endloop
  endfacet
  facet normal 0.0980376 0.995183 -8.8613e-07
    outer loop
      vertex -0.268152 -4.09122 30.6261
      vertex -0.535157 -4.06492 27
      vertex -0.273126 -4.09073 30.6269
    endloop
  endfacet
  facet normal 0.0980444 0.995182 -1.38665e-06
    outer loop
      vertex -0.273126 -4.09073 30.6269
      vertex -0.535157 -4.06492 27
      vertex -0.362347 -4.08194 30.6477
    endloop
  endfacet
  facet normal 0.0979667 0.99519 2.32875e-06
    outer loop
      vertex -0.362347 -4.08194 30.6477
      vertex -0.535157 -4.06492 27
      vertex -0.450015 -4.07331 30.6743
    endloop
  endfacet
  facet normal 0.0980663 0.99518 0
    outer loop
      vertex -0.450015 -4.07331 30.6743
      vertex -0.535157 -4.06492 27
      vertex -0.535157 -4.06492 30.7063
    endloop
  endfacet
  facet normal 0.0980256 0.995184 -0
    outer loop
      vertex -0.268152 -4.09122 33.3739
      vertex -0.535157 -4.06492 37
      vertex -0.268152 -4.09122 37
    endloop
  endfacet
  facet normal 0.0980376 0.995183 8.8613e-07
    outer loop
      vertex -0.273126 -4.09073 33.3731
      vertex -0.535157 -4.06492 37
      vertex -0.268152 -4.09122 33.3739
    endloop
  endfacet
  facet normal 0.0980444 0.995182 1.38665e-06
    outer loop
      vertex -0.362347 -4.08194 33.3523
      vertex -0.535157 -4.06492 37
      vertex -0.273126 -4.09073 33.3731
    endloop
  endfacet
  facet normal 0.0979667 0.99519 -2.32875e-06
    outer loop
      vertex -0.450015 -4.07331 33.3257
      vertex -0.535157 -4.06492 37
      vertex -0.362347 -4.08194 33.3523
    endloop
  endfacet
  facet normal 0.0980663 0.99518 0
    outer loop
      vertex -0.535157 -4.06492 37
      vertex -0.450015 -4.07331 33.3257
      vertex -0.535157 -4.06492 33.2937
    endloop
  endfacet
  facet normal 0.849219 -0.528041 0
    outer loop
      vertex -3.5507 2.05 37
      vertex -3.40903 2.27784 27
      vertex -3.40903 2.27784 37
    endloop
  endfacet
  facet normal 0.849219 -0.528041 0
    outer loop
      vertex -3.40903 2.27784 27
      vertex -3.5507 2.05 37
      vertex -3.5507 2.05 27
    endloop
  endfacet
  facet normal -0.634396 -0.773008 0
    outer loop
      vertex 2.49592 3.25275 27
      vertex 2.70332 3.08254 37
      vertex 2.49592 3.25275 37
    endloop
  endfacet
  facet normal -0.634396 -0.773008 -0
    outer loop
      vertex 2.70332 3.08254 37
      vertex 2.49592 3.25275 27
      vertex 2.70332 3.08254 27
    endloop
  endfacet
  facet normal -0.412716 0.91086 0
    outer loop
      vertex 1.81338 -3.67718 27
      vertex 1.569 -3.78791 37
      vertex 1.81338 -3.67718 37
    endloop
  endfacet
  facet normal -0.412716 0.91086 0
    outer loop
      vertex 1.569 -3.78791 37
      vertex 1.81338 -3.67718 27
      vertex 1.569 -3.78791 27
    endloop
  endfacet
  facet normal 0.227061 -0.973881 0
    outer loop
      vertex -1.06116 3.9603 27
      vertex -0.79987 4.02122 37
      vertex -1.06116 3.9603 37
    endloop
  endfacet
  facet normal 0.227061 -0.973881 0
    outer loop
      vertex -0.79987 4.02122 37
      vertex -1.06116 3.9603 27
      vertex -0.79987 4.02122 27
    endloop
  endfacet
  facet normal -0.956931 -0.290315 0
    outer loop
      vertex 3.9603 1.06116 27
      vertex 3.88241 1.3179 37
      vertex 3.88241 1.3179 27
    endloop
  endfacet
  facet normal -0.956931 -0.290315 0
    outer loop
      vertex 3.88241 1.3179 37
      vertex 3.9603 1.06116 27
      vertex 3.9603 1.06116 37
    endloop
  endfacet
  facet normal 0.290315 -0.956931 0
    outer loop
      vertex -1.3179 3.88241 27
      vertex -1.06116 3.9603 37
      vertex -1.3179 3.88241 37
    endloop
  endfacet
  facet normal 0.290315 -0.956931 0
    outer loop
      vertex -1.06116 3.9603 37
      vertex -1.3179 3.88241 27
      vertex -1.06116 3.9603 27
    endloop
  endfacet
  facet normal -0.16288 -0.986646 0
    outer loop
      vertex 0.535157 4.06492 27
      vertex 0.79987 4.02122 37
      vertex 0.535157 4.06492 37
    endloop
  endfacet
  facet normal -0.16288 -0.986646 -0
    outer loop
      vertex 0.79987 4.02122 37
      vertex 0.535157 4.06492 27
      vertex 0.79987 4.02122 27
    endloop
  endfacet
  facet normal 0.881915 -0.471408 0
    outer loop
      vertex -3.67718 1.81338 37
      vertex -3.5507 2.05 27
      vertex -3.5507 2.05 37
    endloop
  endfacet
  facet normal 0.881915 -0.471408 0
    outer loop
      vertex -3.5507 2.05 27
      vertex -3.67718 1.81338 37
      vertex -3.67718 1.81338 27
    endloop
  endfacet
  facet normal 0.91086 -0.412716 0
    outer loop
      vertex -3.78791 1.569 37
      vertex -3.67718 1.81338 27
      vertex -3.67718 1.81338 37
    endloop
  endfacet
  facet normal 0.91086 -0.412716 0
    outer loop
      vertex -3.67718 1.81338 27
      vertex -3.78791 1.569 37
      vertex -3.78791 1.569 27
    endloop
  endfacet
  facet normal -0.162717 0.986673 0
    outer loop
      vertex 0.79987 -4.02122 27
      vertex 0.777798 -4.02486 30.8359
      vertex 0.79987 -4.02122 30.8518
    endloop
  endfacet
  facet normal -0.162962 0.986632 -1.4511e-06
    outer loop
      vertex 0.79987 -4.02122 27
      vertex 0.7 -4.03771 30.7876
      vertex 0.777798 -4.02486 30.8359
    endloop
  endfacet
  facet normal -0.162902 0.986642 1.91518e-07
    outer loop
      vertex 0.79987 -4.02122 27
      vertex 0.619204 -4.05105 30.7444
      vertex 0.7 -4.03771 30.7876
    endloop
  endfacet
  facet normal -0.162813 0.986657 4.58274e-06
    outer loop
      vertex 0.79987 -4.02122 27
      vertex 0.535756 -4.06482 30.7066
      vertex 0.619204 -4.05105 30.7444
    endloop
  endfacet
  facet normal -0.164604 0.98636 -0.00012654
    outer loop
      vertex 0.79987 -4.02122 27
      vertex 0.535157 -4.06492 30.7063
      vertex 0.535756 -4.06482 30.7066
    endloop
  endfacet
  facet normal -0.16288 0.986646 0
    outer loop
      vertex 0.535157 -4.06492 30.7063
      vertex 0.79987 -4.02122 27
      vertex 0.535157 -4.06492 27
    endloop
  endfacet
  facet normal -0.16288 0.986646 0
    outer loop
      vertex 0.79987 -4.02122 37
      vertex 0.535157 -4.06492 33.2937
      vertex 0.535157 -4.06492 37
    endloop
  endfacet
  facet normal -0.164604 0.98636 0.00012654
    outer loop
      vertex 0.79987 -4.02122 37
      vertex 0.535756 -4.06482 33.2934
      vertex 0.535157 -4.06492 33.2937
    endloop
  endfacet
  facet normal -0.162813 0.986657 -4.58274e-06
    outer loop
      vertex 0.79987 -4.02122 37
      vertex 0.619204 -4.05105 33.2556
      vertex 0.535756 -4.06482 33.2934
    endloop
  endfacet
  facet normal -0.162902 0.986642 -1.91518e-07
    outer loop
      vertex 0.79987 -4.02122 37
      vertex 0.7 -4.03771 33.2124
      vertex 0.619204 -4.05105 33.2556
    endloop
  endfacet
  facet normal -0.162962 0.986632 1.4511e-06
    outer loop
      vertex 0.79987 -4.02122 37
      vertex 0.777798 -4.02486 33.1641
      vertex 0.7 -4.03771 33.2124
    endloop
  endfacet
  facet normal -0.162717 0.986673 0
    outer loop
      vertex 0.777798 -4.02486 33.1641
      vertex 0.79987 -4.02122 37
      vertex 0.79987 -4.02122 33.1482
    endloop
  endfacet
  facet normal 0.582493 -0.812836 0
    outer loop
      vertex -2.49592 3.25275 27
      vertex -2.27784 3.40903 37
      vertex -2.49592 3.25275 37
    endloop
  endfacet
  facet normal 0.582493 -0.812836 0
    outer loop
      vertex -2.27784 3.40903 37
      vertex -2.49592 3.25275 27
      vertex -2.27784 3.40903 27
    endloop
  endfacet
  facet normal -0.91086 0.412716 0
    outer loop
      vertex 3.67718 -1.81338 27
      vertex 3.78791 -1.569 37
      vertex 3.78791 -1.569 27
    endloop
  endfacet
  facet normal -0.91086 0.412716 0
    outer loop
      vertex 3.78791 -1.569 37
      vertex 3.67718 -1.81338 27
      vertex 3.67718 -1.81338 37
    endloop
  endfacet
  facet normal 0.471408 -0.881915 0
    outer loop
      vertex -2.05 3.5507 27
      vertex -1.81338 3.67718 37
      vertex -2.05 3.5507 37
    endloop
  endfacet
  facet normal 0.471408 -0.881915 0
    outer loop
      vertex -1.81338 3.67718 37
      vertex -2.05 3.5507 27
      vertex -1.81338 3.67718 27
    endloop
  endfacet
  facet normal -0.995184 -0.0980256 0
    outer loop
      vertex 4.09122 0.268152 27
      vertex 4.06492 0.535157 37
      vertex 4.06492 0.535157 27
    endloop
  endfacet
  facet normal -0.995184 -0.0980256 0
    outer loop
      vertex 4.06492 0.535157 37
      vertex 4.09122 0.268152 27
      vertex 4.09122 0.268152 37
    endloop
  endfacet
  facet normal 0.812836 -0.582493 0
    outer loop
      vertex -3.40903 2.27784 37
      vertex -3.25275 2.49592 27
      vertex -3.25275 2.49592 37
    endloop
  endfacet
  facet normal 0.812836 -0.582493 0
    outer loop
      vertex -3.25275 2.49592 27
      vertex -3.40903 2.27784 37
      vertex -3.40903 2.27784 27
    endloop
  endfacet
  facet normal -0.773008 0.634396 0
    outer loop
      vertex 3.08254 -2.70332 27
      vertex 3.25275 -2.49592 37
      vertex 3.25275 -2.49592 27
    endloop
  endfacet
  facet normal -0.773008 0.634396 0
    outer loop
      vertex 3.25275 -2.49592 37
      vertex 3.08254 -2.70332 27
      vertex 3.08254 -2.70332 37
    endloop
  endfacet
  facet normal -0.999464 -0.0327251 0
    outer loop
      vertex 4.1 0 27
      vertex 4.09122 0.268152 37
      vertex 4.09122 0.268152 27
    endloop
  endfacet
  facet normal -0.999464 -0.0327251 0
    outer loop
      vertex 4.09122 0.268152 37
      vertex 4.1 0 27
      vertex 4.1 0 37
    endloop
  endfacet
  facet normal -0.91086 -0.412716 0
    outer loop
      vertex 3.78791 1.569 27
      vertex 3.67718 1.81338 37
      vertex 3.67718 1.81338 27
    endloop
  endfacet
  facet normal -0.91086 -0.412716 0
    outer loop
      vertex 3.67718 1.81338 37
      vertex 3.78791 1.569 27
      vertex 3.78791 1.569 37
    endloop
  endfacet
  facet normal -0.528041 0.849219 0
    outer loop
      vertex 2.27784 -3.40903 27
      vertex 2.05 -3.5507 37
      vertex 2.27784 -3.40903 37
    endloop
  endfacet
  facet normal -0.528041 0.849219 0
    outer loop
      vertex 2.05 -3.5507 37
      vertex 2.27784 -3.40903 27
      vertex 2.05 -3.5507 27
    endloop
  endfacet
  facet normal 0.995184 -0.0980256 0
    outer loop
      vertex -4.09122 0.268152 37
      vertex -4.06492 0.535157 27
      vertex -4.06492 0.535157 37
    endloop
  endfacet
  facet normal 0.995184 -0.0980256 0
    outer loop
      vertex -4.06492 0.535157 27
      vertex -4.09122 0.268152 37
      vertex -4.09122 0.268152 27
    endloop
  endfacet
  facet normal 0.729874 0.683581 0
    outer loop
      vertex -2.89914 -2.89914 37
      vertex -3.08254 -2.70332 27
      vertex -3.08254 -2.70332 37
    endloop
  endfacet
  facet normal 0.729874 0.683581 0
    outer loop
      vertex -3.08254 -2.70332 27
      vertex -2.89914 -2.89914 37
      vertex -2.89914 -2.89914 27
    endloop
  endfacet
  facet normal -0.973881 0.227061 0
    outer loop
      vertex 3.9603 -1.06116 27
      vertex 4.02122 -0.79987 37
      vertex 4.02122 -0.79987 27
    endloop
  endfacet
  facet normal -0.973881 0.227061 0
    outer loop
      vertex 4.02122 -0.79987 37
      vertex 3.9603 -1.06116 27
      vertex 3.9603 -1.06116 37
    endloop
  endfacet
  facet normal 0.956931 -0.290315 0
    outer loop
      vertex -3.9603 1.06116 37
      vertex -3.88241 1.3179 27
      vertex -3.88241 1.3179 37
    endloop
  endfacet
  facet normal 0.956931 -0.290315 0
    outer loop
      vertex -3.88241 1.3179 27
      vertex -3.9603 1.06116 37
      vertex -3.9603 1.06116 27
    endloop
  endfacet
  facet normal 0.812836 0.582493 0
    outer loop
      vertex -3.25275 -2.49592 37
      vertex -3.40903 -2.27784 27
      vertex -3.40903 -2.27784 37
    endloop
  endfacet
  facet normal 0.812836 0.582493 0
    outer loop
      vertex -3.40903 -2.27784 27
      vertex -3.25275 -2.49592 37
      vertex -3.25275 -2.49592 27
    endloop
  endfacet
  facet normal -0.812836 0.582493 0
    outer loop
      vertex 3.25275 -2.49592 27
      vertex 3.40903 -2.27784 37
      vertex 3.40903 -2.27784 27
    endloop
  endfacet
  facet normal -0.812836 0.582493 0
    outer loop
      vertex 3.40903 -2.27784 37
      vertex 3.25275 -2.49592 27
      vertex 3.25275 -2.49592 37
    endloop
  endfacet
  facet normal 0.352226 -0.935915 0
    outer loop
      vertex -1.569 3.78791 27
      vertex -1.3179 3.88241 37
      vertex -1.569 3.78791 37
    endloop
  endfacet
  facet normal 0.352226 -0.935915 0
    outer loop
      vertex -1.3179 3.88241 37
      vertex -1.569 3.78791 27
      vertex -1.3179 3.88241 27
    endloop
  endfacet
  facet normal -0.412716 -0.91086 0
    outer loop
      vertex 1.569 3.78791 27
      vertex 1.81338 3.67718 37
      vertex 1.569 3.78791 37
    endloop
  endfacet
  facet normal -0.412716 -0.91086 -0
    outer loop
      vertex 1.81338 3.67718 37
      vertex 1.569 3.78791 27
      vertex 1.81338 3.67718 27
    endloop
  endfacet
  facet normal 0.973881 -0.227061 0
    outer loop
      vertex -4.02122 0.79987 37
      vertex -3.9603 1.06116 27
      vertex -3.9603 1.06116 37
    endloop
  endfacet
  facet normal 0.973881 -0.227061 0
    outer loop
      vertex -3.9603 1.06116 27
      vertex -4.02122 0.79987 37
      vertex -4.02122 0.79987 27
    endloop
  endfacet
  facet normal 0.973881 0.227061 0
    outer loop
      vertex -3.9603 -1.06116 37
      vertex -4.02122 -0.79987 27
      vertex -4.02122 -0.79987 37
    endloop
  endfacet
  facet normal 0.973881 0.227061 0
    outer loop
      vertex -4.02122 -0.79987 27
      vertex -3.9603 -1.06116 37
      vertex -3.9603 -1.06116 27
    endloop
  endfacet
  facet normal -0.582493 -0.812836 0
    outer loop
      vertex 2.27784 3.40903 27
      vertex 2.49592 3.25275 37
      vertex 2.27784 3.40903 37
    endloop
  endfacet
  facet normal -0.582493 -0.812836 -0
    outer loop
      vertex 2.49592 3.25275 37
      vertex 2.27784 3.40903 27
      vertex 2.49592 3.25275 27
    endloop
  endfacet
  facet normal 0.634396 -0.773008 0
    outer loop
      vertex -2.70332 3.08254 27
      vertex -2.49592 3.25275 37
      vertex -2.70332 3.08254 37
    endloop
  endfacet
  facet normal 0.634396 -0.773008 0
    outer loop
      vertex -2.49592 3.25275 37
      vertex -2.70332 3.08254 27
      vertex -2.49592 3.25275 27
    endloop
  endfacet
  facet normal 0.849219 0.528041 0
    outer loop
      vertex -3.40903 -2.27784 37
      vertex -3.5507 -2.05 27
      vertex -3.5507 -2.05 37
    endloop
  endfacet
  facet normal 0.849219 0.528041 0
    outer loop
      vertex -3.5507 -2.05 27
      vertex -3.40903 -2.27784 37
      vertex -3.40903 -2.27784 27
    endloop
  endfacet
  facet normal -0.0327251 -0.999464 0
    outer loop
      vertex 0 4.1 27
      vertex 0.268152 4.09122 37
      vertex 0 4.1 37
    endloop
  endfacet
  facet normal -0.0327251 -0.999464 -0
    outer loop
      vertex 0.268152 4.09122 37
      vertex 0 4.1 27
      vertex 0.268152 4.09122 27
    endloop
  endfacet
  facet normal -0.729874 0.683581 0
    outer loop
      vertex 2.89914 -2.89914 27
      vertex 3.08254 -2.70332 37
      vertex 3.08254 -2.70332 27
    endloop
  endfacet
  facet normal -0.729874 0.683581 0
    outer loop
      vertex 3.08254 -2.70332 37
      vertex 2.89914 -2.89914 27
      vertex 2.89914 -2.89914 37
    endloop
  endfacet
  facet normal -0.0980256 -0.995184 0
    outer loop
      vertex 0.268152 4.09122 27
      vertex 0.535157 4.06492 37
      vertex 0.268152 4.09122 37
    endloop
  endfacet
  facet normal -0.0980256 -0.995184 -0
    outer loop
      vertex 0.535157 4.06492 37
      vertex 0.268152 4.09122 27
      vertex 0.535157 4.06492 27
    endloop
  endfacet
  facet normal -0.528041 -0.849219 0
    outer loop
      vertex 2.05 3.5507 27
      vertex 2.27784 3.40903 37
      vertex 2.05 3.5507 37
    endloop
  endfacet
  facet normal -0.528041 -0.849219 -0
    outer loop
      vertex 2.27784 3.40903 37
      vertex 2.05 3.5507 27
      vertex 2.27784 3.40903 27
    endloop
  endfacet
  facet normal -0.935915 0.352226 0
    outer loop
      vertex 3.78791 -1.569 27
      vertex 3.88241 -1.3179 37
      vertex 3.88241 -1.3179 27
    endloop
  endfacet
  facet normal -0.935915 0.352226 0
    outer loop
      vertex 3.88241 -1.3179 37
      vertex 3.78791 -1.569 27
      vertex 3.78791 -1.569 37
    endloop
  endfacet
  facet normal -0.683581 -0.729874 0
    outer loop
      vertex 2.70332 3.08254 27
      vertex 2.89914 2.89914 37
      vertex 2.70332 3.08254 37
    endloop
  endfacet
  facet normal -0.683581 -0.729874 -0
    outer loop
      vertex 2.89914 2.89914 37
      vertex 2.70332 3.08254 27
      vertex 2.89914 2.89914 27
    endloop
  endfacet
  facet normal 0.16288 -0.986646 0
    outer loop
      vertex -0.79987 4.02122 27
      vertex -0.535157 4.06492 37
      vertex -0.79987 4.02122 37
    endloop
  endfacet
  facet normal 0.16288 -0.986646 0
    outer loop
      vertex -0.535157 4.06492 37
      vertex -0.79987 4.02122 27
      vertex -0.535157 4.06492 27
    endloop
  endfacet
  facet normal -0.995184 0.0980256 0
    outer loop
      vertex 4.06492 -0.535157 27
      vertex 4.09122 -0.268152 37
      vertex 4.09122 -0.268152 27
    endloop
  endfacet
  facet normal -0.995184 0.0980256 0
    outer loop
      vertex 4.09122 -0.268152 37
      vertex 4.06492 -0.535157 27
      vertex 4.06492 -0.535157 37
    endloop
  endfacet
  facet normal -0.956931 0.290315 0
    outer loop
      vertex 3.88241 -1.3179 27
      vertex 3.9603 -1.06116 37
      vertex 3.9603 -1.06116 27
    endloop
  endfacet
  facet normal -0.956931 0.290315 0
    outer loop
      vertex 3.9603 -1.06116 37
      vertex 3.88241 -1.3179 27
      vertex 3.88241 -1.3179 37
    endloop
  endfacet
  facet normal 0.412716 -0.91086 0
    outer loop
      vertex -1.81338 3.67718 27
      vertex -1.569 3.78791 37
      vertex -1.81338 3.67718 37
    endloop
  endfacet
  facet normal 0.412716 -0.91086 0
    outer loop
      vertex -1.569 3.78791 37
      vertex -1.81338 3.67718 27
      vertex -1.569 3.78791 27
    endloop
  endfacet
  facet normal -0.986646 -0.16288 0
    outer loop
      vertex 4.06492 0.535157 27
      vertex 4.02122 0.79987 37
      vertex 4.02122 0.79987 27
    endloop
  endfacet
  facet normal -0.986646 -0.16288 0
    outer loop
      vertex 4.02122 0.79987 37
      vertex 4.06492 0.535157 27
      vertex 4.06492 0.535157 37
    endloop
  endfacet
  facet normal -0.973881 -0.227061 0
    outer loop
      vertex 4.02122 0.79987 27
      vertex 3.9603 1.06116 37
      vertex 3.9603 1.06116 27
    endloop
  endfacet
  facet normal -0.973881 -0.227061 0
    outer loop
      vertex 3.9603 1.06116 37
      vertex 4.02122 0.79987 27
      vertex 4.02122 0.79987 37
    endloop
  endfacet
  facet normal -0.352226 0.935915 0
    outer loop
      vertex 1.569 -3.78791 37
      vertex 1.3179 -3.88241 32.4707
      vertex 1.3179 -3.88241 37
    endloop
  endfacet
  facet normal -0.351723 0.936104 -3.18069e-05
    outer loop
      vertex 1.569 -3.78791 37
      vertex 1.3257 -3.87948 32.45
      vertex 1.3179 -3.88241 32.4707
    endloop
  endfacet
  facet normal -0.352209 0.935921 -2.16284e-06
    outer loop
      vertex 1.569 -3.78791 37
      vertex 1.3523 -3.86947 32.3623
      vertex 1.3257 -3.87948 32.45
    endloop
  endfacet
  facet normal -0.352297 0.935888 2.52978e-06
    outer loop
      vertex 1.569 -3.78791 37
      vertex 1.3731 -3.86164 32.2731
      vertex 1.3523 -3.86947 32.3623
    endloop
  endfacet
  facet normal -0.352447 0.935832 9.61343e-06
    outer loop
      vertex 1.569 -3.78791 37
      vertex 1.38802 -3.85602 32.1827
      vertex 1.3731 -3.86164 32.2731
    endloop
  endfacet
  facet normal -0.352254 0.935905 1.32522e-06
    outer loop
      vertex 1.569 -3.78791 37
      vertex 1.397 -3.85264 32.0916
      vertex 1.38802 -3.85602 32.1827
    endloop
  endfacet
  facet normal -0.352351 0.935868 5.21967e-06
    outer loop
      vertex 1.569 -3.78791 37
      vertex 1.4 -3.85151 32
      vertex 1.397 -3.85264 32.0916
    endloop
  endfacet
  facet normal -0.352216 0.935919 0
    outer loop
      vertex 1.569 -3.78791 27
      vertex 1.4 -3.85151 32
      vertex 1.569 -3.78791 37
    endloop
  endfacet
  facet normal -0.352351 0.935868 -5.21967e-06
    outer loop
      vertex 1.4 -3.85151 32
      vertex 1.569 -3.78791 27
      vertex 1.397 -3.85264 31.9084
    endloop
  endfacet
  facet normal -0.352254 0.935905 -1.32522e-06
    outer loop
      vertex 1.569 -3.78791 27
      vertex 1.38802 -3.85602 31.8173
      vertex 1.397 -3.85264 31.9084
    endloop
  endfacet
  facet normal -0.352447 0.935832 -9.61343e-06
    outer loop
      vertex 1.569 -3.78791 27
      vertex 1.3731 -3.86164 31.7269
      vertex 1.38802 -3.85602 31.8173
    endloop
  endfacet
  facet normal -0.352297 0.935888 -2.52978e-06
    outer loop
      vertex 1.569 -3.78791 27
      vertex 1.3523 -3.86947 31.6377
      vertex 1.3731 -3.86164 31.7269
    endloop
  endfacet
  facet normal -0.352209 0.935921 2.16284e-06
    outer loop
      vertex 1.569 -3.78791 27
      vertex 1.3257 -3.87948 31.55
      vertex 1.3523 -3.86947 31.6377
    endloop
  endfacet
  facet normal -0.351723 0.936104 3.18069e-05
    outer loop
      vertex 1.569 -3.78791 27
      vertex 1.3179 -3.88241 31.5293
      vertex 1.3257 -3.87948 31.55
    endloop
  endfacet
  facet normal -0.352226 0.935915 0
    outer loop
      vertex 1.3179 -3.88241 31.5293
      vertex 1.569 -3.78791 27
      vertex 1.3179 -3.88241 27
    endloop
  endfacet
  facet normal -0.935915 -0.352226 0
    outer loop
      vertex 3.88241 1.3179 27
      vertex 3.78791 1.569 37
      vertex 3.78791 1.569 27
    endloop
  endfacet
  facet normal -0.935915 -0.352226 0
    outer loop
      vertex 3.78791 1.569 37
      vertex 3.88241 1.3179 27
      vertex 3.88241 1.3179 37
    endloop
  endfacet
  facet normal 0.352226 0.935915 -0
    outer loop
      vertex -1.3179 -3.88241 32.4707
      vertex -1.569 -3.78791 37
      vertex -1.3179 -3.88241 37
    endloop
  endfacet
  facet normal 0.351723 0.936104 -3.18069e-05
    outer loop
      vertex -1.3257 -3.87948 32.45
      vertex -1.569 -3.78791 37
      vertex -1.3179 -3.88241 32.4707
    endloop
  endfacet
  facet normal 0.352209 0.935921 -2.16284e-06
    outer loop
      vertex -1.3523 -3.86947 32.3623
      vertex -1.569 -3.78791 37
      vertex -1.3257 -3.87948 32.45
    endloop
  endfacet
  facet normal 0.352297 0.935888 2.52978e-06
    outer loop
      vertex -1.3731 -3.86164 32.2731
      vertex -1.569 -3.78791 37
      vertex -1.3523 -3.86947 32.3623
    endloop
  endfacet
  facet normal 0.352447 0.935832 9.61343e-06
    outer loop
      vertex -1.38802 -3.85602 32.1827
      vertex -1.569 -3.78791 37
      vertex -1.3731 -3.86164 32.2731
    endloop
  endfacet
  facet normal 0.352254 0.935905 1.32522e-06
    outer loop
      vertex -1.397 -3.85264 32.0916
      vertex -1.569 -3.78791 37
      vertex -1.38802 -3.85602 32.1827
    endloop
  endfacet
  facet normal 0.352351 0.935868 5.21967e-06
    outer loop
      vertex -1.4 -3.85151 32
      vertex -1.569 -3.78791 37
      vertex -1.397 -3.85264 32.0916
    endloop
  endfacet
  facet normal 0.352351 0.935868 -5.21967e-06
    outer loop
      vertex -1.569 -3.78791 27
      vertex -1.4 -3.85151 32
      vertex -1.397 -3.85264 31.9084
    endloop
  endfacet
  facet normal 0.352226 0.935915 0
    outer loop
      vertex -1.569 -3.78791 27
      vertex -1.3179 -3.88241 31.5293
      vertex -1.3179 -3.88241 27
    endloop
  endfacet
  facet normal 0.351723 0.936104 3.18069e-05
    outer loop
      vertex -1.3179 -3.88241 31.5293
      vertex -1.569 -3.78791 27
      vertex -1.3257 -3.87948 31.55
    endloop
  endfacet
  facet normal 0.352209 0.935921 2.16284e-06
    outer loop
      vertex -1.3257 -3.87948 31.55
      vertex -1.569 -3.78791 27
      vertex -1.3523 -3.86947 31.6377
    endloop
  endfacet
  facet normal 0.352297 0.935888 -2.52978e-06
    outer loop
      vertex -1.3523 -3.86947 31.6377
      vertex -1.569 -3.78791 27
      vertex -1.3731 -3.86164 31.7269
    endloop
  endfacet
  facet normal 0.352447 0.935832 -9.61343e-06
    outer loop
      vertex -1.3731 -3.86164 31.7269
      vertex -1.569 -3.78791 27
      vertex -1.38802 -3.85602 31.8173
    endloop
  endfacet
  facet normal 0.352254 0.935905 -1.32522e-06
    outer loop
      vertex -1.38802 -3.85602 31.8173
      vertex -1.569 -3.78791 27
      vertex -1.397 -3.85264 31.9084
    endloop
  endfacet
  facet normal 0.352216 0.935919 0
    outer loop
      vertex -1.4 -3.85151 32
      vertex -1.569 -3.78791 27
      vertex -1.569 -3.78791 37
    endloop
  endfacet
  facet normal -0.849219 -0.528041 0
    outer loop
      vertex 3.5507 2.05 27
      vertex 3.40903 2.27784 37
      vertex 3.40903 2.27784 27
    endloop
  endfacet
  facet normal -0.849219 -0.528041 0
    outer loop
      vertex 3.40903 2.27784 37
      vertex 3.5507 2.05 27
      vertex 3.5507 2.05 37
    endloop
  endfacet
  facet normal 0.0327463 0.999464 -0
    outer loop
      vertex 0 -4.1 27
      vertex -0.0915642 -4.097 30.603
      vertex 0 -4.1 30.6
    endloop
  endfacet
  facet normal 0.0327251 0.999464 -5.40334e-07
    outer loop
      vertex -0.268152 -4.09122 27
      vertex -0.0915642 -4.097 30.603
      vertex 0 -4.1 27
    endloop
  endfacet
  facet normal 0.0326683 0.999466 2.24479e-06
    outer loop
      vertex -0.0915642 -4.097 30.603
      vertex -0.268152 -4.09122 27
      vertex -0.182736 -4.09402 30.612
    endloop
  endfacet
  facet normal 0.0327631 0.999463 0
    outer loop
      vertex -0.182736 -4.09402 30.612
      vertex -0.268152 -4.09122 27
      vertex -0.268152 -4.09122 30.6261
    endloop
  endfacet
  facet normal 0.0327463 0.999464 0
    outer loop
      vertex -0.0915642 -4.097 33.397
      vertex 0 -4.1 37
      vertex 0 -4.1 33.4
    endloop
  endfacet
  facet normal 0.0327251 0.999464 5.40334e-07
    outer loop
      vertex 0 -4.1 37
      vertex -0.0915642 -4.097 33.397
      vertex -0.268152 -4.09122 37
    endloop
  endfacet
  facet normal 0.0326683 0.999466 -2.24479e-06
    outer loop
      vertex -0.182736 -4.09402 33.388
      vertex -0.268152 -4.09122 37
      vertex -0.0915642 -4.097 33.397
    endloop
  endfacet
  facet normal 0.0327631 0.999463 0
    outer loop
      vertex -0.268152 -4.09122 37
      vertex -0.182736 -4.09402 33.388
      vertex -0.268152 -4.09122 33.3739
    endloop
  endfacet
  facet normal 0.227061 0.973881 0
    outer loop
      vertex -1.06116 -3.9603 27
      vertex -0.79987 -4.02122 30.8518
      vertex -0.79987 -4.02122 27
    endloop
  endfacet
  facet normal 0.227129 0.973865 -4.88006e-06
    outer loop
      vertex -0.79987 -4.02122 30.8518
      vertex -1.06116 -3.9603 27
      vertex -0.852265 -4.009 30.8893
    endloop
  endfacet
  facet normal 0.227044 0.973884 -6.72242e-08
    outer loop
      vertex -0.852265 -4.009 30.8893
      vertex -1.06116 -3.9603 27
      vertex -0.923083 -3.99249 30.9474
    endloop
  endfacet
  facet normal 0.227062 0.97388 -7.28435e-07
    outer loop
      vertex -0.923083 -3.99249 30.9474
      vertex -1.06116 -3.9603 27
      vertex -0.989949 -3.9769 31.01
    endloop
  endfacet
  facet normal 0.227025 0.973889 -2.28332e-08
    outer loop
      vertex -0.989949 -3.9769 31.01
      vertex -1.06116 -3.9603 27
      vertex -1.05258 -3.9623 31.0769
    endloop
  endfacet
  facet normal 0.227014 0.973891 0
    outer loop
      vertex -1.05258 -3.9623 31.0769
      vertex -1.06116 -3.9603 27
      vertex -1.06116 -3.9603 31.0874
    endloop
  endfacet
  facet normal 0.227061 0.973881 -0
    outer loop
      vertex -0.79987 -4.02122 33.1482
      vertex -1.06116 -3.9603 37
      vertex -0.79987 -4.02122 37
    endloop
  endfacet
  facet normal 0.227129 0.973865 4.88006e-06
    outer loop
      vertex -0.852265 -4.009 33.1107
      vertex -1.06116 -3.9603 37
      vertex -0.79987 -4.02122 33.1482
    endloop
  endfacet
  facet normal 0.227044 0.973884 6.72242e-08
    outer loop
      vertex -0.923083 -3.99249 33.0526
      vertex -1.06116 -3.9603 37
      vertex -0.852265 -4.009 33.1107
    endloop
  endfacet
  facet normal 0.227062 0.97388 7.28398e-07
    outer loop
      vertex -0.989949 -3.9769 32.9899
      vertex -1.06116 -3.9603 37
      vertex -0.923083 -3.99249 33.0526
    endloop
  endfacet
  facet normal 0.227025 0.973889 2.28332e-08
    outer loop
      vertex -1.05258 -3.9623 32.9231
      vertex -1.06116 -3.9603 37
      vertex -0.989949 -3.9769 32.9899
    endloop
  endfacet
  facet normal 0.227014 0.973891 0
    outer loop
      vertex -1.06116 -3.9603 37
      vertex -1.05258 -3.9623 32.9231
      vertex -1.06116 -3.9603 32.9126
    endloop
  endfacet
  facet normal -0.352226 -0.935915 0
    outer loop
      vertex 1.3179 3.88241 27
      vertex 1.569 3.78791 37
      vertex 1.3179 3.88241 37
    endloop
  endfacet
  facet normal -0.352226 -0.935915 -0
    outer loop
      vertex 1.569 3.78791 37
      vertex 1.3179 3.88241 27
      vertex 1.569 3.78791 27
    endloop
  endfacet
  facet normal 0.16288 0.986646 0
    outer loop
      vertex -0.79987 -4.02122 27
      vertex -0.535157 -4.06492 30.7063
      vertex -0.535157 -4.06492 27
    endloop
  endfacet
  facet normal 0.164604 0.98636 -0.00012654
    outer loop
      vertex -0.535157 -4.06492 30.7063
      vertex -0.79987 -4.02122 27
      vertex -0.535756 -4.06482 30.7066
    endloop
  endfacet
  facet normal 0.162813 0.986657 4.58274e-06
    outer loop
      vertex -0.535756 -4.06482 30.7066
      vertex -0.79987 -4.02122 27
      vertex -0.619204 -4.05105 30.7444
    endloop
  endfacet
  facet normal 0.162902 0.986642 1.91518e-07
    outer loop
      vertex -0.619204 -4.05105 30.7444
      vertex -0.79987 -4.02122 27
      vertex -0.7 -4.03771 30.7876
    endloop
  endfacet
  facet normal 0.162962 0.986632 -1.4511e-06
    outer loop
      vertex -0.7 -4.03771 30.7876
      vertex -0.79987 -4.02122 27
      vertex -0.777798 -4.02486 30.8359
    endloop
  endfacet
  facet normal 0.162717 0.986673 0
    outer loop
      vertex -0.777798 -4.02486 30.8359
      vertex -0.79987 -4.02122 27
      vertex -0.79987 -4.02122 30.8518
    endloop
  endfacet
  facet normal 0.16288 0.986646 -0
    outer loop
      vertex -0.535157 -4.06492 33.2937
      vertex -0.79987 -4.02122 37
      vertex -0.535157 -4.06492 37
    endloop
  endfacet
  facet normal 0.164604 0.98636 0.00012654
    outer loop
      vertex -0.535756 -4.06482 33.2934
      vertex -0.79987 -4.02122 37
      vertex -0.535157 -4.06492 33.2937
    endloop
  endfacet
  facet normal 0.162813 0.986657 -4.58274e-06
    outer loop
      vertex -0.619204 -4.05105 33.2556
      vertex -0.79987 -4.02122 37
      vertex -0.535756 -4.06482 33.2934
    endloop
  endfacet
  facet normal 0.162902 0.986642 -1.91518e-07
    outer loop
      vertex -0.7 -4.03771 33.2124
      vertex -0.79987 -4.02122 37
      vertex -0.619204 -4.05105 33.2556
    endloop
  endfacet
  facet normal 0.162962 0.986632 1.4511e-06
    outer loop
      vertex -0.777798 -4.02486 33.1641
      vertex -0.79987 -4.02122 37
      vertex -0.7 -4.03771 33.2124
    endloop
  endfacet
  facet normal 0.162717 0.986673 0
    outer loop
      vertex -0.79987 -4.02122 37
      vertex -0.777798 -4.02486 33.1641
      vertex -0.79987 -4.02122 33.1482
    endloop
  endfacet
  facet normal 0.956931 0.290315 0
    outer loop
      vertex -3.88241 -1.3179 37
      vertex -3.9603 -1.06116 27
      vertex -3.9603 -1.06116 37
    endloop
  endfacet
  facet normal 0.956931 0.290315 0
    outer loop
      vertex -3.9603 -1.06116 27
      vertex -3.88241 -1.3179 37
      vertex -3.88241 -1.3179 27
    endloop
  endfacet
  facet normal -0.471408 -0.881915 0
    outer loop
      vertex 1.81338 3.67718 27
      vertex 2.05 3.5507 37
      vertex 1.81338 3.67718 37
    endloop
  endfacet
  facet normal -0.471408 -0.881915 -0
    outer loop
      vertex 2.05 3.5507 37
      vertex 1.81338 3.67718 27
      vertex 2.05 3.5507 27
    endloop
  endfacet
  facet normal -0.0327631 0.999463 0
    outer loop
      vertex 0.268152 -4.09122 27
      vertex 0.182736 -4.09402 30.612
      vertex 0.268152 -4.09122 30.6261
    endloop
  endfacet
  facet normal -0.0326683 0.999466 2.24479e-06
    outer loop
      vertex 0.268152 -4.09122 27
      vertex 0.0915642 -4.097 30.603
      vertex 0.182736 -4.09402 30.612
    endloop
  endfacet
  facet normal -0.0327251 0.999464 -5.40334e-07
    outer loop
      vertex 0 -4.1 27
      vertex 0.0915642 -4.097 30.603
      vertex 0.268152 -4.09122 27
    endloop
  endfacet
  facet normal -0.0327463 0.999464 0
    outer loop
      vertex 0.0915642 -4.097 30.603
      vertex 0 -4.1 27
      vertex 0 -4.1 30.6
    endloop
  endfacet
  facet normal -0.0327251 0.999464 5.40334e-07
    outer loop
      vertex 0.0915642 -4.097 33.397
      vertex 0 -4.1 37
      vertex 0.268152 -4.09122 37
    endloop
  endfacet
  facet normal -0.0327463 0.999464 0
    outer loop
      vertex 0 -4.1 37
      vertex 0.0915642 -4.097 33.397
      vertex 0 -4.1 33.4
    endloop
  endfacet
  facet normal -0.0326683 0.999466 -2.24479e-06
    outer loop
      vertex 0.268152 -4.09122 37
      vertex 0.182736 -4.09402 33.388
      vertex 0.0915642 -4.097 33.397
    endloop
  endfacet
  facet normal -0.0327631 0.999463 0
    outer loop
      vertex 0.182736 -4.09402 33.388
      vertex 0.268152 -4.09122 37
      vertex 0.268152 -4.09122 33.3739
    endloop
  endfacet
  facet normal -0.0980663 0.99518 0
    outer loop
      vertex 0.535157 -4.06492 27
      vertex 0.450015 -4.07331 30.6743
      vertex 0.535157 -4.06492 30.7063
    endloop
  endfacet
  facet normal -0.0979667 0.99519 2.32875e-06
    outer loop
      vertex 0.535157 -4.06492 27
      vertex 0.362347 -4.08194 30.6477
      vertex 0.450015 -4.07331 30.6743
    endloop
  endfacet
  facet normal -0.0980444 0.995182 -1.38665e-06
    outer loop
      vertex 0.535157 -4.06492 27
      vertex 0.273126 -4.09073 30.6269
      vertex 0.362347 -4.08194 30.6477
    endloop
  endfacet
  facet normal -0.0980376 0.995183 -8.8613e-07
    outer loop
      vertex 0.535157 -4.06492 27
      vertex 0.268152 -4.09122 30.6261
      vertex 0.273126 -4.09073 30.6269
    endloop
  endfacet
  facet normal -0.0980256 0.995184 0
    outer loop
      vertex 0.268152 -4.09122 30.6261
      vertex 0.535157 -4.06492 27
      vertex 0.268152 -4.09122 27
    endloop
  endfacet
  facet normal -0.0980256 0.995184 0
    outer loop
      vertex 0.535157 -4.06492 37
      vertex 0.268152 -4.09122 33.3739
      vertex 0.268152 -4.09122 37
    endloop
  endfacet
  facet normal -0.0980376 0.995183 8.8613e-07
    outer loop
      vertex 0.535157 -4.06492 37
      vertex 0.273126 -4.09073 33.3731
      vertex 0.268152 -4.09122 33.3739
    endloop
  endfacet
  facet normal -0.0980444 0.995182 1.38665e-06
    outer loop
      vertex 0.535157 -4.06492 37
      vertex 0.362347 -4.08194 33.3523
      vertex 0.273126 -4.09073 33.3731
    endloop
  endfacet
  facet normal -0.0979667 0.99519 -2.32875e-06
    outer loop
      vertex 0.535157 -4.06492 37
      vertex 0.450015 -4.07331 33.3257
      vertex 0.362347 -4.08194 33.3523
    endloop
  endfacet
  facet normal -0.0980663 0.99518 0
    outer loop
      vertex 0.450015 -4.07331 33.3257
      vertex 0.535157 -4.06492 37
      vertex 0.535157 -4.06492 33.2937
    endloop
  endfacet
  facet normal 0.0980256 -0.995184 0
    outer loop
      vertex -0.535157 4.06492 27
      vertex -0.268152 4.09122 37
      vertex -0.535157 4.06492 37
    endloop
  endfacet
  facet normal 0.0980256 -0.995184 0
    outer loop
      vertex -0.268152 4.09122 37
      vertex -0.535157 4.06492 27
      vertex -0.268152 4.09122 27
    endloop
  endfacet
  facet normal -0.812836 -0.582493 0
    outer loop
      vertex 3.40903 2.27784 27
      vertex 3.25275 2.49592 37
      vertex 3.25275 2.49592 27
    endloop
  endfacet
  facet normal -0.812836 -0.582493 0
    outer loop
      vertex 3.25275 2.49592 37
      vertex 3.40903 2.27784 27
      vertex 3.40903 2.27784 37
    endloop
  endfacet
  facet normal -0.999464 0.0327251 0
    outer loop
      vertex 4.09122 -0.268152 27
      vertex 4.1 0 37
      vertex 4.1 0 27
    endloop
  endfacet
  facet normal -0.999464 0.0327251 0
    outer loop
      vertex 4.1 0 37
      vertex 4.09122 -0.268152 27
      vertex 4.09122 -0.268152 37
    endloop
  endfacet
  facet normal 0.0327251 -0.999464 0
    outer loop
      vertex -0.268152 4.09122 27
      vertex 0 4.1 37
      vertex -0.268152 4.09122 37
    endloop
  endfacet
  facet normal 0.0327251 -0.999464 0
    outer loop
      vertex 0 4.1 37
      vertex -0.268152 4.09122 27
      vertex 0 4.1 27
    endloop
  endfacet
  facet normal -0.290539 0.956863 0
    outer loop
      vertex 1.3179 -3.88241 27
      vertex 1.29343 -3.88984 31.4642
      vertex 1.3179 -3.88241 31.5293
    endloop
  endfacet
  facet normal -0.290298 0.956936 1.44186e-06
    outer loop
      vertex 1.3179 -3.88241 27
      vertex 1.25562 -3.90131 31.3808
      vertex 1.29343 -3.88984 31.4642
    endloop
  endfacet
  facet normal -0.290257 0.956949 2.08398e-06
    outer loop
      vertex 1.3179 -3.88241 27
      vertex 1.21243 -3.91441 31.3
      vertex 1.25562 -3.90131 31.3808
    endloop
  endfacet
  facet normal -0.290236 0.956955 2.6341e-06
    outer loop
      vertex 1.3179 -3.88241 27
      vertex 1.16406 -3.92908 31.2222
      vertex 1.21243 -3.91441 31.3
    endloop
  endfacet
  facet normal -0.290292 0.956938 4.37654e-07
    outer loop
      vertex 1.3179 -3.88241 27
      vertex 1.11069 -3.94527 31.1477
      vertex 1.16406 -3.92908 31.2222
    endloop
  endfacet
  facet normal -0.290373 0.956914 -3.99793e-06
    outer loop
      vertex 1.3179 -3.88241 27
      vertex 1.06116 -3.9603 31.0874
      vertex 1.11069 -3.94527 31.1477
    endloop
  endfacet
  facet normal -0.290315 0.956931 0
    outer loop
      vertex 1.06116 -3.9603 31.0874
      vertex 1.3179 -3.88241 27
      vertex 1.06116 -3.9603 27
    endloop
  endfacet
  facet normal -0.290315 0.956931 0
    outer loop
      vertex 1.3179 -3.88241 37
      vertex 1.06116 -3.9603 32.9126
      vertex 1.06116 -3.9603 37
    endloop
  endfacet
  facet normal -0.290373 0.956914 3.99793e-06
    outer loop
      vertex 1.3179 -3.88241 37
      vertex 1.11069 -3.94527 32.8523
      vertex 1.06116 -3.9603 32.9126
    endloop
  endfacet
  facet normal -0.290292 0.956938 -4.37654e-07
    outer loop
      vertex 1.3179 -3.88241 37
      vertex 1.16406 -3.92908 32.7778
      vertex 1.11069 -3.94527 32.8523
    endloop
  endfacet
  facet normal -0.290236 0.956955 -2.6341e-06
    outer loop
      vertex 1.3179 -3.88241 37
      vertex 1.21243 -3.91441 32.7
      vertex 1.16406 -3.92908 32.7778
    endloop
  endfacet
  facet normal -0.290257 0.956949 -2.08398e-06
    outer loop
      vertex 1.3179 -3.88241 37
      vertex 1.25562 -3.90131 32.6192
      vertex 1.21243 -3.91441 32.7
    endloop
  endfacet
  facet normal -0.290298 0.956936 -1.44186e-06
    outer loop
      vertex 1.3179 -3.88241 37
      vertex 1.29343 -3.88984 32.5358
      vertex 1.25562 -3.90131 32.6192
    endloop
  endfacet
  facet normal -0.290539 0.956863 0
    outer loop
      vertex 1.29343 -3.88984 32.5358
      vertex 1.3179 -3.88241 37
      vertex 1.3179 -3.88241 32.4707
    endloop
  endfacet
  facet normal 0.881915 0.471408 0
    outer loop
      vertex -3.5507 -2.05 37
      vertex -3.67718 -1.81338 27
      vertex -3.67718 -1.81338 37
    endloop
  endfacet
  facet normal 0.881915 0.471408 0
    outer loop
      vertex -3.67718 -1.81338 27
      vertex -3.5507 -2.05 37
      vertex -3.5507 -2.05 27
    endloop
  endfacet
  facet normal 0.773008 0.634396 0
    outer loop
      vertex -3.08254 -2.70332 37
      vertex -3.25275 -2.49592 27
      vertex -3.25275 -2.49592 37
    endloop
  endfacet
  facet normal 0.773008 0.634396 0
    outer loop
      vertex -3.25275 -2.49592 27
      vertex -3.08254 -2.70332 37
      vertex -3.08254 -2.70332 27
    endloop
  endfacet
  facet normal -0.881915 -0.471408 0
    outer loop
      vertex 3.67718 1.81338 27
      vertex 3.5507 2.05 37
      vertex 3.5507 2.05 27
    endloop
  endfacet
  facet normal -0.881915 -0.471408 0
    outer loop
      vertex 3.5507 2.05 37
      vertex 3.67718 1.81338 27
      vertex 3.67718 1.81338 37
    endloop
  endfacet
  facet normal 0.528041 -0.849219 0
    outer loop
      vertex -2.27784 3.40903 27
      vertex -2.05 3.5507 37
      vertex -2.27784 3.40903 37
    endloop
  endfacet
  facet normal 0.528041 -0.849219 0
    outer loop
      vertex -2.05 3.5507 37
      vertex -2.27784 3.40903 27
      vertex -2.05 3.5507 27
    endloop
  endfacet
  facet normal 0.986646 -0.16288 0
    outer loop
      vertex -4.06492 0.535157 37
      vertex -4.02122 0.79987 27
      vertex -4.02122 0.79987 37
    endloop
  endfacet
  facet normal 0.986646 -0.16288 0
    outer loop
      vertex -4.02122 0.79987 27
      vertex -4.06492 0.535157 37
      vertex -4.06492 0.535157 27
    endloop
  endfacet
  facet normal 0.634396 0.773008 -0
    outer loop
      vertex -2.49592 -3.25275 27
      vertex -2.70332 -3.08254 37
      vertex -2.49592 -3.25275 37
    endloop
  endfacet
  facet normal 0.634396 0.773008 0
    outer loop
      vertex -2.70332 -3.08254 37
      vertex -2.49592 -3.25275 27
      vertex -2.70332 -3.08254 27
    endloop
  endfacet
  facet normal 0.683581 -0.729874 0
    outer loop
      vertex -2.89914 2.89914 27
      vertex -2.70332 3.08254 37
      vertex -2.89914 2.89914 37
    endloop
  endfacet
  facet normal 0.683581 -0.729874 0
    outer loop
      vertex -2.70332 3.08254 37
      vertex -2.89914 2.89914 27
      vertex -2.70332 3.08254 27
    endloop
  endfacet
  facet normal -0.881915 0.471408 0
    outer loop
      vertex 3.5507 -2.05 27
      vertex 3.67718 -1.81338 37
      vertex 3.67718 -1.81338 27
    endloop
  endfacet
  facet normal -0.881915 0.471408 0
    outer loop
      vertex 3.67718 -1.81338 37
      vertex 3.5507 -2.05 27
      vertex 3.5507 -2.05 37
    endloop
  endfacet
  facet normal -0.227061 -0.973881 0
    outer loop
      vertex 0.79987 4.02122 27
      vertex 1.06116 3.9603 37
      vertex 0.79987 4.02122 37
    endloop
  endfacet
  facet normal -0.227061 -0.973881 -0
    outer loop
      vertex 1.06116 3.9603 37
      vertex 0.79987 4.02122 27
      vertex 1.06116 3.9603 27
    endloop
  endfacet
  facet normal 0.995184 0.0980256 0
    outer loop
      vertex -4.06492 -0.535157 37
      vertex -4.09122 -0.268152 27
      vertex -4.09122 -0.268152 37
    endloop
  endfacet
  facet normal 0.995184 0.0980256 0
    outer loop
      vertex -4.09122 -0.268152 27
      vertex -4.06492 -0.535157 37
      vertex -4.06492 -0.535157 27
    endloop
  endfacet
  facet normal -0.773008 -0.634396 0
    outer loop
      vertex 3.25275 2.49592 27
      vertex 3.08254 2.70332 37
      vertex 3.08254 2.70332 27
    endloop
  endfacet
  facet normal -0.773008 -0.634396 0
    outer loop
      vertex 3.08254 2.70332 37
      vertex 3.25275 2.49592 27
      vertex 3.25275 2.49592 37
    endloop
  endfacet
  facet normal -0.471408 0.881915 0
    outer loop
      vertex 2.05 -3.5507 27
      vertex 1.81338 -3.67718 37
      vertex 2.05 -3.5507 37
    endloop
  endfacet
  facet normal -0.471408 0.881915 0
    outer loop
      vertex 1.81338 -3.67718 37
      vertex 2.05 -3.5507 27
      vertex 1.81338 -3.67718 27
    endloop
  endfacet
  facet normal 0.582493 0.812836 -0
    outer loop
      vertex -2.27784 -3.40903 27
      vertex -2.49592 -3.25275 37
      vertex -2.27784 -3.40903 37
    endloop
  endfacet
  facet normal 0.582493 0.812836 0
    outer loop
      vertex -2.49592 -3.25275 37
      vertex -2.27784 -3.40903 27
      vertex -2.49592 -3.25275 27
    endloop
  endfacet
  facet normal 0.729874 -0.683581 0
    outer loop
      vertex -3.08254 2.70332 37
      vertex -2.89914 2.89914 27
      vertex -2.89914 2.89914 37
    endloop
  endfacet
  facet normal 0.729874 -0.683581 0
    outer loop
      vertex -2.89914 2.89914 27
      vertex -3.08254 2.70332 37
      vertex -3.08254 2.70332 27
    endloop
  endfacet
  facet normal -0.683581 0.729874 0
    outer loop
      vertex 2.89914 -2.89914 27
      vertex 2.70332 -3.08254 37
      vertex 2.89914 -2.89914 37
    endloop
  endfacet
  facet normal -0.683581 0.729874 0
    outer loop
      vertex 2.70332 -3.08254 37
      vertex 2.89914 -2.89914 27
      vertex 2.70332 -3.08254 27
    endloop
  endfacet
  facet normal 0.999464 0.0327251 0
    outer loop
      vertex -4.09122 -0.268152 37
      vertex -4.1 0 27
      vertex -4.1 0 37
    endloop
  endfacet
  facet normal 0.999464 0.0327251 0
    outer loop
      vertex -4.1 0 27
      vertex -4.09122 -0.268152 37
      vertex -4.09122 -0.268152 27
    endloop
  endfacet
  facet normal -0.582493 0.812836 0
    outer loop
      vertex 2.49592 -3.25275 27
      vertex 2.27784 -3.40903 37
      vertex 2.49592 -3.25275 37
    endloop
  endfacet
  facet normal -0.582493 0.812836 0
    outer loop
      vertex 2.27784 -3.40903 37
      vertex 2.49592 -3.25275 27
      vertex 2.27784 -3.40903 27
    endloop
  endfacet
  facet normal -0.729874 -0.683581 0
    outer loop
      vertex 3.08254 2.70332 27
      vertex 2.89914 2.89914 37
      vertex 2.89914 2.89914 27
    endloop
  endfacet
  facet normal -0.729874 -0.683581 0
    outer loop
      vertex 2.89914 2.89914 37
      vertex 3.08254 2.70332 27
      vertex 3.08254 2.70332 37
    endloop
  endfacet
  facet normal 0.935915 0.352226 0
    outer loop
      vertex -3.78791 -1.569 37
      vertex -3.88241 -1.3179 27
      vertex -3.88241 -1.3179 37
    endloop
  endfacet
  facet normal 0.935915 0.352226 0
    outer loop
      vertex -3.88241 -1.3179 27
      vertex -3.78791 -1.569 37
      vertex -3.78791 -1.569 27
    endloop
  endfacet
  facet normal -0.986646 0.16288 0
    outer loop
      vertex 4.02122 -0.79987 27
      vertex 4.06492 -0.535157 37
      vertex 4.06492 -0.535157 27
    endloop
  endfacet
  facet normal -0.986646 0.16288 0
    outer loop
      vertex 4.06492 -0.535157 37
      vertex 4.02122 -0.79987 27
      vertex 4.02122 -0.79987 37
    endloop
  endfacet
  facet normal -0.290315 -0.956931 0
    outer loop
      vertex 1.06116 3.9603 27
      vertex 1.3179 3.88241 37
      vertex 1.06116 3.9603 37
    endloop
  endfacet
  facet normal -0.290315 -0.956931 -0
    outer loop
      vertex 1.3179 3.88241 37
      vertex 1.06116 3.9603 27
      vertex 1.3179 3.88241 27
    endloop
  endfacet
  facet normal 0.773008 -0.634396 0
    outer loop
      vertex -3.25275 2.49592 37
      vertex -3.08254 2.70332 27
      vertex -3.08254 2.70332 37
    endloop
  endfacet
  facet normal 0.773008 -0.634396 0
    outer loop
      vertex -3.08254 2.70332 27
      vertex -3.25275 2.49592 37
      vertex -3.25275 2.49592 27
    endloop
  endfacet
  facet normal 0.999464 -0.0327251 0
    outer loop
      vertex -4.1 0 37
      vertex -4.09122 0.268152 27
      vertex -4.09122 0.268152 37
    endloop
  endfacet
  facet normal 0.999464 -0.0327251 0
    outer loop
      vertex -4.09122 0.268152 27
      vertex -4.1 0 37
      vertex -4.1 0 27
    endloop
  endfacet
  facet normal 0.935915 -0.352226 0
    outer loop
      vertex -3.88241 1.3179 37
      vertex -3.78791 1.569 27
      vertex -3.78791 1.569 37
    endloop
  endfacet
  facet normal 0.935915 -0.352226 0
    outer loop
      vertex -3.78791 1.569 27
      vertex -3.88241 1.3179 37
      vertex -3.88241 1.3179 27
    endloop
  endfacet
  facet normal -0.634396 0.773008 0
    outer loop
      vertex 2.70332 -3.08254 27
      vertex 2.49592 -3.25275 37
      vertex 2.70332 -3.08254 37
    endloop
  endfacet
  facet normal -0.634396 0.773008 0
    outer loop
      vertex 2.49592 -3.25275 37
      vertex 2.70332 -3.08254 27
      vertex 2.49592 -3.25275 27
    endloop
  endfacet
  facet normal 0.683581 0.729874 -0
    outer loop
      vertex -2.70332 -3.08254 27
      vertex -2.89914 -2.89914 37
      vertex -2.70332 -3.08254 37
    endloop
  endfacet
  facet normal 0.683581 0.729874 0
    outer loop
      vertex -2.89914 -2.89914 37
      vertex -2.70332 -3.08254 27
      vertex -2.89914 -2.89914 27
    endloop
  endfacet
  facet normal 0.290315 0.956931 0
    outer loop
      vertex -1.3179 -3.88241 27
      vertex -1.06116 -3.9603 31.0874
      vertex -1.06116 -3.9603 27
    endloop
  endfacet
  facet normal 0.290373 0.956914 -3.99793e-06
    outer loop
      vertex -1.06116 -3.9603 31.0874
      vertex -1.3179 -3.88241 27
      vertex -1.11069 -3.94527 31.1477
    endloop
  endfacet
  facet normal 0.290292 0.956938 4.37654e-07
    outer loop
      vertex -1.11069 -3.94527 31.1477
      vertex -1.3179 -3.88241 27
      vertex -1.16406 -3.92908 31.2222
    endloop
  endfacet
  facet normal 0.290236 0.956955 2.6341e-06
    outer loop
      vertex -1.16406 -3.92908 31.2222
      vertex -1.3179 -3.88241 27
      vertex -1.21243 -3.91441 31.3
    endloop
  endfacet
  facet normal 0.290257 0.956949 2.08398e-06
    outer loop
      vertex -1.21243 -3.91441 31.3
      vertex -1.3179 -3.88241 27
      vertex -1.25562 -3.90131 31.3808
    endloop
  endfacet
  facet normal 0.290298 0.956936 1.44186e-06
    outer loop
      vertex -1.25562 -3.90131 31.3808
      vertex -1.3179 -3.88241 27
      vertex -1.29343 -3.88984 31.4642
    endloop
  endfacet
  facet normal 0.290539 0.956863 0
    outer loop
      vertex -1.29343 -3.88984 31.4642
      vertex -1.3179 -3.88241 27
      vertex -1.3179 -3.88241 31.5293
    endloop
  endfacet
  facet normal 0.290315 0.956931 -0
    outer loop
      vertex -1.06116 -3.9603 32.9126
      vertex -1.3179 -3.88241 37
      vertex -1.06116 -3.9603 37
    endloop
  endfacet
  facet normal 0.290373 0.956914 3.99793e-06
    outer loop
      vertex -1.11069 -3.94527 32.8523
      vertex -1.3179 -3.88241 37
      vertex -1.06116 -3.9603 32.9126
    endloop
  endfacet
  facet normal 0.290292 0.956938 -4.37654e-07
    outer loop
      vertex -1.16406 -3.92908 32.7778
      vertex -1.3179 -3.88241 37
      vertex -1.11069 -3.94527 32.8523
    endloop
  endfacet
  facet normal 0.290236 0.956955 -2.6341e-06
    outer loop
      vertex -1.21243 -3.91441 32.7
      vertex -1.3179 -3.88241 37
      vertex -1.16406 -3.92908 32.7778
    endloop
  endfacet
  facet normal 0.290257 0.956949 -2.08398e-06
    outer loop
      vertex -1.25562 -3.90131 32.6192
      vertex -1.3179 -3.88241 37
      vertex -1.21243 -3.91441 32.7
    endloop
  endfacet
  facet normal 0.290298 0.956936 -1.44186e-06
    outer loop
      vertex -1.29343 -3.88984 32.5358
      vertex -1.3179 -3.88241 37
      vertex -1.25562 -3.90131 32.6192
    endloop
  endfacet
  facet normal 0.290539 0.956863 0
    outer loop
      vertex -1.3179 -3.88241 37
      vertex -1.29343 -3.88984 32.5358
      vertex -1.3179 -3.88241 32.4707
    endloop
  endfacet
  facet normal 0.528041 0.849219 -0
    outer loop
      vertex -2.05 -3.5507 27
      vertex -2.27784 -3.40903 37
      vertex -2.05 -3.5507 37
    endloop
  endfacet
  facet normal 0.528041 0.849219 0
    outer loop
      vertex -2.27784 -3.40903 37
      vertex -2.05 -3.5507 27
      vertex -2.27784 -3.40903 27
    endloop
  endfacet
  facet normal 0.471408 0.881915 -0
    outer loop
      vertex -1.81338 -3.67718 27
      vertex -2.05 -3.5507 37
      vertex -1.81338 -3.67718 37
    endloop
  endfacet
  facet normal 0.471408 0.881915 0
    outer loop
      vertex -2.05 -3.5507 37
      vertex -1.81338 -3.67718 27
      vertex -2.05 -3.5507 27
    endloop
  endfacet
  facet normal 0.412716 0.91086 -0
    outer loop
      vertex -1.569 -3.78791 27
      vertex -1.81338 -3.67718 37
      vertex -1.569 -3.78791 37
    endloop
  endfacet
  facet normal 0.412716 0.91086 0
    outer loop
      vertex -1.81338 -3.67718 37
      vertex -1.569 -3.78791 27
      vertex -1.81338 -3.67718 27
    endloop
  endfacet
  facet normal 0 0 1
    outer loop
      vertex 4.09122 0.268152 27
      vertex 4.09122 -0.268152 27
      vertex 4.1 0 27
    endloop
  endfacet
  facet normal 0 0 1
    outer loop
      vertex 4.06492 0.535157 27
      vertex 4.09122 -0.268152 27
      vertex 4.09122 0.268152 27
    endloop
  endfacet
  facet normal 0 0 1
    outer loop
      vertex 4.06492 0.535157 27
      vertex 4.06492 -0.535157 27
      vertex 4.09122 -0.268152 27
    endloop
  endfacet
  facet normal 0 0 1
    outer loop
      vertex 4.02122 0.79987 27
      vertex 4.06492 -0.535157 27
      vertex 4.06492 0.535157 27
    endloop
  endfacet
  facet normal 0 0 1
    outer loop
      vertex 4.02122 0.79987 27
      vertex 4.02122 -0.79987 27
      vertex 4.06492 -0.535157 27
    endloop
  endfacet
  facet normal 0 0 1
    outer loop
      vertex 3.9603 1.06116 27
      vertex 4.02122 -0.79987 27
      vertex 4.02122 0.79987 27
    endloop
  endfacet
  facet normal 0 0 1
    outer loop
      vertex 3.9603 1.06116 27
      vertex 3.9603 -1.06116 27
      vertex 4.02122 -0.79987 27
    endloop
  endfacet
  facet normal 0 0 1
    outer loop
      vertex 3.88241 1.3179 27
      vertex 3.9603 -1.06116 27
      vertex 3.9603 1.06116 27
    endloop
  endfacet
  facet normal 0 0 1
    outer loop
      vertex 3.88241 1.3179 27
      vertex 3.88241 -1.3179 27
      vertex 3.9603 -1.06116 27
    endloop
  endfacet
  facet normal 0 0 1
    outer loop
      vertex 3.78791 1.569 27
      vertex 3.88241 -1.3179 27
      vertex 3.88241 1.3179 27
    endloop
  endfacet
  facet normal 0 0 1
    outer loop
      vertex 3.78791 1.569 27
      vertex 3.78791 -1.569 27
      vertex 3.88241 -1.3179 27
    endloop
  endfacet
  facet normal 0 0 1
    outer loop
      vertex 3.67718 1.81338 27
      vertex 3.78791 -1.569 27
      vertex 3.78791 1.569 27
    endloop
  endfacet
  facet normal 0 0 1
    outer loop
      vertex 3.67718 1.81338 27
      vertex 3.67718 -1.81338 27
      vertex 3.78791 -1.569 27
    endloop
  endfacet
  facet normal 0 0 1
    outer loop
      vertex 3.5507 2.05 27
      vertex 3.67718 -1.81338 27
      vertex 3.67718 1.81338 27
    endloop
  endfacet
  facet normal 0 0 1
    outer loop
      vertex 3.5507 2.05 27
      vertex 3.5507 -2.05 27
      vertex 3.67718 -1.81338 27
    endloop
  endfacet
  facet normal 0 0 1
    outer loop
      vertex 3.40903 2.27784 27
      vertex 3.5507 -2.05 27
      vertex 3.5507 2.05 27
    endloop
  endfacet
  facet normal 0 0 1
    outer loop
      vertex 3.40903 2.27784 27
      vertex 3.40903 -2.27784 27
      vertex 3.5507 -2.05 27
    endloop
  endfacet
  facet normal 0 0 1
    outer loop
      vertex 3.25275 2.49592 27
      vertex 3.40903 -2.27784 27
      vertex 3.40903 2.27784 27
    endloop
  endfacet
  facet normal 0 0 1
    outer loop
      vertex 3.25275 2.49592 27
      vertex 3.25275 -2.49592 27
      vertex 3.40903 -2.27784 27
    endloop
  endfacet
  facet normal 0 0 1
    outer loop
      vertex 3.08254 2.70332 27
      vertex 3.25275 -2.49592 27
      vertex 3.25275 2.49592 27
    endloop
  endfacet
  facet normal 0 0 1
    outer loop
      vertex 3.08254 2.70332 27
      vertex 3.08254 -2.70332 27
      vertex 3.25275 -2.49592 27
    endloop
  endfacet
  facet normal 0 0 1
    outer loop
      vertex 2.89914 2.89914 27
      vertex 3.08254 -2.70332 27
      vertex 3.08254 2.70332 27
    endloop
  endfacet
  facet normal 0 0 1
    outer loop
      vertex 2.89914 2.89914 27
      vertex 2.89914 -2.89914 27
      vertex 3.08254 -2.70332 27
    endloop
  endfacet
  facet normal 0 0 1
    outer loop
      vertex 2.70332 3.08254 27
      vertex 2.89914 -2.89914 27
      vertex 2.89914 2.89914 27
    endloop
  endfacet
  facet normal 0 0 1
    outer loop
      vertex 2.70332 3.08254 27
      vertex 2.70332 -3.08254 27
      vertex 2.89914 -2.89914 27
    endloop
  endfacet
  facet normal 0 0 1
    outer loop
      vertex 2.49592 3.25275 27
      vertex 2.70332 -3.08254 27
      vertex 2.70332 3.08254 27
    endloop
  endfacet
  facet normal 0 0 1
    outer loop
      vertex 2.49592 3.25275 27
      vertex 2.49592 -3.25275 27
      vertex 2.70332 -3.08254 27
    endloop
  endfacet
  facet normal 0 0 1
    outer loop
      vertex 2.27784 3.40903 27
      vertex 2.49592 -3.25275 27
      vertex 2.49592 3.25275 27
    endloop
  endfacet
  facet normal 0 0 1
    outer loop
      vertex 2.27784 3.40903 27
      vertex 2.27784 -3.40903 27
      vertex 2.49592 -3.25275 27
    endloop
  endfacet
  facet normal 0 0 1
    outer loop
      vertex 2.05 3.5507 27
      vertex 2.27784 -3.40903 27
      vertex 2.27784 3.40903 27
    endloop
  endfacet
  facet normal 0 0 1
    outer loop
      vertex 2.05 3.5507 27
      vertex 2.05 -3.5507 27
      vertex 2.27784 -3.40903 27
    endloop
  endfacet
  facet normal 0 0 1
    outer loop
      vertex 1.81338 3.67718 27
      vertex 2.05 -3.5507 27
      vertex 2.05 3.5507 27
    endloop
  endfacet
  facet normal 0 0 1
    outer loop
      vertex 1.81338 3.67718 27
      vertex 1.81338 -3.67718 27
      vertex 2.05 -3.5507 27
    endloop
  endfacet
  facet normal 0 0 1
    outer loop
      vertex 1.569 3.78791 27
      vertex 1.81338 -3.67718 27
      vertex 1.81338 3.67718 27
    endloop
  endfacet
  facet normal 0 0 1
    outer loop
      vertex 1.569 3.78791 27
      vertex 1.569 -3.78791 27
      vertex 1.81338 -3.67718 27
    endloop
  endfacet
  facet normal 0 0 1
    outer loop
      vertex 1.3179 3.88241 27
      vertex 1.569 -3.78791 27
      vertex 1.569 3.78791 27
    endloop
  endfacet
  facet normal 0 0 1
    outer loop
      vertex 1.3179 3.88241 27
      vertex 1.3179 -3.88241 27
      vertex 1.569 -3.78791 27
    endloop
  endfacet
  facet normal 0 0 1
    outer loop
      vertex 1.06116 3.9603 27
      vertex 1.3179 -3.88241 27
      vertex 1.3179 3.88241 27
    endloop
  endfacet
  facet normal 0 0 1
    outer loop
      vertex 1.06116 3.9603 27
      vertex 1.06116 -3.9603 27
      vertex 1.3179 -3.88241 27
    endloop
  endfacet
  facet normal 0 0 1
    outer loop
      vertex 0.79987 4.02122 27
      vertex 1.06116 -3.9603 27
      vertex 1.06116 3.9603 27
    endloop
  endfacet
  facet normal 0 0 1
    outer loop
      vertex 0.79987 4.02122 27
      vertex 0.79987 -4.02122 27
      vertex 1.06116 -3.9603 27
    endloop
  endfacet
  facet normal 0 0 1
    outer loop
      vertex 0.535157 4.06492 27
      vertex 0.79987 -4.02122 27
      vertex 0.79987 4.02122 27
    endloop
  endfacet
  facet normal 0 0 1
    outer loop
      vertex 0.535157 4.06492 27
      vertex 0.535157 -4.06492 27
      vertex 0.79987 -4.02122 27
    endloop
  endfacet
  facet normal 0 0 1
    outer loop
      vertex 0.268152 4.09122 27
      vertex 0.535157 -4.06492 27
      vertex 0.535157 4.06492 27
    endloop
  endfacet
  facet normal 0 0 1
    outer loop
      vertex 0.268152 4.09122 27
      vertex 0.268152 -4.09122 27
      vertex 0.535157 -4.06492 27
    endloop
  endfacet
  facet normal 0 0 1
    outer loop
      vertex 0 4.1 27
      vertex 0.268152 -4.09122 27
      vertex 0.268152 4.09122 27
    endloop
  endfacet
  facet normal 0 0 1
    outer loop
      vertex 0 4.1 27
      vertex 0 -4.1 27
      vertex 0.268152 -4.09122 27
    endloop
  endfacet
  facet normal -0 0 1
    outer loop
      vertex -0.268152 4.09122 27
      vertex 0 -4.1 27
      vertex 0 4.1 27
    endloop
  endfacet
  facet normal 0 0 1
    outer loop
      vertex -0.268152 4.09122 27
      vertex -0.268152 -4.09122 27
      vertex 0 -4.1 27
    endloop
  endfacet
  facet normal -0 0 1
    outer loop
      vertex -0.535157 4.06492 27
      vertex -0.268152 -4.09122 27
      vertex -0.268152 4.09122 27
    endloop
  endfacet
  facet normal 0 0 1
    outer loop
      vertex -0.535157 4.06492 27
      vertex -0.535157 -4.06492 27
      vertex -0.268152 -4.09122 27
    endloop
  endfacet
  facet normal -0 0 1
    outer loop
      vertex -0.79987 4.02122 27
      vertex -0.535157 -4.06492 27
      vertex -0.535157 4.06492 27
    endloop
  endfacet
  facet normal 0 0 1
    outer loop
      vertex -0.79987 4.02122 27
      vertex -0.79987 -4.02122 27
      vertex -0.535157 -4.06492 27
    endloop
  endfacet
  facet normal -0 0 1
    outer loop
      vertex -1.06116 3.9603 27
      vertex -0.79987 -4.02122 27
      vertex -0.79987 4.02122 27
    endloop
  endfacet
  facet normal 0 0 1
    outer loop
      vertex -1.06116 3.9603 27
      vertex -1.06116 -3.9603 27
      vertex -0.79987 -4.02122 27
    endloop
  endfacet
  facet normal -0 0 1
    outer loop
      vertex -1.3179 3.88241 27
      vertex -1.06116 -3.9603 27
      vertex -1.06116 3.9603 27
    endloop
  endfacet
  facet normal 0 0 1
    outer loop
      vertex -1.3179 3.88241 27
      vertex -1.3179 -3.88241 27
      vertex -1.06116 -3.9603 27
    endloop
  endfacet
  facet normal -0 0 1
    outer loop
      vertex -1.569 3.78791 27
      vertex -1.3179 -3.88241 27
      vertex -1.3179 3.88241 27
    endloop
  endfacet
  facet normal 0 0 1
    outer loop
      vertex -1.569 3.78791 27
      vertex -1.569 -3.78791 27
      vertex -1.3179 -3.88241 27
    endloop
  endfacet
  facet normal -0 0 1
    outer loop
      vertex -1.81338 3.67718 27
      vertex -1.569 -3.78791 27
      vertex -1.569 3.78791 27
    endloop
  endfacet
  facet normal 0 0 1
    outer loop
      vertex -1.81338 3.67718 27
      vertex -1.81338 -3.67718 27
      vertex -1.569 -3.78791 27
    endloop
  endfacet
  facet normal -0 0 1
    outer loop
      vertex -2.05 3.5507 27
      vertex -1.81338 -3.67718 27
      vertex -1.81338 3.67718 27
    endloop
  endfacet
  facet normal 0 0 1
    outer loop
      vertex -2.05 3.5507 27
      vertex -2.05 -3.5507 27
      vertex -1.81338 -3.67718 27
    endloop
  endfacet
  facet normal -0 0 1
    outer loop
      vertex -2.27784 3.40903 27
      vertex -2.05 -3.5507 27
      vertex -2.05 3.5507 27
    endloop
  endfacet
  facet normal 0 0 1
    outer loop
      vertex -2.27784 3.40903 27
      vertex -2.27784 -3.40903 27
      vertex -2.05 -3.5507 27
    endloop
  endfacet
  facet normal -0 0 1
    outer loop
      vertex -2.49592 3.25275 27
      vertex -2.27784 -3.40903 27
      vertex -2.27784 3.40903 27
    endloop
  endfacet
  facet normal 0 0 1
    outer loop
      vertex -2.49592 3.25275 27
      vertex -2.49592 -3.25275 27
      vertex -2.27784 -3.40903 27
    endloop
  endfacet
  facet normal -0 0 1
    outer loop
      vertex -2.70332 3.08254 27
      vertex -2.49592 -3.25275 27
      vertex -2.49592 3.25275 27
    endloop
  endfacet
  facet normal 0 0 1
    outer loop
      vertex -2.70332 3.08254 27
      vertex -2.70332 -3.08254 27
      vertex -2.49592 -3.25275 27
    endloop
  endfacet
  facet normal -0 0 1
    outer loop
      vertex -2.89914 2.89914 27
      vertex -2.70332 -3.08254 27
      vertex -2.70332 3.08254 27
    endloop
  endfacet
  facet normal 0 0 1
    outer loop
      vertex -2.89914 2.89914 27
      vertex -2.89914 -2.89914 27
      vertex -2.70332 -3.08254 27
    endloop
  endfacet
  facet normal -0 0 1
    outer loop
      vertex -3.08254 2.70332 27
      vertex -2.89914 -2.89914 27
      vertex -2.89914 2.89914 27
    endloop
  endfacet
  facet normal 0 0 1
    outer loop
      vertex -3.08254 2.70332 27
      vertex -3.08254 -2.70332 27
      vertex -2.89914 -2.89914 27
    endloop
  endfacet
  facet normal -0 0 1
    outer loop
      vertex -3.25275 2.49592 27
      vertex -3.08254 -2.70332 27
      vertex -3.08254 2.70332 27
    endloop
  endfacet
  facet normal 0 0 1
    outer loop
      vertex -3.25275 2.49592 27
      vertex -3.25275 -2.49592 27
      vertex -3.08254 -2.70332 27
    endloop
  endfacet
  facet normal -0 0 1
    outer loop
      vertex -3.40903 2.27784 27
      vertex -3.25275 -2.49592 27
      vertex -3.25275 2.49592 27
    endloop
  endfacet
  facet normal 0 0 1
    outer loop
      vertex -3.40903 2.27784 27
      vertex -3.40903 -2.27784 27
      vertex -3.25275 -2.49592 27
    endloop
  endfacet
  facet normal -0 0 1
    outer loop
      vertex -3.5507 2.05 27
      vertex -3.40903 -2.27784 27
      vertex -3.40903 2.27784 27
    endloop
  endfacet
  facet normal 0 0 1
    outer loop
      vertex -3.5507 2.05 27
      vertex -3.5507 -2.05 27
      vertex -3.40903 -2.27784 27
    endloop
  endfacet
  facet normal -0 0 1
    outer loop
      vertex -3.67718 1.81338 27
      vertex -3.5507 -2.05 27
      vertex -3.5507 2.05 27
    endloop
  endfacet
  facet normal 0 0 1
    outer loop
      vertex -3.67718 1.81338 27
      vertex -3.67718 -1.81338 27
      vertex -3.5507 -2.05 27
    endloop
  endfacet
  facet normal -0 0 1
    outer loop
      vertex -3.78791 1.569 27
      vertex -3.67718 -1.81338 27
      vertex -3.67718 1.81338 27
    endloop
  endfacet
  facet normal 0 0 1
    outer loop
      vertex -3.78791 1.569 27
      vertex -3.78791 -1.569 27
      vertex -3.67718 -1.81338 27
    endloop
  endfacet
  facet normal -0 0 1
    outer loop
      vertex -3.88241 1.3179 27
      vertex -3.78791 -1.569 27
      vertex -3.78791 1.569 27
    endloop
  endfacet
  facet normal 0 0 1
    outer loop
      vertex -3.88241 1.3179 27
      vertex -3.88241 -1.3179 27
      vertex -3.78791 -1.569 27
    endloop
  endfacet
  facet normal -0 0 1
    outer loop
      vertex -3.9603 1.06116 27
      vertex -3.88241 -1.3179 27
      vertex -3.88241 1.3179 27
    endloop
  endfacet
  facet normal 0 0 1
    outer loop
      vertex -3.9603 1.06116 27
      vertex -3.9603 -1.06116 27
      vertex -3.88241 -1.3179 27
    endloop
  endfacet
  facet normal -0 0 1
    outer loop
      vertex -4.02122 0.79987 27
      vertex -3.9603 -1.06116 27
      vertex -3.9603 1.06116 27
    endloop
  endfacet
  facet normal 0 0 1
    outer loop
      vertex -4.02122 0.79987 27
      vertex -4.02122 -0.79987 27
      vertex -3.9603 -1.06116 27
    endloop
  endfacet
  facet normal -0 0 1
    outer loop
      vertex -4.06492 0.535157 27
      vertex -4.02122 -0.79987 27
      vertex -4.02122 0.79987 27
    endloop
  endfacet
  facet normal 0 0 1
    outer loop
      vertex -4.06492 0.535157 27
      vertex -4.06492 -0.535157 27
      vertex -4.02122 -0.79987 27
    endloop
  endfacet
  facet normal -0 0 1
    outer loop
      vertex -4.09122 0.268152 27
      vertex -4.06492 -0.535157 27
      vertex -4.06492 0.535157 27
    endloop
  endfacet
  facet normal 0 0 1
    outer loop
      vertex -4.09122 0.268152 27
      vertex -4.09122 -0.268152 27
      vertex -4.06492 -0.535157 27
    endloop
  endfacet
  facet normal 0 -0 1
    outer loop
      vertex -4.09122 -0.268152 27
      vertex -4.09122 0.268152 27
      vertex -4.1 0 27
    endloop
  endfacet
  facet normal 0.91086 0.412716 0
    outer loop
      vertex -3.67718 -1.81338 37
      vertex -3.78791 -1.569 27
      vertex -3.78791 -1.569 37
    endloop
  endfacet
  facet normal 0.91086 0.412716 0
    outer loop
      vertex -3.78791 -1.569 27
      vertex -3.67718 -1.81338 37
      vertex -3.67718 -1.81338 27
    endloop
  endfacet
  facet normal -0.290281 0.956941 0
    outer loop
      vertex 2.16972 -6.39178 37
      vertex 1.74703 -6.52 39
      vertex 2.16972 -6.39178 39
    endloop
  endfacet
  facet normal -0.290281 0.956941 0
    outer loop
      vertex 1.74703 -6.52 39
      vertex 2.16972 -6.39178 37
      vertex 1.74703 -6.52 37
    endloop
  endfacet
  facet normal -0.935905 0.352252 0
    outer loop
      vertex 6.23619 -2.58311 37
      vertex 6.39178 -2.16972 39
      vertex 6.39178 -2.16972 37
    endloop
  endfacet
  facet normal -0.935905 0.352252 0
    outer loop
      vertex 6.39178 -2.16972 39
      vertex 6.23619 -2.58311 37
      vertex 6.23619 -2.58311 39
    endloop
  endfacet
  facet normal -0.471399 0.88192 0
    outer loop
      vertex 3.375 -5.84567 37
      vertex 2.98545 -6.05389 39
      vertex 3.375 -5.84567 39
    endloop
  endfacet
  facet normal -0.471399 0.88192 0
    outer loop
      vertex 2.98545 -6.05389 39
      vertex 3.375 -5.84567 37
      vertex 2.98545 -6.05389 37
    endloop
  endfacet
  facet normal -0.995184 -0.0980287 0
    outer loop
      vertex 6.73555 0.441471 37
      vertex 6.69225 0.881051 39
      vertex 6.69225 0.881051 37
    endloop
  endfacet
  facet normal -0.995184 -0.0980287 0
    outer loop
      vertex 6.69225 0.881051 39
      vertex 6.73555 0.441471 37
      vertex 6.73555 0.441471 39
    endloop
  endfacet
  facet normal 0.032714 -0.999465 0
    outer loop
      vertex -0.441471 6.73555 37
      vertex 0 6.75 39
      vertex -0.441471 6.73555 39
    endloop
  endfacet
  facet normal 0.032714 -0.999465 0
    outer loop
      vertex 0 6.75 39
      vertex -0.441471 6.73555 37
      vertex 0 6.75 37
    endloop
  endfacet
  facet normal 0.729865 0.683591 0
    outer loop
      vertex -4.77297 -4.77297 39
      vertex -5.07492 -4.45058 37
      vertex -5.07492 -4.45058 39
    endloop
  endfacet
  facet normal 0.729865 0.683591 0
    outer loop
      vertex -5.07492 -4.45058 37
      vertex -4.77297 -4.77297 39
      vertex -4.77297 -4.77297 37
    endloop
  endfacet
  facet normal 0.773013 0.63439 0
    outer loop
      vertex -5.07492 -4.45058 39
      vertex -5.35513 -4.10914 37
      vertex -5.35513 -4.10914 39
    endloop
  endfacet
  facet normal 0.773013 0.63439 0
    outer loop
      vertex -5.35513 -4.10914 37
      vertex -5.07492 -4.45058 39
      vertex -5.07492 -4.45058 37
    endloop
  endfacet
  facet normal -0.973878 0.227073 0
    outer loop
      vertex 6.52 -1.74703 37
      vertex 6.6203 -1.31686 39
      vertex 6.6203 -1.31686 37
    endloop
  endfacet
  facet normal -0.973878 0.227073 0
    outer loop
      vertex 6.6203 -1.31686 39
      vertex 6.52 -1.74703 37
      vertex 6.52 -1.74703 39
    endloop
  endfacet
  facet normal -0.63439 0.773013 0
    outer loop
      vertex 4.45058 -5.07492 37
      vertex 4.10914 -5.35513 39
      vertex 4.45058 -5.07492 39
    endloop
  endfacet
  facet normal -0.63439 0.773013 0
    outer loop
      vertex 4.10914 -5.35513 39
      vertex 4.45058 -5.07492 37
      vertex 4.10914 -5.35513 37
    endloop
  endfacet
  facet normal 0.910862 0.412711 0
    outer loop
      vertex -6.05389 -2.98545 39
      vertex -6.23619 -2.58311 37
      vertex -6.23619 -2.58311 39
    endloop
  endfacet
  facet normal 0.910862 0.412711 0
    outer loop
      vertex -6.23619 -2.58311 37
      vertex -6.05389 -2.98545 39
      vertex -6.05389 -2.98545 37
    endloop
  endfacet
  facet normal -0.582486 -0.812841 0
    outer loop
      vertex 3.7501 5.61242 37
      vertex 4.10914 5.35513 39
      vertex 3.7501 5.61242 39
    endloop
  endfacet
  facet normal -0.582486 -0.812841 -0
    outer loop
      vertex 4.10914 5.35513 39
      vertex 3.7501 5.61242 37
      vertex 4.10914 5.35513 37
    endloop
  endfacet
  facet normal 0.16289 0.986644 -0
    outer loop
      vertex -0.881051 -6.69225 37
      vertex -1.31686 -6.6203 39
      vertex -0.881051 -6.69225 39
    endloop
  endfacet
  facet normal 0.16289 0.986644 0
    outer loop
      vertex -1.31686 -6.6203 39
      vertex -0.881051 -6.69225 37
      vertex -1.31686 -6.6203 37
    endloop
  endfacet
  facet normal -0.683591 0.729865 0
    outer loop
      vertex 4.77297 -4.77297 37
      vertex 4.45058 -5.07492 39
      vertex 4.77297 -4.77297 39
    endloop
  endfacet
  facet normal -0.683591 0.729865 0
    outer loop
      vertex 4.45058 -5.07492 39
      vertex 4.77297 -4.77297 37
      vertex 4.45058 -5.07492 37
    endloop
  endfacet
  facet normal 0.412711 -0.910862 0
    outer loop
      vertex -2.98545 6.05389 37
      vertex -2.58311 6.23619 39
      vertex -2.98545 6.05389 39
    endloop
  endfacet
  facet normal 0.412711 -0.910862 0
    outer loop
      vertex -2.58311 6.23619 39
      vertex -2.98545 6.05389 37
      vertex -2.58311 6.23619 37
    endloop
  endfacet
  facet normal 0.999465 0.032714 0
    outer loop
      vertex -6.73555 -0.441471 39
      vertex -6.75 0 37
      vertex -6.75 0 39
    endloop
  endfacet
  facet normal 0.999465 0.032714 0
    outer loop
      vertex -6.75 0 37
      vertex -6.73555 -0.441471 39
      vertex -6.73555 -0.441471 37
    endloop
  endfacet
  facet normal 0.729865 -0.683591 0
    outer loop
      vertex -5.07492 4.45058 39
      vertex -4.77297 4.77297 37
      vertex -4.77297 4.77297 39
    endloop
  endfacet
  facet normal 0.729865 -0.683591 0
    outer loop
      vertex -4.77297 4.77297 37
      vertex -5.07492 4.45058 39
      vertex -5.07492 4.45058 37
    endloop
  endfacet
  facet normal 0.290281 0.956941 -0
    outer loop
      vertex -1.74703 -6.52 37
      vertex -2.16972 -6.39178 39
      vertex -1.74703 -6.52 39
    endloop
  endfacet
  facet normal 0.290281 0.956941 0
    outer loop
      vertex -2.16972 -6.39178 39
      vertex -1.74703 -6.52 37
      vertex -2.16972 -6.39178 37
    endloop
  endfacet
  facet normal -0.986644 0.16289 0
    outer loop
      vertex 6.6203 -1.31686 37
      vertex 6.69225 -0.881051 39
      vertex 6.69225 -0.881051 37
    endloop
  endfacet
  facet normal -0.986644 0.16289 0
    outer loop
      vertex 6.69225 -0.881051 39
      vertex 6.6203 -1.31686 37
      vertex 6.6203 -1.31686 39
    endloop
  endfacet
  facet normal -0.352252 -0.935905 0
    outer loop
      vertex 2.16972 6.39178 37
      vertex 2.58311 6.23619 39
      vertex 2.16972 6.39178 39
    endloop
  endfacet
  facet normal -0.352252 -0.935905 -0
    outer loop
      vertex 2.58311 6.23619 39
      vertex 2.16972 6.39178 37
      vertex 2.58311 6.23619 37
    endloop
  endfacet
  facet normal -0.032714 -0.999465 0
    outer loop
      vertex 0 6.75 37
      vertex 0.441471 6.73555 39
      vertex 0 6.75 39
    endloop
  endfacet
  facet normal -0.032714 -0.999465 -0
    outer loop
      vertex 0.441471 6.73555 39
      vertex 0 6.75 37
      vertex 0.441471 6.73555 37
    endloop
  endfacet
  facet normal -0.999465 -0.032714 0
    outer loop
      vertex 6.75 0 37
      vertex 6.73555 0.441471 39
      vertex 6.73555 0.441471 37
    endloop
  endfacet
  facet normal -0.999465 -0.032714 0
    outer loop
      vertex 6.73555 0.441471 39
      vertex 6.75 0 37
      vertex 6.75 0 39
    endloop
  endfacet
  facet normal -0.986644 -0.16289 0
    outer loop
      vertex 6.69225 0.881051 37
      vertex 6.6203 1.31686 39
      vertex 6.6203 1.31686 37
    endloop
  endfacet
  facet normal -0.986644 -0.16289 0
    outer loop
      vertex 6.6203 1.31686 39
      vertex 6.69225 0.881051 37
      vertex 6.69225 0.881051 39
    endloop
  endfacet
  facet normal 0.16289 -0.986644 0
    outer loop
      vertex -1.31686 6.6203 37
      vertex -0.881051 6.69225 39
      vertex -1.31686 6.6203 39
    endloop
  endfacet
  facet normal 0.16289 -0.986644 0
    outer loop
      vertex -0.881051 6.69225 39
      vertex -1.31686 6.6203 37
      vertex -0.881051 6.69225 37
    endloop
  endfacet
  facet normal -0.999465 0.032714 0
    outer loop
      vertex 6.73555 -0.441471 37
      vertex 6.75 0 39
      vertex 6.75 0 37
    endloop
  endfacet
  facet normal -0.999465 0.032714 0
    outer loop
      vertex 6.75 0 39
      vertex 6.73555 -0.441471 37
      vertex 6.73555 -0.441471 39
    endloop
  endfacet
  facet normal 0.582486 -0.812841 0
    outer loop
      vertex -4.10914 5.35513 37
      vertex -3.7501 5.61242 39
      vertex -4.10914 5.35513 39
    endloop
  endfacet
  facet normal 0.582486 -0.812841 0
    outer loop
      vertex -3.7501 5.61242 39
      vertex -4.10914 5.35513 37
      vertex -3.7501 5.61242 37
    endloop
  endfacet
  facet normal -0.290281 -0.956941 0
    outer loop
      vertex 1.74703 6.52 37
      vertex 2.16972 6.39178 39
      vertex 1.74703 6.52 39
    endloop
  endfacet
  facet normal -0.290281 -0.956941 -0
    outer loop
      vertex 2.16972 6.39178 39
      vertex 1.74703 6.52 37
      vertex 2.16972 6.39178 37
    endloop
  endfacet
  facet normal 0.995184 -0.0980287 0
    outer loop
      vertex -6.73555 0.441471 39
      vertex -6.69225 0.881051 37
      vertex -6.69225 0.881051 39
    endloop
  endfacet
  facet normal 0.995184 -0.0980287 0
    outer loop
      vertex -6.69225 0.881051 37
      vertex -6.73555 0.441471 39
      vertex -6.73555 0.441471 37
    endloop
  endfacet
  facet normal -0.812841 -0.582486 0
    outer loop
      vertex 5.61242 3.7501 37
      vertex 5.35513 4.10914 39
      vertex 5.35513 4.10914 37
    endloop
  endfacet
  facet normal -0.812841 -0.582486 0
    outer loop
      vertex 5.35513 4.10914 39
      vertex 5.61242 3.7501 37
      vertex 5.61242 3.7501 39
    endloop
  endfacet
  facet normal 0.582486 0.812841 -0
    outer loop
      vertex -3.7501 -5.61242 37
      vertex -4.10914 -5.35513 39
      vertex -3.7501 -5.61242 39
    endloop
  endfacet
  facet normal 0.582486 0.812841 0
    outer loop
      vertex -4.10914 -5.35513 39
      vertex -3.7501 -5.61242 37
      vertex -4.10914 -5.35513 37
    endloop
  endfacet
  facet normal -0.63439 -0.773013 0
    outer loop
      vertex 4.10914 5.35513 37
      vertex 4.45058 5.07492 39
      vertex 4.10914 5.35513 39
    endloop
  endfacet
  facet normal -0.63439 -0.773013 -0
    outer loop
      vertex 4.45058 5.07492 39
      vertex 4.10914 5.35513 37
      vertex 4.45058 5.07492 37
    endloop
  endfacet
  facet normal -0.729865 -0.683591 0
    outer loop
      vertex 5.07492 4.45058 37
      vertex 4.77297 4.77297 39
      vertex 4.77297 4.77297 37
    endloop
  endfacet
  facet normal -0.729865 -0.683591 0
    outer loop
      vertex 4.77297 4.77297 39
      vertex 5.07492 4.45058 37
      vertex 5.07492 4.45058 39
    endloop
  endfacet
  facet normal -0.935905 -0.352252 0
    outer loop
      vertex 6.39178 2.16972 37
      vertex 6.23619 2.58311 39
      vertex 6.23619 2.58311 37
    endloop
  endfacet
  facet normal -0.935905 -0.352252 0
    outer loop
      vertex 6.23619 2.58311 39
      vertex 6.39178 2.16972 37
      vertex 6.39178 2.16972 39
    endloop
  endfacet
  facet normal 0.986644 0.16289 0
    outer loop
      vertex -6.6203 -1.31686 39
      vertex -6.69225 -0.881051 37
      vertex -6.69225 -0.881051 39
    endloop
  endfacet
  facet normal 0.986644 0.16289 0
    outer loop
      vertex -6.69225 -0.881051 37
      vertex -6.6203 -1.31686 39
      vertex -6.6203 -1.31686 37
    endloop
  endfacet
  facet normal -0.528064 0.849204 0
    outer loop
      vertex 3.7501 -5.61242 37
      vertex 3.375 -5.84567 39
      vertex 3.7501 -5.61242 39
    endloop
  endfacet
  facet normal -0.528064 0.849204 0
    outer loop
      vertex 3.375 -5.84567 39
      vertex 3.7501 -5.61242 37
      vertex 3.375 -5.84567 37
    endloop
  endfacet
  facet normal -0.683591 -0.729865 0
    outer loop
      vertex 4.45058 5.07492 37
      vertex 4.77297 4.77297 39
      vertex 4.45058 5.07492 39
    endloop
  endfacet
  facet normal -0.683591 -0.729865 -0
    outer loop
      vertex 4.77297 4.77297 39
      vertex 4.45058 5.07492 37
      vertex 4.77297 4.77297 37
    endloop
  endfacet
  facet normal 0.812841 0.582486 0
    outer loop
      vertex -5.35513 -4.10914 39
      vertex -5.61242 -3.7501 37
      vertex -5.61242 -3.7501 39
    endloop
  endfacet
  facet normal 0.812841 0.582486 0
    outer loop
      vertex -5.61242 -3.7501 37
      vertex -5.35513 -4.10914 39
      vertex -5.35513 -4.10914 37
    endloop
  endfacet
  facet normal 0.773013 -0.63439 0
    outer loop
      vertex -5.35513 4.10914 39
      vertex -5.07492 4.45058 37
      vertex -5.07492 4.45058 39
    endloop
  endfacet
  facet normal 0.773013 -0.63439 0
    outer loop
      vertex -5.07492 4.45058 37
      vertex -5.35513 4.10914 39
      vertex -5.35513 4.10914 37
    endloop
  endfacet
  facet normal 0.935905 0.352252 0
    outer loop
      vertex -6.23619 -2.58311 39
      vertex -6.39178 -2.16972 37
      vertex -6.39178 -2.16972 39
    endloop
  endfacet
  facet normal 0.935905 0.352252 0
    outer loop
      vertex -6.39178 -2.16972 37
      vertex -6.23619 -2.58311 39
      vertex -6.23619 -2.58311 37
    endloop
  endfacet
  facet normal 0.812841 -0.582486 0
    outer loop
      vertex -5.61242 3.7501 39
      vertex -5.35513 4.10914 37
      vertex -5.35513 4.10914 39
    endloop
  endfacet
  facet normal 0.812841 -0.582486 0
    outer loop
      vertex -5.35513 4.10914 37
      vertex -5.61242 3.7501 39
      vertex -5.61242 3.7501 37
    endloop
  endfacet
  facet normal -0.227073 0.973878 0
    outer loop
      vertex 1.74703 -6.52 37
      vertex 1.31686 -6.6203 39
      vertex 1.74703 -6.52 39
    endloop
  endfacet
  facet normal -0.227073 0.973878 0
    outer loop
      vertex 1.31686 -6.6203 39
      vertex 1.74703 -6.52 37
      vertex 1.31686 -6.6203 37
    endloop
  endfacet
  facet normal -0.471399 -0.88192 0
    outer loop
      vertex 2.98545 6.05389 37
      vertex 3.375 5.84567 39
      vertex 2.98545 6.05389 39
    endloop
  endfacet
  facet normal -0.471399 -0.88192 -0
    outer loop
      vertex 3.375 5.84567 39
      vertex 2.98545 6.05389 37
      vertex 3.375 5.84567 37
    endloop
  endfacet
  facet normal -0.0980287 -0.995184 0
    outer loop
      vertex 0.441471 6.73555 37
      vertex 0.881051 6.69225 39
      vertex 0.441471 6.73555 39
    endloop
  endfacet
  facet normal -0.0980287 -0.995184 -0
    outer loop
      vertex 0.881051 6.69225 39
      vertex 0.441471 6.73555 37
      vertex 0.881051 6.69225 37
    endloop
  endfacet
  facet normal -0.528064 -0.849204 0
    outer loop
      vertex 3.375 5.84567 37
      vertex 3.7501 5.61242 39
      vertex 3.375 5.84567 39
    endloop
  endfacet
  facet normal -0.528064 -0.849204 -0
    outer loop
      vertex 3.7501 5.61242 39
      vertex 3.375 5.84567 37
      vertex 3.7501 5.61242 37
    endloop
  endfacet
  facet normal -0.773013 -0.63439 0
    outer loop
      vertex 5.35513 4.10914 37
      vertex 5.07492 4.45058 39
      vertex 5.07492 4.45058 37
    endloop
  endfacet
  facet normal -0.773013 -0.63439 0
    outer loop
      vertex 5.07492 4.45058 39
      vertex 5.35513 4.10914 37
      vertex 5.35513 4.10914 39
    endloop
  endfacet
  facet normal -0.956941 -0.290281 0
    outer loop
      vertex 6.52 1.74703 37
      vertex 6.39178 2.16972 39
      vertex 6.39178 2.16972 37
    endloop
  endfacet
  facet normal -0.956941 -0.290281 0
    outer loop
      vertex 6.39178 2.16972 39
      vertex 6.52 1.74703 37
      vertex 6.52 1.74703 39
    endloop
  endfacet
  facet normal -0.812841 0.582486 0
    outer loop
      vertex 5.35513 -4.10914 37
      vertex 5.61242 -3.7501 39
      vertex 5.61242 -3.7501 37
    endloop
  endfacet
  facet normal -0.812841 0.582486 0
    outer loop
      vertex 5.61242 -3.7501 39
      vertex 5.35513 -4.10914 37
      vertex 5.35513 -4.10914 39
    endloop
  endfacet
  facet normal -0.729865 0.683591 0
    outer loop
      vertex 4.77297 -4.77297 37
      vertex 5.07492 -4.45058 39
      vertex 5.07492 -4.45058 37
    endloop
  endfacet
  facet normal -0.729865 0.683591 0
    outer loop
      vertex 5.07492 -4.45058 39
      vertex 4.77297 -4.77297 37
      vertex 4.77297 -4.77297 39
    endloop
  endfacet
  facet normal -0.16289 0.986644 0
    outer loop
      vertex 1.31686 -6.6203 37
      vertex 0.881051 -6.69225 39
      vertex 1.31686 -6.6203 39
    endloop
  endfacet
  facet normal -0.16289 0.986644 0
    outer loop
      vertex 0.881051 -6.69225 39
      vertex 1.31686 -6.6203 37
      vertex 0.881051 -6.69225 37
    endloop
  endfacet
  facet normal 0.849204 -0.528064 0
    outer loop
      vertex -5.84567 3.375 39
      vertex -5.61242 3.7501 37
      vertex -5.61242 3.7501 39
    endloop
  endfacet
  facet normal 0.849204 -0.528064 0
    outer loop
      vertex -5.61242 3.7501 37
      vertex -5.84567 3.375 39
      vertex -5.84567 3.375 37
    endloop
  endfacet
  facet normal 0.63439 0.773013 -0
    outer loop
      vertex -4.10914 -5.35513 37
      vertex -4.45058 -5.07492 39
      vertex -4.10914 -5.35513 39
    endloop
  endfacet
  facet normal 0.63439 0.773013 0
    outer loop
      vertex -4.45058 -5.07492 39
      vertex -4.10914 -5.35513 37
      vertex -4.45058 -5.07492 37
    endloop
  endfacet
  facet normal -0.995184 0.0980287 0
    outer loop
      vertex 6.69225 -0.881051 37
      vertex 6.73555 -0.441471 39
      vertex 6.73555 -0.441471 37
    endloop
  endfacet
  facet normal -0.995184 0.0980287 0
    outer loop
      vertex 6.73555 -0.441471 39
      vertex 6.69225 -0.881051 37
      vertex 6.69225 -0.881051 39
    endloop
  endfacet
  facet normal 0.683591 -0.729865 0
    outer loop
      vertex -4.77297 4.77297 37
      vertex -4.45058 5.07492 39
      vertex -4.77297 4.77297 39
    endloop
  endfacet
  facet normal 0.683591 -0.729865 0
    outer loop
      vertex -4.45058 5.07492 39
      vertex -4.77297 4.77297 37
      vertex -4.45058 5.07492 37
    endloop
  endfacet
  facet normal -0.849204 -0.528064 0
    outer loop
      vertex 5.84567 3.375 37
      vertex 5.61242 3.7501 39
      vertex 5.61242 3.7501 37
    endloop
  endfacet
  facet normal -0.849204 -0.528064 0
    outer loop
      vertex 5.61242 3.7501 39
      vertex 5.84567 3.375 37
      vertex 5.84567 3.375 39
    endloop
  endfacet
  facet normal -0.032714 0.999465 0
    outer loop
      vertex 0.441471 -6.73555 37
      vertex 0 -6.75 39
      vertex 0.441471 -6.73555 39
    endloop
  endfacet
  facet normal -0.032714 0.999465 0
    outer loop
      vertex 0 -6.75 39
      vertex 0.441471 -6.73555 37
      vertex 0 -6.75 37
    endloop
  endfacet
  facet normal 0.88192 -0.471399 0
    outer loop
      vertex -6.05389 2.98545 39
      vertex -5.84567 3.375 37
      vertex -5.84567 3.375 39
    endloop
  endfacet
  facet normal 0.88192 -0.471399 0
    outer loop
      vertex -5.84567 3.375 37
      vertex -6.05389 2.98545 39
      vertex -6.05389 2.98545 37
    endloop
  endfacet
  facet normal 0.973878 -0.227073 0
    outer loop
      vertex -6.6203 1.31686 39
      vertex -6.52 1.74703 37
      vertex -6.52 1.74703 39
    endloop
  endfacet
  facet normal 0.973878 -0.227073 0
    outer loop
      vertex -6.52 1.74703 37
      vertex -6.6203 1.31686 39
      vertex -6.6203 1.31686 37
    endloop
  endfacet
  facet normal 0.0980287 -0.995184 0
    outer loop
      vertex -0.881051 6.69225 37
      vertex -0.441471 6.73555 39
      vertex -0.881051 6.69225 39
    endloop
  endfacet
  facet normal 0.0980287 -0.995184 0
    outer loop
      vertex -0.441471 6.73555 39
      vertex -0.881051 6.69225 37
      vertex -0.441471 6.73555 37
    endloop
  endfacet
  facet normal 0.352252 0.935905 -0
    outer loop
      vertex -2.16972 -6.39178 37
      vertex -2.58311 -6.23619 39
      vertex -2.16972 -6.39178 39
    endloop
  endfacet
  facet normal 0.352252 0.935905 0
    outer loop
      vertex -2.58311 -6.23619 39
      vertex -2.16972 -6.39178 37
      vertex -2.58311 -6.23619 37
    endloop
  endfacet
  facet normal 0.986644 -0.16289 0
    outer loop
      vertex -6.69225 0.881051 39
      vertex -6.6203 1.31686 37
      vertex -6.6203 1.31686 39
    endloop
  endfacet
  facet normal 0.986644 -0.16289 0
    outer loop
      vertex -6.6203 1.31686 37
      vertex -6.69225 0.881051 39
      vertex -6.69225 0.881051 37
    endloop
  endfacet
  facet normal -0.973878 -0.227073 0
    outer loop
      vertex 6.6203 1.31686 37
      vertex 6.52 1.74703 39
      vertex 6.52 1.74703 37
    endloop
  endfacet
  facet normal -0.973878 -0.227073 0
    outer loop
      vertex 6.52 1.74703 39
      vertex 6.6203 1.31686 37
      vertex 6.6203 1.31686 39
    endloop
  endfacet
  facet normal -0.582486 0.812841 0
    outer loop
      vertex 4.10914 -5.35513 37
      vertex 3.7501 -5.61242 39
      vertex 4.10914 -5.35513 39
    endloop
  endfacet
  facet normal -0.582486 0.812841 0
    outer loop
      vertex 3.7501 -5.61242 39
      vertex 4.10914 -5.35513 37
      vertex 3.7501 -5.61242 37
    endloop
  endfacet
  facet normal -0.227073 -0.973878 0
    outer loop
      vertex 1.31686 6.6203 37
      vertex 1.74703 6.52 39
      vertex 1.31686 6.6203 39
    endloop
  endfacet
  facet normal -0.227073 -0.973878 -0
    outer loop
      vertex 1.74703 6.52 39
      vertex 1.31686 6.6203 37
      vertex 1.74703 6.52 37
    endloop
  endfacet
  facet normal 0.935905 -0.352252 0
    outer loop
      vertex -6.39178 2.16972 39
      vertex -6.23619 2.58311 37
      vertex -6.23619 2.58311 39
    endloop
  endfacet
  facet normal 0.935905 -0.352252 0
    outer loop
      vertex -6.23619 2.58311 37
      vertex -6.39178 2.16972 39
      vertex -6.39178 2.16972 37
    endloop
  endfacet
  facet normal 0.528064 -0.849204 0
    outer loop
      vertex -3.7501 5.61242 37
      vertex -3.375 5.84567 39
      vertex -3.7501 5.61242 39
    endloop
  endfacet
  facet normal 0.528064 -0.849204 0
    outer loop
      vertex -3.375 5.84567 39
      vertex -3.7501 5.61242 37
      vertex -3.375 5.84567 37
    endloop
  endfacet
  facet normal -0.88192 -0.471399 0
    outer loop
      vertex 6.05389 2.98545 37
      vertex 5.84567 3.375 39
      vertex 5.84567 3.375 37
    endloop
  endfacet
  facet normal -0.88192 -0.471399 0
    outer loop
      vertex 5.84567 3.375 39
      vertex 6.05389 2.98545 37
      vertex 6.05389 2.98545 39
    endloop
  endfacet
  facet normal 0.352252 -0.935905 0
    outer loop
      vertex -2.58311 6.23619 37
      vertex -2.16972 6.39178 39
      vertex -2.58311 6.23619 39
    endloop
  endfacet
  facet normal 0.352252 -0.935905 0
    outer loop
      vertex -2.16972 6.39178 39
      vertex -2.58311 6.23619 37
      vertex -2.16972 6.39178 37
    endloop
  endfacet
  facet normal 0.88192 0.471399 0
    outer loop
      vertex -5.84567 -3.375 39
      vertex -6.05389 -2.98545 37
      vertex -6.05389 -2.98545 39
    endloop
  endfacet
  facet normal 0.88192 0.471399 0
    outer loop
      vertex -6.05389 -2.98545 37
      vertex -5.84567 -3.375 39
      vertex -5.84567 -3.375 37
    endloop
  endfacet
  facet normal 0 0 1
    outer loop
      vertex 4.1 0 37
      vertex 6.75 0 37
      vertex 6.73555 0.441471 37
    endloop
  endfacet
  facet normal 0 0 1
    outer loop
      vertex 4.09122 0.268152 37
      vertex 6.73555 0.441471 37
      vertex 6.69225 0.881051 37
    endloop
  endfacet
  facet normal 0 0 1
    outer loop
      vertex 6.75 0 37
      vertex 4.1 0 37
      vertex 6.73555 -0.441471 37
    endloop
  endfacet
  facet normal 0 0 1
    outer loop
      vertex 4.06492 0.535157 37
      vertex 6.69225 0.881051 37
      vertex 6.6203 1.31686 37
    endloop
  endfacet
  facet normal -0 0 1
    outer loop
      vertex 4.09122 -0.268152 37
      vertex 6.73555 -0.441471 37
      vertex 4.1 0 37
    endloop
  endfacet
  facet normal 0 0 1
    outer loop
      vertex 4.02122 0.79987 37
      vertex 6.6203 1.31686 37
      vertex 6.52 1.74703 37
    endloop
  endfacet
  facet normal 0 0 1
    outer loop
      vertex 6.73555 -0.441471 37
      vertex 4.09122 -0.268152 37
      vertex 6.69225 -0.881051 37
    endloop
  endfacet
  facet normal 0 0 1
    outer loop
      vertex 3.9603 1.06116 37
      vertex 6.52 1.74703 37
      vertex 6.39178 2.16972 37
    endloop
  endfacet
  facet normal -0 0 1
    outer loop
      vertex 4.06492 -0.535157 37
      vertex 6.69225 -0.881051 37
      vertex 4.09122 -0.268152 37
    endloop
  endfacet
  facet normal 0 0 1
    outer loop
      vertex 3.88241 1.3179 37
      vertex 6.39178 2.16972 37
      vertex 6.23619 2.58311 37
    endloop
  endfacet
  facet normal 0 0 1
    outer loop
      vertex 6.69225 -0.881051 37
      vertex 4.06492 -0.535157 37
      vertex 6.6203 -1.31686 37
    endloop
  endfacet
  facet normal 0 0 1
    outer loop
      vertex 3.78791 1.569 37
      vertex 6.23619 2.58311 37
      vertex 6.05389 2.98545 37
    endloop
  endfacet
  facet normal -0 0 1
    outer loop
      vertex 4.02122 -0.79987 37
      vertex 6.6203 -1.31686 37
      vertex 4.06492 -0.535157 37
    endloop
  endfacet
  facet normal 0 0 1
    outer loop
      vertex 3.67718 1.81338 37
      vertex 6.05389 2.98545 37
      vertex 5.84567 3.375 37
    endloop
  endfacet
  facet normal 0 0 1
    outer loop
      vertex 6.6203 -1.31686 37
      vertex 4.02122 -0.79987 37
      vertex 6.52 -1.74703 37
    endloop
  endfacet
  facet normal 0 0 1
    outer loop
      vertex 3.5507 2.05 37
      vertex 5.84567 3.375 37
      vertex 5.61242 3.7501 37
    endloop
  endfacet
  facet normal -0 0 1
    outer loop
      vertex 3.9603 -1.06116 37
      vertex 6.52 -1.74703 37
      vertex 4.02122 -0.79987 37
    endloop
  endfacet
  facet normal 0 0 1
    outer loop
      vertex 3.40903 2.27784 37
      vertex 5.61242 3.7501 37
      vertex 5.35513 4.10914 37
    endloop
  endfacet
  facet normal 0 0 1
    outer loop
      vertex 6.52 -1.74703 37
      vertex 3.9603 -1.06116 37
      vertex 6.39178 -2.16972 37
    endloop
  endfacet
  facet normal 0 0 1
    outer loop
      vertex 3.25275 2.49592 37
      vertex 5.35513 4.10914 37
      vertex 5.07492 4.45058 37
    endloop
  endfacet
  facet normal -0 0 1
    outer loop
      vertex 3.88241 -1.3179 37
      vertex 6.39178 -2.16972 37
      vertex 3.9603 -1.06116 37
    endloop
  endfacet
  facet normal 0 0 1
    outer loop
      vertex 3.08254 2.70332 37
      vertex 5.07492 4.45058 37
      vertex 4.77297 4.77297 37
    endloop
  endfacet
  facet normal 0 0 1
    outer loop
      vertex 6.39178 -2.16972 37
      vertex 3.88241 -1.3179 37
      vertex 6.23619 -2.58311 37
    endloop
  endfacet
  facet normal 0 0 1
    outer loop
      vertex 2.89914 2.89914 37
      vertex 4.77297 4.77297 37
      vertex 4.45058 5.07492 37
    endloop
  endfacet
  facet normal -0 0 1
    outer loop
      vertex 3.78791 -1.569 37
      vertex 6.23619 -2.58311 37
      vertex 3.88241 -1.3179 37
    endloop
  endfacet
  facet normal 0 0 1
    outer loop
      vertex 2.70332 3.08254 37
      vertex 4.45058 5.07492 37
      vertex 4.10914 5.35513 37
    endloop
  endfacet
  facet normal 0 0 1
    outer loop
      vertex 6.23619 -2.58311 37
      vertex 3.78791 -1.569 37
      vertex 6.05389 -2.98545 37
    endloop
  endfacet
  facet normal -0 0 1
    outer loop
      vertex 3.67718 -1.81338 37
      vertex 6.05389 -2.98545 37
      vertex 3.78791 -1.569 37
    endloop
  endfacet
  facet normal 0 0 1
    outer loop
      vertex 6.73555 0.441471 37
      vertex 4.09122 0.268152 37
      vertex 4.1 0 37
    endloop
  endfacet
  facet normal 0 0 1
    outer loop
      vertex 6.69225 0.881051 37
      vertex 4.06492 0.535157 37
      vertex 4.09122 0.268152 37
    endloop
  endfacet
  facet normal 0 0 1
    outer loop
      vertex 6.6203 1.31686 37
      vertex 4.02122 0.79987 37
      vertex 4.06492 0.535157 37
    endloop
  endfacet
  facet normal 0 0 1
    outer loop
      vertex 6.52 1.74703 37
      vertex 3.9603 1.06116 37
      vertex 4.02122 0.79987 37
    endloop
  endfacet
  facet normal 0 0 1
    outer loop
      vertex 6.39178 2.16972 37
      vertex 3.88241 1.3179 37
      vertex 3.9603 1.06116 37
    endloop
  endfacet
  facet normal 0 0 1
    outer loop
      vertex 6.23619 2.58311 37
      vertex 3.78791 1.569 37
      vertex 3.88241 1.3179 37
    endloop
  endfacet
  facet normal 0 0 1
    outer loop
      vertex 2.49592 3.25275 37
      vertex 4.10914 5.35513 37
      vertex 3.7501 5.61242 37
    endloop
  endfacet
  facet normal 0 0 1
    outer loop
      vertex 6.05389 2.98545 37
      vertex 3.67718 1.81338 37
      vertex 3.78791 1.569 37
    endloop
  endfacet
  facet normal 0 0 1
    outer loop
      vertex 5.84567 3.375 37
      vertex 3.5507 2.05 37
      vertex 3.67718 1.81338 37
    endloop
  endfacet
  facet normal 0 0 1
    outer loop
      vertex 5.61242 3.7501 37
      vertex 3.40903 2.27784 37
      vertex 3.5507 2.05 37
    endloop
  endfacet
  facet normal 0 0 1
    outer loop
      vertex 2.27784 3.40903 37
      vertex 3.7501 5.61242 37
      vertex 3.375 5.84567 37
    endloop
  endfacet
  facet normal 0 0 1
    outer loop
      vertex 5.35513 4.10914 37
      vertex 3.25275 2.49592 37
      vertex 3.40903 2.27784 37
    endloop
  endfacet
  facet normal 0 0 1
    outer loop
      vertex 5.07492 4.45058 37
      vertex 3.08254 2.70332 37
      vertex 3.25275 2.49592 37
    endloop
  endfacet
  facet normal 0 0 1
    outer loop
      vertex 2.05 3.5507 37
      vertex 3.375 5.84567 37
      vertex 2.98545 6.05389 37
    endloop
  endfacet
  facet normal 0 0 1
    outer loop
      vertex 4.77297 4.77297 37
      vertex 2.89914 2.89914 37
      vertex 3.08254 2.70332 37
    endloop
  endfacet
  facet normal 0 0 1
    outer loop
      vertex 4.45058 5.07492 37
      vertex 2.70332 3.08254 37
      vertex 2.89914 2.89914 37
    endloop
  endfacet
  facet normal 0 0 1
    outer loop
      vertex 1.81338 3.67718 37
      vertex 2.98545 6.05389 37
      vertex 2.58311 6.23619 37
    endloop
  endfacet
  facet normal 0 0 1
    outer loop
      vertex 4.10914 5.35513 37
      vertex 2.49592 3.25275 37
      vertex 2.70332 3.08254 37
    endloop
  endfacet
  facet normal 0 0 1
    outer loop
      vertex 3.7501 5.61242 37
      vertex 2.27784 3.40903 37
      vertex 2.49592 3.25275 37
    endloop
  endfacet
  facet normal 0 0 1
    outer loop
      vertex 1.569 3.78791 37
      vertex 2.58311 6.23619 37
      vertex 2.16972 6.39178 37
    endloop
  endfacet
  facet normal 0 0 1
    outer loop
      vertex 3.375 5.84567 37
      vertex 2.05 3.5507 37
      vertex 2.27784 3.40903 37
    endloop
  endfacet
  facet normal 0 0 1
    outer loop
      vertex 2.98545 6.05389 37
      vertex 1.81338 3.67718 37
      vertex 2.05 3.5507 37
    endloop
  endfacet
  facet normal 0 0 1
    outer loop
      vertex 1.3179 3.88241 37
      vertex 2.16972 6.39178 37
      vertex 1.74703 6.52 37
    endloop
  endfacet
  facet normal 0 0 1
    outer loop
      vertex 2.58311 6.23619 37
      vertex 1.569 3.78791 37
      vertex 1.81338 3.67718 37
    endloop
  endfacet
  facet normal 0 0 1
    outer loop
      vertex 2.16972 6.39178 37
      vertex 1.3179 3.88241 37
      vertex 1.569 3.78791 37
    endloop
  endfacet
  facet normal 0 0 1
    outer loop
      vertex 1.06116 3.9603 37
      vertex 1.74703 6.52 37
      vertex 1.31686 6.6203 37
    endloop
  endfacet
  facet normal 0 0 1
    outer loop
      vertex 1.74703 6.52 37
      vertex 1.06116 3.9603 37
      vertex 1.3179 3.88241 37
    endloop
  endfacet
  facet normal 0 0 1
    outer loop
      vertex 0.79987 4.02122 37
      vertex 1.31686 6.6203 37
      vertex 0.881051 6.69225 37
    endloop
  endfacet
  facet normal 0 0 1
    outer loop
      vertex 1.31686 6.6203 37
      vertex 0.79987 4.02122 37
      vertex 1.06116 3.9603 37
    endloop
  endfacet
  facet normal 0 0 1
    outer loop
      vertex 0.881051 6.69225 37
      vertex 0.535157 4.06492 37
      vertex 0.79987 4.02122 37
    endloop
  endfacet
  facet normal 0 0 1
    outer loop
      vertex 0.441471 6.73555 37
      vertex 0.535157 4.06492 37
      vertex 0.881051 6.69225 37
    endloop
  endfacet
  facet normal 0 0 1
    outer loop
      vertex 0.441471 6.73555 37
      vertex 0.268152 4.09122 37
      vertex 0.535157 4.06492 37
    endloop
  endfacet
  facet normal 0 0 1
    outer loop
      vertex 0 6.75 37
      vertex 0.268152 4.09122 37
      vertex 0.441471 6.73555 37
    endloop
  endfacet
  facet normal 0 0 1
    outer loop
      vertex 0 6.75 37
      vertex 0 4.1 37
      vertex 0.268152 4.09122 37
    endloop
  endfacet
  facet normal 0 0 1
    outer loop
      vertex 0 6.75 37
      vertex -0.268152 4.09122 37
      vertex 0 4.1 37
    endloop
  endfacet
  facet normal -0 0 1
    outer loop
      vertex -0.441471 6.73555 37
      vertex -0.268152 4.09122 37
      vertex 0 6.75 37
    endloop
  endfacet
  facet normal 0 0 1
    outer loop
      vertex -0.441471 6.73555 37
      vertex -0.535157 4.06492 37
      vertex -0.268152 4.09122 37
    endloop
  endfacet
  facet normal -0 0 1
    outer loop
      vertex -0.881051 6.69225 37
      vertex -0.535157 4.06492 37
      vertex -0.441471 6.73555 37
    endloop
  endfacet
  facet normal 0 0 1
    outer loop
      vertex -0.535157 4.06492 37
      vertex -0.881051 6.69225 37
      vertex -0.79987 4.02122 37
    endloop
  endfacet
  facet normal -0 0 1
    outer loop
      vertex -1.31686 6.6203 37
      vertex -0.79987 4.02122 37
      vertex -0.881051 6.69225 37
    endloop
  endfacet
  facet normal 0 0 1
    outer loop
      vertex -0.79987 4.02122 37
      vertex -1.31686 6.6203 37
      vertex -1.06116 3.9603 37
    endloop
  endfacet
  facet normal -0 0 1
    outer loop
      vertex -1.74703 6.52 37
      vertex -1.06116 3.9603 37
      vertex -1.31686 6.6203 37
    endloop
  endfacet
  facet normal 0 0 1
    outer loop
      vertex -1.06116 3.9603 37
      vertex -1.74703 6.52 37
      vertex -1.3179 3.88241 37
    endloop
  endfacet
  facet normal -0 0 1
    outer loop
      vertex -2.16972 6.39178 37
      vertex -1.3179 3.88241 37
      vertex -1.74703 6.52 37
    endloop
  endfacet
  facet normal 0 0 1
    outer loop
      vertex -1.3179 3.88241 37
      vertex -2.16972 6.39178 37
      vertex -1.569 3.78791 37
    endloop
  endfacet
  facet normal -0 0 1
    outer loop
      vertex -2.58311 6.23619 37
      vertex -1.569 3.78791 37
      vertex -2.16972 6.39178 37
    endloop
  endfacet
  facet normal 0 0 1
    outer loop
      vertex -1.569 3.78791 37
      vertex -2.58311 6.23619 37
      vertex -1.81338 3.67718 37
    endloop
  endfacet
  facet normal -0 0 1
    outer loop
      vertex -2.98545 6.05389 37
      vertex -1.81338 3.67718 37
      vertex -2.58311 6.23619 37
    endloop
  endfacet
  facet normal 0 0 1
    outer loop
      vertex -1.81338 3.67718 37
      vertex -2.98545 6.05389 37
      vertex -2.05 3.5507 37
    endloop
  endfacet
  facet normal -0 0 1
    outer loop
      vertex -3.375 5.84567 37
      vertex -2.05 3.5507 37
      vertex -2.98545 6.05389 37
    endloop
  endfacet
  facet normal 0 0 1
    outer loop
      vertex -2.05 3.5507 37
      vertex -3.375 5.84567 37
      vertex -2.27784 3.40903 37
    endloop
  endfacet
  facet normal -0 0 1
    outer loop
      vertex -3.7501 5.61242 37
      vertex -2.27784 3.40903 37
      vertex -3.375 5.84567 37
    endloop
  endfacet
  facet normal 0 0 1
    outer loop
      vertex -2.27784 3.40903 37
      vertex -3.7501 5.61242 37
      vertex -2.49592 3.25275 37
    endloop
  endfacet
  facet normal -0 0 1
    outer loop
      vertex -4.10914 5.35513 37
      vertex -2.49592 3.25275 37
      vertex -3.7501 5.61242 37
    endloop
  endfacet
  facet normal 0 0 1
    outer loop
      vertex -2.49592 3.25275 37
      vertex -4.10914 5.35513 37
      vertex -2.70332 3.08254 37
    endloop
  endfacet
  facet normal -0 0 1
    outer loop
      vertex -4.45058 5.07492 37
      vertex -2.70332 3.08254 37
      vertex -4.10914 5.35513 37
    endloop
  endfacet
  facet normal 0 0 1
    outer loop
      vertex -2.70332 3.08254 37
      vertex -4.45058 5.07492 37
      vertex -2.89914 2.89914 37
    endloop
  endfacet
  facet normal -0 0 1
    outer loop
      vertex -4.77297 4.77297 37
      vertex -2.89914 2.89914 37
      vertex -4.45058 5.07492 37
    endloop
  endfacet
  facet normal 0 0 1
    outer loop
      vertex -2.89914 2.89914 37
      vertex -4.77297 4.77297 37
      vertex -3.08254 2.70332 37
    endloop
  endfacet
  facet normal -0 0 1
    outer loop
      vertex -5.07492 4.45058 37
      vertex -3.08254 2.70332 37
      vertex -4.77297 4.77297 37
    endloop
  endfacet
  facet normal 0 0 1
    outer loop
      vertex -3.08254 2.70332 37
      vertex -5.07492 4.45058 37
      vertex -3.25275 2.49592 37
    endloop
  endfacet
  facet normal -0 0 1
    outer loop
      vertex -5.35513 4.10914 37
      vertex -3.25275 2.49592 37
      vertex -5.07492 4.45058 37
    endloop
  endfacet
  facet normal 0 0 1
    outer loop
      vertex -3.25275 2.49592 37
      vertex -5.35513 4.10914 37
      vertex -3.40903 2.27784 37
    endloop
  endfacet
  facet normal -0 0 1
    outer loop
      vertex -5.61242 3.7501 37
      vertex -3.40903 2.27784 37
      vertex -5.35513 4.10914 37
    endloop
  endfacet
  facet normal 0 0 1
    outer loop
      vertex -3.40903 2.27784 37
      vertex -5.61242 3.7501 37
      vertex -3.5507 2.05 37
    endloop
  endfacet
  facet normal -0 0 1
    outer loop
      vertex -5.84567 3.375 37
      vertex -3.5507 2.05 37
      vertex -5.61242 3.7501 37
    endloop
  endfacet
  facet normal -0 0 1
    outer loop
      vertex -6.05389 2.98545 37
      vertex -3.67718 1.81338 37
      vertex -5.84567 3.375 37
    endloop
  endfacet
  facet normal 0 0 1
    outer loop
      vertex -3.5507 2.05 37
      vertex -5.84567 3.375 37
      vertex -3.67718 1.81338 37
    endloop
  endfacet
  facet normal 0 0 1
    outer loop
      vertex 6.05389 -2.98545 37
      vertex 3.67718 -1.81338 37
      vertex 5.84567 -3.375 37
    endloop
  endfacet
  facet normal -0 0 1
    outer loop
      vertex 3.5507 -2.05 37
      vertex 5.84567 -3.375 37
      vertex 3.67718 -1.81338 37
    endloop
  endfacet
  facet normal 0 0 1
    outer loop
      vertex 5.84567 -3.375 37
      vertex 3.5507 -2.05 37
      vertex 5.61242 -3.7501 37
    endloop
  endfacet
  facet normal -0 0 1
    outer loop
      vertex 3.40903 -2.27784 37
      vertex 5.61242 -3.7501 37
      vertex 3.5507 -2.05 37
    endloop
  endfacet
  facet normal 0 0 1
    outer loop
      vertex 5.61242 -3.7501 37
      vertex 3.40903 -2.27784 37
      vertex 5.35513 -4.10914 37
    endloop
  endfacet
  facet normal -0 0 1
    outer loop
      vertex 3.25275 -2.49592 37
      vertex 5.35513 -4.10914 37
      vertex 3.40903 -2.27784 37
    endloop
  endfacet
  facet normal 0 0 1
    outer loop
      vertex 5.35513 -4.10914 37
      vertex 3.25275 -2.49592 37
      vertex 5.07492 -4.45058 37
    endloop
  endfacet
  facet normal -0 0 1
    outer loop
      vertex 3.08254 -2.70332 37
      vertex 5.07492 -4.45058 37
      vertex 3.25275 -2.49592 37
    endloop
  endfacet
  facet normal 0 0 1
    outer loop
      vertex 5.07492 -4.45058 37
      vertex 3.08254 -2.70332 37
      vertex 4.77297 -4.77297 37
    endloop
  endfacet
  facet normal -0 0 1
    outer loop
      vertex 2.89914 -2.89914 37
      vertex 4.77297 -4.77297 37
      vertex 3.08254 -2.70332 37
    endloop
  endfacet
  facet normal 0 0 1
    outer loop
      vertex 4.77297 -4.77297 37
      vertex 2.89914 -2.89914 37
      vertex 4.45058 -5.07492 37
    endloop
  endfacet
  facet normal -0 0 1
    outer loop
      vertex 2.70332 -3.08254 37
      vertex 4.45058 -5.07492 37
      vertex 2.89914 -2.89914 37
    endloop
  endfacet
  facet normal 0 0 1
    outer loop
      vertex 4.45058 -5.07492 37
      vertex 2.70332 -3.08254 37
      vertex 4.10914 -5.35513 37
    endloop
  endfacet
  facet normal -0 0 1
    outer loop
      vertex 2.49592 -3.25275 37
      vertex 4.10914 -5.35513 37
      vertex 2.70332 -3.08254 37
    endloop
  endfacet
  facet normal 0 0 1
    outer loop
      vertex 4.10914 -5.35513 37
      vertex 2.49592 -3.25275 37
      vertex 3.7501 -5.61242 37
    endloop
  endfacet
  facet normal -0 0 1
    outer loop
      vertex 2.27784 -3.40903 37
      vertex 3.7501 -5.61242 37
      vertex 2.49592 -3.25275 37
    endloop
  endfacet
  facet normal 0 0 1
    outer loop
      vertex 3.7501 -5.61242 37
      vertex 2.27784 -3.40903 37
      vertex 3.375 -5.84567 37
    endloop
  endfacet
  facet normal -0 0 1
    outer loop
      vertex 2.05 -3.5507 37
      vertex 3.375 -5.84567 37
      vertex 2.27784 -3.40903 37
    endloop
  endfacet
  facet normal 0 0 1
    outer loop
      vertex 3.375 -5.84567 37
      vertex 2.05 -3.5507 37
      vertex 2.98545 -6.05389 37
    endloop
  endfacet
  facet normal -0 0 1
    outer loop
      vertex 1.81338 -3.67718 37
      vertex 2.98545 -6.05389 37
      vertex 2.05 -3.5507 37
    endloop
  endfacet
  facet normal 0 0 1
    outer loop
      vertex 2.98545 -6.05389 37
      vertex 1.81338 -3.67718 37
      vertex 2.58311 -6.23619 37
    endloop
  endfacet
  facet normal -0 0 1
    outer loop
      vertex 1.569 -3.78791 37
      vertex 2.58311 -6.23619 37
      vertex 1.81338 -3.67718 37
    endloop
  endfacet
  facet normal 0 0 1
    outer loop
      vertex 2.58311 -6.23619 37
      vertex 1.569 -3.78791 37
      vertex 2.16972 -6.39178 37
    endloop
  endfacet
  facet normal -0 0 1
    outer loop
      vertex 1.3179 -3.88241 37
      vertex 2.16972 -6.39178 37
      vertex 1.569 -3.78791 37
    endloop
  endfacet
  facet normal 0 0 1
    outer loop
      vertex 2.16972 -6.39178 37
      vertex 1.3179 -3.88241 37
      vertex 1.74703 -6.52 37
    endloop
  endfacet
  facet normal -0 0 1
    outer loop
      vertex 1.06116 -3.9603 37
      vertex 1.74703 -6.52 37
      vertex 1.3179 -3.88241 37
    endloop
  endfacet
  facet normal 0 0 1
    outer loop
      vertex 1.74703 -6.52 37
      vertex 1.06116 -3.9603 37
      vertex 1.31686 -6.6203 37
    endloop
  endfacet
  facet normal -0 0 1
    outer loop
      vertex 0.79987 -4.02122 37
      vertex 1.31686 -6.6203 37
      vertex 1.06116 -3.9603 37
    endloop
  endfacet
  facet normal 0 0 1
    outer loop
      vertex 1.31686 -6.6203 37
      vertex 0.79987 -4.02122 37
      vertex 0.881051 -6.69225 37
    endloop
  endfacet
  facet normal -0 0 1
    outer loop
      vertex 0.535157 -4.06492 37
      vertex 0.881051 -6.69225 37
      vertex 0.79987 -4.02122 37
    endloop
  endfacet
  facet normal 0 0 1
    outer loop
      vertex 0.535157 -4.06492 37
      vertex 0.441471 -6.73555 37
      vertex 0.881051 -6.69225 37
    endloop
  endfacet
  facet normal -0 0 1
    outer loop
      vertex 0.268152 -4.09122 37
      vertex 0.441471 -6.73555 37
      vertex 0.535157 -4.06492 37
    endloop
  endfacet
  facet normal -0 0 1
    outer loop
      vertex 0 -4.1 37
      vertex 0.441471 -6.73555 37
      vertex 0.268152 -4.09122 37
    endloop
  endfacet
  facet normal 0 0 1
    outer loop
      vertex 0 -4.1 37
      vertex 0 -6.75 37
      vertex 0.441471 -6.73555 37
    endloop
  endfacet
  facet normal 0 0 1
    outer loop
      vertex -0.268152 -4.09122 37
      vertex 0 -6.75 37
      vertex 0 -4.1 37
    endloop
  endfacet
  facet normal 0 0 1
    outer loop
      vertex -0.268152 -4.09122 37
      vertex -0.441471 -6.73555 37
      vertex 0 -6.75 37
    endloop
  endfacet
  facet normal 0 0 1
    outer loop
      vertex -0.535157 -4.06492 37
      vertex -0.441471 -6.73555 37
      vertex -0.268152 -4.09122 37
    endloop
  endfacet
  facet normal 0 0 1
    outer loop
      vertex -0.881051 -6.69225 37
      vertex -0.535157 -4.06492 37
      vertex -0.79987 -4.02122 37
    endloop
  endfacet
  facet normal 0 0 1
    outer loop
      vertex -0.535157 -4.06492 37
      vertex -0.881051 -6.69225 37
      vertex -0.441471 -6.73555 37
    endloop
  endfacet
  facet normal 0 0 1
    outer loop
      vertex -1.31686 -6.6203 37
      vertex -0.79987 -4.02122 37
      vertex -1.06116 -3.9603 37
    endloop
  endfacet
  facet normal 0 0 1
    outer loop
      vertex -0.79987 -4.02122 37
      vertex -1.31686 -6.6203 37
      vertex -0.881051 -6.69225 37
    endloop
  endfacet
  facet normal 0 0 1
    outer loop
      vertex -1.74703 -6.52 37
      vertex -1.06116 -3.9603 37
      vertex -1.3179 -3.88241 37
    endloop
  endfacet
  facet normal 0 0 1
    outer loop
      vertex -2.16972 -6.39178 37
      vertex -1.3179 -3.88241 37
      vertex -1.569 -3.78791 37
    endloop
  endfacet
  facet normal 0 0 1
    outer loop
      vertex -1.06116 -3.9603 37
      vertex -1.74703 -6.52 37
      vertex -1.31686 -6.6203 37
    endloop
  endfacet
  facet normal 0 0 1
    outer loop
      vertex -2.58311 -6.23619 37
      vertex -1.569 -3.78791 37
      vertex -1.81338 -3.67718 37
    endloop
  endfacet
  facet normal 0 0 1
    outer loop
      vertex -2.98545 -6.05389 37
      vertex -1.81338 -3.67718 37
      vertex -2.05 -3.5507 37
    endloop
  endfacet
  facet normal 0 0 1
    outer loop
      vertex -1.3179 -3.88241 37
      vertex -2.16972 -6.39178 37
      vertex -1.74703 -6.52 37
    endloop
  endfacet
  facet normal 0 0 1
    outer loop
      vertex -3.375 -5.84567 37
      vertex -2.05 -3.5507 37
      vertex -2.27784 -3.40903 37
    endloop
  endfacet
  facet normal 0 0 1
    outer loop
      vertex -3.7501 -5.61242 37
      vertex -2.27784 -3.40903 37
      vertex -2.49592 -3.25275 37
    endloop
  endfacet
  facet normal 0 0 1
    outer loop
      vertex -1.569 -3.78791 37
      vertex -2.58311 -6.23619 37
      vertex -2.16972 -6.39178 37
    endloop
  endfacet
  facet normal 0 0 1
    outer loop
      vertex -4.10914 -5.35513 37
      vertex -2.49592 -3.25275 37
      vertex -2.70332 -3.08254 37
    endloop
  endfacet
  facet normal 0 0 1
    outer loop
      vertex -4.45058 -5.07492 37
      vertex -2.70332 -3.08254 37
      vertex -2.89914 -2.89914 37
    endloop
  endfacet
  facet normal 0 0 1
    outer loop
      vertex -1.81338 -3.67718 37
      vertex -2.98545 -6.05389 37
      vertex -2.58311 -6.23619 37
    endloop
  endfacet
  facet normal 0 0 1
    outer loop
      vertex -4.77297 -4.77297 37
      vertex -2.89914 -2.89914 37
      vertex -3.08254 -2.70332 37
    endloop
  endfacet
  facet normal 0 0 1
    outer loop
      vertex -5.07492 -4.45058 37
      vertex -3.08254 -2.70332 37
      vertex -3.25275 -2.49592 37
    endloop
  endfacet
  facet normal 0 0 1
    outer loop
      vertex -2.05 -3.5507 37
      vertex -3.375 -5.84567 37
      vertex -2.98545 -6.05389 37
    endloop
  endfacet
  facet normal 0 0 1
    outer loop
      vertex -5.35513 -4.10914 37
      vertex -3.25275 -2.49592 37
      vertex -3.40903 -2.27784 37
    endloop
  endfacet
  facet normal 0 0 1
    outer loop
      vertex -5.61242 -3.7501 37
      vertex -3.40903 -2.27784 37
      vertex -3.5507 -2.05 37
    endloop
  endfacet
  facet normal 0 0 1
    outer loop
      vertex -5.84567 -3.375 37
      vertex -3.5507 -2.05 37
      vertex -3.67718 -1.81338 37
    endloop
  endfacet
  facet normal 0 0 1
    outer loop
      vertex -2.27784 -3.40903 37
      vertex -3.7501 -5.61242 37
      vertex -3.375 -5.84567 37
    endloop
  endfacet
  facet normal 0 0 1
    outer loop
      vertex -6.05389 -2.98545 37
      vertex -3.67718 -1.81338 37
      vertex -3.78791 -1.569 37
    endloop
  endfacet
  facet normal 0 0 1
    outer loop
      vertex -6.23619 -2.58311 37
      vertex -3.78791 -1.569 37
      vertex -3.88241 -1.3179 37
    endloop
  endfacet
  facet normal 0 0 1
    outer loop
      vertex -6.39178 -2.16972 37
      vertex -3.88241 -1.3179 37
      vertex -3.9603 -1.06116 37
    endloop
  endfacet
  facet normal 0 0 1
    outer loop
      vertex -6.52 -1.74703 37
      vertex -3.9603 -1.06116 37
      vertex -4.02122 -0.79987 37
    endloop
  endfacet
  facet normal 0 0 1
    outer loop
      vertex -6.6203 -1.31686 37
      vertex -4.02122 -0.79987 37
      vertex -4.06492 -0.535157 37
    endloop
  endfacet
  facet normal 0 0 1
    outer loop
      vertex -6.69225 -0.881051 37
      vertex -4.06492 -0.535157 37
      vertex -4.09122 -0.268152 37
    endloop
  endfacet
  facet normal 0 0 1
    outer loop
      vertex -2.49592 -3.25275 37
      vertex -4.10914 -5.35513 37
      vertex -3.7501 -5.61242 37
    endloop
  endfacet
  facet normal 0 0 1
    outer loop
      vertex -6.73555 -0.441471 37
      vertex -4.09122 -0.268152 37
      vertex -4.1 0 37
    endloop
  endfacet
  facet normal 0 0 1
    outer loop
      vertex -3.67718 1.81338 37
      vertex -6.05389 2.98545 37
      vertex -3.78791 1.569 37
    endloop
  endfacet
  facet normal -0 0 1
    outer loop
      vertex -6.23619 2.58311 37
      vertex -3.78791 1.569 37
      vertex -6.05389 2.98545 37
    endloop
  endfacet
  facet normal 0 0 1
    outer loop
      vertex -2.70332 -3.08254 37
      vertex -4.45058 -5.07492 37
      vertex -4.10914 -5.35513 37
    endloop
  endfacet
  facet normal 0 0 1
    outer loop
      vertex -3.78791 1.569 37
      vertex -6.23619 2.58311 37
      vertex -3.88241 1.3179 37
    endloop
  endfacet
  facet normal 0 0 1
    outer loop
      vertex -2.89914 -2.89914 37
      vertex -4.77297 -4.77297 37
      vertex -4.45058 -5.07492 37
    endloop
  endfacet
  facet normal -0 0 1
    outer loop
      vertex -6.39178 2.16972 37
      vertex -3.88241 1.3179 37
      vertex -6.23619 2.58311 37
    endloop
  endfacet
  facet normal 0 0 1
    outer loop
      vertex -3.08254 -2.70332 37
      vertex -5.07492 -4.45058 37
      vertex -4.77297 -4.77297 37
    endloop
  endfacet
  facet normal 0 0 1
    outer loop
      vertex -3.88241 1.3179 37
      vertex -6.39178 2.16972 37
      vertex -3.9603 1.06116 37
    endloop
  endfacet
  facet normal 0 0 1
    outer loop
      vertex -3.25275 -2.49592 37
      vertex -5.35513 -4.10914 37
      vertex -5.07492 -4.45058 37
    endloop
  endfacet
  facet normal -0 0 1
    outer loop
      vertex -6.52 1.74703 37
      vertex -3.9603 1.06116 37
      vertex -6.39178 2.16972 37
    endloop
  endfacet
  facet normal 0 0 1
    outer loop
      vertex -3.40903 -2.27784 37
      vertex -5.61242 -3.7501 37
      vertex -5.35513 -4.10914 37
    endloop
  endfacet
  facet normal 0 0 1
    outer loop
      vertex -3.9603 1.06116 37
      vertex -6.52 1.74703 37
      vertex -4.02122 0.79987 37
    endloop
  endfacet
  facet normal 0 0 1
    outer loop
      vertex -3.5507 -2.05 37
      vertex -5.84567 -3.375 37
      vertex -5.61242 -3.7501 37
    endloop
  endfacet
  facet normal -0 0 1
    outer loop
      vertex -6.6203 1.31686 37
      vertex -4.02122 0.79987 37
      vertex -6.52 1.74703 37
    endloop
  endfacet
  facet normal 0 0 1
    outer loop
      vertex -3.67718 -1.81338 37
      vertex -6.05389 -2.98545 37
      vertex -5.84567 -3.375 37
    endloop
  endfacet
  facet normal 0 0 1
    outer loop
      vertex -4.02122 0.79987 37
      vertex -6.6203 1.31686 37
      vertex -4.06492 0.535157 37
    endloop
  endfacet
  facet normal 0 0 1
    outer loop
      vertex -3.78791 -1.569 37
      vertex -6.23619 -2.58311 37
      vertex -6.05389 -2.98545 37
    endloop
  endfacet
  facet normal -0 0 1
    outer loop
      vertex -6.69225 0.881051 37
      vertex -4.06492 0.535157 37
      vertex -6.6203 1.31686 37
    endloop
  endfacet
  facet normal 0 0 1
    outer loop
      vertex -3.88241 -1.3179 37
      vertex -6.39178 -2.16972 37
      vertex -6.23619 -2.58311 37
    endloop
  endfacet
  facet normal 0 0 1
    outer loop
      vertex -4.06492 0.535157 37
      vertex -6.69225 0.881051 37
      vertex -4.09122 0.268152 37
    endloop
  endfacet
  facet normal 0 0 1
    outer loop
      vertex -3.9603 -1.06116 37
      vertex -6.52 -1.74703 37
      vertex -6.39178 -2.16972 37
    endloop
  endfacet
  facet normal -0 0 1
    outer loop
      vertex -6.73555 0.441471 37
      vertex -4.09122 0.268152 37
      vertex -6.69225 0.881051 37
    endloop
  endfacet
  facet normal 0 0 1
    outer loop
      vertex -4.02122 -0.79987 37
      vertex -6.6203 -1.31686 37
      vertex -6.52 -1.74703 37
    endloop
  endfacet
  facet normal 0 0 1
    outer loop
      vertex -4.09122 0.268152 37
      vertex -6.73555 0.441471 37
      vertex -4.1 0 37
    endloop
  endfacet
  facet normal 0 0 1
    outer loop
      vertex -4.06492 -0.535157 37
      vertex -6.69225 -0.881051 37
      vertex -6.6203 -1.31686 37
    endloop
  endfacet
  facet normal 0 0 1
    outer loop
      vertex -6.75 0 37
      vertex -4.1 0 37
      vertex -6.73555 0.441471 37
    endloop
  endfacet
  facet normal 0 0 1
    outer loop
      vertex -4.09122 -0.268152 37
      vertex -6.73555 -0.441471 37
      vertex -6.69225 -0.881051 37
    endloop
  endfacet
  facet normal 0 0 1
    outer loop
      vertex -4.1 0 37
      vertex -6.75 0 37
      vertex -6.73555 -0.441471 37
    endloop
  endfacet
  facet normal -0.0980287 0.995184 0
    outer loop
      vertex 0.881051 -6.69225 37
      vertex 0.441471 -6.73555 39
      vertex 0.881051 -6.69225 39
    endloop
  endfacet
  facet normal -0.0980287 0.995184 0
    outer loop
      vertex 0.441471 -6.73555 39
      vertex 0.881051 -6.69225 37
      vertex 0.441471 -6.73555 37
    endloop
  endfacet
  facet normal -0.412711 -0.910862 0
    outer loop
      vertex 2.58311 6.23619 37
      vertex 2.98545 6.05389 39
      vertex 2.58311 6.23619 39
    endloop
  endfacet
  facet normal -0.412711 -0.910862 -0
    outer loop
      vertex 2.98545 6.05389 39
      vertex 2.58311 6.23619 37
      vertex 2.98545 6.05389 37
    endloop
  endfacet
  facet normal -0.849204 0.528064 0
    outer loop
      vertex 5.61242 -3.7501 37
      vertex 5.84567 -3.375 39
      vertex 5.84567 -3.375 37
    endloop
  endfacet
  facet normal -0.849204 0.528064 0
    outer loop
      vertex 5.84567 -3.375 39
      vertex 5.61242 -3.7501 37
      vertex 5.61242 -3.7501 39
    endloop
  endfacet
  facet normal 0.995184 0.0980287 0
    outer loop
      vertex -6.69225 -0.881051 39
      vertex -6.73555 -0.441471 37
      vertex -6.73555 -0.441471 39
    endloop
  endfacet
  facet normal 0.995184 0.0980287 0
    outer loop
      vertex -6.73555 -0.441471 37
      vertex -6.69225 -0.881051 39
      vertex -6.69225 -0.881051 37
    endloop
  endfacet
  facet normal 0.471399 -0.88192 0
    outer loop
      vertex -3.375 5.84567 37
      vertex -2.98545 6.05389 39
      vertex -3.375 5.84567 39
    endloop
  endfacet
  facet normal 0.471399 -0.88192 0
    outer loop
      vertex -2.98545 6.05389 39
      vertex -3.375 5.84567 37
      vertex -2.98545 6.05389 37
    endloop
  endfacet
  facet normal -0.352252 0.935905 0
    outer loop
      vertex 2.58311 -6.23619 37
      vertex 2.16972 -6.39178 39
      vertex 2.58311 -6.23619 39
    endloop
  endfacet
  facet normal -0.352252 0.935905 0
    outer loop
      vertex 2.16972 -6.39178 39
      vertex 2.58311 -6.23619 37
      vertex 2.16972 -6.39178 37
    endloop
  endfacet
  facet normal 0.683591 0.729865 -0
    outer loop
      vertex -4.45058 -5.07492 37
      vertex -4.77297 -4.77297 39
      vertex -4.45058 -5.07492 39
    endloop
  endfacet
  facet normal 0.683591 0.729865 0
    outer loop
      vertex -4.77297 -4.77297 39
      vertex -4.45058 -5.07492 37
      vertex -4.77297 -4.77297 37
    endloop
  endfacet
  facet normal 0.956941 -0.290281 0
    outer loop
      vertex -6.52 1.74703 39
      vertex -6.39178 2.16972 37
      vertex -6.39178 2.16972 39
    endloop
  endfacet
  facet normal 0.956941 -0.290281 0
    outer loop
      vertex -6.39178 2.16972 37
      vertex -6.52 1.74703 39
      vertex -6.52 1.74703 37
    endloop
  endfacet
  facet normal 0.0980287 0.995184 -0
    outer loop
      vertex -0.441471 -6.73555 37
      vertex -0.881051 -6.69225 39
      vertex -0.441471 -6.73555 39
    endloop
  endfacet
  facet normal 0.0980287 0.995184 0
    outer loop
      vertex -0.881051 -6.69225 39
      vertex -0.441471 -6.73555 37
      vertex -0.881051 -6.69225 37
    endloop
  endfacet
  facet normal 0.528064 0.849204 -0
    outer loop
      vertex -3.375 -5.84567 37
      vertex -3.7501 -5.61242 39
      vertex -3.375 -5.84567 39
    endloop
  endfacet
  facet normal 0.528064 0.849204 0
    outer loop
      vertex -3.7501 -5.61242 39
      vertex -3.375 -5.84567 37
      vertex -3.7501 -5.61242 37
    endloop
  endfacet
  facet normal -0.16289 -0.986644 0
    outer loop
      vertex 0.881051 6.69225 37
      vertex 1.31686 6.6203 39
      vertex 0.881051 6.69225 39
    endloop
  endfacet
  facet normal -0.16289 -0.986644 -0
    outer loop
      vertex 1.31686 6.6203 39
      vertex 0.881051 6.69225 37
      vertex 1.31686 6.6203 37
    endloop
  endfacet
  facet normal -0.910862 -0.412711 0
    outer loop
      vertex 6.23619 2.58311 37
      vertex 6.05389 2.98545 39
      vertex 6.05389 2.98545 37
    endloop
  endfacet
  facet normal -0.910862 -0.412711 0
    outer loop
      vertex 6.05389 2.98545 39
      vertex 6.23619 2.58311 37
      vertex 6.23619 2.58311 39
    endloop
  endfacet
  facet normal 0.412711 0.910862 -0
    outer loop
      vertex -2.58311 -6.23619 37
      vertex -2.98545 -6.05389 39
      vertex -2.58311 -6.23619 39
    endloop
  endfacet
  facet normal 0.412711 0.910862 0
    outer loop
      vertex -2.98545 -6.05389 39
      vertex -2.58311 -6.23619 37
      vertex -2.98545 -6.05389 37
    endloop
  endfacet
  facet normal 0.849204 0.528064 0
    outer loop
      vertex -5.61242 -3.7501 39
      vertex -5.84567 -3.375 37
      vertex -5.84567 -3.375 39
    endloop
  endfacet
  facet normal 0.849204 0.528064 0
    outer loop
      vertex -5.84567 -3.375 37
      vertex -5.61242 -3.7501 39
      vertex -5.61242 -3.7501 37
    endloop
  endfacet
  facet normal -0.910862 0.412711 0
    outer loop
      vertex 6.05389 -2.98545 37
      vertex 6.23619 -2.58311 39
      vertex 6.23619 -2.58311 37
    endloop
  endfacet
  facet normal -0.910862 0.412711 0
    outer loop
      vertex 6.23619 -2.58311 39
      vertex 6.05389 -2.98545 37
      vertex 6.05389 -2.98545 39
    endloop
  endfacet
  facet normal 0.63439 -0.773013 0
    outer loop
      vertex -4.45058 5.07492 37
      vertex -4.10914 5.35513 39
      vertex -4.45058 5.07492 39
    endloop
  endfacet
  facet normal 0.63439 -0.773013 0
    outer loop
      vertex -4.10914 5.35513 39
      vertex -4.45058 5.07492 37
      vertex -4.10914 5.35513 37
    endloop
  endfacet
  facet normal 0.032714 0.999465 -0
    outer loop
      vertex 0 -6.75 37
      vertex -0.441471 -6.73555 39
      vertex 0 -6.75 39
    endloop
  endfacet
  facet normal 0.032714 0.999465 0
    outer loop
      vertex -0.441471 -6.73555 39
      vertex 0 -6.75 37
      vertex -0.441471 -6.73555 37
    endloop
  endfacet
  facet normal 0.973878 0.227073 0
    outer loop
      vertex -6.52 -1.74703 39
      vertex -6.6203 -1.31686 37
      vertex -6.6203 -1.31686 39
    endloop
  endfacet
  facet normal 0.973878 0.227073 0
    outer loop
      vertex -6.6203 -1.31686 37
      vertex -6.52 -1.74703 39
      vertex -6.52 -1.74703 37
    endloop
  endfacet
  facet normal -0.88192 0.471399 0
    outer loop
      vertex 5.84567 -3.375 37
      vertex 6.05389 -2.98545 39
      vertex 6.05389 -2.98545 37
    endloop
  endfacet
  facet normal -0.88192 0.471399 0
    outer loop
      vertex 6.05389 -2.98545 39
      vertex 5.84567 -3.375 37
      vertex 5.84567 -3.375 39
    endloop
  endfacet
  facet normal 0.227073 0.973878 -0
    outer loop
      vertex -1.31686 -6.6203 37
      vertex -1.74703 -6.52 39
      vertex -1.31686 -6.6203 39
    endloop
  endfacet
  facet normal 0.227073 0.973878 0
    outer loop
      vertex -1.74703 -6.52 39
      vertex -1.31686 -6.6203 37
      vertex -1.74703 -6.52 37
    endloop
  endfacet
  facet normal 0.999465 -0.032714 0
    outer loop
      vertex -6.75 0 39
      vertex -6.73555 0.441471 37
      vertex -6.73555 0.441471 39
    endloop
  endfacet
  facet normal 0.999465 -0.032714 0
    outer loop
      vertex -6.73555 0.441471 37
      vertex -6.75 0 39
      vertex -6.75 0 37
    endloop
  endfacet
  facet normal -0.773013 0.63439 0
    outer loop
      vertex 5.07492 -4.45058 37
      vertex 5.35513 -4.10914 39
      vertex 5.35513 -4.10914 37
    endloop
  endfacet
  facet normal -0.773013 0.63439 0
    outer loop
      vertex 5.35513 -4.10914 39
      vertex 5.07492 -4.45058 37
      vertex 5.07492 -4.45058 39
    endloop
  endfacet
  facet normal -0.956941 0.290281 0
    outer loop
      vertex 6.39178 -2.16972 37
      vertex 6.52 -1.74703 39
      vertex 6.52 -1.74703 37
    endloop
  endfacet
  facet normal -0.956941 0.290281 0
    outer loop
      vertex 6.52 -1.74703 39
      vertex 6.39178 -2.16972 37
      vertex 6.39178 -2.16972 39
    endloop
  endfacet
  facet normal 0.290281 -0.956941 0
    outer loop
      vertex -2.16972 6.39178 37
      vertex -1.74703 6.52 39
      vertex -2.16972 6.39178 39
    endloop
  endfacet
  facet normal 0.290281 -0.956941 0
    outer loop
      vertex -1.74703 6.52 39
      vertex -2.16972 6.39178 37
      vertex -1.74703 6.52 37
    endloop
  endfacet
  facet normal -0.412711 0.910862 0
    outer loop
      vertex 2.98545 -6.05389 37
      vertex 2.58311 -6.23619 39
      vertex 2.98545 -6.05389 39
    endloop
  endfacet
  facet normal -0.412711 0.910862 0
    outer loop
      vertex 2.58311 -6.23619 39
      vertex 2.98545 -6.05389 37
      vertex 2.58311 -6.23619 37
    endloop
  endfacet
  facet normal 0.910862 -0.412711 0
    outer loop
      vertex -6.23619 2.58311 39
      vertex -6.05389 2.98545 37
      vertex -6.05389 2.98545 39
    endloop
  endfacet
  facet normal 0.910862 -0.412711 0
    outer loop
      vertex -6.05389 2.98545 37
      vertex -6.23619 2.58311 39
      vertex -6.23619 2.58311 37
    endloop
  endfacet
  facet normal 0.227073 -0.973878 0
    outer loop
      vertex -1.74703 6.52 37
      vertex -1.31686 6.6203 39
      vertex -1.74703 6.52 39
    endloop
  endfacet
  facet normal 0.227073 -0.973878 0
    outer loop
      vertex -1.31686 6.6203 39
      vertex -1.74703 6.52 37
      vertex -1.31686 6.6203 37
    endloop
  endfacet
  facet normal 0.956941 0.290281 0
    outer loop
      vertex -6.39178 -2.16972 39
      vertex -6.52 -1.74703 37
      vertex -6.52 -1.74703 39
    endloop
  endfacet
  facet normal 0.956941 0.290281 0
    outer loop
      vertex -6.52 -1.74703 37
      vertex -6.39178 -2.16972 39
      vertex -6.39178 -2.16972 37
    endloop
  endfacet
  facet normal 0.471399 0.88192 -0
    outer loop
      vertex -2.98545 -6.05389 37
      vertex -3.375 -5.84567 39
      vertex -2.98545 -6.05389 39
    endloop
  endfacet
  facet normal 0.471399 0.88192 0
    outer loop
      vertex -3.375 -5.84567 39
      vertex -2.98545 -6.05389 37
      vertex -3.375 -5.84567 37
    endloop
  endfacet
  facet normal -0.956951 0 0.29025
    outer loop
      vertex 1.3257 -3.87948 31.55
      vertex 1.3523 -10.9141 31.6377
      vertex 1.3523 -3.86947 31.6377
    endloop
  endfacet
  facet normal -0.956951 0 0.29025
    outer loop
      vertex 1.3523 -10.9141 31.6377
      vertex 1.3257 -3.87948 31.55
      vertex 1.3257 -10.9167 31.55
    endloop
  endfacet
  facet normal -0.995177 0 -0.0980976
    outer loop
      vertex 1.397 -10.9097 32.0916
      vertex 1.38802 -3.85602 32.1827
      vertex 1.397 -3.85264 32.0916
    endloop
  endfacet
  facet normal -0.995177 -0 -0.0980976
    outer loop
      vertex 1.38802 -3.85602 32.1827
      vertex 1.397 -10.9097 32.0916
      vertex 1.38802 -10.9106 32.1827
    endloop
  endfacet
  facet normal -0.999464 0 -0.0327335
    outer loop
      vertex 1.4 -10.9094 32
      vertex 1.397 -3.85264 32.0916
      vertex 1.4 -3.85151 32
    endloop
  endfacet
  facet normal -0.999464 -0 -0.0327335
    outer loop
      vertex 1.397 -3.85264 32.0916
      vertex 1.4 -10.9094 32
      vertex 1.397 -10.9097 32.0916
    endloop
  endfacet
  facet normal -0.881914 0 0.471409
    outer loop
      vertex 1.21243 -3.91441 31.3
      vertex 1.25562 -10.9236 31.3808
      vertex 1.25562 -3.90131 31.3808
    endloop
  endfacet
  facet normal -0.881914 0 0.471409
    outer loop
      vertex 1.25562 -10.9236 31.3808
      vertex 1.21243 -3.91441 31.3
      vertex 1.21243 -10.9279 31.3
    endloop
  endfacet
  facet normal 0.986652 0 -0.162841
    outer loop
      vertex -1.3731 -3.86164 32.2731
      vertex -1.38802 -10.9106 32.1827
      vertex -1.38802 -3.85602 32.1827
    endloop
  endfacet
  facet normal 0.986652 0 -0.162841
    outer loop
      vertex -1.38802 -10.9106 32.1827
      vertex -1.3731 -3.86164 32.2731
      vertex -1.3731 -10.9121 32.2731
    endloop
  endfacet
  facet normal 0.77274 -0 0.634723
    outer loop
      vertex -1.11069 -10.9379 31.1477
      vertex -1.06116 -3.9603 31.0874
      vertex -1.11069 -3.94527 31.1477
    endloop
  endfacet
  facet normal 0.774349 -2.83949e-05 0.632759
    outer loop
      vertex -1.11069 -10.9379 31.1477
      vertex -1.05258 -3.9623 31.0769
      vertex -1.06116 -3.9603 31.0874
    endloop
  endfacet
  facet normal 0.772979 0 0.634432
    outer loop
      vertex -1.05258 -3.9623 31.0769
      vertex -1.11069 -10.9379 31.1477
      vertex -1.05258 -10.9436 31.0769
    endloop
  endfacet
  facet normal -0.77274 0 0.634723
    outer loop
      vertex 1.06116 -3.9603 31.0874
      vertex 1.11069 -10.9379 31.1477
      vertex 1.11069 -3.94527 31.1477
    endloop
  endfacet
  facet normal -0.774349 -2.83949e-05 0.632759
    outer loop
      vertex 1.05258 -3.9623 31.0769
      vertex 1.11069 -10.9379 31.1477
      vertex 1.06116 -3.9603 31.0874
    endloop
  endfacet
  facet normal -0.772979 0 0.634432
    outer loop
      vertex 1.11069 -10.9379 31.1477
      vertex 1.05258 -3.9623 31.0769
      vertex 1.05258 -10.9436 31.0769
    endloop
  endfacet
  facet normal 0.0327463 -0 0.999464
    outer loop
      vertex -0.0915642 -10.997 30.603
      vertex 0 -4.1 30.6
      vertex -0.0915642 -4.097 30.603
    endloop
  endfacet
  facet normal 0.0327463 0 0.999464
    outer loop
      vertex 0 -4.1 30.6
      vertex -0.0915642 -10.997 30.603
      vertex 0 -11 30.6
    endloop
  endfacet
  facet normal -0.986652 0 -0.162841
    outer loop
      vertex 1.38802 -10.9106 32.1827
      vertex 1.3731 -3.86164 32.2731
      vertex 1.38802 -3.85602 32.1827
    endloop
  endfacet
  facet normal -0.986652 -0 -0.162841
    outer loop
      vertex 1.3731 -3.86164 32.2731
      vertex 1.38802 -10.9106 32.1827
      vertex 1.3731 -10.9121 32.2731
    endloop
  endfacet
  facet normal 0.58275 0 -0.812652
    outer loop
      vertex -0.852265 -10.9634 33.1107
      vertex -0.777798 -4.02486 33.1641
      vertex -0.777798 -10.9707 33.1641
    endloop
  endfacet
  facet normal 0.584499 -2.84562e-05 -0.811394
    outer loop
      vertex -0.777798 -4.02486 33.1641
      vertex -0.852265 -10.9634 33.1107
      vertex -0.79987 -4.02122 33.1482
    endloop
  endfacet
  facet normal 0.582009 0 -0.813183
    outer loop
      vertex -0.79987 -4.02122 33.1482
      vertex -0.852265 -10.9634 33.1107
      vertex -0.852265 -4.009 33.1107
    endloop
  endfacet
  facet normal 0.881914 0 -0.471409
    outer loop
      vertex -1.21243 -3.91441 32.7
      vertex -1.25562 -10.9236 32.6192
      vertex -1.25562 -3.90131 32.6192
    endloop
  endfacet
  facet normal 0.881914 0 -0.471409
    outer loop
      vertex -1.25562 -10.9236 32.6192
      vertex -1.21243 -3.91441 32.7
      vertex -1.21243 -10.9279 32.7
    endloop
  endfacet
  facet normal -0.63427 0 0.773111
    outer loop
      vertex 0.852265 -4.009 30.8893
      vertex 0.923083 -10.9564 30.9474
      vertex 0.923083 -3.99249 30.9474
    endloop
  endfacet
  facet normal -0.63427 0 0.773111
    outer loop
      vertex 0.923083 -10.9564 30.9474
      vertex 0.852265 -4.009 30.8893
      vertex 0.852265 -10.9634 30.8893
    endloop
  endfacet
  facet normal -0.910774 0 0.412906
    outer loop
      vertex 1.25562 -3.90131 31.3808
      vertex 1.29343 -10.9199 31.4642
      vertex 1.29343 -3.88984 31.4642
    endloop
  endfacet
  facet normal -0.910774 0 0.412906
    outer loop
      vertex 1.29343 -10.9199 31.4642
      vertex 1.25562 -3.90131 31.3808
      vertex 1.25562 -10.9236 31.3808
    endloop
  endfacet
  facet normal -0.447811 0 -0.894128
    outer loop
      vertex 0.535756 -10.9825 33.2934
      vertex 0.535157 -4.06492 33.2937
      vertex 0.535756 -4.06482 33.2934
    endloop
  endfacet
  facet normal -0.352531 -0 -0.9358
    outer loop
      vertex 0.450015 -4.07331 33.3257
      vertex 0.535756 -10.9825 33.2934
      vertex 0.450015 -10.9853 33.3257
    endloop
  endfacet
  facet normal -0.351816 1.01312e-05 -0.936069
    outer loop
      vertex 0.535756 -10.9825 33.2934
      vertex 0.450015 -4.07331 33.3257
      vertex 0.535157 -4.06492 33.2937
    endloop
  endfacet
  facet normal -0.684017 -0 -0.729466
    outer loop
      vertex 0.923083 -3.99249 33.0526
      vertex 0.989949 -10.9498 32.9899
      vertex 0.923083 -10.9564 33.0526
    endloop
  endfacet
  facet normal -0.684017 0 -0.729466
    outer loop
      vertex 0.989949 -10.9498 32.9899
      vertex 0.923083 -3.99249 33.0526
      vertex 0.989949 -3.9769 32.9899
    endloop
  endfacet
  facet normal -0.527454 0 0.849583
    outer loop
      vertex 0.7 -4.03771 30.7876
      vertex 0.777798 -10.9707 30.8359
      vertex 0.777798 -4.02486 30.8359
    endloop
  endfacet
  facet normal -0.527454 0 0.849583
    outer loop
      vertex 0.7 -10.9771 30.7876
      vertex 0.777798 -10.9707 30.8359
      vertex 0.7 -4.03771 30.7876
    endloop
  endfacet
  facet normal -0.522767 -0.0618492 0.850229
    outer loop
      vertex 0.777798 -10.9707 30.8359
      vertex 0.7 -10.9771 30.7876
      vertex 0.719434 -10.9764 30.7996
    endloop
  endfacet
  facet normal -0.227041 0 0.973885
    outer loop
      vertex 0.273126 -4.09073 30.6269
      vertex 0.362347 -10.9881 30.6477
      vertex 0.362347 -4.08194 30.6477
    endloop
  endfacet
  facet normal -0.227041 0 0.973885
    outer loop
      vertex 0.362347 -10.9881 30.6477
      vertex 0.273126 -4.09073 30.6269
      vertex 0.273126 -10.9911 30.6269
    endloop
  endfacet
  facet normal 0.584499 -2.84562e-05 0.811394
    outer loop
      vertex -0.852265 -10.9634 30.8893
      vertex -0.777798 -4.02486 30.8359
      vertex -0.79987 -4.02122 30.8518
    endloop
  endfacet
  facet normal 0.582009 -0 0.813183
    outer loop
      vertex -0.852265 -10.9634 30.8893
      vertex -0.79987 -4.02122 30.8518
      vertex -0.852265 -4.009 30.8893
    endloop
  endfacet
  facet normal 0.58275 0 0.812652
    outer loop
      vertex -0.777798 -4.02486 30.8359
      vertex -0.852265 -10.9634 30.8893
      vertex -0.777798 -10.9707 30.8359
    endloop
  endfacet
  facet normal -0.471513 -0 -0.881859
    outer loop
      vertex 0.619204 -4.05105 33.2556
      vertex 0.7 -10.9771 33.2124
      vertex 0.619204 -10.9797 33.2556
    endloop
  endfacet
  facet normal -0.471513 0 -0.881859
    outer loop
      vertex 0.7 -10.9771 33.2124
      vertex 0.619204 -4.05105 33.2556
      vertex 0.7 -4.03771 33.2124
    endloop
  endfacet
  facet normal 0.162646 0 -0.986684
    outer loop
      vertex -0.273126 -10.9911 33.3731
      vertex -0.182736 -4.09402 33.388
      vertex -0.182736 -10.994 33.388
    endloop
  endfacet
  facet normal 0.16287 -3.01431e-06 -0.986648
    outer loop
      vertex -0.182736 -4.09402 33.388
      vertex -0.273126 -10.9911 33.3731
      vertex -0.268152 -4.09122 33.3739
    endloop
  endfacet
  facet normal 0.158796 0 -0.987311
    outer loop
      vertex -0.268152 -4.09122 33.3739
      vertex -0.273126 -10.9911 33.3731
      vertex -0.273126 -4.09073 33.3731
    endloop
  endfacet
  facet normal 0.910774 -0 0.412906
    outer loop
      vertex -1.29343 -10.9199 31.4642
      vertex -1.25562 -3.90131 31.3808
      vertex -1.29343 -3.88984 31.4642
    endloop
  endfacet
  facet normal 0.910774 0 0.412906
    outer loop
      vertex -1.25562 -3.90131 31.3808
      vertex -1.29343 -10.9199 31.4642
      vertex -1.25562 -10.9236 31.3808
    endloop
  endfacet
  facet normal 0.729505 0 -0.683976
    outer loop
      vertex -0.989949 -3.9769 32.9899
      vertex -1.05258 -10.9436 32.9231
      vertex -1.05258 -3.9623 32.9231
    endloop
  endfacet
  facet normal 0.729505 0 -0.683976
    outer loop
      vertex -1.05258 -10.9436 32.9231
      vertex -0.989949 -3.9769 32.9899
      vertex -0.989949 -10.9498 32.9899
    endloop
  endfacet
  facet normal 0.973873 0 -0.227092
    outer loop
      vertex -1.3523 -3.86947 32.3623
      vertex -1.3731 -10.9121 32.2731
      vertex -1.3731 -3.86164 32.2731
    endloop
  endfacet
  facet normal 0.973873 0 -0.227092
    outer loop
      vertex -1.3731 -10.9121 32.2731
      vertex -1.3523 -3.86947 32.3623
      vertex -1.3523 -10.9141 32.3623
    endloop
  endfacet
  facet normal -0.63427 -0 -0.773111
    outer loop
      vertex 0.852265 -4.009 33.1107
      vertex 0.923083 -10.9564 33.0526
      vertex 0.852265 -10.9634 33.1107
    endloop
  endfacet
  facet normal -0.63427 0 -0.773111
    outer loop
      vertex 0.923083 -10.9564 33.0526
      vertex 0.852265 -4.009 33.1107
      vertex 0.923083 -3.99249 33.0526
    endloop
  endfacet
  facet normal 0.684017 0 -0.729466
    outer loop
      vertex -0.989949 -10.9498 32.9899
      vertex -0.923083 -3.99249 33.0526
      vertex -0.923083 -10.9564 33.0526
    endloop
  endfacet
  facet normal 0.684017 0 -0.729466
    outer loop
      vertex -0.923083 -3.99249 33.0526
      vertex -0.989949 -10.9498 32.9899
      vertex -0.989949 -3.9769 32.9899
    endloop
  endfacet
  facet normal -0.582009 0 0.813183
    outer loop
      vertex 0.79987 -4.02122 30.8518
      vertex 0.852265 -10.9634 30.8893
      vertex 0.852265 -4.009 30.8893
    endloop
  endfacet
  facet normal -0.584499 -2.84562e-05 0.811394
    outer loop
      vertex 0.777798 -4.02486 30.8359
      vertex 0.852265 -10.9634 30.8893
      vertex 0.79987 -4.02122 30.8518
    endloop
  endfacet
  facet normal -0.58275 0 0.812652
    outer loop
      vertex 0.852265 -10.9634 30.8893
      vertex 0.777798 -4.02486 30.8359
      vertex 0.777798 -10.9707 30.8359
    endloop
  endfacet
  facet normal -0.582009 0 -0.813183
    outer loop
      vertex 0.852265 -10.9634 33.1107
      vertex 0.79987 -4.02122 33.1482
      vertex 0.852265 -4.009 33.1107
    endloop
  endfacet
  facet normal -0.58275 -0 -0.812652
    outer loop
      vertex 0.777798 -4.02486 33.1641
      vertex 0.852265 -10.9634 33.1107
      vertex 0.777798 -10.9707 33.1641
    endloop
  endfacet
  facet normal -0.584499 -2.84562e-05 -0.811394
    outer loop
      vertex 0.852265 -10.9634 33.1107
      vertex 0.777798 -4.02486 33.1641
      vertex 0.79987 -4.02122 33.1482
    endloop
  endfacet
  facet normal -0.412618 0 0.910904
    outer loop
      vertex 0.535756 -4.06482 30.7066
      vertex 0.619204 -10.9797 30.7444
      vertex 0.619204 -4.05105 30.7444
    endloop
  endfacet
  facet normal -0.412618 0 0.910904
    outer loop
      vertex 0.619204 -10.9797 30.7444
      vertex 0.535756 -4.06482 30.7066
      vertex 0.535756 -10.9825 30.7066
    endloop
  endfacet
  facet normal 0.16287 -3.01431e-06 0.986648
    outer loop
      vertex -0.273126 -10.9911 30.6269
      vertex -0.182736 -4.09402 30.612
      vertex -0.268152 -4.09122 30.6261
    endloop
  endfacet
  facet normal 0.158796 -0 0.987311
    outer loop
      vertex -0.273126 -10.9911 30.6269
      vertex -0.268152 -4.09122 30.6261
      vertex -0.273126 -4.09073 30.6269
    endloop
  endfacet
  facet normal 0.162646 0 0.986684
    outer loop
      vertex -0.182736 -4.09402 30.612
      vertex -0.273126 -10.9911 30.6269
      vertex -0.182736 -10.994 30.612
    endloop
  endfacet
  facet normal 0.0327463 0 -0.999464
    outer loop
      vertex -0.0915642 -10.997 33.397
      vertex 0 -4.1 33.4
      vertex 0 -11 33.4
    endloop
  endfacet
  facet normal 0.0327463 0 -0.999464
    outer loop
      vertex 0 -4.1 33.4
      vertex -0.0915642 -10.997 33.397
      vertex -0.0915642 -4.097 33.397
    endloop
  endfacet
  facet normal 0.63427 0 -0.773111
    outer loop
      vertex -0.923083 -10.9564 33.0526
      vertex -0.852265 -4.009 33.1107
      vertex -0.852265 -10.9634 33.1107
    endloop
  endfacet
  facet normal 0.63427 0 -0.773111
    outer loop
      vertex -0.852265 -4.009 33.1107
      vertex -0.923083 -10.9564 33.0526
      vertex -0.923083 -3.99249 33.0526
    endloop
  endfacet
  facet normal -0.995177 0 0.0980976
    outer loop
      vertex 1.38802 -3.85602 31.8173
      vertex 1.397 -10.9097 31.9084
      vertex 1.397 -3.85264 31.9084
    endloop
  endfacet
  facet normal -0.995177 0 0.0980976
    outer loop
      vertex 1.397 -10.9097 31.9084
      vertex 1.38802 -3.85602 31.8173
      vertex 1.38802 -10.9106 31.8173
    endloop
  endfacet
  facet normal -0.973873 0 -0.227092
    outer loop
      vertex 1.3731 -10.9121 32.2731
      vertex 1.3523 -3.86947 32.3623
      vertex 1.3731 -3.86164 32.2731
    endloop
  endfacet
  facet normal -0.973873 -0 -0.227092
    outer loop
      vertex 1.3523 -3.86947 32.3623
      vertex 1.3731 -10.9121 32.2731
      vertex 1.3523 -10.9141 32.3623
    endloop
  endfacet
  facet normal -0.849247 0 -0.527996
    outer loop
      vertex 1.21243 -10.9279 32.7
      vertex 1.16406 -3.92908 32.7778
      vertex 1.21243 -3.91441 32.7
    endloop
  endfacet
  facet normal -0.849247 -0 -0.527996
    outer loop
      vertex 1.16406 -3.92908 32.7778
      vertex 1.21243 -10.9279 32.7
      vertex 1.16406 -10.9327 32.7778
    endloop
  endfacet
  facet normal 0.227041 -0 0.973885
    outer loop
      vertex -0.362347 -10.9881 30.6477
      vertex -0.273126 -4.09073 30.6269
      vertex -0.362347 -4.08194 30.6477
    endloop
  endfacet
  facet normal 0.227041 0 0.973885
    outer loop
      vertex -0.273126 -4.09073 30.6269
      vertex -0.362347 -10.9881 30.6477
      vertex -0.273126 -10.9911 30.6269
    endloop
  endfacet
  facet normal 0.352531 0 -0.9358
    outer loop
      vertex -0.535756 -10.9825 33.2934
      vertex -0.450015 -4.07331 33.3257
      vertex -0.450015 -10.9853 33.3257
    endloop
  endfacet
  facet normal 0.351816 1.01312e-05 -0.936069
    outer loop
      vertex -0.450015 -4.07331 33.3257
      vertex -0.535756 -10.9825 33.2934
      vertex -0.535157 -4.06492 33.2937
    endloop
  endfacet
  facet normal 0.447811 0 -0.894128
    outer loop
      vertex -0.535157 -4.06492 33.2937
      vertex -0.535756 -10.9825 33.2934
      vertex -0.535756 -4.06482 33.2934
    endloop
  endfacet
  facet normal -0.812929 0 -0.582363
    outer loop
      vertex 1.16406 -10.9327 32.7778
      vertex 1.11069 -3.94527 32.8523
      vertex 1.16406 -3.92908 32.7778
    endloop
  endfacet
  facet normal -0.812929 -0 -0.582363
    outer loop
      vertex 1.11069 -3.94527 32.8523
      vertex 1.16406 -10.9327 32.7778
      vertex 1.11069 -10.9379 32.8523
    endloop
  endfacet
  facet normal -0.471513 0 0.881859
    outer loop
      vertex 0.619204 -4.05105 30.7444
      vertex 0.7 -10.9771 30.7876
      vertex 0.7 -4.03771 30.7876
    endloop
  endfacet
  facet normal -0.471513 0 0.881859
    outer loop
      vertex 0.7 -10.9771 30.7876
      vertex 0.619204 -4.05105 30.7444
      vertex 0.619204 -10.9797 30.7444
    endloop
  endfacet
  facet normal 0.935771 0 -0.352609
    outer loop
      vertex -1.3179 -3.88241 32.4707
      vertex -1.3257 -10.9167 32.45
      vertex -1.3257 -3.87948 32.45
    endloop
  endfacet
  facet normal 0.936057 -2.5563e-06 -0.351848
    outer loop
      vertex -1.29343 -3.88984 32.5358
      vertex -1.3257 -10.9167 32.45
      vertex -1.3179 -3.88241 32.4707
    endloop
  endfacet
  facet normal 0.935988 0 -0.352032
    outer loop
      vertex -1.3257 -10.9167 32.45
      vertex -1.29343 -3.88984 32.5358
      vertex -1.29343 -10.9199 32.5358
    endloop
  endfacet
  facet normal -0.956951 0 -0.29025
    outer loop
      vertex 1.3523 -10.9141 32.3623
      vertex 1.3257 -3.87948 32.45
      vertex 1.3523 -3.86947 32.3623
    endloop
  endfacet
  facet normal -0.956951 -0 -0.29025
    outer loop
      vertex 1.3257 -3.87948 32.45
      vertex 1.3523 -10.9141 32.3623
      vertex 1.3257 -10.9167 32.45
    endloop
  endfacet
  facet normal 0.412618 0 -0.910904
    outer loop
      vertex -0.619204 -10.9797 33.2556
      vertex -0.535756 -4.06482 33.2934
      vertex -0.535756 -10.9825 33.2934
    endloop
  endfacet
  facet normal 0.412618 0 -0.910904
    outer loop
      vertex -0.535756 -4.06482 33.2934
      vertex -0.619204 -10.9797 33.2556
      vertex -0.619204 -4.05105 33.2556
    endloop
  endfacet
  facet normal -0.158796 0 0.987311
    outer loop
      vertex 0.268152 -4.09122 30.6261
      vertex 0.273126 -10.9911 30.6269
      vertex 0.273126 -4.09073 30.6269
    endloop
  endfacet
  facet normal -0.16287 -3.01431e-06 0.986648
    outer loop
      vertex 0.182736 -4.09402 30.612
      vertex 0.273126 -10.9911 30.6269
      vertex 0.268152 -4.09122 30.6261
    endloop
  endfacet
  facet normal -0.162646 0 0.986684
    outer loop
      vertex 0.273126 -10.9911 30.6269
      vertex 0.182736 -4.09402 30.612
      vertex 0.182736 -10.994 30.612
    endloop
  endfacet
  facet normal -0.999464 0 0.0327335
    outer loop
      vertex 1.397 -3.85264 31.9084
      vertex 1.4 -10.9094 32
      vertex 1.4 -3.85151 32
    endloop
  endfacet
  facet normal -0.999464 0 0.0327335
    outer loop
      vertex 1.4 -10.9094 32
      vertex 1.397 -3.85264 31.9084
      vertex 1.397 -10.9097 31.9084
    endloop
  endfacet
  facet normal -0.849247 0 0.527996
    outer loop
      vertex 1.16406 -3.92908 31.2222
      vertex 1.21243 -10.9279 31.3
      vertex 1.21243 -3.91441 31.3
    endloop
  endfacet
  facet normal -0.849247 0 0.527996
    outer loop
      vertex 1.21243 -10.9279 31.3
      vertex 1.16406 -3.92908 31.2222
      vertex 1.16406 -10.9327 31.2222
    endloop
  endfacet
  facet normal -0.447811 0 0.894128
    outer loop
      vertex 0.535157 -4.06492 30.7063
      vertex 0.535756 -10.9825 30.7066
      vertex 0.535756 -4.06482 30.7066
    endloop
  endfacet
  facet normal -0.351816 1.01312e-05 0.936069
    outer loop
      vertex 0.450015 -4.07331 30.6743
      vertex 0.535756 -10.9825 30.7066
      vertex 0.535157 -4.06492 30.7063
    endloop
  endfacet
  facet normal -0.352531 0 0.9358
    outer loop
      vertex 0.535756 -10.9825 30.7066
      vertex 0.450015 -4.07331 30.6743
      vertex 0.450015 -10.9853 30.6743
    endloop
  endfacet
  facet normal -0.910774 0 -0.412906
    outer loop
      vertex 1.29343 -10.9199 32.5358
      vertex 1.25562 -3.90131 32.6192
      vertex 1.29343 -3.88984 32.5358
    endloop
  endfacet
  facet normal -0.910774 -0 -0.412906
    outer loop
      vertex 1.25562 -3.90131 32.6192
      vertex 1.29343 -10.9199 32.5358
      vertex 1.25562 -10.9236 32.6192
    endloop
  endfacet
  facet normal 0.935771 -0 0.352609
    outer loop
      vertex -1.3257 -10.9167 31.55
      vertex -1.3179 -3.88241 31.5293
      vertex -1.3257 -3.87948 31.55
    endloop
  endfacet
  facet normal 0.936057 -2.5563e-06 0.351848
    outer loop
      vertex -1.3257 -10.9167 31.55
      vertex -1.29343 -3.88984 31.4642
      vertex -1.3179 -3.88241 31.5293
    endloop
  endfacet
  facet normal 0.935988 0 0.352032
    outer loop
      vertex -1.29343 -3.88984 31.4642
      vertex -1.3257 -10.9167 31.55
      vertex -1.29343 -10.9199 31.4642
    endloop
  endfacet
  facet normal 0.881914 -0 0.471409
    outer loop
      vertex -1.25562 -10.9236 31.3808
      vertex -1.21243 -3.91441 31.3
      vertex -1.25562 -3.90131 31.3808
    endloop
  endfacet
  facet normal 0.881914 0 0.471409
    outer loop
      vertex -1.21243 -3.91441 31.3
      vertex -1.25562 -10.9236 31.3808
      vertex -1.21243 -10.9279 31.3
    endloop
  endfacet
  facet normal -0.881914 0 -0.471409
    outer loop
      vertex 1.25562 -10.9236 32.6192
      vertex 1.21243 -3.91441 32.7
      vertex 1.25562 -3.90131 32.6192
    endloop
  endfacet
  facet normal -0.881914 -0 -0.471409
    outer loop
      vertex 1.21243 -3.91441 32.7
      vertex 1.25562 -10.9236 32.6192
      vertex 1.21243 -10.9279 32.7
    endloop
  endfacet
  facet normal -0.227041 -0 -0.973885
    outer loop
      vertex 0.273126 -4.09073 33.3731
      vertex 0.362347 -10.9881 33.3523
      vertex 0.273126 -10.9911 33.3731
    endloop
  endfacet
  facet normal -0.227041 0 -0.973885
    outer loop
      vertex 0.362347 -10.9881 33.3523
      vertex 0.273126 -4.09073 33.3731
      vertex 0.362347 -4.08194 33.3523
    endloop
  endfacet
  facet normal -0.0982373 0 0.995163
    outer loop
      vertex 0.0915642 -4.097 30.603
      vertex 0.182736 -10.994 30.612
      vertex 0.182736 -4.09402 30.612
    endloop
  endfacet
  facet normal -0.0982373 0 0.995163
    outer loop
      vertex 0.182736 -10.994 30.612
      vertex 0.0915642 -4.097 30.603
      vertex 0.0915642 -10.997 30.603
    endloop
  endfacet
  facet normal 0.683436 -0 0.73001
    outer loop
      vertex -0.989949 -10.9498 31.01
      vertex -0.923083 -3.99249 30.9474
      vertex -0.989949 -3.9769 31.01
    endloop
  endfacet
  facet normal 0.683436 0 0.73001
    outer loop
      vertex -0.923083 -3.99249 30.9474
      vertex -0.989949 -10.9498 31.01
      vertex -0.923083 -10.9564 30.9474
    endloop
  endfacet
  facet normal 0.290347 -0 0.956922
    outer loop
      vertex -0.450015 -10.9853 30.6743
      vertex -0.362347 -4.08194 30.6477
      vertex -0.450015 -4.07331 30.6743
    endloop
  endfacet
  facet normal 0.290347 0 0.956922
    outer loop
      vertex -0.362347 -4.08194 30.6477
      vertex -0.450015 -10.9853 30.6743
      vertex -0.362347 -10.9881 30.6477
    endloop
  endfacet
  facet normal -0.0982373 -0 -0.995163
    outer loop
      vertex 0.0915642 -4.097 33.397
      vertex 0.182736 -10.994 33.388
      vertex 0.0915642 -10.997 33.397
    endloop
  endfacet
  facet normal -0.0982373 0 -0.995163
    outer loop
      vertex 0.182736 -10.994 33.388
      vertex 0.0915642 -4.097 33.397
      vertex 0.182736 -4.09402 33.388
    endloop
  endfacet
  facet normal 0.227041 0 -0.973885
    outer loop
      vertex -0.362347 -10.9881 33.3523
      vertex -0.273126 -4.09073 33.3731
      vertex -0.273126 -10.9911 33.3731
    endloop
  endfacet
  facet normal 0.227041 0 -0.973885
    outer loop
      vertex -0.273126 -4.09073 33.3731
      vertex -0.362347 -10.9881 33.3523
      vertex -0.362347 -4.08194 33.3523
    endloop
  endfacet
  facet normal -0.730015 0 0.683431
    outer loop
      vertex 0.989949 -3.9769 31.01
      vertex 1.05258 -10.9436 31.0769
      vertex 1.05258 -3.9623 31.0769
    endloop
  endfacet
  facet normal -0.730015 0 0.683431
    outer loop
      vertex 1.05258 -10.9436 31.0769
      vertex 0.989949 -3.9769 31.01
      vertex 0.989949 -10.9498 31.01
    endloop
  endfacet
  facet normal 0.527454 0 0.849583
    outer loop
      vertex -0.777798 -10.9707 30.8359
      vertex -0.7 -10.9771 30.7876
      vertex -0.7 -4.03771 30.7876
    endloop
  endfacet
  facet normal 0.527454 -0 0.849583
    outer loop
      vertex -0.777798 -10.9707 30.8359
      vertex -0.7 -4.03771 30.7876
      vertex -0.777798 -4.02486 30.8359
    endloop
  endfacet
  facet normal 0.522767 -0.0618492 0.850229
    outer loop
      vertex -0.7 -10.9771 30.7876
      vertex -0.777798 -10.9707 30.8359
      vertex -0.719434 -10.9764 30.7996
    endloop
  endfacet
  facet normal 0.973873 -0 0.227092
    outer loop
      vertex -1.3731 -10.9121 31.7269
      vertex -1.3523 -3.86947 31.6377
      vertex -1.3731 -3.86164 31.7269
    endloop
  endfacet
  facet normal 0.973873 0 0.227092
    outer loop
      vertex -1.3523 -3.86947 31.6377
      vertex -1.3731 -10.9121 31.7269
      vertex -1.3523 -10.9141 31.6377
    endloop
  endfacet
  facet normal 0.0982373 -0 0.995163
    outer loop
      vertex -0.182736 -10.994 30.612
      vertex -0.0915642 -4.097 30.603
      vertex -0.182736 -4.09402 30.612
    endloop
  endfacet
  facet normal 0.0982373 0 0.995163
    outer loop
      vertex -0.0915642 -4.097 30.603
      vertex -0.182736 -10.994 30.612
      vertex -0.0915642 -10.997 30.603
    endloop
  endfacet
  facet normal 0.910774 0 -0.412906
    outer loop
      vertex -1.25562 -3.90131 32.6192
      vertex -1.29343 -10.9199 32.5358
      vertex -1.29343 -3.88984 32.5358
    endloop
  endfacet
  facet normal 0.910774 0 -0.412906
    outer loop
      vertex -1.29343 -10.9199 32.5358
      vertex -1.25562 -3.90131 32.6192
      vertex -1.25562 -10.9236 32.6192
    endloop
  endfacet
  facet normal 0.999464 0 -0.0327335
    outer loop
      vertex -1.397 -3.85264 32.0916
      vertex -1.4 -10.9094 32
      vertex -1.4 -3.85151 32
    endloop
  endfacet
  facet normal 0.999464 0 -0.0327335
    outer loop
      vertex -1.4 -10.9094 32
      vertex -1.397 -3.85264 32.0916
      vertex -1.397 -10.9097 32.0916
    endloop
  endfacet
  facet normal -0.522767 -0.0618492 -0.850229
    outer loop
      vertex 0.7 -10.9771 33.2124
      vertex 0.777798 -10.9707 33.1641
      vertex 0.719434 -10.9764 33.2004
    endloop
  endfacet
  facet normal -0.527454 0 -0.849583
    outer loop
      vertex 0.777798 -10.9707 33.1641
      vertex 0.7 -10.9771 33.2124
      vertex 0.7 -4.03771 33.2124
    endloop
  endfacet
  facet normal -0.527454 0 -0.849583
    outer loop
      vertex 0.777798 -10.9707 33.1641
      vertex 0.7 -4.03771 33.2124
      vertex 0.777798 -4.02486 33.1641
    endloop
  endfacet
  facet normal 0.471513 0 -0.881859
    outer loop
      vertex -0.7 -10.9771 33.2124
      vertex -0.619204 -4.05105 33.2556
      vertex -0.619204 -10.9797 33.2556
    endloop
  endfacet
  facet normal 0.471513 0 -0.881859
    outer loop
      vertex -0.619204 -4.05105 33.2556
      vertex -0.7 -10.9771 33.2124
      vertex -0.7 -4.03771 33.2124
    endloop
  endfacet
  facet normal -0.290347 -0 -0.956922
    outer loop
      vertex 0.362347 -4.08194 33.3523
      vertex 0.450015 -10.9853 33.3257
      vertex 0.362347 -10.9881 33.3523
    endloop
  endfacet
  facet normal -0.290347 0 -0.956922
    outer loop
      vertex 0.450015 -10.9853 33.3257
      vertex 0.362347 -4.08194 33.3523
      vertex 0.450015 -4.07331 33.3257
    endloop
  endfacet
  facet normal -0.812929 0 0.582363
    outer loop
      vertex 1.11069 -3.94527 31.1477
      vertex 1.16406 -10.9327 31.2222
      vertex 1.16406 -3.92908 31.2222
    endloop
  endfacet
  facet normal -0.812929 0 0.582363
    outer loop
      vertex 1.16406 -10.9327 31.2222
      vertex 1.11069 -3.94527 31.1477
      vertex 1.11069 -10.9379 31.1477
    endloop
  endfacet
  facet normal 0.522767 -0.0618492 -0.850229
    outer loop
      vertex -0.777798 -10.9707 33.1641
      vertex -0.7 -10.9771 33.2124
      vertex -0.719434 -10.9764 33.2004
    endloop
  endfacet
  facet normal 0.527454 0 -0.849583
    outer loop
      vertex -0.7 -10.9771 33.2124
      vertex -0.777798 -10.9707 33.1641
      vertex -0.7 -4.03771 33.2124
    endloop
  endfacet
  facet normal 0.527454 0 -0.849583
    outer loop
      vertex -0.7 -4.03771 33.2124
      vertex -0.777798 -10.9707 33.1641
      vertex -0.777798 -4.02486 33.1641
    endloop
  endfacet
  facet normal -0.0327463 -0 -0.999464
    outer loop
      vertex 0 -4.1 33.4
      vertex 0.0915642 -10.997 33.397
      vertex 0 -11 33.4
    endloop
  endfacet
  facet normal -0.0327463 0 -0.999464
    outer loop
      vertex 0.0915642 -10.997 33.397
      vertex 0 -4.1 33.4
      vertex 0.0915642 -4.097 33.397
    endloop
  endfacet
  facet normal 0.956951 0 -0.29025
    outer loop
      vertex -1.3257 -3.87948 32.45
      vertex -1.3523 -10.9141 32.3623
      vertex -1.3523 -3.86947 32.3623
    endloop
  endfacet
  facet normal 0.956951 0 -0.29025
    outer loop
      vertex -1.3523 -10.9141 32.3623
      vertex -1.3257 -3.87948 32.45
      vertex -1.3257 -10.9167 32.45
    endloop
  endfacet
  facet normal -0.935771 0 0.352609
    outer loop
      vertex 1.3179 -3.88241 31.5293
      vertex 1.3257 -10.9167 31.55
      vertex 1.3257 -3.87948 31.55
    endloop
  endfacet
  facet normal -0.936057 -2.5563e-06 0.351848
    outer loop
      vertex 1.29343 -3.88984 31.4642
      vertex 1.3257 -10.9167 31.55
      vertex 1.3179 -3.88241 31.5293
    endloop
  endfacet
  facet normal -0.935988 0 0.352032
    outer loop
      vertex 1.3257 -10.9167 31.55
      vertex 1.29343 -3.88984 31.4642
      vertex 1.29343 -10.9199 31.4642
    endloop
  endfacet
  facet normal -0.729505 0 -0.683976
    outer loop
      vertex 1.05258 -10.9436 32.9231
      vertex 0.989949 -3.9769 32.9899
      vertex 1.05258 -3.9623 32.9231
    endloop
  endfacet
  facet normal -0.729505 -0 -0.683976
    outer loop
      vertex 0.989949 -3.9769 32.9899
      vertex 1.05258 -10.9436 32.9231
      vertex 0.989949 -10.9498 32.9899
    endloop
  endfacet
  facet normal -0.935771 0 -0.352609
    outer loop
      vertex 1.3257 -10.9167 32.45
      vertex 1.3179 -3.88241 32.4707
      vertex 1.3257 -3.87948 32.45
    endloop
  endfacet
  facet normal -0.936057 -2.5563e-06 -0.351848
    outer loop
      vertex 1.3257 -10.9167 32.45
      vertex 1.29343 -3.88984 32.5358
      vertex 1.3179 -3.88241 32.4707
    endloop
  endfacet
  facet normal -0.935988 -0 -0.352032
    outer loop
      vertex 1.29343 -3.88984 32.5358
      vertex 1.3257 -10.9167 32.45
      vertex 1.29343 -10.9199 32.5358
    endloop
  endfacet
  facet normal -0.683436 0 0.73001
    outer loop
      vertex 0.923083 -3.99249 30.9474
      vertex 0.989949 -10.9498 31.01
      vertex 0.989949 -3.9769 31.01
    endloop
  endfacet
  facet normal -0.683436 0 0.73001
    outer loop
      vertex 0.989949 -10.9498 31.01
      vertex 0.923083 -3.99249 30.9474
      vertex 0.923083 -10.9564 30.9474
    endloop
  endfacet
  facet normal 0.995177 -0 0.0980976
    outer loop
      vertex -1.397 -10.9097 31.9084
      vertex -1.38802 -3.85602 31.8173
      vertex -1.397 -3.85264 31.9084
    endloop
  endfacet
  facet normal 0.995177 0 0.0980976
    outer loop
      vertex -1.38802 -3.85602 31.8173
      vertex -1.397 -10.9097 31.9084
      vertex -1.38802 -10.9106 31.8173
    endloop
  endfacet
  facet normal -0.158796 0 -0.987311
    outer loop
      vertex 0.273126 -10.9911 33.3731
      vertex 0.268152 -4.09122 33.3739
      vertex 0.273126 -4.09073 33.3731
    endloop
  endfacet
  facet normal -0.162646 -0 -0.986684
    outer loop
      vertex 0.182736 -4.09402 33.388
      vertex 0.273126 -10.9911 33.3731
      vertex 0.182736 -10.994 33.388
    endloop
  endfacet
  facet normal -0.16287 -3.01431e-06 -0.986648
    outer loop
      vertex 0.273126 -10.9911 33.3731
      vertex 0.182736 -4.09402 33.388
      vertex 0.268152 -4.09122 33.3739
    endloop
  endfacet
  facet normal 0.351816 1.01312e-05 0.936069
    outer loop
      vertex -0.535756 -10.9825 30.7066
      vertex -0.450015 -4.07331 30.6743
      vertex -0.535157 -4.06492 30.7063
    endloop
  endfacet
  facet normal 0.447811 -0 0.894128
    outer loop
      vertex -0.535756 -10.9825 30.7066
      vertex -0.535157 -4.06492 30.7063
      vertex -0.535756 -4.06482 30.7066
    endloop
  endfacet
  facet normal 0.352531 0 0.9358
    outer loop
      vertex -0.450015 -4.07331 30.6743
      vertex -0.535756 -10.9825 30.7066
      vertex -0.450015 -10.9853 30.6743
    endloop
  endfacet
  facet normal 0.849247 -0 0.527996
    outer loop
      vertex -1.21243 -10.9279 31.3
      vertex -1.16406 -3.92908 31.2222
      vertex -1.21243 -3.91441 31.3
    endloop
  endfacet
  facet normal 0.849247 0 0.527996
    outer loop
      vertex -1.16406 -3.92908 31.2222
      vertex -1.21243 -10.9279 31.3
      vertex -1.16406 -10.9327 31.2222
    endloop
  endfacet
  facet normal 0.812929 -0 0.582363
    outer loop
      vertex -1.16406 -10.9327 31.2222
      vertex -1.11069 -3.94527 31.1477
      vertex -1.16406 -3.92908 31.2222
    endloop
  endfacet
  facet normal 0.812929 0 0.582363
    outer loop
      vertex -1.11069 -3.94527 31.1477
      vertex -1.16406 -10.9327 31.2222
      vertex -1.11069 -10.9379 31.1477
    endloop
  endfacet
  facet normal -0.973873 0 0.227092
    outer loop
      vertex 1.3523 -3.86947 31.6377
      vertex 1.3731 -10.9121 31.7269
      vertex 1.3731 -3.86164 31.7269
    endloop
  endfacet
  facet normal -0.973873 0 0.227092
    outer loop
      vertex 1.3731 -10.9121 31.7269
      vertex 1.3523 -3.86947 31.6377
      vertex 1.3523 -10.9141 31.6377
    endloop
  endfacet
  facet normal 0.995177 0 -0.0980976
    outer loop
      vertex -1.38802 -3.85602 32.1827
      vertex -1.397 -10.9097 32.0916
      vertex -1.397 -3.85264 32.0916
    endloop
  endfacet
  facet normal 0.995177 0 -0.0980976
    outer loop
      vertex -1.397 -10.9097 32.0916
      vertex -1.38802 -3.85602 32.1827
      vertex -1.38802 -10.9106 32.1827
    endloop
  endfacet
  facet normal -0.986652 0 0.162841
    outer loop
      vertex 1.3731 -3.86164 31.7269
      vertex 1.38802 -10.9106 31.8173
      vertex 1.38802 -3.85602 31.8173
    endloop
  endfacet
  facet normal -0.986652 0 0.162841
    outer loop
      vertex 1.38802 -10.9106 31.8173
      vertex 1.3731 -3.86164 31.7269
      vertex 1.3731 -10.9121 31.7269
    endloop
  endfacet
  facet normal 0.812929 0 -0.582363
    outer loop
      vertex -1.11069 -3.94527 32.8523
      vertex -1.16406 -10.9327 32.7778
      vertex -1.16406 -3.92908 32.7778
    endloop
  endfacet
  facet normal 0.812929 0 -0.582363
    outer loop
      vertex -1.16406 -10.9327 32.7778
      vertex -1.11069 -3.94527 32.8523
      vertex -1.11069 -10.9379 32.8523
    endloop
  endfacet
  facet normal 0.0982373 0 -0.995163
    outer loop
      vertex -0.182736 -10.994 33.388
      vertex -0.0915642 -4.097 33.397
      vertex -0.0915642 -10.997 33.397
    endloop
  endfacet
  facet normal 0.0982373 0 -0.995163
    outer loop
      vertex -0.0915642 -4.097 33.397
      vertex -0.182736 -10.994 33.388
      vertex -0.182736 -4.09402 33.388
    endloop
  endfacet
  facet normal 0.849247 0 -0.527996
    outer loop
      vertex -1.16406 -3.92908 32.7778
      vertex -1.21243 -10.9279 32.7
      vertex -1.21243 -3.91441 32.7
    endloop
  endfacet
  facet normal 0.849247 0 -0.527996
    outer loop
      vertex -1.21243 -10.9279 32.7
      vertex -1.16406 -3.92908 32.7778
      vertex -1.16406 -10.9327 32.7778
    endloop
  endfacet
  facet normal 0.986652 -0 0.162841
    outer loop
      vertex -1.38802 -10.9106 31.8173
      vertex -1.3731 -3.86164 31.7269
      vertex -1.38802 -3.85602 31.8173
    endloop
  endfacet
  facet normal 0.986652 0 0.162841
    outer loop
      vertex -1.3731 -3.86164 31.7269
      vertex -1.38802 -10.9106 31.8173
      vertex -1.3731 -10.9121 31.7269
    endloop
  endfacet
  facet normal -0.0327463 0 0.999464
    outer loop
      vertex 0 -4.1 30.6
      vertex 0.0915642 -10.997 30.603
      vertex 0.0915642 -4.097 30.603
    endloop
  endfacet
  facet normal -0.0327463 0 0.999464
    outer loop
      vertex 0.0915642 -10.997 30.603
      vertex 0 -4.1 30.6
      vertex 0 -11 30.6
    endloop
  endfacet
  facet normal -0.290347 0 0.956922
    outer loop
      vertex 0.362347 -4.08194 30.6477
      vertex 0.450015 -10.9853 30.6743
      vertex 0.450015 -4.07331 30.6743
    endloop
  endfacet
  facet normal -0.290347 0 0.956922
    outer loop
      vertex 0.450015 -10.9853 30.6743
      vertex 0.362347 -4.08194 30.6477
      vertex 0.362347 -10.9881 30.6477
    endloop
  endfacet
  facet normal 0.77274 0 -0.634723
    outer loop
      vertex -1.06116 -3.9603 32.9126
      vertex -1.11069 -10.9379 32.8523
      vertex -1.11069 -3.94527 32.8523
    endloop
  endfacet
  facet normal 0.774349 -2.83949e-05 -0.632759
    outer loop
      vertex -1.05258 -3.9623 32.9231
      vertex -1.11069 -10.9379 32.8523
      vertex -1.06116 -3.9603 32.9126
    endloop
  endfacet
  facet normal 0.772979 0 -0.634432
    outer loop
      vertex -1.11069 -10.9379 32.8523
      vertex -1.05258 -3.9623 32.9231
      vertex -1.05258 -10.9436 32.9231
    endloop
  endfacet
  facet normal -0.412618 -0 -0.910904
    outer loop
      vertex 0.535756 -4.06482 33.2934
      vertex 0.619204 -10.9797 33.2556
      vertex 0.535756 -10.9825 33.2934
    endloop
  endfacet
  facet normal -0.412618 0 -0.910904
    outer loop
      vertex 0.619204 -10.9797 33.2556
      vertex 0.535756 -4.06482 33.2934
      vertex 0.619204 -4.05105 33.2556
    endloop
  endfacet
  facet normal 0.412618 -0 0.910904
    outer loop
      vertex -0.619204 -10.9797 30.7444
      vertex -0.535756 -4.06482 30.7066
      vertex -0.619204 -4.05105 30.7444
    endloop
  endfacet
  facet normal 0.412618 0 0.910904
    outer loop
      vertex -0.535756 -4.06482 30.7066
      vertex -0.619204 -10.9797 30.7444
      vertex -0.535756 -10.9825 30.7066
    endloop
  endfacet
  facet normal 0.290347 0 -0.956922
    outer loop
      vertex -0.450015 -10.9853 33.3257
      vertex -0.362347 -4.08194 33.3523
      vertex -0.362347 -10.9881 33.3523
    endloop
  endfacet
  facet normal 0.290347 0 -0.956922
    outer loop
      vertex -0.362347 -4.08194 33.3523
      vertex -0.450015 -10.9853 33.3257
      vertex -0.450015 -4.07331 33.3257
    endloop
  endfacet
  facet normal 0.63427 -0 0.773111
    outer loop
      vertex -0.923083 -10.9564 30.9474
      vertex -0.852265 -4.009 30.8893
      vertex -0.923083 -3.99249 30.9474
    endloop
  endfacet
  facet normal 0.63427 0 0.773111
    outer loop
      vertex -0.852265 -4.009 30.8893
      vertex -0.923083 -10.9564 30.9474
      vertex -0.852265 -10.9634 30.8893
    endloop
  endfacet
  facet normal -0.77274 0 -0.634723
    outer loop
      vertex 1.11069 -10.9379 32.8523
      vertex 1.06116 -3.9603 32.9126
      vertex 1.11069 -3.94527 32.8523
    endloop
  endfacet
  facet normal -0.774349 -2.83949e-05 -0.632759
    outer loop
      vertex 1.11069 -10.9379 32.8523
      vertex 1.05258 -3.9623 32.9231
      vertex 1.06116 -3.9603 32.9126
    endloop
  endfacet
  facet normal -0.772979 -0 -0.634432
    outer loop
      vertex 1.05258 -3.9623 32.9231
      vertex 1.11069 -10.9379 32.8523
      vertex 1.05258 -10.9436 32.9231
    endloop
  endfacet
  facet normal 0.956951 -0 0.29025
    outer loop
      vertex -1.3523 -10.9141 31.6377
      vertex -1.3257 -3.87948 31.55
      vertex -1.3523 -3.86947 31.6377
    endloop
  endfacet
  facet normal 0.956951 0 0.29025
    outer loop
      vertex -1.3257 -3.87948 31.55
      vertex -1.3523 -10.9141 31.6377
      vertex -1.3257 -10.9167 31.55
    endloop
  endfacet
  facet normal 0.730015 -0 0.683431
    outer loop
      vertex -1.05258 -10.9436 31.0769
      vertex -0.989949 -3.9769 31.01
      vertex -1.05258 -3.9623 31.0769
    endloop
  endfacet
  facet normal 0.730015 0 0.683431
    outer loop
      vertex -0.989949 -3.9769 31.01
      vertex -1.05258 -10.9436 31.0769
      vertex -0.989949 -10.9498 31.01
    endloop
  endfacet
  facet normal 0.999464 -0 0.0327335
    outer loop
      vertex -1.4 -10.9094 32
      vertex -1.397 -3.85264 31.9084
      vertex -1.4 -3.85151 32
    endloop
  endfacet
  facet normal 0.999464 0 0.0327335
    outer loop
      vertex -1.397 -3.85264 31.9084
      vertex -1.4 -10.9094 32
      vertex -1.397 -10.9097 31.9084
    endloop
  endfacet
  facet normal 0.471513 -0 0.881859
    outer loop
      vertex -0.7 -10.9771 30.7876
      vertex -0.619204 -4.05105 30.7444
      vertex -0.7 -4.03771 30.7876
    endloop
  endfacet
  facet normal 0.471513 0 0.881859
    outer loop
      vertex -0.619204 -4.05105 30.7444
      vertex -0.7 -10.9771 30.7876
      vertex -0.619204 -10.9797 30.7444
    endloop
  endfacet
endsolid OpenSCAD_Model
