solid OpenSCAD_Model
  facet normal -0.81318 -0.582013 0
    outer loop
      vertex 13.5049 7.9028 39
      vertex 13.4516 7.97727 51
      vertex 13.4516 7.97727 39
    endloop
  endfacet
  facet normal -0.81318 -0.582013 0
    outer loop
      vertex 13.4516 7.97727 51
      vertex 13.5049 7.9028 39
      vertex 13.5049 7.9028 51
    endloop
  endfacet
  facet normal -0.8491 -0.528232 0
    outer loop
      vertex 13.5533 7.825 39
      vertex 13.5049 7.9028 51
      vertex 13.5049 7.9028 39
    endloop
  endfacet
  facet normal -0.8491 -0.528232 0
    outer loop
      vertex 13.5049 7.9028 51
      vertex 13.5533 7.825 39
      vertex 13.5533 7.825 51
    endloop
  endfacet
  facet normal -0.772541 -0.634965 0
    outer loop
      vertex 13.4516 7.97727 39
      vertex 13.3934 8.04808 51
      vertex 13.3934 8.04808 39
    endloop
  endfacet
  facet normal -0.772541 -0.634965 0
    outer loop
      vertex 13.3934 8.04808 51
      vertex 13.4516 7.97727 39
      vertex 13.4516 7.97727 51
    endloop
  endfacet
  facet normal -0.730031 -0.683414 0
    outer loop
      vertex 13.3934 8.04808 39
      vertex 13.3308 8.11495 51
      vertex 13.3308 8.11495 39
    endloop
  endfacet
  facet normal -0.730031 -0.683414 0
    outer loop
      vertex 13.3308 8.11495 51
      vertex 13.3934 8.04808 39
      vertex 13.3934 8.04808 51
    endloop
  endfacet
  facet normal -0.910889 0.412651 0
    outer loop
      vertex 13.5965 6.5058 39
      vertex 13.6343 6.58924 51
      vertex 13.6343 6.58924 39
    endloop
  endfacet
  facet normal -0.910889 0.412651 0
    outer loop
      vertex 13.6343 6.58924 51
      vertex 13.5965 6.5058 39
      vertex 13.5965 6.5058 51
    endloop
  endfacet
  facet normal 0.936159 -0.351578 0
    outer loop
      vertex 11.0152 7.57502 51
      vertex 11.0474 7.66076 39
      vertex 11.0474 7.66076 51
    endloop
  endfacet
  facet normal 0.936159 -0.351578 0
    outer loop
      vertex 11.0474 7.66076 39
      vertex 11.0152 7.57502 51
      vertex 11.0152 7.57502 39
    endloop
  endfacet
  facet normal -0.910889 -0.412651 0
    outer loop
      vertex 13.6343 7.66076 39
      vertex 13.5965 7.7442 51
      vertex 13.5965 7.7442 39
    endloop
  endfacet
  facet normal -0.910889 -0.412651 0
    outer loop
      vertex 13.5965 7.7442 51
      vertex 13.6343 7.66076 39
      vertex 13.6343 7.66076 51
    endloop
  endfacet
  facet normal 0.99527 -0.0971474 0
    outer loop
      vertex 10.9439 7.21656 51
      vertex 10.9528 7.30774 39
      vertex 10.9528 7.30774 51
    endloop
  endfacet
  facet normal 0.99527 -0.0971474 0
    outer loop
      vertex 10.9528 7.30774 39
      vertex 10.9439 7.21656 51
      vertex 10.9439 7.21656 39
    endloop
  endfacet
  facet normal -0.58288 0.812558 0
    outer loop
      vertex 13.1931 6.01431 39
      vertex 13.1187 5.96094 51
      vertex 13.1931 6.01431 51
    endloop
  endfacet
  facet normal -0.58288 0.812558 0
    outer loop
      vertex 13.1187 5.96094 51
      vertex 13.1931 6.01431 39
      vertex 13.1187 5.96094 39
    endloop
  endfacet
  facet normal -0.352392 -0.935853 0
    outer loop
      vertex 12.7909 8.4507 39
      vertex 12.8766 8.41843 51
      vertex 12.7909 8.4507 51
    endloop
  endfacet
  facet normal -0.352392 -0.935853 -0
    outer loop
      vertex 12.8766 8.41843 51
      vertex 12.7909 8.4507 39
      vertex 12.8766 8.41843 39
    endloop
  endfacet
  facet normal 0.0327335 -0.999464 0
    outer loop
      vertex 12.2493 8.522 39
      vertex 12.3409 8.525 51
      vertex 12.2493 8.522 51
    endloop
  endfacet
  facet normal 0.0327335 -0.999464 0
    outer loop
      vertex 12.3409 8.525 51
      vertex 12.2493 8.522 39
      vertex 12.3409 8.525 39
    endloop
  endfacet
  facet normal -0.352392 0.935853 0
    outer loop
      vertex 12.8766 5.83157 39
      vertex 12.7909 5.7993 51
      vertex 12.8766 5.83157 51
    endloop
  endfacet
  facet normal -0.352392 0.935853 0
    outer loop
      vertex 12.7909 5.7993 51
      vertex 12.8766 5.83157 39
      vertex 12.7909 5.7993 39
    endloop
  endfacet
  facet normal -0.81318 0.582013 0
    outer loop
      vertex 13.4516 6.27273 39
      vertex 13.5049 6.3472 51
      vertex 13.5049 6.3472 39
    endloop
  endfacet
  facet normal -0.81318 0.582013 0
    outer loop
      vertex 13.5049 6.3472 51
      vertex 13.4516 6.27273 39
      vertex 13.4516 6.27273 51
    endloop
  endfacet
  facet normal 0.956923 -0.290341 0
    outer loop
      vertex 10.9886 7.48735 51
      vertex 11.0152 7.57502 39
      vertex 11.0152 7.57502 51
    endloop
  endfacet
  facet normal 0.956923 -0.290341 0
    outer loop
      vertex 11.0152 7.57502 39
      vertex 10.9886 7.48735 51
      vertex 10.9886 7.48735 39
    endloop
  endfacet
  facet normal -0.097991 -0.995187 0
    outer loop
      vertex 12.4324 8.522 39
      vertex 12.5236 8.51302 51
      vertex 12.4324 8.522 51
    endloop
  endfacet
  facet normal -0.097991 -0.995187 -0
    outer loop
      vertex 12.5236 8.51302 51
      vertex 12.4324 8.522 39
      vertex 12.5236 8.51302 39
    endloop
  endfacet
  facet normal -0.634432 0.772979 0
    outer loop
      vertex 13.2639 6.07242 39
      vertex 13.1931 6.01431 51
      vertex 13.2639 6.07242 51
    endloop
  endfacet
  facet normal -0.634432 0.772979 0
    outer loop
      vertex 13.1931 6.01431 51
      vertex 13.2639 6.07242 39
      vertex 13.1931 6.01431 39
    endloop
  endfacet
  facet normal 0.097991 -0.995187 0
    outer loop
      vertex 12.1581 8.51302 39
      vertex 12.2493 8.522 51
      vertex 12.1581 8.51302 51
    endloop
  endfacet
  facet normal 0.097991 -0.995187 0
    outer loop
      vertex 12.2493 8.522 51
      vertex 12.1581 8.51302 39
      vertex 12.2493 8.522 39
    endloop
  endfacet
  facet normal -0.58288 -0.812558 0
    outer loop
      vertex 13.1187 8.28906 39
      vertex 13.1931 8.23569 51
      vertex 13.1187 8.28906 51
    endloop
  endfacet
  facet normal -0.58288 -0.812558 -0
    outer loop
      vertex 13.1931 8.23569 51
      vertex 13.1187 8.28906 39
      vertex 13.1931 8.23569 39
    endloop
  endfacet
  facet normal 0.162841 -0.986652 0
    outer loop
      vertex 12.0677 8.4981 39
      vertex 12.1581 8.51302 51
      vertex 12.0677 8.4981 51
    endloop
  endfacet
  facet normal 0.162841 -0.986652 0
    outer loop
      vertex 12.1581 8.51302 51
      vertex 12.0677 8.4981 39
      vertex 12.1581 8.51302 39
    endloop
  endfacet
  facet normal -0.412496 -0.91096 0
    outer loop
      vertex 12.8766 8.41843 39
      vertex 12.9601 8.38062 51
      vertex 12.8766 8.41843 51
    endloop
  endfacet
  facet normal -0.412496 -0.91096 -0
    outer loop
      vertex 12.9601 8.38062 51
      vertex 12.8766 8.41843 39
      vertex 12.9601 8.38062 39
    endloop
  endfacet
  facet normal 0.412906 -0.910774 0
    outer loop
      vertex 11.7217 8.38062 39
      vertex 11.8051 8.41843 51
      vertex 11.7217 8.38062 51
    endloop
  endfacet
  facet normal 0.412906 -0.910774 0
    outer loop
      vertex 11.8051 8.41843 51
      vertex 11.7217 8.38062 39
      vertex 11.8051 8.41843 39
    endloop
  endfacet
  facet normal -0.227092 0.973873 0
    outer loop
      vertex 12.7032 5.7727 39
      vertex 12.614 5.7519 51
      vertex 12.7032 5.7727 51
    endloop
  endfacet
  facet normal -0.227092 0.973873 0
    outer loop
      vertex 12.614 5.7519 51
      vertex 12.7032 5.7727 39
      vertex 12.614 5.7519 39
    endloop
  endfacet
  facet normal -0.162841 -0.986652 0
    outer loop
      vertex 12.5236 8.51302 39
      vertex 12.614 8.4981 51
      vertex 12.5236 8.51302 51
    endloop
  endfacet
  facet normal -0.162841 -0.986652 -0
    outer loop
      vertex 12.614 8.4981 51
      vertex 12.5236 8.51302 39
      vertex 12.614 8.4981 39
    endloop
  endfacet
  facet normal 0.162841 0.986652 -0
    outer loop
      vertex 12.1581 5.73698 39
      vertex 12.0677 5.7519 51
      vertex 12.1581 5.73698 51
    endloop
  endfacet
  facet normal 0.162841 0.986652 0
    outer loop
      vertex 12.0677 5.7519 51
      vertex 12.1581 5.73698 39
      vertex 12.0677 5.7519 39
    endloop
  endfacet
  facet normal 0.910889 -0.412651 0
    outer loop
      vertex 11.0474 7.66076 51
      vertex 11.0852 7.7442 39
      vertex 11.0852 7.7442 51
    endloop
  endfacet
  facet normal 0.910889 -0.412651 0
    outer loop
      vertex 11.0852 7.7442 39
      vertex 11.0474 7.66076 51
      vertex 11.0474 7.66076 39
    endloop
  endfacet
  facet normal -0.683426 -0.73002 0
    outer loop
      vertex 13.2639 8.17758 39
      vertex 13.3308 8.11495 51
      vertex 13.2639 8.17758 51
    endloop
  endfacet
  facet normal -0.683426 -0.73002 -0
    outer loop
      vertex 13.3308 8.11495 51
      vertex 13.2639 8.17758 39
      vertex 13.3308 8.11495 39
    endloop
  endfacet
  facet normal 0.956923 0.290341 0
    outer loop
      vertex 11.0152 6.67498 51
      vertex 10.9886 6.76265 39
      vertex 10.9886 6.76265 51
    endloop
  endfacet
  facet normal 0.956923 0.290341 0
    outer loop
      vertex 10.9886 6.76265 39
      vertex 11.0152 6.67498 51
      vertex 11.0152 6.67498 39
    endloop
  endfacet
  facet normal 0.973885 0.227043 0
    outer loop
      vertex 10.9886 6.76265 51
      vertex 10.9678 6.85187 39
      vertex 10.9678 6.85187 51
    endloop
  endfacet
  facet normal 0.973885 0.227043 0
    outer loop
      vertex 10.9678 6.85187 39
      vertex 10.9886 6.76265 51
      vertex 10.9886 6.76265 39
    endloop
  endfacet
  facet normal -0.999464 -0.0327478 0
    outer loop
      vertex 13.7409 7.125 39
      vertex 13.7379 7.21656 51
      vertex 13.7379 7.21656 39
    endloop
  endfacet
  facet normal -0.999464 -0.0327478 0
    outer loop
      vertex 13.7379 7.21656 51
      vertex 13.7409 7.125 39
      vertex 13.7409 7.125 51
    endloop
  endfacet
  facet normal 0.471409 -0.881914 0
    outer loop
      vertex 11.6409 8.33743 39
      vertex 11.7217 8.38062 51
      vertex 11.6409 8.33743 51
    endloop
  endfacet
  facet normal 0.471409 -0.881914 0
    outer loop
      vertex 11.7217 8.38062 51
      vertex 11.6409 8.33743 39
      vertex 11.7217 8.38062 39
    endloop
  endfacet
  facet normal -0.956923 0.290341 0
    outer loop
      vertex 13.6666 6.67498 39
      vertex 13.6932 6.76265 51
      vertex 13.6932 6.76265 39
    endloop
  endfacet
  facet normal -0.956923 0.290341 0
    outer loop
      vertex 13.6932 6.76265 51
      vertex 13.6666 6.67498 39
      vertex 13.6666 6.67498 51
    endloop
  endfacet
  facet normal 0.634432 0.772979 -0
    outer loop
      vertex 11.4886 6.01431 39
      vertex 11.4178 6.07242 51
      vertex 11.4886 6.01431 51
    endloop
  endfacet
  facet normal 0.634432 0.772979 0
    outer loop
      vertex 11.4178 6.07242 51
      vertex 11.4886 6.01431 39
      vertex 11.4178 6.07242 39
    endloop
  endfacet
  facet normal -0.956923 -0.290341 0
    outer loop
      vertex 13.6932 7.48735 39
      vertex 13.6666 7.57502 51
      vertex 13.6666 7.57502 39
    endloop
  endfacet
  facet normal -0.956923 -0.290341 0
    outer loop
      vertex 13.6666 7.57502 51
      vertex 13.6932 7.48735 39
      vertex 13.6932 7.48735 51
    endloop
  endfacet
  facet normal -0.471325 0.88196 0
    outer loop
      vertex 13.0409 5.91256 39
      vertex 12.9601 5.86938 51
      vertex 13.0409 5.91256 51
    endloop
  endfacet
  facet normal -0.471325 0.88196 0
    outer loop
      vertex 12.9601 5.86938 51
      vertex 13.0409 5.91256 39
      vertex 12.9601 5.86938 39
    endloop
  endfacet
  facet normal -0.986684 0.162646 0
    outer loop
      vertex 13.714 6.85187 39
      vertex 13.7289 6.94226 51
      vertex 13.7289 6.94226 39
    endloop
  endfacet
  facet normal -0.986684 0.162646 0
    outer loop
      vertex 13.7289 6.94226 51
      vertex 13.714 6.85187 39
      vertex 13.714 6.85187 51
    endloop
  endfacet
  facet normal 0.999464 -0.0327478 0
    outer loop
      vertex 10.9409 7.125 51
      vertex 10.9439 7.21656 39
      vertex 10.9439 7.21656 51
    endloop
  endfacet
  facet normal 0.999464 -0.0327478 0
    outer loop
      vertex 10.9439 7.21656 39
      vertex 10.9409 7.125 51
      vertex 10.9409 7.125 39
    endloop
  endfacet
  facet normal 0.995269 0.097158 0
    outer loop
      vertex 10.9528 6.94226 51
      vertex 10.9439 7.03343 39
      vertex 10.9439 7.03343 51
    endloop
  endfacet
  facet normal 0.995269 0.097158 0
    outer loop
      vertex 10.9439 7.03343 39
      vertex 10.9528 6.94226 51
      vertex 10.9528 6.94226 39
    endloop
  endfacet
  facet normal -0.634432 -0.772979 0
    outer loop
      vertex 13.1931 8.23569 39
      vertex 13.2639 8.17758 51
      vertex 13.1931 8.23569 51
    endloop
  endfacet
  facet normal -0.634432 -0.772979 -0
    outer loop
      vertex 13.2639 8.17758 51
      vertex 13.1931 8.23569 39
      vertex 13.2639 8.17758 39
    endloop
  endfacet
  facet normal 0.936159 0.351578 0
    outer loop
      vertex 11.0474 6.58924 51
      vertex 11.0152 6.67498 39
      vertex 11.0152 6.67498 51
    endloop
  endfacet
  facet normal 0.936159 0.351578 0
    outer loop
      vertex 11.0152 6.67498 39
      vertex 11.0474 6.58924 51
      vertex 11.0474 6.58924 39
    endloop
  endfacet
  facet normal -0.29025 0.956951 0
    outer loop
      vertex 12.7909 5.7993 39
      vertex 12.7032 5.7727 51
      vertex 12.7909 5.7993 51
    endloop
  endfacet
  facet normal -0.29025 0.956951 0
    outer loop
      vertex 12.7032 5.7727 51
      vertex 12.7909 5.7993 39
      vertex 12.7032 5.7727 39
    endloop
  endfacet
  facet normal -0.0327693 -0.999463 0
    outer loop
      vertex 12.3409 8.525 39
      vertex 12.4324 8.522 51
      vertex 12.3409 8.525 51
    endloop
  endfacet
  facet normal -0.0327693 -0.999463 -0
    outer loop
      vertex 12.4324 8.522 51
      vertex 12.3409 8.525 39
      vertex 12.4324 8.522 39
    endloop
  endfacet
  facet normal -0.986684 -0.162646 0
    outer loop
      vertex 13.7289 7.30774 39
      vertex 13.714 7.39813 51
      vertex 13.714 7.39813 39
    endloop
  endfacet
  facet normal -0.986684 -0.162646 0
    outer loop
      vertex 13.714 7.39813 51
      vertex 13.7289 7.30774 39
      vertex 13.7289 7.30774 51
    endloop
  endfacet
  facet normal -0.935799 -0.352534 0
    outer loop
      vertex 13.6666 7.57502 39
      vertex 13.6343 7.66076 51
      vertex 13.6343 7.66076 39
    endloop
  endfacet
  facet normal -0.935799 -0.352534 0
    outer loop
      vertex 13.6343 7.66076 51
      vertex 13.6666 7.57502 39
      vertex 13.6666 7.57502 51
    endloop
  endfacet
  facet normal 0.999464 0.0327443 0
    outer loop
      vertex 10.9439 7.03343 51
      vertex 10.9409 7.125 39
      vertex 10.9409 7.125 51
    endloop
  endfacet
  facet normal 0.999464 0.0327443 0
    outer loop
      vertex 10.9409 7.125 39
      vertex 10.9439 7.03343 51
      vertex 10.9439 7.03343 39
    endloop
  endfacet
  facet normal 0.986509 -0.163709 0
    outer loop
      vertex 10.9528 7.30774 51
      vertex 10.9678 7.39813 39
      vertex 10.9678 7.39813 51
    endloop
  endfacet
  facet normal 0.986509 -0.163709 0
    outer loop
      vertex 10.9678 7.39813 39
      vertex 10.9528 7.30774 51
      vertex 10.9528 7.30774 39
    endloop
  endfacet
  facet normal 0.881869 -0.471494 0
    outer loop
      vertex 11.0852 7.7442 51
      vertex 11.1284 7.825 39
      vertex 11.1284 7.825 51
    endloop
  endfacet
  facet normal 0.881869 -0.471494 0
    outer loop
      vertex 11.1284 7.825 39
      vertex 11.0852 7.7442 51
      vertex 11.0852 7.7442 39
    endloop
  endfacet
  facet normal -0.528075 0.849198 0
    outer loop
      vertex 13.1187 5.96094 39
      vertex 13.0409 5.91256 51
      vertex 13.1187 5.96094 51
    endloop
  endfacet
  facet normal -0.528075 0.849198 0
    outer loop
      vertex 13.0409 5.91256 51
      vertex 13.1187 5.96094 39
      vertex 13.0409 5.91256 39
    endloop
  endfacet
  facet normal -0.973885 0.227043 0
    outer loop
      vertex 13.6932 6.76265 39
      vertex 13.714 6.85187 51
      vertex 13.714 6.85187 39
    endloop
  endfacet
  facet normal -0.973885 0.227043 0
    outer loop
      vertex 13.714 6.85187 51
      vertex 13.6932 6.76265 39
      vertex 13.6932 6.76265 51
    endloop
  endfacet
  facet normal 0.527996 -0.849247 0
    outer loop
      vertex 11.5631 8.28906 39
      vertex 11.6409 8.33743 51
      vertex 11.5631 8.28906 51
    endloop
  endfacet
  facet normal 0.527996 -0.849247 0
    outer loop
      vertex 11.6409 8.33743 51
      vertex 11.5631 8.28906 39
      vertex 11.6409 8.33743 39
    endloop
  endfacet
  facet normal 0.683426 -0.73002 0
    outer loop
      vertex 11.3509 8.11495 39
      vertex 11.4178 8.17758 51
      vertex 11.3509 8.11495 51
    endloop
  endfacet
  facet normal 0.683426 -0.73002 0
    outer loop
      vertex 11.4178 8.17758 51
      vertex 11.3509 8.11495 39
      vertex 11.4178 8.17758 39
    endloop
  endfacet
  facet normal -0.412496 0.91096 0
    outer loop
      vertex 12.9601 5.86938 39
      vertex 12.8766 5.83157 51
      vertex 12.9601 5.86938 51
    endloop
  endfacet
  facet normal -0.412496 0.91096 0
    outer loop
      vertex 12.8766 5.83157 51
      vertex 12.9601 5.86938 39
      vertex 12.8766 5.83157 39
    endloop
  endfacet
  facet normal 0.773076 -0.634313 0
    outer loop
      vertex 11.2302 7.97727 51
      vertex 11.2883 8.04808 39
      vertex 11.2883 8.04808 51
    endloop
  endfacet
  facet normal 0.773076 -0.634313 0
    outer loop
      vertex 11.2883 8.04808 39
      vertex 11.2302 7.97727 51
      vertex 11.2302 7.97727 39
    endloop
  endfacet
  facet normal 0.773076 0.634313 0
    outer loop
      vertex 11.2883 6.20192 51
      vertex 11.2302 6.27273 39
      vertex 11.2302 6.27273 51
    endloop
  endfacet
  facet normal 0.773076 0.634313 0
    outer loop
      vertex 11.2302 6.27273 39
      vertex 11.2883 6.20192 51
      vertex 11.2883 6.20192 39
    endloop
  endfacet
  facet normal -0.973885 -0.227043 0
    outer loop
      vertex 13.714 7.39813 39
      vertex 13.6932 7.48735 51
      vertex 13.6932 7.48735 39
    endloop
  endfacet
  facet normal -0.973885 -0.227043 0
    outer loop
      vertex 13.6932 7.48735 51
      vertex 13.714 7.39813 39
      vertex 13.714 7.39813 51
    endloop
  endfacet
  facet normal 0.8491 -0.528232 0
    outer loop
      vertex 11.1284 7.825 51
      vertex 11.1768 7.9028 39
      vertex 11.1768 7.9028 51
    endloop
  endfacet
  facet normal 0.8491 -0.528232 0
    outer loop
      vertex 11.1768 7.9028 39
      vertex 11.1284 7.825 51
      vertex 11.1284 7.825 39
    endloop
  endfacet
  facet normal -0.995164 -0.0982285 0
    outer loop
      vertex 13.7379 7.21656 39
      vertex 13.7289 7.30774 51
      vertex 13.7289 7.30774 39
    endloop
  endfacet
  facet normal -0.995164 -0.0982285 0
    outer loop
      vertex 13.7289 7.30774 51
      vertex 13.7379 7.21656 39
      vertex 13.7379 7.21656 51
    endloop
  endfacet
  facet normal 0.730031 -0.683414 0
    outer loop
      vertex 11.2883 8.04808 51
      vertex 11.3509 8.11495 39
      vertex 11.3509 8.11495 51
    endloop
  endfacet
  facet normal 0.730031 -0.683414 0
    outer loop
      vertex 11.3509 8.11495 39
      vertex 11.2883 8.04808 51
      vertex 11.2883 8.04808 39
    endloop
  endfacet
  facet normal 0.986509 0.163709 0
    outer loop
      vertex 10.9678 6.85187 51
      vertex 10.9528 6.94226 39
      vertex 10.9528 6.94226 51
    endloop
  endfacet
  facet normal 0.986509 0.163709 0
    outer loop
      vertex 10.9528 6.94226 39
      vertex 10.9678 6.85187 51
      vertex 10.9678 6.85187 39
    endloop
  endfacet
  facet normal -0.527996 -0.849247 0
    outer loop
      vertex 13.0409 8.33743 39
      vertex 13.1187 8.28906 51
      vertex 13.0409 8.33743 51
    endloop
  endfacet
  facet normal -0.527996 -0.849247 -0
    outer loop
      vertex 13.1187 8.28906 51
      vertex 13.0409 8.33743 39
      vertex 13.1187 8.28906 39
    endloop
  endfacet
  facet normal -0.162841 0.986652 0
    outer loop
      vertex 12.614 5.7519 39
      vertex 12.5236 5.73698 51
      vertex 12.614 5.7519 51
    endloop
  endfacet
  facet normal -0.162841 0.986652 0
    outer loop
      vertex 12.5236 5.73698 51
      vertex 12.614 5.7519 39
      vertex 12.5236 5.73698 39
    endloop
  endfacet
  facet normal -0.227092 -0.973873 0
    outer loop
      vertex 12.614 8.4981 39
      vertex 12.7032 8.4773 51
      vertex 12.614 8.4981 51
    endloop
  endfacet
  facet normal -0.227092 -0.973873 -0
    outer loop
      vertex 12.7032 8.4773 51
      vertex 12.614 8.4981 39
      vertex 12.7032 8.4773 39
    endloop
  endfacet
  facet normal -0.881869 -0.471494 0
    outer loop
      vertex 13.5965 7.7442 39
      vertex 13.5533 7.825 51
      vertex 13.5533 7.825 39
    endloop
  endfacet
  facet normal -0.881869 -0.471494 0
    outer loop
      vertex 13.5533 7.825 51
      vertex 13.5965 7.7442 39
      vertex 13.5965 7.7442 51
    endloop
  endfacet
  facet normal 0.0327335 0.999464 -0
    outer loop
      vertex 12.3409 5.725 39
      vertex 12.2493 5.728 51
      vertex 12.3409 5.725 51
    endloop
  endfacet
  facet normal 0.0327335 0.999464 0
    outer loop
      vertex 12.2493 5.728 51
      vertex 12.3409 5.725 39
      vertex 12.2493 5.728 39
    endloop
  endfacet
  facet normal 0.730031 0.683414 0
    outer loop
      vertex 11.3509 6.13505 51
      vertex 11.2883 6.20192 39
      vertex 11.2883 6.20192 51
    endloop
  endfacet
  facet normal 0.730031 0.683414 0
    outer loop
      vertex 11.2883 6.20192 39
      vertex 11.3509 6.13505 51
      vertex 11.3509 6.13505 39
    endloop
  endfacet
  facet normal 0.582363 -0.812929 0
    outer loop
      vertex 11.4886 8.23569 39
      vertex 11.5631 8.28906 51
      vertex 11.4886 8.23569 51
    endloop
  endfacet
  facet normal 0.582363 -0.812929 0
    outer loop
      vertex 11.5631 8.28906 51
      vertex 11.4886 8.23569 39
      vertex 11.5631 8.28906 39
    endloop
  endfacet
  facet normal 0.29025 -0.956951 0
    outer loop
      vertex 11.8908 8.4507 39
      vertex 11.9785 8.4773 51
      vertex 11.8908 8.4507 51
    endloop
  endfacet
  facet normal 0.29025 -0.956951 0
    outer loop
      vertex 11.9785 8.4773 51
      vertex 11.8908 8.4507 39
      vertex 11.9785 8.4773 39
    endloop
  endfacet
  facet normal -0.730031 0.683414 0
    outer loop
      vertex 13.3308 6.13505 39
      vertex 13.3934 6.20192 51
      vertex 13.3934 6.20192 39
    endloop
  endfacet
  facet normal -0.730031 0.683414 0
    outer loop
      vertex 13.3934 6.20192 51
      vertex 13.3308 6.13505 39
      vertex 13.3308 6.13505 51
    endloop
  endfacet
  facet normal -0.471409 -0.881914 0
    outer loop
      vertex 12.9601 8.38062 39
      vertex 13.0409 8.33743 51
      vertex 12.9601 8.38062 51
    endloop
  endfacet
  facet normal -0.471409 -0.881914 -0
    outer loop
      vertex 13.0409 8.33743 51
      vertex 12.9601 8.38062 39
      vertex 13.0409 8.33743 39
    endloop
  endfacet
  facet normal -0.772541 0.634965 0
    outer loop
      vertex 13.3934 6.20192 39
      vertex 13.4516 6.27273 51
      vertex 13.4516 6.27273 39
    endloop
  endfacet
  facet normal -0.772541 0.634965 0
    outer loop
      vertex 13.4516 6.27273 51
      vertex 13.3934 6.20192 39
      vertex 13.3934 6.20192 51
    endloop
  endfacet
  facet normal -0.097991 0.995187 0
    outer loop
      vertex 12.5236 5.73698 39
      vertex 12.4324 5.728 51
      vertex 12.5236 5.73698 51
    endloop
  endfacet
  facet normal -0.097991 0.995187 0
    outer loop
      vertex 12.4324 5.728 51
      vertex 12.5236 5.73698 39
      vertex 12.4324 5.728 39
    endloop
  endfacet
  facet normal 0.471325 0.88196 -0
    outer loop
      vertex 11.7217 5.86938 39
      vertex 11.6409 5.91256 51
      vertex 11.7217 5.86938 51
    endloop
  endfacet
  facet normal 0.471325 0.88196 0
    outer loop
      vertex 11.6409 5.91256 51
      vertex 11.7217 5.86938 39
      vertex 11.6409 5.91256 39
    endloop
  endfacet
  facet normal 0 0 1
    outer loop
      vertex 13.7379 7.21656 39
      vertex 13.7379 7.03343 39
      vertex 13.7409 7.125 39
    endloop
  endfacet
  facet normal 0 0 1
    outer loop
      vertex 13.7289 7.30774 39
      vertex 13.7379 7.03343 39
      vertex 13.7379 7.21656 39
    endloop
  endfacet
  facet normal 0 0 1
    outer loop
      vertex 13.7289 7.30774 39
      vertex 13.7289 6.94226 39
      vertex 13.7379 7.03343 39
    endloop
  endfacet
  facet normal 0 0 1
    outer loop
      vertex 13.714 7.39813 39
      vertex 13.7289 6.94226 39
      vertex 13.7289 7.30774 39
    endloop
  endfacet
  facet normal 0 0 1
    outer loop
      vertex 13.714 7.39813 39
      vertex 13.714 6.85187 39
      vertex 13.7289 6.94226 39
    endloop
  endfacet
  facet normal 0 0 1
    outer loop
      vertex 13.6932 7.48735 39
      vertex 13.714 6.85187 39
      vertex 13.714 7.39813 39
    endloop
  endfacet
  facet normal 0 0 1
    outer loop
      vertex 13.6932 7.48735 39
      vertex 13.6932 6.76265 39
      vertex 13.714 6.85187 39
    endloop
  endfacet
  facet normal 0 0 1
    outer loop
      vertex 13.6666 7.57502 39
      vertex 13.6932 6.76265 39
      vertex 13.6932 7.48735 39
    endloop
  endfacet
  facet normal 0 0 1
    outer loop
      vertex 13.6666 7.57502 39
      vertex 13.6666 6.67498 39
      vertex 13.6932 6.76265 39
    endloop
  endfacet
  facet normal 0 0 1
    outer loop
      vertex 13.6343 7.66076 39
      vertex 13.6666 6.67498 39
      vertex 13.6666 7.57502 39
    endloop
  endfacet
  facet normal 0 0 1
    outer loop
      vertex 13.6343 7.66076 39
      vertex 13.6343 6.58924 39
      vertex 13.6666 6.67498 39
    endloop
  endfacet
  facet normal 0 0 1
    outer loop
      vertex 13.5965 7.7442 39
      vertex 13.6343 6.58924 39
      vertex 13.6343 7.66076 39
    endloop
  endfacet
  facet normal 0 0 1
    outer loop
      vertex 13.5965 7.7442 39
      vertex 13.5965 6.5058 39
      vertex 13.6343 6.58924 39
    endloop
  endfacet
  facet normal 0 0 1
    outer loop
      vertex 13.5533 7.825 39
      vertex 13.5965 6.5058 39
      vertex 13.5965 7.7442 39
    endloop
  endfacet
  facet normal 0 0 1
    outer loop
      vertex 13.5533 7.825 39
      vertex 13.5533 6.425 39
      vertex 13.5965 6.5058 39
    endloop
  endfacet
  facet normal 0 0 1
    outer loop
      vertex 13.5049 7.9028 39
      vertex 13.5533 6.425 39
      vertex 13.5533 7.825 39
    endloop
  endfacet
  facet normal 0 0 1
    outer loop
      vertex 13.5049 7.9028 39
      vertex 13.5049 6.3472 39
      vertex 13.5533 6.425 39
    endloop
  endfacet
  facet normal 0 0 1
    outer loop
      vertex 13.4516 7.97727 39
      vertex 13.5049 6.3472 39
      vertex 13.5049 7.9028 39
    endloop
  endfacet
  facet normal 0 0 1
    outer loop
      vertex 13.4516 7.97727 39
      vertex 13.4516 6.27273 39
      vertex 13.5049 6.3472 39
    endloop
  endfacet
  facet normal 0 0 1
    outer loop
      vertex 13.3934 8.04808 39
      vertex 13.4516 6.27273 39
      vertex 13.4516 7.97727 39
    endloop
  endfacet
  facet normal 0 0 1
    outer loop
      vertex 13.3934 8.04808 39
      vertex 13.3934 6.20192 39
      vertex 13.4516 6.27273 39
    endloop
  endfacet
  facet normal 0 0 1
    outer loop
      vertex 13.3308 8.11495 39
      vertex 13.3934 6.20192 39
      vertex 13.3934 8.04808 39
    endloop
  endfacet
  facet normal 0 0 1
    outer loop
      vertex 13.3308 8.11495 39
      vertex 13.3308 6.13505 39
      vertex 13.3934 6.20192 39
    endloop
  endfacet
  facet normal 0 0 1
    outer loop
      vertex 13.2639 8.17758 39
      vertex 13.3308 6.13505 39
      vertex 13.3308 8.11495 39
    endloop
  endfacet
  facet normal 0 0 1
    outer loop
      vertex 13.2639 8.17758 39
      vertex 13.2639 6.07242 39
      vertex 13.3308 6.13505 39
    endloop
  endfacet
  facet normal 0 0 1
    outer loop
      vertex 13.1931 8.23569 39
      vertex 13.2639 6.07242 39
      vertex 13.2639 8.17758 39
    endloop
  endfacet
  facet normal 0 0 1
    outer loop
      vertex 13.1931 8.23569 39
      vertex 13.1931 6.01431 39
      vertex 13.2639 6.07242 39
    endloop
  endfacet
  facet normal 0 0 1
    outer loop
      vertex 13.1187 8.28906 39
      vertex 13.1931 6.01431 39
      vertex 13.1931 8.23569 39
    endloop
  endfacet
  facet normal 0 0 1
    outer loop
      vertex 13.1187 8.28906 39
      vertex 13.1187 5.96094 39
      vertex 13.1931 6.01431 39
    endloop
  endfacet
  facet normal 0 0 1
    outer loop
      vertex 13.0409 8.33743 39
      vertex 13.1187 5.96094 39
      vertex 13.1187 8.28906 39
    endloop
  endfacet
  facet normal 0 0 1
    outer loop
      vertex 13.0409 8.33743 39
      vertex 13.0409 5.91256 39
      vertex 13.1187 5.96094 39
    endloop
  endfacet
  facet normal 0 0 1
    outer loop
      vertex 12.9601 8.38062 39
      vertex 13.0409 5.91256 39
      vertex 13.0409 8.33743 39
    endloop
  endfacet
  facet normal 0 0 1
    outer loop
      vertex 12.9601 8.38062 39
      vertex 12.9601 5.86938 39
      vertex 13.0409 5.91256 39
    endloop
  endfacet
  facet normal 0 0 1
    outer loop
      vertex 12.8766 8.41843 39
      vertex 12.9601 5.86938 39
      vertex 12.9601 8.38062 39
    endloop
  endfacet
  facet normal 0 0 1
    outer loop
      vertex 12.8766 8.41843 39
      vertex 12.8766 5.83157 39
      vertex 12.9601 5.86938 39
    endloop
  endfacet
  facet normal 0 0 1
    outer loop
      vertex 12.7909 8.4507 39
      vertex 12.8766 5.83157 39
      vertex 12.8766 8.41843 39
    endloop
  endfacet
  facet normal 0 0 1
    outer loop
      vertex 12.7909 8.4507 39
      vertex 12.7909 5.7993 39
      vertex 12.8766 5.83157 39
    endloop
  endfacet
  facet normal 0 0 1
    outer loop
      vertex 12.7032 8.4773 39
      vertex 12.7909 5.7993 39
      vertex 12.7909 8.4507 39
    endloop
  endfacet
  facet normal 0 0 1
    outer loop
      vertex 12.7032 8.4773 39
      vertex 12.7032 5.7727 39
      vertex 12.7909 5.7993 39
    endloop
  endfacet
  facet normal 0 0 1
    outer loop
      vertex 12.614 8.4981 39
      vertex 12.7032 5.7727 39
      vertex 12.7032 8.4773 39
    endloop
  endfacet
  facet normal 0 0 1
    outer loop
      vertex 12.614 8.4981 39
      vertex 12.614 5.7519 39
      vertex 12.7032 5.7727 39
    endloop
  endfacet
  facet normal 0 0 1
    outer loop
      vertex 12.5236 8.51302 39
      vertex 12.614 5.7519 39
      vertex 12.614 8.4981 39
    endloop
  endfacet
  facet normal 0 0 1
    outer loop
      vertex 12.5236 8.51302 39
      vertex 12.5236 5.73698 39
      vertex 12.614 5.7519 39
    endloop
  endfacet
  facet normal 0 0 1
    outer loop
      vertex 12.4324 8.522 39
      vertex 12.5236 5.73698 39
      vertex 12.5236 8.51302 39
    endloop
  endfacet
  facet normal 0 0 1
    outer loop
      vertex 12.4324 8.522 39
      vertex 12.4324 5.728 39
      vertex 12.5236 5.73698 39
    endloop
  endfacet
  facet normal 0 0 1
    outer loop
      vertex 12.3409 8.525 39
      vertex 12.4324 5.728 39
      vertex 12.4324 8.522 39
    endloop
  endfacet
  facet normal 0 0 1
    outer loop
      vertex 12.3409 8.525 39
      vertex 12.3409 5.725 39
      vertex 12.4324 5.728 39
    endloop
  endfacet
  facet normal -0 0 1
    outer loop
      vertex 12.2493 8.522 39
      vertex 12.3409 5.725 39
      vertex 12.3409 8.525 39
    endloop
  endfacet
  facet normal 0 0 1
    outer loop
      vertex 12.2493 8.522 39
      vertex 12.2493 5.728 39
      vertex 12.3409 5.725 39
    endloop
  endfacet
  facet normal -0 0 1
    outer loop
      vertex 12.1581 8.51302 39
      vertex 12.2493 5.728 39
      vertex 12.2493 8.522 39
    endloop
  endfacet
  facet normal 0 0 1
    outer loop
      vertex 12.1581 8.51302 39
      vertex 12.1581 5.73698 39
      vertex 12.2493 5.728 39
    endloop
  endfacet
  facet normal -0 0 1
    outer loop
      vertex 12.0677 8.4981 39
      vertex 12.1581 5.73698 39
      vertex 12.1581 8.51302 39
    endloop
  endfacet
  facet normal 0 0 1
    outer loop
      vertex 12.0677 8.4981 39
      vertex 12.0677 5.7519 39
      vertex 12.1581 5.73698 39
    endloop
  endfacet
  facet normal -0 0 1
    outer loop
      vertex 11.9785 8.4773 39
      vertex 12.0677 5.7519 39
      vertex 12.0677 8.4981 39
    endloop
  endfacet
  facet normal 0 0 1
    outer loop
      vertex 11.9785 8.4773 39
      vertex 11.9785 5.7727 39
      vertex 12.0677 5.7519 39
    endloop
  endfacet
  facet normal -0 0 1
    outer loop
      vertex 11.8908 8.4507 39
      vertex 11.9785 5.7727 39
      vertex 11.9785 8.4773 39
    endloop
  endfacet
  facet normal 0 0 1
    outer loop
      vertex 11.8908 8.4507 39
      vertex 11.8908 5.7993 39
      vertex 11.9785 5.7727 39
    endloop
  endfacet
  facet normal -0 0 1
    outer loop
      vertex 11.8051 8.41843 39
      vertex 11.8908 5.7993 39
      vertex 11.8908 8.4507 39
    endloop
  endfacet
  facet normal 0 0 1
    outer loop
      vertex 11.8051 8.41843 39
      vertex 11.8051 5.83157 39
      vertex 11.8908 5.7993 39
    endloop
  endfacet
  facet normal -0 0 1
    outer loop
      vertex 11.7217 8.38062 39
      vertex 11.8051 5.83157 39
      vertex 11.8051 8.41843 39
    endloop
  endfacet
  facet normal 0 0 1
    outer loop
      vertex 11.7217 8.38062 39
      vertex 11.7217 5.86938 39
      vertex 11.8051 5.83157 39
    endloop
  endfacet
  facet normal -0 0 1
    outer loop
      vertex 11.6409 8.33743 39
      vertex 11.7217 5.86938 39
      vertex 11.7217 8.38062 39
    endloop
  endfacet
  facet normal 0 0 1
    outer loop
      vertex 11.6409 8.33743 39
      vertex 11.6409 5.91256 39
      vertex 11.7217 5.86938 39
    endloop
  endfacet
  facet normal -0 0 1
    outer loop
      vertex 11.5631 8.28906 39
      vertex 11.6409 5.91256 39
      vertex 11.6409 8.33743 39
    endloop
  endfacet
  facet normal 0 0 1
    outer loop
      vertex 11.5631 8.28906 39
      vertex 11.5631 5.96094 39
      vertex 11.6409 5.91256 39
    endloop
  endfacet
  facet normal -0 0 1
    outer loop
      vertex 11.4886 8.23569 39
      vertex 11.5631 5.96094 39
      vertex 11.5631 8.28906 39
    endloop
  endfacet
  facet normal 0 0 1
    outer loop
      vertex 11.4886 8.23569 39
      vertex 11.4886 6.01431 39
      vertex 11.5631 5.96094 39
    endloop
  endfacet
  facet normal -0 0 1
    outer loop
      vertex 11.4178 8.17758 39
      vertex 11.4886 6.01431 39
      vertex 11.4886 8.23569 39
    endloop
  endfacet
  facet normal 0 0 1
    outer loop
      vertex 11.4178 8.17758 39
      vertex 11.4178 6.07242 39
      vertex 11.4886 6.01431 39
    endloop
  endfacet
  facet normal -0 0 1
    outer loop
      vertex 11.3509 8.11495 39
      vertex 11.4178 6.07242 39
      vertex 11.4178 8.17758 39
    endloop
  endfacet
  facet normal 0 0 1
    outer loop
      vertex 11.3509 8.11495 39
      vertex 11.3509 6.13505 39
      vertex 11.4178 6.07242 39
    endloop
  endfacet
  facet normal -0 0 1
    outer loop
      vertex 11.2883 8.04808 39
      vertex 11.3509 6.13505 39
      vertex 11.3509 8.11495 39
    endloop
  endfacet
  facet normal 0 0 1
    outer loop
      vertex 11.2883 8.04808 39
      vertex 11.2883 6.20192 39
      vertex 11.3509 6.13505 39
    endloop
  endfacet
  facet normal -0 0 1
    outer loop
      vertex 11.2302 7.97727 39
      vertex 11.2883 6.20192 39
      vertex 11.2883 8.04808 39
    endloop
  endfacet
  facet normal 0 0 1
    outer loop
      vertex 11.2302 7.97727 39
      vertex 11.2302 6.27273 39
      vertex 11.2883 6.20192 39
    endloop
  endfacet
  facet normal -0 0 1
    outer loop
      vertex 11.1768 7.9028 39
      vertex 11.2302 6.27273 39
      vertex 11.2302 7.97727 39
    endloop
  endfacet
  facet normal 0 0 1
    outer loop
      vertex 11.1768 7.9028 39
      vertex 11.1768 6.3472 39
      vertex 11.2302 6.27273 39
    endloop
  endfacet
  facet normal -0 0 1
    outer loop
      vertex 11.1284 7.825 39
      vertex 11.1768 6.3472 39
      vertex 11.1768 7.9028 39
    endloop
  endfacet
  facet normal 0 0 1
    outer loop
      vertex 11.1284 7.825 39
      vertex 11.1284 6.425 39
      vertex 11.1768 6.3472 39
    endloop
  endfacet
  facet normal -0 0 1
    outer loop
      vertex 11.0852 7.7442 39
      vertex 11.1284 6.425 39
      vertex 11.1284 7.825 39
    endloop
  endfacet
  facet normal 0 0 1
    outer loop
      vertex 11.0852 7.7442 39
      vertex 11.0852 6.5058 39
      vertex 11.1284 6.425 39
    endloop
  endfacet
  facet normal -0 0 1
    outer loop
      vertex 11.0474 7.66076 39
      vertex 11.0852 6.5058 39
      vertex 11.0852 7.7442 39
    endloop
  endfacet
  facet normal 0 0 1
    outer loop
      vertex 11.0474 7.66076 39
      vertex 11.0474 6.58924 39
      vertex 11.0852 6.5058 39
    endloop
  endfacet
  facet normal -0 0 1
    outer loop
      vertex 11.0152 7.57502 39
      vertex 11.0474 6.58924 39
      vertex 11.0474 7.66076 39
    endloop
  endfacet
  facet normal 0 0 1
    outer loop
      vertex 11.0152 7.57502 39
      vertex 11.0152 6.67498 39
      vertex 11.0474 6.58924 39
    endloop
  endfacet
  facet normal -0 0 1
    outer loop
      vertex 10.9886 7.48735 39
      vertex 11.0152 6.67498 39
      vertex 11.0152 7.57502 39
    endloop
  endfacet
  facet normal 0 0 1
    outer loop
      vertex 10.9886 7.48735 39
      vertex 10.9886 6.76265 39
      vertex 11.0152 6.67498 39
    endloop
  endfacet
  facet normal -0 0 1
    outer loop
      vertex 10.9678 7.39813 39
      vertex 10.9886 6.76265 39
      vertex 10.9886 7.48735 39
    endloop
  endfacet
  facet normal 0 0 1
    outer loop
      vertex 10.9678 7.39813 39
      vertex 10.9678 6.85187 39
      vertex 10.9886 6.76265 39
    endloop
  endfacet
  facet normal -0 0 1
    outer loop
      vertex 10.9528 7.30774 39
      vertex 10.9678 6.85187 39
      vertex 10.9678 7.39813 39
    endloop
  endfacet
  facet normal 0 0 1
    outer loop
      vertex 10.9528 7.30774 39
      vertex 10.9528 6.94226 39
      vertex 10.9678 6.85187 39
    endloop
  endfacet
  facet normal -0 0 1
    outer loop
      vertex 10.9439 7.21656 39
      vertex 10.9528 6.94226 39
      vertex 10.9528 7.30774 39
    endloop
  endfacet
  facet normal 0 0 1
    outer loop
      vertex 10.9439 7.21656 39
      vertex 10.9439 7.03343 39
      vertex 10.9528 6.94226 39
    endloop
  endfacet
  facet normal 0 -0 1
    outer loop
      vertex 10.9439 7.03343 39
      vertex 10.9439 7.21656 39
      vertex 10.9409 7.125 39
    endloop
  endfacet
  facet normal -0.0327693 0.999463 0
    outer loop
      vertex 12.4324 5.728 39
      vertex 12.3409 5.725 51
      vertex 12.4324 5.728 51
    endloop
  endfacet
  facet normal -0.0327693 0.999463 0
    outer loop
      vertex 12.3409 5.725 51
      vertex 12.4324 5.728 39
      vertex 12.3409 5.725 39
    endloop
  endfacet
  facet normal 0.227092 0.973873 -0
    outer loop
      vertex 12.0677 5.7519 39
      vertex 11.9785 5.7727 51
      vertex 12.0677 5.7519 51
    endloop
  endfacet
  facet normal 0.227092 0.973873 0
    outer loop
      vertex 11.9785 5.7727 51
      vertex 12.0677 5.7519 39
      vertex 11.9785 5.7727 39
    endloop
  endfacet
  facet normal 0.634432 -0.772979 0
    outer loop
      vertex 11.4178 8.17758 39
      vertex 11.4886 8.23569 51
      vertex 11.4178 8.17758 51
    endloop
  endfacet
  facet normal 0.634432 -0.772979 0
    outer loop
      vertex 11.4886 8.23569 51
      vertex 11.4178 8.17758 39
      vertex 11.4886 8.23569 39
    endloop
  endfacet
  facet normal 0.412906 0.910774 -0
    outer loop
      vertex 11.8051 5.83157 39
      vertex 11.7217 5.86938 51
      vertex 11.8051 5.83157 51
    endloop
  endfacet
  facet normal 0.412906 0.910774 0
    outer loop
      vertex 11.7217 5.86938 51
      vertex 11.8051 5.83157 39
      vertex 11.7217 5.86938 39
    endloop
  endfacet
  facet normal -0.935799 0.352534 0
    outer loop
      vertex 13.6343 6.58924 39
      vertex 13.6666 6.67498 51
      vertex 13.6666 6.67498 39
    endloop
  endfacet
  facet normal -0.935799 0.352534 0
    outer loop
      vertex 13.6666 6.67498 51
      vertex 13.6343 6.58924 39
      vertex 13.6343 6.58924 51
    endloop
  endfacet
  facet normal 0.352392 0.935853 -0
    outer loop
      vertex 11.8908 5.7993 39
      vertex 11.8051 5.83157 51
      vertex 11.8908 5.7993 51
    endloop
  endfacet
  facet normal 0.352392 0.935853 0
    outer loop
      vertex 11.8051 5.83157 51
      vertex 11.8908 5.7993 39
      vertex 11.8051 5.83157 39
    endloop
  endfacet
  facet normal -0.999464 0.0327443 0
    outer loop
      vertex 13.7379 7.03343 39
      vertex 13.7409 7.125 51
      vertex 13.7409 7.125 39
    endloop
  endfacet
  facet normal -0.999464 0.0327443 0
    outer loop
      vertex 13.7409 7.125 51
      vertex 13.7379 7.03343 39
      vertex 13.7379 7.03343 51
    endloop
  endfacet
  facet normal 0.227092 -0.973873 0
    outer loop
      vertex 11.9785 8.4773 39
      vertex 12.0677 8.4981 51
      vertex 11.9785 8.4773 51
    endloop
  endfacet
  facet normal 0.227092 -0.973873 0
    outer loop
      vertex 12.0677 8.4981 51
      vertex 11.9785 8.4773 39
      vertex 12.0677 8.4981 39
    endloop
  endfacet
  facet normal 0.812663 0.582734 0
    outer loop
      vertex 11.2302 6.27273 51
      vertex 11.1768 6.3472 39
      vertex 11.1768 6.3472 51
    endloop
  endfacet
  facet normal 0.812663 0.582734 0
    outer loop
      vertex 11.1768 6.3472 39
      vertex 11.2302 6.27273 51
      vertex 11.2302 6.27273 39
    endloop
  endfacet
  facet normal -0.881869 0.471494 0
    outer loop
      vertex 13.5533 6.425 39
      vertex 13.5965 6.5058 51
      vertex 13.5965 6.5058 39
    endloop
  endfacet
  facet normal -0.881869 0.471494 0
    outer loop
      vertex 13.5965 6.5058 51
      vertex 13.5533 6.425 39
      vertex 13.5533 6.425 51
    endloop
  endfacet
  facet normal 0.812663 -0.582734 0
    outer loop
      vertex 11.1768 7.9028 51
      vertex 11.2302 7.97727 39
      vertex 11.2302 7.97727 51
    endloop
  endfacet
  facet normal 0.812663 -0.582734 0
    outer loop
      vertex 11.2302 7.97727 39
      vertex 11.1768 7.9028 51
      vertex 11.1768 7.9028 39
    endloop
  endfacet
  facet normal 0.973885 -0.227043 0
    outer loop
      vertex 10.9678 7.39813 51
      vertex 10.9886 7.48735 39
      vertex 10.9886 7.48735 51
    endloop
  endfacet
  facet normal 0.973885 -0.227043 0
    outer loop
      vertex 10.9886 7.48735 39
      vertex 10.9678 7.39813 51
      vertex 10.9678 7.39813 39
    endloop
  endfacet
  facet normal 0.8491 0.528232 0
    outer loop
      vertex 11.1768 6.3472 51
      vertex 11.1284 6.425 39
      vertex 11.1284 6.425 51
    endloop
  endfacet
  facet normal 0.8491 0.528232 0
    outer loop
      vertex 11.1284 6.425 39
      vertex 11.1768 6.3472 51
      vertex 11.1768 6.3472 39
    endloop
  endfacet
  facet normal 0.683426 0.73002 -0
    outer loop
      vertex 11.4178 6.07242 39
      vertex 11.3509 6.13505 51
      vertex 11.4178 6.07242 51
    endloop
  endfacet
  facet normal 0.683426 0.73002 0
    outer loop
      vertex 11.3509 6.13505 51
      vertex 11.4178 6.07242 39
      vertex 11.3509 6.13505 39
    endloop
  endfacet
  facet normal -0.29025 -0.956951 0
    outer loop
      vertex 12.7032 8.4773 39
      vertex 12.7909 8.4507 51
      vertex 12.7032 8.4773 51
    endloop
  endfacet
  facet normal -0.29025 -0.956951 -0
    outer loop
      vertex 12.7909 8.4507 51
      vertex 12.7032 8.4773 39
      vertex 12.7909 8.4507 39
    endloop
  endfacet
  facet normal 0.29025 0.956951 -0
    outer loop
      vertex 11.9785 5.7727 39
      vertex 11.8908 5.7993 51
      vertex 11.9785 5.7727 51
    endloop
  endfacet
  facet normal 0.29025 0.956951 0
    outer loop
      vertex 11.8908 5.7993 51
      vertex 11.9785 5.7727 39
      vertex 11.8908 5.7993 39
    endloop
  endfacet
  facet normal -0.683426 0.73002 0
    outer loop
      vertex 13.3308 6.13505 39
      vertex 13.2639 6.07242 51
      vertex 13.3308 6.13505 51
    endloop
  endfacet
  facet normal -0.683426 0.73002 0
    outer loop
      vertex 13.2639 6.07242 51
      vertex 13.3308 6.13505 39
      vertex 13.2639 6.07242 39
    endloop
  endfacet
  facet normal -0.995163 0.0982392 0
    outer loop
      vertex 13.7289 6.94226 39
      vertex 13.7379 7.03343 51
      vertex 13.7379 7.03343 39
    endloop
  endfacet
  facet normal -0.995163 0.0982392 0
    outer loop
      vertex 13.7379 7.03343 51
      vertex 13.7289 6.94226 39
      vertex 13.7289 6.94226 51
    endloop
  endfacet
  facet normal -0.8491 0.528232 0
    outer loop
      vertex 13.5049 6.3472 39
      vertex 13.5533 6.425 51
      vertex 13.5533 6.425 39
    endloop
  endfacet
  facet normal -0.8491 0.528232 0
    outer loop
      vertex 13.5533 6.425 51
      vertex 13.5049 6.3472 39
      vertex 13.5049 6.3472 51
    endloop
  endfacet
  facet normal 0.910889 0.412651 0
    outer loop
      vertex 11.0852 6.5058 51
      vertex 11.0474 6.58924 39
      vertex 11.0474 6.58924 51
    endloop
  endfacet
  facet normal 0.910889 0.412651 0
    outer loop
      vertex 11.0474 6.58924 39
      vertex 11.0852 6.5058 51
      vertex 11.0852 6.5058 39
    endloop
  endfacet
  facet normal 0.881869 0.471494 0
    outer loop
      vertex 11.1284 6.425 51
      vertex 11.0852 6.5058 39
      vertex 11.0852 6.5058 51
    endloop
  endfacet
  facet normal 0.881869 0.471494 0
    outer loop
      vertex 11.0852 6.5058 39
      vertex 11.1284 6.425 51
      vertex 11.1284 6.425 39
    endloop
  endfacet
  facet normal 0.352392 -0.935853 0
    outer loop
      vertex 11.8051 8.41843 39
      vertex 11.8908 8.4507 51
      vertex 11.8051 8.41843 51
    endloop
  endfacet
  facet normal 0.352392 -0.935853 0
    outer loop
      vertex 11.8908 8.4507 51
      vertex 11.8051 8.41843 39
      vertex 11.8908 8.4507 39
    endloop
  endfacet
  facet normal 0.582363 0.812929 -0
    outer loop
      vertex 11.5631 5.96094 39
      vertex 11.4886 6.01431 51
      vertex 11.5631 5.96094 51
    endloop
  endfacet
  facet normal 0.582363 0.812929 0
    outer loop
      vertex 11.4886 6.01431 51
      vertex 11.5631 5.96094 39
      vertex 11.4886 6.01431 39
    endloop
  endfacet
  facet normal 0.528075 0.849198 -0
    outer loop
      vertex 11.6409 5.91256 39
      vertex 11.5631 5.96094 51
      vertex 11.6409 5.91256 51
    endloop
  endfacet
  facet normal 0.528075 0.849198 0
    outer loop
      vertex 11.5631 5.96094 51
      vertex 11.6409 5.91256 39
      vertex 11.5631 5.96094 39
    endloop
  endfacet
  facet normal 0.097991 0.995187 -0
    outer loop
      vertex 12.2493 5.728 39
      vertex 12.1581 5.73698 51
      vertex 12.2493 5.728 51
    endloop
  endfacet
  facet normal 0.097991 0.995187 0
    outer loop
      vertex 12.1581 5.73698 51
      vertex 12.2493 5.728 39
      vertex 12.1581 5.73698 39
    endloop
  endfacet
  facet normal -0.8491 0.528232 0
    outer loop
      vertex -11.1768 6.3472 39
      vertex -11.1284 6.425 51
      vertex -11.1284 6.425 39
    endloop
  endfacet
  facet normal -0.8491 0.528232 0
    outer loop
      vertex -11.1284 6.425 51
      vertex -11.1768 6.3472 39
      vertex -11.1768 6.3472 51
    endloop
  endfacet
  facet normal 0.910889 -0.412651 0
    outer loop
      vertex -13.6343 7.66076 51
      vertex -13.5965 7.7442 39
      vertex -13.5965 7.7442 51
    endloop
  endfacet
  facet normal 0.910889 -0.412651 0
    outer loop
      vertex -13.5965 7.7442 39
      vertex -13.6343 7.66076 51
      vertex -13.6343 7.66076 39
    endloop
  endfacet
  facet normal 0.881869 -0.471494 0
    outer loop
      vertex -13.5965 7.7442 51
      vertex -13.5533 7.825 39
      vertex -13.5533 7.825 51
    endloop
  endfacet
  facet normal 0.881869 -0.471494 0
    outer loop
      vertex -13.5533 7.825 39
      vertex -13.5965 7.7442 51
      vertex -13.5965 7.7442 39
    endloop
  endfacet
  facet normal 0.935799 -0.352534 0
    outer loop
      vertex -13.6666 7.57502 51
      vertex -13.6343 7.66076 39
      vertex -13.6343 7.66076 51
    endloop
  endfacet
  facet normal 0.935799 -0.352534 0
    outer loop
      vertex -13.6343 7.66076 39
      vertex -13.6666 7.57502 51
      vertex -13.6666 7.57502 39
    endloop
  endfacet
  facet normal -0.097991 -0.995187 0
    outer loop
      vertex -12.2493 8.522 39
      vertex -12.1581 8.51302 51
      vertex -12.2493 8.522 51
    endloop
  endfacet
  facet normal -0.097991 -0.995187 -0
    outer loop
      vertex -12.1581 8.51302 51
      vertex -12.2493 8.522 39
      vertex -12.1581 8.51302 39
    endloop
  endfacet
  facet normal -0.412906 -0.910774 0
    outer loop
      vertex -11.8051 8.41843 39
      vertex -11.7217 8.38062 51
      vertex -11.8051 8.41843 51
    endloop
  endfacet
  facet normal -0.412906 -0.910774 -0
    outer loop
      vertex -11.7217 8.38062 51
      vertex -11.8051 8.41843 39
      vertex -11.7217 8.38062 39
    endloop
  endfacet
  facet normal 0.772541 -0.634965 0
    outer loop
      vertex -13.4516 7.97727 51
      vertex -13.3934 8.04808 39
      vertex -13.3934 8.04808 51
    endloop
  endfacet
  facet normal 0.772541 -0.634965 0
    outer loop
      vertex -13.3934 8.04808 39
      vertex -13.4516 7.97727 51
      vertex -13.4516 7.97727 39
    endloop
  endfacet
  facet normal -0.683426 -0.73002 0
    outer loop
      vertex -11.4178 8.17758 39
      vertex -11.3509 8.11495 51
      vertex -11.4178 8.17758 51
    endloop
  endfacet
  facet normal -0.683426 -0.73002 -0
    outer loop
      vertex -11.3509 8.11495 51
      vertex -11.4178 8.17758 39
      vertex -11.3509 8.11495 39
    endloop
  endfacet
  facet normal -0.8491 -0.528232 0
    outer loop
      vertex -11.1284 7.825 39
      vertex -11.1768 7.9028 51
      vertex -11.1768 7.9028 39
    endloop
  endfacet
  facet normal -0.8491 -0.528232 0
    outer loop
      vertex -11.1768 7.9028 51
      vertex -11.1284 7.825 39
      vertex -11.1284 7.825 51
    endloop
  endfacet
  facet normal -0.528075 0.849198 0
    outer loop
      vertex -11.5631 5.96094 39
      vertex -11.6409 5.91256 51
      vertex -11.5631 5.96094 51
    endloop
  endfacet
  facet normal -0.528075 0.849198 0
    outer loop
      vertex -11.6409 5.91256 51
      vertex -11.5631 5.96094 39
      vertex -11.6409 5.91256 39
    endloop
  endfacet
  facet normal -0.99527 -0.0971474 0
    outer loop
      vertex -10.9439 7.21656 39
      vertex -10.9528 7.30774 51
      vertex -10.9528 7.30774 39
    endloop
  endfacet
  facet normal -0.99527 -0.0971474 0
    outer loop
      vertex -10.9528 7.30774 51
      vertex -10.9439 7.21656 39
      vertex -10.9439 7.21656 51
    endloop
  endfacet
  facet normal -0.471325 0.88196 0
    outer loop
      vertex -11.6409 5.91256 39
      vertex -11.7217 5.86938 51
      vertex -11.6409 5.91256 51
    endloop
  endfacet
  facet normal -0.471325 0.88196 0
    outer loop
      vertex -11.7217 5.86938 51
      vertex -11.6409 5.91256 39
      vertex -11.7217 5.86938 39
    endloop
  endfacet
  facet normal -0.352392 -0.935853 0
    outer loop
      vertex -11.8908 8.4507 39
      vertex -11.8051 8.41843 51
      vertex -11.8908 8.4507 51
    endloop
  endfacet
  facet normal -0.352392 -0.935853 -0
    outer loop
      vertex -11.8051 8.41843 51
      vertex -11.8908 8.4507 39
      vertex -11.8051 8.41843 39
    endloop
  endfacet
  facet normal -0.412906 0.910774 0
    outer loop
      vertex -11.7217 5.86938 39
      vertex -11.8051 5.83157 51
      vertex -11.7217 5.86938 51
    endloop
  endfacet
  facet normal -0.412906 0.910774 0
    outer loop
      vertex -11.8051 5.83157 51
      vertex -11.7217 5.86938 39
      vertex -11.8051 5.83157 39
    endloop
  endfacet
  facet normal 0.29025 0.956951 -0
    outer loop
      vertex -12.7032 5.7727 39
      vertex -12.7909 5.7993 51
      vertex -12.7032 5.7727 51
    endloop
  endfacet
  facet normal 0.29025 0.956951 0
    outer loop
      vertex -12.7909 5.7993 51
      vertex -12.7032 5.7727 39
      vertex -12.7909 5.7993 39
    endloop
  endfacet
  facet normal -0.973885 -0.227043 0
    outer loop
      vertex -10.9678 7.39813 39
      vertex -10.9886 7.48735 51
      vertex -10.9886 7.48735 39
    endloop
  endfacet
  facet normal -0.973885 -0.227043 0
    outer loop
      vertex -10.9886 7.48735 51
      vertex -10.9678 7.39813 39
      vertex -10.9678 7.39813 51
    endloop
  endfacet
  facet normal 0.999464 -0.0327478 0
    outer loop
      vertex -13.7409 7.125 51
      vertex -13.7379 7.21656 39
      vertex -13.7379 7.21656 51
    endloop
  endfacet
  facet normal 0.999464 -0.0327478 0
    outer loop
      vertex -13.7379 7.21656 39
      vertex -13.7409 7.125 51
      vertex -13.7409 7.125 39
    endloop
  endfacet
  facet normal -0.986509 -0.163709 0
    outer loop
      vertex -10.9528 7.30774 39
      vertex -10.9678 7.39813 51
      vertex -10.9678 7.39813 39
    endloop
  endfacet
  facet normal -0.986509 -0.163709 0
    outer loop
      vertex -10.9678 7.39813 51
      vertex -10.9528 7.30774 39
      vertex -10.9528 7.30774 51
    endloop
  endfacet
  facet normal 0.995163 0.0982392 0
    outer loop
      vertex -13.7289 6.94226 51
      vertex -13.7379 7.03343 39
      vertex -13.7379 7.03343 51
    endloop
  endfacet
  facet normal 0.995163 0.0982392 0
    outer loop
      vertex -13.7379 7.03343 39
      vertex -13.7289 6.94226 51
      vertex -13.7289 6.94226 39
    endloop
  endfacet
  facet normal 0.471325 0.88196 -0
    outer loop
      vertex -12.9601 5.86938 39
      vertex -13.0409 5.91256 51
      vertex -12.9601 5.86938 51
    endloop
  endfacet
  facet normal 0.471325 0.88196 0
    outer loop
      vertex -13.0409 5.91256 51
      vertex -12.9601 5.86938 39
      vertex -13.0409 5.91256 39
    endloop
  endfacet
  facet normal -0.227092 0.973873 0
    outer loop
      vertex -11.9785 5.7727 39
      vertex -12.0677 5.7519 51
      vertex -11.9785 5.7727 51
    endloop
  endfacet
  facet normal -0.227092 0.973873 0
    outer loop
      vertex -12.0677 5.7519 51
      vertex -11.9785 5.7727 39
      vertex -12.0677 5.7519 39
    endloop
  endfacet
  facet normal 0.956923 -0.290341 0
    outer loop
      vertex -13.6932 7.48735 51
      vertex -13.6666 7.57502 39
      vertex -13.6666 7.57502 51
    endloop
  endfacet
  facet normal 0.956923 -0.290341 0
    outer loop
      vertex -13.6666 7.57502 39
      vertex -13.6932 7.48735 51
      vertex -13.6932 7.48735 39
    endloop
  endfacet
  facet normal -0.730031 0.683414 0
    outer loop
      vertex -11.3509 6.13505 39
      vertex -11.2883 6.20192 51
      vertex -11.2883 6.20192 39
    endloop
  endfacet
  facet normal -0.730031 0.683414 0
    outer loop
      vertex -11.2883 6.20192 51
      vertex -11.3509 6.13505 39
      vertex -11.3509 6.13505 51
    endloop
  endfacet
  facet normal 0.227092 0.973873 -0
    outer loop
      vertex -12.614 5.7519 39
      vertex -12.7032 5.7727 51
      vertex -12.614 5.7519 51
    endloop
  endfacet
  facet normal 0.227092 0.973873 0
    outer loop
      vertex -12.7032 5.7727 51
      vertex -12.614 5.7519 39
      vertex -12.7032 5.7727 39
    endloop
  endfacet
  facet normal -0.227092 -0.973873 0
    outer loop
      vertex -12.0677 8.4981 39
      vertex -11.9785 8.4773 51
      vertex -12.0677 8.4981 51
    endloop
  endfacet
  facet normal -0.227092 -0.973873 -0
    outer loop
      vertex -11.9785 8.4773 51
      vertex -12.0677 8.4981 39
      vertex -11.9785 8.4773 39
    endloop
  endfacet
  facet normal -0.986509 0.163709 0
    outer loop
      vertex -10.9678 6.85187 39
      vertex -10.9528 6.94226 51
      vertex -10.9528 6.94226 39
    endloop
  endfacet
  facet normal -0.986509 0.163709 0
    outer loop
      vertex -10.9528 6.94226 51
      vertex -10.9678 6.85187 39
      vertex -10.9678 6.85187 51
    endloop
  endfacet
  facet normal 0.634432 -0.772979 0
    outer loop
      vertex -13.2639 8.17758 39
      vertex -13.1931 8.23569 51
      vertex -13.2639 8.17758 51
    endloop
  endfacet
  facet normal 0.634432 -0.772979 0
    outer loop
      vertex -13.1931 8.23569 51
      vertex -13.2639 8.17758 39
      vertex -13.1931 8.23569 39
    endloop
  endfacet
  facet normal -0.995269 0.097158 0
    outer loop
      vertex -10.9528 6.94226 39
      vertex -10.9439 7.03343 51
      vertex -10.9439 7.03343 39
    endloop
  endfacet
  facet normal -0.995269 0.097158 0
    outer loop
      vertex -10.9439 7.03343 51
      vertex -10.9528 6.94226 39
      vertex -10.9528 6.94226 51
    endloop
  endfacet
  facet normal -0.881869 -0.471494 0
    outer loop
      vertex -11.0852 7.7442 39
      vertex -11.1284 7.825 51
      vertex -11.1284 7.825 39
    endloop
  endfacet
  facet normal -0.881869 -0.471494 0
    outer loop
      vertex -11.1284 7.825 51
      vertex -11.0852 7.7442 39
      vertex -11.0852 7.7442 51
    endloop
  endfacet
  facet normal -0.29025 -0.956951 0
    outer loop
      vertex -11.9785 8.4773 39
      vertex -11.8908 8.4507 51
      vertex -11.9785 8.4773 51
    endloop
  endfacet
  facet normal -0.29025 -0.956951 -0
    outer loop
      vertex -11.8908 8.4507 51
      vertex -11.9785 8.4773 39
      vertex -11.8908 8.4507 39
    endloop
  endfacet
  facet normal -0.881869 0.471494 0
    outer loop
      vertex -11.1284 6.425 39
      vertex -11.0852 6.5058 51
      vertex -11.0852 6.5058 39
    endloop
  endfacet
  facet normal -0.881869 0.471494 0
    outer loop
      vertex -11.0852 6.5058 51
      vertex -11.1284 6.425 39
      vertex -11.1284 6.425 51
    endloop
  endfacet
  facet normal 0.097991 0.995187 -0
    outer loop
      vertex -12.4324 5.728 39
      vertex -12.5236 5.73698 51
      vertex -12.4324 5.728 51
    endloop
  endfacet
  facet normal 0.097991 0.995187 0
    outer loop
      vertex -12.5236 5.73698 51
      vertex -12.4324 5.728 39
      vertex -12.5236 5.73698 39
    endloop
  endfacet
  facet normal 0.81318 -0.582013 0
    outer loop
      vertex -13.5049 7.9028 51
      vertex -13.4516 7.97727 39
      vertex -13.4516 7.97727 51
    endloop
  endfacet
  facet normal 0.81318 -0.582013 0
    outer loop
      vertex -13.4516 7.97727 39
      vertex -13.5049 7.9028 51
      vertex -13.5049 7.9028 39
    endloop
  endfacet
  facet normal 0.999464 0.0327443 0
    outer loop
      vertex -13.7379 7.03343 51
      vertex -13.7409 7.125 39
      vertex -13.7409 7.125 51
    endloop
  endfacet
  facet normal 0.999464 0.0327443 0
    outer loop
      vertex -13.7409 7.125 39
      vertex -13.7379 7.03343 51
      vertex -13.7379 7.03343 39
    endloop
  endfacet
  facet normal -0.812663 0.582734 0
    outer loop
      vertex -11.2302 6.27273 39
      vertex -11.1768 6.3472 51
      vertex -11.1768 6.3472 39
    endloop
  endfacet
  facet normal -0.812663 0.582734 0
    outer loop
      vertex -11.1768 6.3472 51
      vertex -11.2302 6.27273 39
      vertex -11.2302 6.27273 51
    endloop
  endfacet
  facet normal 0.772541 0.634965 0
    outer loop
      vertex -13.3934 6.20192 51
      vertex -13.4516 6.27273 39
      vertex -13.4516 6.27273 51
    endloop
  endfacet
  facet normal 0.772541 0.634965 0
    outer loop
      vertex -13.4516 6.27273 39
      vertex -13.3934 6.20192 51
      vertex -13.3934 6.20192 39
    endloop
  endfacet
  facet normal 0.81318 0.582013 0
    outer loop
      vertex -13.4516 6.27273 51
      vertex -13.5049 6.3472 39
      vertex -13.5049 6.3472 51
    endloop
  endfacet
  facet normal 0.81318 0.582013 0
    outer loop
      vertex -13.5049 6.3472 39
      vertex -13.4516 6.27273 51
      vertex -13.4516 6.27273 39
    endloop
  endfacet
  facet normal 0.162841 0.986652 -0
    outer loop
      vertex -12.5236 5.73698 39
      vertex -12.614 5.7519 51
      vertex -12.5236 5.73698 51
    endloop
  endfacet
  facet normal 0.162841 0.986652 0
    outer loop
      vertex -12.614 5.7519 51
      vertex -12.5236 5.73698 39
      vertex -12.614 5.7519 39
    endloop
  endfacet
  facet normal 0.528075 0.849198 -0
    outer loop
      vertex -13.0409 5.91256 39
      vertex -13.1187 5.96094 51
      vertex -13.0409 5.91256 51
    endloop
  endfacet
  facet normal 0.528075 0.849198 0
    outer loop
      vertex -13.1187 5.96094 51
      vertex -13.0409 5.91256 39
      vertex -13.1187 5.96094 39
    endloop
  endfacet
  facet normal 0.0327693 -0.999463 0
    outer loop
      vertex -12.4324 8.522 39
      vertex -12.3409 8.525 51
      vertex -12.4324 8.522 51
    endloop
  endfacet
  facet normal 0.0327693 -0.999463 0
    outer loop
      vertex -12.3409 8.525 51
      vertex -12.4324 8.522 39
      vertex -12.3409 8.525 39
    endloop
  endfacet
  facet normal 0.352392 -0.935853 0
    outer loop
      vertex -12.8766 8.41843 39
      vertex -12.7909 8.4507 51
      vertex -12.8766 8.41843 51
    endloop
  endfacet
  facet normal 0.352392 -0.935853 0
    outer loop
      vertex -12.7909 8.4507 51
      vertex -12.8766 8.41843 39
      vertex -12.7909 8.4507 39
    endloop
  endfacet
  facet normal 0.412496 0.91096 -0
    outer loop
      vertex -12.8766 5.83157 39
      vertex -12.9601 5.86938 51
      vertex -12.8766 5.83157 51
    endloop
  endfacet
  facet normal 0.412496 0.91096 0
    outer loop
      vertex -12.9601 5.86938 51
      vertex -12.8766 5.83157 39
      vertex -12.9601 5.86938 39
    endloop
  endfacet
  facet normal 0.995164 -0.0982285 0
    outer loop
      vertex -13.7379 7.21656 51
      vertex -13.7289 7.30774 39
      vertex -13.7289 7.30774 51
    endloop
  endfacet
  facet normal 0.995164 -0.0982285 0
    outer loop
      vertex -13.7289 7.30774 39
      vertex -13.7379 7.21656 51
      vertex -13.7379 7.21656 39
    endloop
  endfacet
  facet normal 0.881869 0.471494 0
    outer loop
      vertex -13.5533 6.425 51
      vertex -13.5965 6.5058 39
      vertex -13.5965 6.5058 51
    endloop
  endfacet
  facet normal 0.881869 0.471494 0
    outer loop
      vertex -13.5965 6.5058 39
      vertex -13.5533 6.425 51
      vertex -13.5533 6.425 39
    endloop
  endfacet
  facet normal 0.412496 -0.91096 0
    outer loop
      vertex -12.9601 8.38062 39
      vertex -12.8766 8.41843 51
      vertex -12.9601 8.38062 51
    endloop
  endfacet
  facet normal 0.412496 -0.91096 0
    outer loop
      vertex -12.8766 8.41843 51
      vertex -12.9601 8.38062 39
      vertex -12.8766 8.41843 39
    endloop
  endfacet
  facet normal -0.910889 -0.412651 0
    outer loop
      vertex -11.0474 7.66076 39
      vertex -11.0852 7.7442 51
      vertex -11.0852 7.7442 39
    endloop
  endfacet
  facet normal -0.910889 -0.412651 0
    outer loop
      vertex -11.0852 7.7442 51
      vertex -11.0474 7.66076 39
      vertex -11.0474 7.66076 51
    endloop
  endfacet
  facet normal -0.956923 -0.290341 0
    outer loop
      vertex -10.9886 7.48735 39
      vertex -11.0152 7.57502 51
      vertex -11.0152 7.57502 39
    endloop
  endfacet
  facet normal -0.956923 -0.290341 0
    outer loop
      vertex -11.0152 7.57502 51
      vertex -10.9886 7.48735 39
      vertex -10.9886 7.48735 51
    endloop
  endfacet
  facet normal 0.58288 0.812558 -0
    outer loop
      vertex -13.1187 5.96094 39
      vertex -13.1931 6.01431 51
      vertex -13.1187 5.96094 51
    endloop
  endfacet
  facet normal 0.58288 0.812558 0
    outer loop
      vertex -13.1931 6.01431 51
      vertex -13.1187 5.96094 39
      vertex -13.1931 6.01431 39
    endloop
  endfacet
  facet normal 0.0327693 0.999463 -0
    outer loop
      vertex -12.3409 5.725 39
      vertex -12.4324 5.728 51
      vertex -12.3409 5.725 51
    endloop
  endfacet
  facet normal 0.0327693 0.999463 0
    outer loop
      vertex -12.4324 5.728 51
      vertex -12.3409 5.725 39
      vertex -12.4324 5.728 39
    endloop
  endfacet
  facet normal -0.471409 -0.881914 0
    outer loop
      vertex -11.7217 8.38062 39
      vertex -11.6409 8.33743 51
      vertex -11.7217 8.38062 51
    endloop
  endfacet
  facet normal -0.471409 -0.881914 -0
    outer loop
      vertex -11.6409 8.33743 51
      vertex -11.7217 8.38062 39
      vertex -11.6409 8.33743 39
    endloop
  endfacet
  facet normal -0.773076 -0.634313 0
    outer loop
      vertex -11.2302 7.97727 39
      vertex -11.2883 8.04808 51
      vertex -11.2883 8.04808 39
    endloop
  endfacet
  facet normal -0.773076 -0.634313 0
    outer loop
      vertex -11.2883 8.04808 51
      vertex -11.2302 7.97727 39
      vertex -11.2302 7.97727 51
    endloop
  endfacet
  facet normal -0.999464 -0.0327478 0
    outer loop
      vertex -10.9409 7.125 39
      vertex -10.9439 7.21656 51
      vertex -10.9439 7.21656 39
    endloop
  endfacet
  facet normal -0.999464 -0.0327478 0
    outer loop
      vertex -10.9439 7.21656 51
      vertex -10.9409 7.125 39
      vertex -10.9409 7.125 51
    endloop
  endfacet
  facet normal 0.8491 -0.528232 0
    outer loop
      vertex -13.5533 7.825 51
      vertex -13.5049 7.9028 39
      vertex -13.5049 7.9028 51
    endloop
  endfacet
  facet normal 0.8491 -0.528232 0
    outer loop
      vertex -13.5049 7.9028 39
      vertex -13.5533 7.825 51
      vertex -13.5533 7.825 39
    endloop
  endfacet
  facet normal 0.935799 0.352534 0
    outer loop
      vertex -13.6343 6.58924 51
      vertex -13.6666 6.67498 39
      vertex -13.6666 6.67498 51
    endloop
  endfacet
  facet normal 0.935799 0.352534 0
    outer loop
      vertex -13.6666 6.67498 39
      vertex -13.6343 6.58924 51
      vertex -13.6343 6.58924 39
    endloop
  endfacet
  facet normal 0.8491 0.528232 0
    outer loop
      vertex -13.5049 6.3472 51
      vertex -13.5533 6.425 39
      vertex -13.5533 6.425 51
    endloop
  endfacet
  facet normal 0.8491 0.528232 0
    outer loop
      vertex -13.5533 6.425 39
      vertex -13.5049 6.3472 51
      vertex -13.5049 6.3472 39
    endloop
  endfacet
  facet normal -0.936159 0.351578 0
    outer loop
      vertex -11.0474 6.58924 39
      vertex -11.0152 6.67498 51
      vertex -11.0152 6.67498 39
    endloop
  endfacet
  facet normal -0.936159 0.351578 0
    outer loop
      vertex -11.0152 6.67498 51
      vertex -11.0474 6.58924 39
      vertex -11.0474 6.58924 51
    endloop
  endfacet
  facet normal 0.29025 -0.956951 0
    outer loop
      vertex -12.7909 8.4507 39
      vertex -12.7032 8.4773 51
      vertex -12.7909 8.4507 51
    endloop
  endfacet
  facet normal 0.29025 -0.956951 0
    outer loop
      vertex -12.7032 8.4773 51
      vertex -12.7909 8.4507 39
      vertex -12.7032 8.4773 39
    endloop
  endfacet
  facet normal -0.910889 0.412651 0
    outer loop
      vertex -11.0852 6.5058 39
      vertex -11.0474 6.58924 51
      vertex -11.0474 6.58924 39
    endloop
  endfacet
  facet normal -0.910889 0.412651 0
    outer loop
      vertex -11.0474 6.58924 51
      vertex -11.0852 6.5058 39
      vertex -11.0852 6.5058 51
    endloop
  endfacet
  facet normal -0.527996 -0.849247 0
    outer loop
      vertex -11.6409 8.33743 39
      vertex -11.5631 8.28906 51
      vertex -11.6409 8.33743 51
    endloop
  endfacet
  facet normal -0.527996 -0.849247 -0
    outer loop
      vertex -11.5631 8.28906 51
      vertex -11.6409 8.33743 39
      vertex -11.5631 8.28906 39
    endloop
  endfacet
  facet normal -0.773076 0.634313 0
    outer loop
      vertex -11.2883 6.20192 39
      vertex -11.2302 6.27273 51
      vertex -11.2302 6.27273 39
    endloop
  endfacet
  facet normal -0.773076 0.634313 0
    outer loop
      vertex -11.2302 6.27273 51
      vertex -11.2883 6.20192 39
      vertex -11.2883 6.20192 51
    endloop
  endfacet
  facet normal 0.910889 0.412651 0
    outer loop
      vertex -13.5965 6.5058 51
      vertex -13.6343 6.58924 39
      vertex -13.6343 6.58924 51
    endloop
  endfacet
  facet normal 0.910889 0.412651 0
    outer loop
      vertex -13.6343 6.58924 39
      vertex -13.5965 6.5058 51
      vertex -13.5965 6.5058 39
    endloop
  endfacet
  facet normal -0.0327335 -0.999464 0
    outer loop
      vertex -12.3409 8.525 39
      vertex -12.2493 8.522 51
      vertex -12.3409 8.525 51
    endloop
  endfacet
  facet normal -0.0327335 -0.999464 -0
    outer loop
      vertex -12.2493 8.522 51
      vertex -12.3409 8.525 39
      vertex -12.2493 8.522 39
    endloop
  endfacet
  facet normal -0.0327335 0.999464 0
    outer loop
      vertex -12.2493 5.728 39
      vertex -12.3409 5.725 51
      vertex -12.2493 5.728 51
    endloop
  endfacet
  facet normal -0.0327335 0.999464 0
    outer loop
      vertex -12.3409 5.725 51
      vertex -12.2493 5.728 39
      vertex -12.3409 5.725 39
    endloop
  endfacet
  facet normal -0.683426 0.73002 0
    outer loop
      vertex -11.3509 6.13505 39
      vertex -11.4178 6.07242 51
      vertex -11.3509 6.13505 51
    endloop
  endfacet
  facet normal -0.683426 0.73002 0
    outer loop
      vertex -11.4178 6.07242 51
      vertex -11.3509 6.13505 39
      vertex -11.4178 6.07242 39
    endloop
  endfacet
  facet normal 0.471409 -0.881914 0
    outer loop
      vertex -13.0409 8.33743 39
      vertex -12.9601 8.38062 51
      vertex -13.0409 8.33743 51
    endloop
  endfacet
  facet normal 0.471409 -0.881914 0
    outer loop
      vertex -12.9601 8.38062 51
      vertex -13.0409 8.33743 39
      vertex -12.9601 8.38062 39
    endloop
  endfacet
  facet normal -0.162841 -0.986652 0
    outer loop
      vertex -12.1581 8.51302 39
      vertex -12.0677 8.4981 51
      vertex -12.1581 8.51302 51
    endloop
  endfacet
  facet normal -0.162841 -0.986652 -0
    outer loop
      vertex -12.0677 8.4981 51
      vertex -12.1581 8.51302 39
      vertex -12.0677 8.4981 39
    endloop
  endfacet
  facet normal 0.683426 -0.73002 0
    outer loop
      vertex -13.3308 8.11495 39
      vertex -13.2639 8.17758 51
      vertex -13.3308 8.11495 51
    endloop
  endfacet
  facet normal 0.683426 -0.73002 0
    outer loop
      vertex -13.2639 8.17758 51
      vertex -13.3308 8.11495 39
      vertex -13.2639 8.17758 39
    endloop
  endfacet
  facet normal 0.973885 -0.227043 0
    outer loop
      vertex -13.714 7.39813 51
      vertex -13.6932 7.48735 39
      vertex -13.6932 7.48735 51
    endloop
  endfacet
  facet normal 0.973885 -0.227043 0
    outer loop
      vertex -13.6932 7.48735 39
      vertex -13.714 7.39813 51
      vertex -13.714 7.39813 39
    endloop
  endfacet
  facet normal 0.58288 -0.812558 0
    outer loop
      vertex -13.1931 8.23569 39
      vertex -13.1187 8.28906 51
      vertex -13.1931 8.23569 51
    endloop
  endfacet
  facet normal 0.58288 -0.812558 0
    outer loop
      vertex -13.1187 8.28906 51
      vertex -13.1931 8.23569 39
      vertex -13.1187 8.28906 39
    endloop
  endfacet
  facet normal -0.634432 0.772979 0
    outer loop
      vertex -11.4178 6.07242 39
      vertex -11.4886 6.01431 51
      vertex -11.4178 6.07242 51
    endloop
  endfacet
  facet normal -0.634432 0.772979 0
    outer loop
      vertex -11.4886 6.01431 51
      vertex -11.4178 6.07242 39
      vertex -11.4886 6.01431 39
    endloop
  endfacet
  facet normal 0.683426 0.73002 -0
    outer loop
      vertex -13.2639 6.07242 39
      vertex -13.3308 6.13505 51
      vertex -13.2639 6.07242 51
    endloop
  endfacet
  facet normal 0.683426 0.73002 0
    outer loop
      vertex -13.3308 6.13505 51
      vertex -13.2639 6.07242 39
      vertex -13.3308 6.13505 39
    endloop
  endfacet
  facet normal 0.986684 -0.162646 0
    outer loop
      vertex -13.7289 7.30774 51
      vertex -13.714 7.39813 39
      vertex -13.714 7.39813 51
    endloop
  endfacet
  facet normal 0.986684 -0.162646 0
    outer loop
      vertex -13.714 7.39813 39
      vertex -13.7289 7.30774 51
      vertex -13.7289 7.30774 39
    endloop
  endfacet
  facet normal 0.956923 0.290341 0
    outer loop
      vertex -13.6666 6.67498 51
      vertex -13.6932 6.76265 39
      vertex -13.6932 6.76265 51
    endloop
  endfacet
  facet normal 0.956923 0.290341 0
    outer loop
      vertex -13.6932 6.76265 39
      vertex -13.6666 6.67498 51
      vertex -13.6666 6.67498 39
    endloop
  endfacet
  facet normal 0.730031 0.683414 0
    outer loop
      vertex -13.3308 6.13505 51
      vertex -13.3934 6.20192 39
      vertex -13.3934 6.20192 51
    endloop
  endfacet
  facet normal 0.730031 0.683414 0
    outer loop
      vertex -13.3934 6.20192 39
      vertex -13.3308 6.13505 51
      vertex -13.3308 6.13505 39
    endloop
  endfacet
  facet normal -0.097991 0.995187 0
    outer loop
      vertex -12.1581 5.73698 39
      vertex -12.2493 5.728 51
      vertex -12.1581 5.73698 51
    endloop
  endfacet
  facet normal -0.097991 0.995187 0
    outer loop
      vertex -12.2493 5.728 51
      vertex -12.1581 5.73698 39
      vertex -12.2493 5.728 39
    endloop
  endfacet
  facet normal 0.352392 0.935853 -0
    outer loop
      vertex -12.7909 5.7993 39
      vertex -12.8766 5.83157 51
      vertex -12.7909 5.7993 51
    endloop
  endfacet
  facet normal 0.352392 0.935853 0
    outer loop
      vertex -12.8766 5.83157 51
      vertex -12.7909 5.7993 39
      vertex -12.8766 5.83157 39
    endloop
  endfacet
  facet normal 0.162841 -0.986652 0
    outer loop
      vertex -12.614 8.4981 39
      vertex -12.5236 8.51302 51
      vertex -12.614 8.4981 51
    endloop
  endfacet
  facet normal 0.162841 -0.986652 0
    outer loop
      vertex -12.5236 8.51302 51
      vertex -12.614 8.4981 39
      vertex -12.5236 8.51302 39
    endloop
  endfacet
  facet normal -0.936159 -0.351578 0
    outer loop
      vertex -11.0152 7.57502 39
      vertex -11.0474 7.66076 51
      vertex -11.0474 7.66076 39
    endloop
  endfacet
  facet normal -0.936159 -0.351578 0
    outer loop
      vertex -11.0474 7.66076 51
      vertex -11.0152 7.57502 39
      vertex -11.0152 7.57502 51
    endloop
  endfacet
  facet normal 0.634432 0.772979 -0
    outer loop
      vertex -13.1931 6.01431 39
      vertex -13.2639 6.07242 51
      vertex -13.1931 6.01431 51
    endloop
  endfacet
  facet normal 0.634432 0.772979 0
    outer loop
      vertex -13.2639 6.07242 51
      vertex -13.1931 6.01431 39
      vertex -13.2639 6.07242 39
    endloop
  endfacet
  facet normal 0.527996 -0.849247 0
    outer loop
      vertex -13.1187 8.28906 39
      vertex -13.0409 8.33743 51
      vertex -13.1187 8.28906 51
    endloop
  endfacet
  facet normal 0.527996 -0.849247 0
    outer loop
      vertex -13.0409 8.33743 51
      vertex -13.1187 8.28906 39
      vertex -13.0409 8.33743 39
    endloop
  endfacet
  facet normal 0.227092 -0.973873 0
    outer loop
      vertex -12.7032 8.4773 39
      vertex -12.614 8.4981 51
      vertex -12.7032 8.4773 51
    endloop
  endfacet
  facet normal 0.227092 -0.973873 0
    outer loop
      vertex -12.614 8.4981 51
      vertex -12.7032 8.4773 39
      vertex -12.614 8.4981 39
    endloop
  endfacet
  facet normal 0.097991 -0.995187 0
    outer loop
      vertex -12.5236 8.51302 39
      vertex -12.4324 8.522 51
      vertex -12.5236 8.51302 51
    endloop
  endfacet
  facet normal 0.097991 -0.995187 0
    outer loop
      vertex -12.4324 8.522 51
      vertex -12.5236 8.51302 39
      vertex -12.4324 8.522 39
    endloop
  endfacet
  facet normal -0.973885 0.227043 0
    outer loop
      vertex -10.9886 6.76265 39
      vertex -10.9678 6.85187 51
      vertex -10.9678 6.85187 39
    endloop
  endfacet
  facet normal -0.973885 0.227043 0
    outer loop
      vertex -10.9678 6.85187 51
      vertex -10.9886 6.76265 39
      vertex -10.9886 6.76265 51
    endloop
  endfacet
  facet normal -0.999464 0.0327443 0
    outer loop
      vertex -10.9439 7.03343 39
      vertex -10.9409 7.125 51
      vertex -10.9409 7.125 39
    endloop
  endfacet
  facet normal -0.999464 0.0327443 0
    outer loop
      vertex -10.9409 7.125 51
      vertex -10.9439 7.03343 39
      vertex -10.9439 7.03343 51
    endloop
  endfacet
  facet normal 0 0 1
    outer loop
      vertex -10.9439 7.21656 39
      vertex -10.9439 7.03343 39
      vertex -10.9409 7.125 39
    endloop
  endfacet
  facet normal 0 0 1
    outer loop
      vertex -10.9528 7.30774 39
      vertex -10.9439 7.03343 39
      vertex -10.9439 7.21656 39
    endloop
  endfacet
  facet normal 0 0 1
    outer loop
      vertex -10.9528 7.30774 39
      vertex -10.9528 6.94226 39
      vertex -10.9439 7.03343 39
    endloop
  endfacet
  facet normal 0 0 1
    outer loop
      vertex -10.9678 7.39813 39
      vertex -10.9528 6.94226 39
      vertex -10.9528 7.30774 39
    endloop
  endfacet
  facet normal 0 0 1
    outer loop
      vertex -10.9678 7.39813 39
      vertex -10.9678 6.85187 39
      vertex -10.9528 6.94226 39
    endloop
  endfacet
  facet normal 0 0 1
    outer loop
      vertex -10.9886 7.48735 39
      vertex -10.9678 6.85187 39
      vertex -10.9678 7.39813 39
    endloop
  endfacet
  facet normal 0 0 1
    outer loop
      vertex -10.9886 7.48735 39
      vertex -10.9886 6.76265 39
      vertex -10.9678 6.85187 39
    endloop
  endfacet
  facet normal 0 0 1
    outer loop
      vertex -11.0152 7.57502 39
      vertex -10.9886 6.76265 39
      vertex -10.9886 7.48735 39
    endloop
  endfacet
  facet normal 0 0 1
    outer loop
      vertex -11.0152 7.57502 39
      vertex -11.0152 6.67498 39
      vertex -10.9886 6.76265 39
    endloop
  endfacet
  facet normal 0 0 1
    outer loop
      vertex -11.0474 7.66076 39
      vertex -11.0152 6.67498 39
      vertex -11.0152 7.57502 39
    endloop
  endfacet
  facet normal 0 0 1
    outer loop
      vertex -11.0474 7.66076 39
      vertex -11.0474 6.58924 39
      vertex -11.0152 6.67498 39
    endloop
  endfacet
  facet normal 0 0 1
    outer loop
      vertex -11.0852 7.7442 39
      vertex -11.0474 6.58924 39
      vertex -11.0474 7.66076 39
    endloop
  endfacet
  facet normal 0 0 1
    outer loop
      vertex -11.0852 7.7442 39
      vertex -11.0852 6.5058 39
      vertex -11.0474 6.58924 39
    endloop
  endfacet
  facet normal 0 0 1
    outer loop
      vertex -11.1284 7.825 39
      vertex -11.0852 6.5058 39
      vertex -11.0852 7.7442 39
    endloop
  endfacet
  facet normal 0 0 1
    outer loop
      vertex -11.1284 7.825 39
      vertex -11.1284 6.425 39
      vertex -11.0852 6.5058 39
    endloop
  endfacet
  facet normal 0 0 1
    outer loop
      vertex -11.1768 7.9028 39
      vertex -11.1284 6.425 39
      vertex -11.1284 7.825 39
    endloop
  endfacet
  facet normal 0 0 1
    outer loop
      vertex -11.1768 7.9028 39
      vertex -11.1768 6.3472 39
      vertex -11.1284 6.425 39
    endloop
  endfacet
  facet normal 0 0 1
    outer loop
      vertex -11.2302 7.97727 39
      vertex -11.1768 6.3472 39
      vertex -11.1768 7.9028 39
    endloop
  endfacet
  facet normal 0 0 1
    outer loop
      vertex -11.2302 7.97727 39
      vertex -11.2302 6.27273 39
      vertex -11.1768 6.3472 39
    endloop
  endfacet
  facet normal 0 0 1
    outer loop
      vertex -11.2883 8.04808 39
      vertex -11.2302 6.27273 39
      vertex -11.2302 7.97727 39
    endloop
  endfacet
  facet normal 0 0 1
    outer loop
      vertex -11.2883 8.04808 39
      vertex -11.2883 6.20192 39
      vertex -11.2302 6.27273 39
    endloop
  endfacet
  facet normal 0 0 1
    outer loop
      vertex -11.3509 8.11495 39
      vertex -11.2883 6.20192 39
      vertex -11.2883 8.04808 39
    endloop
  endfacet
  facet normal 0 0 1
    outer loop
      vertex -11.3509 8.11495 39
      vertex -11.3509 6.13505 39
      vertex -11.2883 6.20192 39
    endloop
  endfacet
  facet normal 0 0 1
    outer loop
      vertex -11.4178 8.17758 39
      vertex -11.3509 6.13505 39
      vertex -11.3509 8.11495 39
    endloop
  endfacet
  facet normal 0 0 1
    outer loop
      vertex -11.4178 8.17758 39
      vertex -11.4178 6.07242 39
      vertex -11.3509 6.13505 39
    endloop
  endfacet
  facet normal 0 0 1
    outer loop
      vertex -11.4886 8.23569 39
      vertex -11.4178 6.07242 39
      vertex -11.4178 8.17758 39
    endloop
  endfacet
  facet normal 0 0 1
    outer loop
      vertex -11.4886 8.23569 39
      vertex -11.4886 6.01431 39
      vertex -11.4178 6.07242 39
    endloop
  endfacet
  facet normal 0 0 1
    outer loop
      vertex -11.5631 8.28906 39
      vertex -11.4886 6.01431 39
      vertex -11.4886 8.23569 39
    endloop
  endfacet
  facet normal 0 0 1
    outer loop
      vertex -11.5631 8.28906 39
      vertex -11.5631 5.96094 39
      vertex -11.4886 6.01431 39
    endloop
  endfacet
  facet normal 0 0 1
    outer loop
      vertex -11.6409 8.33743 39
      vertex -11.5631 5.96094 39
      vertex -11.5631 8.28906 39
    endloop
  endfacet
  facet normal 0 0 1
    outer loop
      vertex -11.6409 8.33743 39
      vertex -11.6409 5.91256 39
      vertex -11.5631 5.96094 39
    endloop
  endfacet
  facet normal 0 0 1
    outer loop
      vertex -11.7217 8.38062 39
      vertex -11.6409 5.91256 39
      vertex -11.6409 8.33743 39
    endloop
  endfacet
  facet normal 0 0 1
    outer loop
      vertex -11.7217 8.38062 39
      vertex -11.7217 5.86938 39
      vertex -11.6409 5.91256 39
    endloop
  endfacet
  facet normal 0 0 1
    outer loop
      vertex -11.8051 8.41843 39
      vertex -11.7217 5.86938 39
      vertex -11.7217 8.38062 39
    endloop
  endfacet
  facet normal 0 0 1
    outer loop
      vertex -11.8051 8.41843 39
      vertex -11.8051 5.83157 39
      vertex -11.7217 5.86938 39
    endloop
  endfacet
  facet normal 0 0 1
    outer loop
      vertex -11.8908 8.4507 39
      vertex -11.8051 5.83157 39
      vertex -11.8051 8.41843 39
    endloop
  endfacet
  facet normal 0 0 1
    outer loop
      vertex -11.8908 8.4507 39
      vertex -11.8908 5.7993 39
      vertex -11.8051 5.83157 39
    endloop
  endfacet
  facet normal 0 0 1
    outer loop
      vertex -11.9785 8.4773 39
      vertex -11.8908 5.7993 39
      vertex -11.8908 8.4507 39
    endloop
  endfacet
  facet normal 0 0 1
    outer loop
      vertex -11.9785 8.4773 39
      vertex -11.9785 5.7727 39
      vertex -11.8908 5.7993 39
    endloop
  endfacet
  facet normal 0 0 1
    outer loop
      vertex -12.0677 8.4981 39
      vertex -11.9785 5.7727 39
      vertex -11.9785 8.4773 39
    endloop
  endfacet
  facet normal 0 0 1
    outer loop
      vertex -12.0677 8.4981 39
      vertex -12.0677 5.7519 39
      vertex -11.9785 5.7727 39
    endloop
  endfacet
  facet normal 0 0 1
    outer loop
      vertex -12.1581 8.51302 39
      vertex -12.0677 5.7519 39
      vertex -12.0677 8.4981 39
    endloop
  endfacet
  facet normal 0 0 1
    outer loop
      vertex -12.1581 8.51302 39
      vertex -12.1581 5.73698 39
      vertex -12.0677 5.7519 39
    endloop
  endfacet
  facet normal 0 0 1
    outer loop
      vertex -12.2493 8.522 39
      vertex -12.1581 5.73698 39
      vertex -12.1581 8.51302 39
    endloop
  endfacet
  facet normal 0 0 1
    outer loop
      vertex -12.2493 8.522 39
      vertex -12.2493 5.728 39
      vertex -12.1581 5.73698 39
    endloop
  endfacet
  facet normal 0 0 1
    outer loop
      vertex -12.3409 8.525 39
      vertex -12.2493 5.728 39
      vertex -12.2493 8.522 39
    endloop
  endfacet
  facet normal 0 0 1
    outer loop
      vertex -12.3409 8.525 39
      vertex -12.3409 5.725 39
      vertex -12.2493 5.728 39
    endloop
  endfacet
  facet normal -0 0 1
    outer loop
      vertex -12.4324 8.522 39
      vertex -12.3409 5.725 39
      vertex -12.3409 8.525 39
    endloop
  endfacet
  facet normal 0 0 1
    outer loop
      vertex -12.4324 8.522 39
      vertex -12.4324 5.728 39
      vertex -12.3409 5.725 39
    endloop
  endfacet
  facet normal -0 0 1
    outer loop
      vertex -12.5236 8.51302 39
      vertex -12.4324 5.728 39
      vertex -12.4324 8.522 39
    endloop
  endfacet
  facet normal 0 0 1
    outer loop
      vertex -12.5236 8.51302 39
      vertex -12.5236 5.73698 39
      vertex -12.4324 5.728 39
    endloop
  endfacet
  facet normal -0 0 1
    outer loop
      vertex -12.614 8.4981 39
      vertex -12.5236 5.73698 39
      vertex -12.5236 8.51302 39
    endloop
  endfacet
  facet normal 0 0 1
    outer loop
      vertex -12.614 8.4981 39
      vertex -12.614 5.7519 39
      vertex -12.5236 5.73698 39
    endloop
  endfacet
  facet normal -0 0 1
    outer loop
      vertex -12.7032 8.4773 39
      vertex -12.614 5.7519 39
      vertex -12.614 8.4981 39
    endloop
  endfacet
  facet normal 0 0 1
    outer loop
      vertex -12.7032 8.4773 39
      vertex -12.7032 5.7727 39
      vertex -12.614 5.7519 39
    endloop
  endfacet
  facet normal -0 0 1
    outer loop
      vertex -12.7909 8.4507 39
      vertex -12.7032 5.7727 39
      vertex -12.7032 8.4773 39
    endloop
  endfacet
  facet normal 0 0 1
    outer loop
      vertex -12.7909 8.4507 39
      vertex -12.7909 5.7993 39
      vertex -12.7032 5.7727 39
    endloop
  endfacet
  facet normal -0 0 1
    outer loop
      vertex -12.8766 8.41843 39
      vertex -12.7909 5.7993 39
      vertex -12.7909 8.4507 39
    endloop
  endfacet
  facet normal 0 0 1
    outer loop
      vertex -12.8766 8.41843 39
      vertex -12.8766 5.83157 39
      vertex -12.7909 5.7993 39
    endloop
  endfacet
  facet normal -0 0 1
    outer loop
      vertex -12.9601 8.38062 39
      vertex -12.8766 5.83157 39
      vertex -12.8766 8.41843 39
    endloop
  endfacet
  facet normal 0 0 1
    outer loop
      vertex -12.9601 8.38062 39
      vertex -12.9601 5.86938 39
      vertex -12.8766 5.83157 39
    endloop
  endfacet
  facet normal -0 0 1
    outer loop
      vertex -13.0409 8.33743 39
      vertex -12.9601 5.86938 39
      vertex -12.9601 8.38062 39
    endloop
  endfacet
  facet normal 0 0 1
    outer loop
      vertex -13.0409 8.33743 39
      vertex -13.0409 5.91256 39
      vertex -12.9601 5.86938 39
    endloop
  endfacet
  facet normal -0 0 1
    outer loop
      vertex -13.1187 8.28906 39
      vertex -13.0409 5.91256 39
      vertex -13.0409 8.33743 39
    endloop
  endfacet
  facet normal 0 0 1
    outer loop
      vertex -13.1187 8.28906 39
      vertex -13.1187 5.96094 39
      vertex -13.0409 5.91256 39
    endloop
  endfacet
  facet normal -0 0 1
    outer loop
      vertex -13.1931 8.23569 39
      vertex -13.1187 5.96094 39
      vertex -13.1187 8.28906 39
    endloop
  endfacet
  facet normal 0 0 1
    outer loop
      vertex -13.1931 8.23569 39
      vertex -13.1931 6.01431 39
      vertex -13.1187 5.96094 39
    endloop
  endfacet
  facet normal -0 0 1
    outer loop
      vertex -13.2639 8.17758 39
      vertex -13.1931 6.01431 39
      vertex -13.1931 8.23569 39
    endloop
  endfacet
  facet normal 0 0 1
    outer loop
      vertex -13.2639 8.17758 39
      vertex -13.2639 6.07242 39
      vertex -13.1931 6.01431 39
    endloop
  endfacet
  facet normal -0 0 1
    outer loop
      vertex -13.3308 8.11495 39
      vertex -13.2639 6.07242 39
      vertex -13.2639 8.17758 39
    endloop
  endfacet
  facet normal 0 0 1
    outer loop
      vertex -13.3308 8.11495 39
      vertex -13.3308 6.13505 39
      vertex -13.2639 6.07242 39
    endloop
  endfacet
  facet normal -0 0 1
    outer loop
      vertex -13.3934 8.04808 39
      vertex -13.3308 6.13505 39
      vertex -13.3308 8.11495 39
    endloop
  endfacet
  facet normal 0 0 1
    outer loop
      vertex -13.3934 8.04808 39
      vertex -13.3934 6.20192 39
      vertex -13.3308 6.13505 39
    endloop
  endfacet
  facet normal -0 0 1
    outer loop
      vertex -13.4516 7.97727 39
      vertex -13.3934 6.20192 39
      vertex -13.3934 8.04808 39
    endloop
  endfacet
  facet normal 0 0 1
    outer loop
      vertex -13.4516 7.97727 39
      vertex -13.4516 6.27273 39
      vertex -13.3934 6.20192 39
    endloop
  endfacet
  facet normal -0 0 1
    outer loop
      vertex -13.5049 7.9028 39
      vertex -13.4516 6.27273 39
      vertex -13.4516 7.97727 39
    endloop
  endfacet
  facet normal 0 0 1
    outer loop
      vertex -13.5049 7.9028 39
      vertex -13.5049 6.3472 39
      vertex -13.4516 6.27273 39
    endloop
  endfacet
  facet normal -0 0 1
    outer loop
      vertex -13.5533 7.825 39
      vertex -13.5049 6.3472 39
      vertex -13.5049 7.9028 39
    endloop
  endfacet
  facet normal 0 0 1
    outer loop
      vertex -13.5533 7.825 39
      vertex -13.5533 6.425 39
      vertex -13.5049 6.3472 39
    endloop
  endfacet
  facet normal -0 0 1
    outer loop
      vertex -13.5965 7.7442 39
      vertex -13.5533 6.425 39
      vertex -13.5533 7.825 39
    endloop
  endfacet
  facet normal 0 0 1
    outer loop
      vertex -13.5965 7.7442 39
      vertex -13.5965 6.5058 39
      vertex -13.5533 6.425 39
    endloop
  endfacet
  facet normal -0 0 1
    outer loop
      vertex -13.6343 7.66076 39
      vertex -13.5965 6.5058 39
      vertex -13.5965 7.7442 39
    endloop
  endfacet
  facet normal 0 0 1
    outer loop
      vertex -13.6343 7.66076 39
      vertex -13.6343 6.58924 39
      vertex -13.5965 6.5058 39
    endloop
  endfacet
  facet normal -0 0 1
    outer loop
      vertex -13.6666 7.57502 39
      vertex -13.6343 6.58924 39
      vertex -13.6343 7.66076 39
    endloop
  endfacet
  facet normal 0 0 1
    outer loop
      vertex -13.6666 7.57502 39
      vertex -13.6666 6.67498 39
      vertex -13.6343 6.58924 39
    endloop
  endfacet
  facet normal -0 0 1
    outer loop
      vertex -13.6932 7.48735 39
      vertex -13.6666 6.67498 39
      vertex -13.6666 7.57502 39
    endloop
  endfacet
  facet normal 0 0 1
    outer loop
      vertex -13.6932 7.48735 39
      vertex -13.6932 6.76265 39
      vertex -13.6666 6.67498 39
    endloop
  endfacet
  facet normal -0 0 1
    outer loop
      vertex -13.714 7.39813 39
      vertex -13.6932 6.76265 39
      vertex -13.6932 7.48735 39
    endloop
  endfacet
  facet normal 0 0 1
    outer loop
      vertex -13.714 7.39813 39
      vertex -13.714 6.85187 39
      vertex -13.6932 6.76265 39
    endloop
  endfacet
  facet normal -0 0 1
    outer loop
      vertex -13.7289 7.30774 39
      vertex -13.714 6.85187 39
      vertex -13.714 7.39813 39
    endloop
  endfacet
  facet normal 0 0 1
    outer loop
      vertex -13.7289 7.30774 39
      vertex -13.7289 6.94226 39
      vertex -13.714 6.85187 39
    endloop
  endfacet
  facet normal -0 0 1
    outer loop
      vertex -13.7379 7.21656 39
      vertex -13.7289 6.94226 39
      vertex -13.7289 7.30774 39
    endloop
  endfacet
  facet normal 0 0 1
    outer loop
      vertex -13.7379 7.21656 39
      vertex -13.7379 7.03343 39
      vertex -13.7289 6.94226 39
    endloop
  endfacet
  facet normal 0 -0 1
    outer loop
      vertex -13.7379 7.03343 39
      vertex -13.7379 7.21656 39
      vertex -13.7409 7.125 39
    endloop
  endfacet
  facet normal -0.582363 0.812929 0
    outer loop
      vertex -11.4886 6.01431 39
      vertex -11.5631 5.96094 51
      vertex -11.4886 6.01431 51
    endloop
  endfacet
  facet normal -0.582363 0.812929 0
    outer loop
      vertex -11.5631 5.96094 51
      vertex -11.4886 6.01431 39
      vertex -11.5631 5.96094 39
    endloop
  endfacet
  facet normal 0.730031 -0.683414 0
    outer loop
      vertex -13.3934 8.04808 51
      vertex -13.3308 8.11495 39
      vertex -13.3308 8.11495 51
    endloop
  endfacet
  facet normal 0.730031 -0.683414 0
    outer loop
      vertex -13.3308 8.11495 39
      vertex -13.3934 8.04808 51
      vertex -13.3934 8.04808 39
    endloop
  endfacet
  facet normal 0.973885 0.227043 0
    outer loop
      vertex -13.6932 6.76265 51
      vertex -13.714 6.85187 39
      vertex -13.714 6.85187 51
    endloop
  endfacet
  facet normal 0.973885 0.227043 0
    outer loop
      vertex -13.714 6.85187 39
      vertex -13.6932 6.76265 51
      vertex -13.6932 6.76265 39
    endloop
  endfacet
  facet normal -0.352392 0.935853 0
    outer loop
      vertex -11.8051 5.83157 39
      vertex -11.8908 5.7993 51
      vertex -11.8051 5.83157 51
    endloop
  endfacet
  facet normal -0.352392 0.935853 0
    outer loop
      vertex -11.8908 5.7993 51
      vertex -11.8051 5.83157 39
      vertex -11.8908 5.7993 39
    endloop
  endfacet
  facet normal 0.986684 0.162646 0
    outer loop
      vertex -13.714 6.85187 51
      vertex -13.7289 6.94226 39
      vertex -13.7289 6.94226 51
    endloop
  endfacet
  facet normal 0.986684 0.162646 0
    outer loop
      vertex -13.7289 6.94226 39
      vertex -13.714 6.85187 51
      vertex -13.714 6.85187 39
    endloop
  endfacet
  facet normal -0.29025 0.956951 0
    outer loop
      vertex -11.8908 5.7993 39
      vertex -11.9785 5.7727 51
      vertex -11.8908 5.7993 51
    endloop
  endfacet
  facet normal -0.29025 0.956951 0
    outer loop
      vertex -11.9785 5.7727 51
      vertex -11.8908 5.7993 39
      vertex -11.9785 5.7727 39
    endloop
  endfacet
  facet normal -0.730031 -0.683414 0
    outer loop
      vertex -11.2883 8.04808 39
      vertex -11.3509 8.11495 51
      vertex -11.3509 8.11495 39
    endloop
  endfacet
  facet normal -0.730031 -0.683414 0
    outer loop
      vertex -11.3509 8.11495 51
      vertex -11.2883 8.04808 39
      vertex -11.2883 8.04808 51
    endloop
  endfacet
  facet normal -0.162841 0.986652 0
    outer loop
      vertex -12.0677 5.7519 39
      vertex -12.1581 5.73698 51
      vertex -12.0677 5.7519 51
    endloop
  endfacet
  facet normal -0.162841 0.986652 0
    outer loop
      vertex -12.1581 5.73698 51
      vertex -12.0677 5.7519 39
      vertex -12.1581 5.73698 39
    endloop
  endfacet
  facet normal -0.812663 -0.582734 0
    outer loop
      vertex -11.1768 7.9028 39
      vertex -11.2302 7.97727 51
      vertex -11.2302 7.97727 39
    endloop
  endfacet
  facet normal -0.812663 -0.582734 0
    outer loop
      vertex -11.2302 7.97727 51
      vertex -11.1768 7.9028 39
      vertex -11.1768 7.9028 51
    endloop
  endfacet
  facet normal -0.956923 0.290341 0
    outer loop
      vertex -11.0152 6.67498 39
      vertex -10.9886 6.76265 51
      vertex -10.9886 6.76265 39
    endloop
  endfacet
  facet normal -0.956923 0.290341 0
    outer loop
      vertex -10.9886 6.76265 51
      vertex -11.0152 6.67498 39
      vertex -11.0152 6.67498 51
    endloop
  endfacet
  facet normal -0.634432 -0.772979 0
    outer loop
      vertex -11.4886 8.23569 39
      vertex -11.4178 8.17758 51
      vertex -11.4886 8.23569 51
    endloop
  endfacet
  facet normal -0.634432 -0.772979 -0
    outer loop
      vertex -11.4178 8.17758 51
      vertex -11.4886 8.23569 39
      vertex -11.4178 8.17758 39
    endloop
  endfacet
  facet normal -0.582363 -0.812929 0
    outer loop
      vertex -11.5631 8.28906 39
      vertex -11.4886 8.23569 51
      vertex -11.5631 8.28906 51
    endloop
  endfacet
  facet normal -0.582363 -0.812929 -0
    outer loop
      vertex -11.4886 8.23569 51
      vertex -11.5631 8.28906 39
      vertex -11.4886 8.23569 39
    endloop
  endfacet
  facet normal 0.772979 -0.634432 0
    outer loop
      vertex -1.11069 -13.3977 51
      vertex -1.05258 -13.3269 39
      vertex -1.05258 -13.3269 51
    endloop
  endfacet
  facet normal 0.772979 -0.634432 0
    outer loop
      vertex -1.05258 -13.3269 39
      vertex -1.11069 -13.3977 51
      vertex -1.11069 -13.3977 39
    endloop
  endfacet
  facet normal -0.227041 -0.973885 0
    outer loop
      vertex 0.273126 -12.8769 39
      vertex 0.362347 -12.8977 51
      vertex 0.273126 -12.8769 51
    endloop
  endfacet
  facet normal -0.227041 -0.973885 -0
    outer loop
      vertex 0.362347 -12.8977 51
      vertex 0.273126 -12.8769 39
      vertex 0.362347 -12.8977 39
    endloop
  endfacet
  facet normal 0.290347 0.956922 -0
    outer loop
      vertex -0.362347 -15.6023 39
      vertex -0.450015 -15.5757 51
      vertex -0.362347 -15.6023 51
    endloop
  endfacet
  facet normal 0.290347 0.956922 0
    outer loop
      vertex -0.450015 -15.5757 51
      vertex -0.362347 -15.6023 39
      vertex -0.450015 -15.5757 39
    endloop
  endfacet
  facet normal -0.290347 0.956922 0
    outer loop
      vertex 0.450015 -15.5757 39
      vertex 0.362347 -15.6023 51
      vertex 0.450015 -15.5757 51
    endloop
  endfacet
  facet normal -0.290347 0.956922 0
    outer loop
      vertex 0.362347 -15.6023 51
      vertex 0.450015 -15.5757 39
      vertex 0.362347 -15.6023 39
    endloop
  endfacet
  facet normal -0.986652 -0.162841 0
    outer loop
      vertex 1.38802 -14.0673 39
      vertex 1.3731 -13.9769 51
      vertex 1.3731 -13.9769 39
    endloop
  endfacet
  facet normal -0.986652 -0.162841 0
    outer loop
      vertex 1.3731 -13.9769 51
      vertex 1.38802 -14.0673 39
      vertex 1.38802 -14.0673 51
    endloop
  endfacet
  facet normal 0.973873 0.227092 0
    outer loop
      vertex -1.3523 -14.6123 51
      vertex -1.3731 -14.5231 39
      vertex -1.3731 -14.5231 51
    endloop
  endfacet
  facet normal 0.973873 0.227092 0
    outer loop
      vertex -1.3731 -14.5231 39
      vertex -1.3523 -14.6123 51
      vertex -1.3523 -14.6123 39
    endloop
  endfacet
  facet normal 0.63427 0.773111 -0
    outer loop
      vertex -0.852265 -15.3607 39
      vertex -0.923083 -15.3026 51
      vertex -0.852265 -15.3607 51
    endloop
  endfacet
  facet normal 0.63427 0.773111 0
    outer loop
      vertex -0.923083 -15.3026 51
      vertex -0.852265 -15.3607 39
      vertex -0.923083 -15.3026 39
    endloop
  endfacet
  facet normal -0.973873 -0.227092 0
    outer loop
      vertex 1.3731 -13.9769 39
      vertex 1.3523 -13.8877 51
      vertex 1.3523 -13.8877 39
    endloop
  endfacet
  facet normal -0.973873 -0.227092 0
    outer loop
      vertex 1.3523 -13.8877 51
      vertex 1.3731 -13.9769 39
      vertex 1.3731 -13.9769 51
    endloop
  endfacet
  facet normal 0.0982373 -0.995163 0
    outer loop
      vertex -0.182736 -12.862 39
      vertex -0.0915642 -12.853 51
      vertex -0.182736 -12.862 51
    endloop
  endfacet
  facet normal 0.0982373 -0.995163 0
    outer loop
      vertex -0.0915642 -12.853 51
      vertex -0.182736 -12.862 39
      vertex -0.0915642 -12.853 39
    endloop
  endfacet
  facet normal 0.812929 0.582363 0
    outer loop
      vertex -1.11069 -15.1023 51
      vertex -1.16406 -15.0278 39
      vertex -1.16406 -15.0278 51
    endloop
  endfacet
  facet normal 0.812929 0.582363 0
    outer loop
      vertex -1.16406 -15.0278 39
      vertex -1.11069 -15.1023 51
      vertex -1.11069 -15.1023 39
    endloop
  endfacet
  facet normal -0.986652 0.162841 0
    outer loop
      vertex 1.3731 -14.5231 39
      vertex 1.38802 -14.4327 51
      vertex 1.38802 -14.4327 39
    endloop
  endfacet
  facet normal -0.986652 0.162841 0
    outer loop
      vertex 1.38802 -14.4327 51
      vertex 1.3731 -14.5231 39
      vertex 1.3731 -14.5231 51
    endloop
  endfacet
  facet normal -0.935988 -0.352032 0
    outer loop
      vertex 1.3257 -13.8 39
      vertex 1.29343 -13.7142 51
      vertex 1.29343 -13.7142 39
    endloop
  endfacet
  facet normal -0.935988 -0.352032 0
    outer loop
      vertex 1.29343 -13.7142 51
      vertex 1.3257 -13.8 39
      vertex 1.3257 -13.8 51
    endloop
  endfacet
  facet normal 0.63427 -0.773111 0
    outer loop
      vertex -0.923083 -13.1974 39
      vertex -0.852265 -13.1393 51
      vertex -0.923083 -13.1974 51
    endloop
  endfacet
  facet normal 0.63427 -0.773111 0
    outer loop
      vertex -0.852265 -13.1393 51
      vertex -0.923083 -13.1974 39
      vertex -0.852265 -13.1393 39
    endloop
  endfacet
  facet normal 0.995177 0.0980976 0
    outer loop
      vertex -1.38802 -14.4327 51
      vertex -1.397 -14.3416 39
      vertex -1.397 -14.3416 51
    endloop
  endfacet
  facet normal 0.995177 0.0980976 0
    outer loop
      vertex -1.397 -14.3416 39
      vertex -1.38802 -14.4327 51
      vertex -1.38802 -14.4327 39
    endloop
  endfacet
  facet normal 0.227041 0.973885 -0
    outer loop
      vertex -0.273126 -15.6231 39
      vertex -0.362347 -15.6023 51
      vertex -0.273126 -15.6231 51
    endloop
  endfacet
  facet normal 0.227041 0.973885 0
    outer loop
      vertex -0.362347 -15.6023 51
      vertex -0.273126 -15.6231 39
      vertex -0.362347 -15.6023 39
    endloop
  endfacet
  facet normal -0.0327463 -0.999464 0
    outer loop
      vertex 0 -12.85 39
      vertex 0.0915642 -12.853 51
      vertex 0 -12.85 51
    endloop
  endfacet
  facet normal -0.0327463 -0.999464 -0
    outer loop
      vertex 0.0915642 -12.853 51
      vertex 0 -12.85 39
      vertex 0.0915642 -12.853 39
    endloop
  endfacet
  facet normal 0.162646 0.986684 -0
    outer loop
      vertex -0.182736 -15.638 39
      vertex -0.273126 -15.6231 51
      vertex -0.182736 -15.638 51
    endloop
  endfacet
  facet normal 0.162646 0.986684 0
    outer loop
      vertex -0.273126 -15.6231 51
      vertex -0.182736 -15.638 39
      vertex -0.273126 -15.6231 39
    endloop
  endfacet
  facet normal 0.352531 0.9358 -0
    outer loop
      vertex -0.450015 -15.5757 39
      vertex -0.535756 -15.5434 51
      vertex -0.450015 -15.5757 51
    endloop
  endfacet
  facet normal 0.352531 0.9358 0
    outer loop
      vertex -0.535756 -15.5434 51
      vertex -0.450015 -15.5757 39
      vertex -0.535756 -15.5434 39
    endloop
  endfacet
  facet normal -0.527454 0.849583 0
    outer loop
      vertex 0.777798 -15.4141 39
      vertex 0.7 -15.4624 51
      vertex 0.777798 -15.4141 51
    endloop
  endfacet
  facet normal -0.527454 0.849583 0
    outer loop
      vertex 0.7 -15.4624 51
      vertex 0.777798 -15.4141 39
      vertex 0.7 -15.4624 39
    endloop
  endfacet
  facet normal -0.995177 0.0980976 0
    outer loop
      vertex 1.38802 -14.4327 39
      vertex 1.397 -14.3416 51
      vertex 1.397 -14.3416 39
    endloop
  endfacet
  facet normal -0.995177 0.0980976 0
    outer loop
      vertex 1.397 -14.3416 51
      vertex 1.38802 -14.4327 39
      vertex 1.38802 -14.4327 51
    endloop
  endfacet
  facet normal -0.352531 0.9358 0
    outer loop
      vertex 0.535756 -15.5434 39
      vertex 0.450015 -15.5757 51
      vertex 0.535756 -15.5434 51
    endloop
  endfacet
  facet normal -0.352531 0.9358 0
    outer loop
      vertex 0.450015 -15.5757 51
      vertex 0.535756 -15.5434 39
      vertex 0.450015 -15.5757 39
    endloop
  endfacet
  facet normal 0.0982373 0.995163 -0
    outer loop
      vertex -0.0915642 -15.647 39
      vertex -0.182736 -15.638 51
      vertex -0.0915642 -15.647 51
    endloop
  endfacet
  facet normal 0.0982373 0.995163 0
    outer loop
      vertex -0.182736 -15.638 51
      vertex -0.0915642 -15.647 39
      vertex -0.182736 -15.638 39
    endloop
  endfacet
  facet normal -0.290347 -0.956922 0
    outer loop
      vertex 0.362347 -12.8977 39
      vertex 0.450015 -12.9243 51
      vertex 0.362347 -12.8977 51
    endloop
  endfacet
  facet normal -0.290347 -0.956922 -0
    outer loop
      vertex 0.450015 -12.9243 51
      vertex 0.362347 -12.8977 39
      vertex 0.450015 -12.9243 39
    endloop
  endfacet
  facet normal -0.412618 0.910904 0
    outer loop
      vertex 0.619204 -15.5056 39
      vertex 0.535756 -15.5434 51
      vertex 0.619204 -15.5056 51
    endloop
  endfacet
  facet normal -0.412618 0.910904 0
    outer loop
      vertex 0.535756 -15.5434 51
      vertex 0.619204 -15.5056 39
      vertex 0.535756 -15.5434 39
    endloop
  endfacet
  facet normal -0.772979 0.634432 0
    outer loop
      vertex 1.05258 -15.1731 39
      vertex 1.11069 -15.1023 51
      vertex 1.11069 -15.1023 39
    endloop
  endfacet
  facet normal -0.772979 0.634432 0
    outer loop
      vertex 1.11069 -15.1023 51
      vertex 1.05258 -15.1731 39
      vertex 1.05258 -15.1731 51
    endloop
  endfacet
  facet normal -0.973873 0.227092 0
    outer loop
      vertex 1.3523 -14.6123 39
      vertex 1.3731 -14.5231 51
      vertex 1.3731 -14.5231 39
    endloop
  endfacet
  facet normal -0.973873 0.227092 0
    outer loop
      vertex 1.3731 -14.5231 51
      vertex 1.3523 -14.6123 39
      vertex 1.3523 -14.6123 51
    endloop
  endfacet
  facet normal -0.227041 0.973885 0
    outer loop
      vertex 0.362347 -15.6023 39
      vertex 0.273126 -15.6231 51
      vertex 0.362347 -15.6023 51
    endloop
  endfacet
  facet normal -0.227041 0.973885 0
    outer loop
      vertex 0.273126 -15.6231 51
      vertex 0.362347 -15.6023 39
      vertex 0.273126 -15.6231 39
    endloop
  endfacet
  facet normal 0.956951 0.29025 0
    outer loop
      vertex -1.3257 -14.7 51
      vertex -1.3523 -14.6123 39
      vertex -1.3523 -14.6123 51
    endloop
  endfacet
  facet normal 0.956951 0.29025 0
    outer loop
      vertex -1.3523 -14.6123 39
      vertex -1.3257 -14.7 51
      vertex -1.3257 -14.7 39
    endloop
  endfacet
  facet normal 0.58275 -0.812652 0
    outer loop
      vertex -0.852265 -13.1393 39
      vertex -0.777798 -13.0859 51
      vertex -0.852265 -13.1393 51
    endloop
  endfacet
  facet normal 0.58275 -0.812652 0
    outer loop
      vertex -0.777798 -13.0859 51
      vertex -0.852265 -13.1393 39
      vertex -0.777798 -13.0859 39
    endloop
  endfacet
  facet normal -0.910774 -0.412906 0
    outer loop
      vertex 1.29343 -13.7142 39
      vertex 1.25562 -13.6308 51
      vertex 1.25562 -13.6308 39
    endloop
  endfacet
  facet normal -0.910774 -0.412906 0
    outer loop
      vertex 1.25562 -13.6308 51
      vertex 1.29343 -13.7142 39
      vertex 1.29343 -13.7142 51
    endloop
  endfacet
  facet normal -0.471513 0.881859 0
    outer loop
      vertex 0.7 -15.4624 39
      vertex 0.619204 -15.5056 51
      vertex 0.7 -15.4624 51
    endloop
  endfacet
  facet normal -0.471513 0.881859 0
    outer loop
      vertex 0.619204 -15.5056 51
      vertex 0.7 -15.4624 39
      vertex 0.619204 -15.5056 39
    endloop
  endfacet
  facet normal -0.812929 -0.582363 0
    outer loop
      vertex 1.16406 -13.4722 39
      vertex 1.11069 -13.3977 51
      vertex 1.11069 -13.3977 39
    endloop
  endfacet
  facet normal -0.812929 -0.582363 0
    outer loop
      vertex 1.11069 -13.3977 51
      vertex 1.16406 -13.4722 39
      vertex 1.16406 -13.4722 51
    endloop
  endfacet
  facet normal 0.227041 -0.973885 0
    outer loop
      vertex -0.362347 -12.8977 39
      vertex -0.273126 -12.8769 51
      vertex -0.362347 -12.8977 51
    endloop
  endfacet
  facet normal 0.227041 -0.973885 0
    outer loop
      vertex -0.273126 -12.8769 51
      vertex -0.362347 -12.8977 39
      vertex -0.273126 -12.8769 39
    endloop
  endfacet
  facet normal -0.0327463 0.999464 0
    outer loop
      vertex 0.0915642 -15.647 39
      vertex 0 -15.65 51
      vertex 0.0915642 -15.647 51
    endloop
  endfacet
  facet normal -0.0327463 0.999464 0
    outer loop
      vertex 0 -15.65 51
      vertex 0.0915642 -15.647 39
      vertex 0 -15.65 39
    endloop
  endfacet
  facet normal -0.935988 0.352032 0
    outer loop
      vertex 1.29343 -14.7858 39
      vertex 1.3257 -14.7 51
      vertex 1.3257 -14.7 39
    endloop
  endfacet
  facet normal -0.935988 0.352032 0
    outer loop
      vertex 1.3257 -14.7 51
      vertex 1.29343 -14.7858 39
      vertex 1.29343 -14.7858 51
    endloop
  endfacet
  facet normal 0.683436 -0.73001 0
    outer loop
      vertex -0.989949 -13.26 39
      vertex -0.923083 -13.1974 51
      vertex -0.989949 -13.26 51
    endloop
  endfacet
  facet normal 0.683436 -0.73001 0
    outer loop
      vertex -0.923083 -13.1974 51
      vertex -0.989949 -13.26 39
      vertex -0.923083 -13.1974 39
    endloop
  endfacet
  facet normal -0.0982373 0.995163 0
    outer loop
      vertex 0.182736 -15.638 39
      vertex 0.0915642 -15.647 51
      vertex 0.182736 -15.638 51
    endloop
  endfacet
  facet normal -0.0982373 0.995163 0
    outer loop
      vertex 0.0915642 -15.647 51
      vertex 0.182736 -15.638 39
      vertex 0.0915642 -15.647 39
    endloop
  endfacet
  facet normal -0.683436 -0.73001 0
    outer loop
      vertex 0.923083 -13.1974 39
      vertex 0.989949 -13.26 51
      vertex 0.923083 -13.1974 51
    endloop
  endfacet
  facet normal -0.683436 -0.73001 -0
    outer loop
      vertex 0.989949 -13.26 51
      vertex 0.923083 -13.1974 39
      vertex 0.989949 -13.26 39
    endloop
  endfacet
  facet normal 0.995177 -0.0980976 0
    outer loop
      vertex -1.397 -14.1584 51
      vertex -1.38802 -14.0673 39
      vertex -1.38802 -14.0673 51
    endloop
  endfacet
  facet normal 0.995177 -0.0980976 0
    outer loop
      vertex -1.38802 -14.0673 39
      vertex -1.397 -14.1584 51
      vertex -1.397 -14.1584 39
    endloop
  endfacet
  facet normal 0.910774 0.412906 0
    outer loop
      vertex -1.25562 -14.8692 51
      vertex -1.29343 -14.7858 39
      vertex -1.29343 -14.7858 51
    endloop
  endfacet
  facet normal 0.910774 0.412906 0
    outer loop
      vertex -1.29343 -14.7858 39
      vertex -1.25562 -14.8692 51
      vertex -1.25562 -14.8692 39
    endloop
  endfacet
  facet normal 0.471513 0.881859 -0
    outer loop
      vertex -0.619204 -15.5056 39
      vertex -0.7 -15.4624 51
      vertex -0.619204 -15.5056 51
    endloop
  endfacet
  facet normal 0.471513 0.881859 0
    outer loop
      vertex -0.7 -15.4624 51
      vertex -0.619204 -15.5056 39
      vertex -0.7 -15.4624 39
    endloop
  endfacet
  facet normal -0.162646 0.986684 0
    outer loop
      vertex 0.273126 -15.6231 39
      vertex 0.182736 -15.638 51
      vertex 0.273126 -15.6231 51
    endloop
  endfacet
  facet normal -0.162646 0.986684 0
    outer loop
      vertex 0.182736 -15.638 51
      vertex 0.273126 -15.6231 39
      vertex 0.182736 -15.638 39
    endloop
  endfacet
  facet normal 0.812929 -0.582363 0
    outer loop
      vertex -1.16406 -13.4722 51
      vertex -1.11069 -13.3977 39
      vertex -1.11069 -13.3977 51
    endloop
  endfacet
  facet normal 0.812929 -0.582363 0
    outer loop
      vertex -1.11069 -13.3977 39
      vertex -1.16406 -13.4722 51
      vertex -1.16406 -13.4722 39
    endloop
  endfacet
  facet normal 0.0327463 0.999464 -0
    outer loop
      vertex 0 -15.65 39
      vertex -0.0915642 -15.647 51
      vertex 0 -15.65 51
    endloop
  endfacet
  facet normal 0.0327463 0.999464 0
    outer loop
      vertex -0.0915642 -15.647 51
      vertex 0 -15.65 39
      vertex -0.0915642 -15.647 39
    endloop
  endfacet
  facet normal -0.956951 -0.29025 0
    outer loop
      vertex 1.3523 -13.8877 39
      vertex 1.3257 -13.8 51
      vertex 1.3257 -13.8 39
    endloop
  endfacet
  facet normal -0.956951 -0.29025 0
    outer loop
      vertex 1.3257 -13.8 51
      vertex 1.3523 -13.8877 39
      vertex 1.3523 -13.8877 51
    endloop
  endfacet
  facet normal 0.352531 -0.9358 0
    outer loop
      vertex -0.535756 -12.9566 39
      vertex -0.450015 -12.9243 51
      vertex -0.535756 -12.9566 51
    endloop
  endfacet
  facet normal 0.352531 -0.9358 0
    outer loop
      vertex -0.450015 -12.9243 51
      vertex -0.535756 -12.9566 39
      vertex -0.450015 -12.9243 39
    endloop
  endfacet
  facet normal 0.527454 -0.849583 0
    outer loop
      vertex -0.777798 -13.0859 39
      vertex -0.7 -13.0376 51
      vertex -0.777798 -13.0859 51
    endloop
  endfacet
  facet normal 0.527454 -0.849583 0
    outer loop
      vertex -0.7 -13.0376 51
      vertex -0.777798 -13.0859 39
      vertex -0.7 -13.0376 39
    endloop
  endfacet
  facet normal 0.412618 0.910904 -0
    outer loop
      vertex -0.535756 -15.5434 39
      vertex -0.619204 -15.5056 51
      vertex -0.535756 -15.5434 51
    endloop
  endfacet
  facet normal 0.412618 0.910904 0
    outer loop
      vertex -0.619204 -15.5056 51
      vertex -0.535756 -15.5434 39
      vertex -0.619204 -15.5056 39
    endloop
  endfacet
  facet normal 0.973873 -0.227092 0
    outer loop
      vertex -1.3731 -13.9769 51
      vertex -1.3523 -13.8877 39
      vertex -1.3523 -13.8877 51
    endloop
  endfacet
  facet normal 0.973873 -0.227092 0
    outer loop
      vertex -1.3523 -13.8877 39
      vertex -1.3731 -13.9769 51
      vertex -1.3731 -13.9769 39
    endloop
  endfacet
  facet normal -0.910774 0.412906 0
    outer loop
      vertex 1.25562 -14.8692 39
      vertex 1.29343 -14.7858 51
      vertex 1.29343 -14.7858 39
    endloop
  endfacet
  facet normal -0.910774 0.412906 0
    outer loop
      vertex 1.29343 -14.7858 51
      vertex 1.25562 -14.8692 39
      vertex 1.25562 -14.8692 51
    endloop
  endfacet
  facet normal 0.849247 0.527996 0
    outer loop
      vertex -1.16406 -15.0278 51
      vertex -1.21243 -14.95 39
      vertex -1.21243 -14.95 51
    endloop
  endfacet
  facet normal 0.849247 0.527996 0
    outer loop
      vertex -1.21243 -14.95 39
      vertex -1.16406 -15.0278 51
      vertex -1.16406 -15.0278 39
    endloop
  endfacet
  facet normal -0.995177 -0.0980976 0
    outer loop
      vertex 1.397 -14.1584 39
      vertex 1.38802 -14.0673 51
      vertex 1.38802 -14.0673 39
    endloop
  endfacet
  facet normal -0.995177 -0.0980976 0
    outer loop
      vertex 1.38802 -14.0673 51
      vertex 1.397 -14.1584 39
      vertex 1.397 -14.1584 51
    endloop
  endfacet
  facet normal 0.527454 0.849583 -0
    outer loop
      vertex -0.7 -15.4624 39
      vertex -0.777798 -15.4141 51
      vertex -0.7 -15.4624 51
    endloop
  endfacet
  facet normal 0.527454 0.849583 0
    outer loop
      vertex -0.777798 -15.4141 51
      vertex -0.7 -15.4624 39
      vertex -0.777798 -15.4141 39
    endloop
  endfacet
  facet normal -0.527454 -0.849583 0
    outer loop
      vertex 0.7 -13.0376 39
      vertex 0.777798 -13.0859 51
      vertex 0.7 -13.0376 51
    endloop
  endfacet
  facet normal -0.527454 -0.849583 -0
    outer loop
      vertex 0.777798 -13.0859 51
      vertex 0.7 -13.0376 39
      vertex 0.777798 -13.0859 39
    endloop
  endfacet
  facet normal 0.849247 -0.527996 0
    outer loop
      vertex -1.21243 -13.55 51
      vertex -1.16406 -13.4722 39
      vertex -1.16406 -13.4722 51
    endloop
  endfacet
  facet normal 0.849247 -0.527996 0
    outer loop
      vertex -1.16406 -13.4722 39
      vertex -1.21243 -13.55 51
      vertex -1.21243 -13.55 39
    endloop
  endfacet
  facet normal 0.881914 -0.471409 0
    outer loop
      vertex -1.25562 -13.6308 51
      vertex -1.21243 -13.55 39
      vertex -1.21243 -13.55 51
    endloop
  endfacet
  facet normal 0.881914 -0.471409 0
    outer loop
      vertex -1.21243 -13.55 39
      vertex -1.25562 -13.6308 51
      vertex -1.25562 -13.6308 39
    endloop
  endfacet
  facet normal 0.986652 0.162841 0
    outer loop
      vertex -1.3731 -14.5231 51
      vertex -1.38802 -14.4327 39
      vertex -1.38802 -14.4327 51
    endloop
  endfacet
  facet normal 0.986652 0.162841 0
    outer loop
      vertex -1.38802 -14.4327 39
      vertex -1.3731 -14.5231 51
      vertex -1.3731 -14.5231 39
    endloop
  endfacet
  facet normal 0.910774 -0.412906 0
    outer loop
      vertex -1.29343 -13.7142 51
      vertex -1.25562 -13.6308 39
      vertex -1.25562 -13.6308 51
    endloop
  endfacet
  facet normal 0.910774 -0.412906 0
    outer loop
      vertex -1.25562 -13.6308 39
      vertex -1.29343 -13.7142 51
      vertex -1.29343 -13.7142 39
    endloop
  endfacet
  facet normal 0.412618 -0.910904 0
    outer loop
      vertex -0.619204 -12.9944 39
      vertex -0.535756 -12.9566 51
      vertex -0.619204 -12.9944 51
    endloop
  endfacet
  facet normal 0.412618 -0.910904 0
    outer loop
      vertex -0.535756 -12.9566 51
      vertex -0.619204 -12.9944 39
      vertex -0.535756 -12.9566 39
    endloop
  endfacet
  facet normal -0.58275 0.812652 0
    outer loop
      vertex 0.852265 -15.3607 39
      vertex 0.777798 -15.4141 51
      vertex 0.852265 -15.3607 51
    endloop
  endfacet
  facet normal -0.58275 0.812652 0
    outer loop
      vertex 0.777798 -15.4141 51
      vertex 0.852265 -15.3607 39
      vertex 0.777798 -15.4141 39
    endloop
  endfacet
  facet normal -0.849247 0.527996 0
    outer loop
      vertex 1.16406 -15.0278 39
      vertex 1.21243 -14.95 51
      vertex 1.21243 -14.95 39
    endloop
  endfacet
  facet normal -0.849247 0.527996 0
    outer loop
      vertex 1.21243 -14.95 51
      vertex 1.16406 -15.0278 39
      vertex 1.16406 -15.0278 51
    endloop
  endfacet
  facet normal 0.935988 0.352032 0
    outer loop
      vertex -1.29343 -14.7858 51
      vertex -1.3257 -14.7 39
      vertex -1.3257 -14.7 51
    endloop
  endfacet
  facet normal 0.935988 0.352032 0
    outer loop
      vertex -1.3257 -14.7 39
      vertex -1.29343 -14.7858 51
      vertex -1.29343 -14.7858 39
    endloop
  endfacet
  facet normal -0.812929 0.582363 0
    outer loop
      vertex 1.11069 -15.1023 39
      vertex 1.16406 -15.0278 51
      vertex 1.16406 -15.0278 39
    endloop
  endfacet
  facet normal -0.812929 0.582363 0
    outer loop
      vertex 1.16406 -15.0278 51
      vertex 1.11069 -15.1023 39
      vertex 1.11069 -15.1023 51
    endloop
  endfacet
  facet normal 0.881914 0.471409 0
    outer loop
      vertex -1.21243 -14.95 51
      vertex -1.25562 -14.8692 39
      vertex -1.25562 -14.8692 51
    endloop
  endfacet
  facet normal 0.881914 0.471409 0
    outer loop
      vertex -1.25562 -14.8692 39
      vertex -1.21243 -14.95 51
      vertex -1.21243 -14.95 39
    endloop
  endfacet
  facet normal -0.730015 -0.683431 0
    outer loop
      vertex 1.05258 -13.3269 39
      vertex 0.989949 -13.26 51
      vertex 0.989949 -13.26 39
    endloop
  endfacet
  facet normal -0.730015 -0.683431 0
    outer loop
      vertex 0.989949 -13.26 51
      vertex 1.05258 -13.3269 39
      vertex 1.05258 -13.3269 51
    endloop
  endfacet
  facet normal -0.352531 -0.9358 0
    outer loop
      vertex 0.450015 -12.9243 39
      vertex 0.535756 -12.9566 51
      vertex 0.450015 -12.9243 51
    endloop
  endfacet
  facet normal -0.352531 -0.9358 -0
    outer loop
      vertex 0.535756 -12.9566 51
      vertex 0.450015 -12.9243 39
      vertex 0.535756 -12.9566 39
    endloop
  endfacet
  facet normal -0.849247 -0.527996 0
    outer loop
      vertex 1.21243 -13.55 39
      vertex 1.16406 -13.4722 51
      vertex 1.16406 -13.4722 39
    endloop
  endfacet
  facet normal -0.849247 -0.527996 0
    outer loop
      vertex 1.16406 -13.4722 51
      vertex 1.21243 -13.55 39
      vertex 1.21243 -13.55 51
    endloop
  endfacet
  facet normal -0.729505 0.683976 0
    outer loop
      vertex 0.989949 -15.2399 39
      vertex 1.05258 -15.1731 51
      vertex 1.05258 -15.1731 39
    endloop
  endfacet
  facet normal -0.729505 0.683976 0
    outer loop
      vertex 1.05258 -15.1731 51
      vertex 0.989949 -15.2399 39
      vertex 0.989949 -15.2399 51
    endloop
  endfacet
  facet normal -0.956951 0.29025 0
    outer loop
      vertex 1.3257 -14.7 39
      vertex 1.3523 -14.6123 51
      vertex 1.3523 -14.6123 39
    endloop
  endfacet
  facet normal -0.956951 0.29025 0
    outer loop
      vertex 1.3523 -14.6123 51
      vertex 1.3257 -14.7 39
      vertex 1.3257 -14.7 51
    endloop
  endfacet
  facet normal 0.0327463 -0.999464 0
    outer loop
      vertex -0.0915642 -12.853 39
      vertex 0 -12.85 51
      vertex -0.0915642 -12.853 51
    endloop
  endfacet
  facet normal 0.0327463 -0.999464 0
    outer loop
      vertex 0 -12.85 51
      vertex -0.0915642 -12.853 39
      vertex 0 -12.85 39
    endloop
  endfacet
  facet normal 0.999464 0.0327335 0
    outer loop
      vertex -1.397 -14.3416 51
      vertex -1.4 -14.25 39
      vertex -1.4 -14.25 51
    endloop
  endfacet
  facet normal 0.999464 0.0327335 0
    outer loop
      vertex -1.4 -14.25 39
      vertex -1.397 -14.3416 51
      vertex -1.397 -14.3416 39
    endloop
  endfacet
  facet normal -0.58275 -0.812652 0
    outer loop
      vertex 0.777798 -13.0859 39
      vertex 0.852265 -13.1393 51
      vertex 0.777798 -13.0859 51
    endloop
  endfacet
  facet normal -0.58275 -0.812652 -0
    outer loop
      vertex 0.852265 -13.1393 51
      vertex 0.777798 -13.0859 39
      vertex 0.852265 -13.1393 39
    endloop
  endfacet
  facet normal 0.162646 -0.986684 0
    outer loop
      vertex -0.273126 -12.8769 39
      vertex -0.182736 -12.862 51
      vertex -0.273126 -12.8769 51
    endloop
  endfacet
  facet normal 0.162646 -0.986684 0
    outer loop
      vertex -0.182736 -12.862 51
      vertex -0.273126 -12.8769 39
      vertex -0.182736 -12.862 39
    endloop
  endfacet
  facet normal -0.772979 -0.634432 0
    outer loop
      vertex 1.11069 -13.3977 39
      vertex 1.05258 -13.3269 51
      vertex 1.05258 -13.3269 39
    endloop
  endfacet
  facet normal -0.772979 -0.634432 0
    outer loop
      vertex 1.05258 -13.3269 51
      vertex 1.11069 -13.3977 39
      vertex 1.11069 -13.3977 51
    endloop
  endfacet
  facet normal -0.684017 0.729466 0
    outer loop
      vertex 0.989949 -15.2399 39
      vertex 0.923083 -15.3026 51
      vertex 0.989949 -15.2399 51
    endloop
  endfacet
  facet normal -0.684017 0.729466 0
    outer loop
      vertex 0.923083 -15.3026 51
      vertex 0.989949 -15.2399 39
      vertex 0.923083 -15.3026 39
    endloop
  endfacet
  facet normal 0.471513 -0.881859 0
    outer loop
      vertex -0.7 -13.0376 39
      vertex -0.619204 -12.9944 51
      vertex -0.7 -13.0376 51
    endloop
  endfacet
  facet normal 0.471513 -0.881859 0
    outer loop
      vertex -0.619204 -12.9944 51
      vertex -0.7 -13.0376 39
      vertex -0.619204 -12.9944 39
    endloop
  endfacet
  facet normal -0.63427 0.773111 0
    outer loop
      vertex 0.923083 -15.3026 39
      vertex 0.852265 -15.3607 51
      vertex 0.923083 -15.3026 51
    endloop
  endfacet
  facet normal -0.63427 0.773111 0
    outer loop
      vertex 0.852265 -15.3607 51
      vertex 0.923083 -15.3026 39
      vertex 0.852265 -15.3607 39
    endloop
  endfacet
  facet normal 0.684017 0.729466 -0
    outer loop
      vertex -0.923083 -15.3026 39
      vertex -0.989949 -15.2399 51
      vertex -0.923083 -15.3026 51
    endloop
  endfacet
  facet normal 0.684017 0.729466 0
    outer loop
      vertex -0.989949 -15.2399 51
      vertex -0.923083 -15.3026 39
      vertex -0.989949 -15.2399 39
    endloop
  endfacet
  facet normal -0.999464 -0.0327335 0
    outer loop
      vertex 1.4 -14.25 39
      vertex 1.397 -14.1584 51
      vertex 1.397 -14.1584 39
    endloop
  endfacet
  facet normal -0.999464 -0.0327335 0
    outer loop
      vertex 1.397 -14.1584 51
      vertex 1.4 -14.25 39
      vertex 1.4 -14.25 51
    endloop
  endfacet
  facet normal -0.412618 -0.910904 0
    outer loop
      vertex 0.535756 -12.9566 39
      vertex 0.619204 -12.9944 51
      vertex 0.535756 -12.9566 51
    endloop
  endfacet
  facet normal -0.412618 -0.910904 -0
    outer loop
      vertex 0.619204 -12.9944 51
      vertex 0.535756 -12.9566 39
      vertex 0.619204 -12.9944 39
    endloop
  endfacet
  facet normal -0.471513 -0.881859 0
    outer loop
      vertex 0.619204 -12.9944 39
      vertex 0.7 -13.0376 51
      vertex 0.619204 -12.9944 51
    endloop
  endfacet
  facet normal -0.471513 -0.881859 -0
    outer loop
      vertex 0.7 -13.0376 51
      vertex 0.619204 -12.9944 39
      vertex 0.7 -13.0376 39
    endloop
  endfacet
  facet normal 0.58275 0.812652 -0
    outer loop
      vertex -0.777798 -15.4141 39
      vertex -0.852265 -15.3607 51
      vertex -0.777798 -15.4141 51
    endloop
  endfacet
  facet normal 0.58275 0.812652 0
    outer loop
      vertex -0.852265 -15.3607 51
      vertex -0.777798 -15.4141 39
      vertex -0.852265 -15.3607 39
    endloop
  endfacet
  facet normal -0.162646 -0.986684 0
    outer loop
      vertex 0.182736 -12.862 39
      vertex 0.273126 -12.8769 51
      vertex 0.182736 -12.862 51
    endloop
  endfacet
  facet normal -0.162646 -0.986684 -0
    outer loop
      vertex 0.273126 -12.8769 51
      vertex 0.182736 -12.862 39
      vertex 0.273126 -12.8769 39
    endloop
  endfacet
  facet normal 0.290347 -0.956922 0
    outer loop
      vertex -0.450015 -12.9243 39
      vertex -0.362347 -12.8977 51
      vertex -0.450015 -12.9243 51
    endloop
  endfacet
  facet normal 0.290347 -0.956922 0
    outer loop
      vertex -0.362347 -12.8977 51
      vertex -0.450015 -12.9243 39
      vertex -0.362347 -12.8977 39
    endloop
  endfacet
  facet normal 0.956951 -0.29025 0
    outer loop
      vertex -1.3523 -13.8877 51
      vertex -1.3257 -13.8 39
      vertex -1.3257 -13.8 51
    endloop
  endfacet
  facet normal 0.956951 -0.29025 0
    outer loop
      vertex -1.3257 -13.8 39
      vertex -1.3523 -13.8877 51
      vertex -1.3523 -13.8877 39
    endloop
  endfacet
  facet normal -0.999464 0.0327335 0
    outer loop
      vertex 1.397 -14.3416 39
      vertex 1.4 -14.25 51
      vertex 1.4 -14.25 39
    endloop
  endfacet
  facet normal -0.999464 0.0327335 0
    outer loop
      vertex 1.4 -14.25 51
      vertex 1.397 -14.3416 39
      vertex 1.397 -14.3416 51
    endloop
  endfacet
  facet normal -0.881914 0.471409 0
    outer loop
      vertex 1.21243 -14.95 39
      vertex 1.25562 -14.8692 51
      vertex 1.25562 -14.8692 39
    endloop
  endfacet
  facet normal -0.881914 0.471409 0
    outer loop
      vertex 1.25562 -14.8692 51
      vertex 1.21243 -14.95 39
      vertex 1.21243 -14.95 51
    endloop
  endfacet
  facet normal 0.986652 -0.162841 0
    outer loop
      vertex -1.38802 -14.0673 51
      vertex -1.3731 -13.9769 39
      vertex -1.3731 -13.9769 51
    endloop
  endfacet
  facet normal 0.986652 -0.162841 0
    outer loop
      vertex -1.3731 -13.9769 39
      vertex -1.38802 -14.0673 51
      vertex -1.38802 -14.0673 39
    endloop
  endfacet
  facet normal 0 0 1
    outer loop
      vertex 1.397 -14.1584 39
      vertex 1.397 -14.3416 39
      vertex 1.4 -14.25 39
    endloop
  endfacet
  facet normal 0 0 1
    outer loop
      vertex 1.38802 -14.0673 39
      vertex 1.397 -14.3416 39
      vertex 1.397 -14.1584 39
    endloop
  endfacet
  facet normal 0 0 1
    outer loop
      vertex 1.38802 -14.0673 39
      vertex 1.38802 -14.4327 39
      vertex 1.397 -14.3416 39
    endloop
  endfacet
  facet normal 0 0 1
    outer loop
      vertex 1.3731 -13.9769 39
      vertex 1.38802 -14.4327 39
      vertex 1.38802 -14.0673 39
    endloop
  endfacet
  facet normal 0 0 1
    outer loop
      vertex 1.3731 -13.9769 39
      vertex 1.3731 -14.5231 39
      vertex 1.38802 -14.4327 39
    endloop
  endfacet
  facet normal 0 0 1
    outer loop
      vertex 1.3523 -13.8877 39
      vertex 1.3731 -14.5231 39
      vertex 1.3731 -13.9769 39
    endloop
  endfacet
  facet normal 0 0 1
    outer loop
      vertex 1.3523 -13.8877 39
      vertex 1.3523 -14.6123 39
      vertex 1.3731 -14.5231 39
    endloop
  endfacet
  facet normal 0 0 1
    outer loop
      vertex 1.3257 -13.8 39
      vertex 1.3523 -14.6123 39
      vertex 1.3523 -13.8877 39
    endloop
  endfacet
  facet normal 0 0 1
    outer loop
      vertex 1.3257 -13.8 39
      vertex 1.3257 -14.7 39
      vertex 1.3523 -14.6123 39
    endloop
  endfacet
  facet normal 0 0 1
    outer loop
      vertex 1.29343 -13.7142 39
      vertex 1.3257 -14.7 39
      vertex 1.3257 -13.8 39
    endloop
  endfacet
  facet normal 0 0 1
    outer loop
      vertex 1.29343 -13.7142 39
      vertex 1.29343 -14.7858 39
      vertex 1.3257 -14.7 39
    endloop
  endfacet
  facet normal 0 0 1
    outer loop
      vertex 1.25562 -13.6308 39
      vertex 1.29343 -14.7858 39
      vertex 1.29343 -13.7142 39
    endloop
  endfacet
  facet normal 0 0 1
    outer loop
      vertex 1.25562 -13.6308 39
      vertex 1.25562 -14.8692 39
      vertex 1.29343 -14.7858 39
    endloop
  endfacet
  facet normal 0 0 1
    outer loop
      vertex 1.21243 -13.55 39
      vertex 1.25562 -14.8692 39
      vertex 1.25562 -13.6308 39
    endloop
  endfacet
  facet normal 0 0 1
    outer loop
      vertex 1.21243 -13.55 39
      vertex 1.21243 -14.95 39
      vertex 1.25562 -14.8692 39
    endloop
  endfacet
  facet normal 0 0 1
    outer loop
      vertex 1.16406 -13.4722 39
      vertex 1.21243 -14.95 39
      vertex 1.21243 -13.55 39
    endloop
  endfacet
  facet normal 0 0 1
    outer loop
      vertex 1.16406 -13.4722 39
      vertex 1.16406 -15.0278 39
      vertex 1.21243 -14.95 39
    endloop
  endfacet
  facet normal 0 0 1
    outer loop
      vertex 1.11069 -13.3977 39
      vertex 1.16406 -15.0278 39
      vertex 1.16406 -13.4722 39
    endloop
  endfacet
  facet normal 0 0 1
    outer loop
      vertex 1.11069 -13.3977 39
      vertex 1.11069 -15.1023 39
      vertex 1.16406 -15.0278 39
    endloop
  endfacet
  facet normal 0 0 1
    outer loop
      vertex 1.05258 -13.3269 39
      vertex 1.11069 -15.1023 39
      vertex 1.11069 -13.3977 39
    endloop
  endfacet
  facet normal 0 0 1
    outer loop
      vertex 1.05258 -13.3269 39
      vertex 1.05258 -15.1731 39
      vertex 1.11069 -15.1023 39
    endloop
  endfacet
  facet normal 0 0 1
    outer loop
      vertex 0.989949 -13.26 39
      vertex 1.05258 -15.1731 39
      vertex 1.05258 -13.3269 39
    endloop
  endfacet
  facet normal 0 0 1
    outer loop
      vertex 0.989949 -13.26 39
      vertex 0.989949 -15.2399 39
      vertex 1.05258 -15.1731 39
    endloop
  endfacet
  facet normal 0 0 1
    outer loop
      vertex 0.923083 -13.1974 39
      vertex 0.989949 -15.2399 39
      vertex 0.989949 -13.26 39
    endloop
  endfacet
  facet normal 0 0 1
    outer loop
      vertex 0.923083 -13.1974 39
      vertex 0.923083 -15.3026 39
      vertex 0.989949 -15.2399 39
    endloop
  endfacet
  facet normal 0 0 1
    outer loop
      vertex 0.852265 -13.1393 39
      vertex 0.923083 -15.3026 39
      vertex 0.923083 -13.1974 39
    endloop
  endfacet
  facet normal 0 0 1
    outer loop
      vertex 0.852265 -13.1393 39
      vertex 0.852265 -15.3607 39
      vertex 0.923083 -15.3026 39
    endloop
  endfacet
  facet normal 0 0 1
    outer loop
      vertex 0.777798 -13.0859 39
      vertex 0.852265 -15.3607 39
      vertex 0.852265 -13.1393 39
    endloop
  endfacet
  facet normal 0 0 1
    outer loop
      vertex 0.777798 -13.0859 39
      vertex 0.777798 -15.4141 39
      vertex 0.852265 -15.3607 39
    endloop
  endfacet
  facet normal 0 0 1
    outer loop
      vertex 0.7 -13.0376 39
      vertex 0.777798 -15.4141 39
      vertex 0.777798 -13.0859 39
    endloop
  endfacet
  facet normal 0 0 1
    outer loop
      vertex 0.7 -13.0376 39
      vertex 0.7 -15.4624 39
      vertex 0.777798 -15.4141 39
    endloop
  endfacet
  facet normal 0 0 1
    outer loop
      vertex 0.619204 -12.9944 39
      vertex 0.7 -15.4624 39
      vertex 0.7 -13.0376 39
    endloop
  endfacet
  facet normal 0 0 1
    outer loop
      vertex 0.619204 -12.9944 39
      vertex 0.619204 -15.5056 39
      vertex 0.7 -15.4624 39
    endloop
  endfacet
  facet normal 0 0 1
    outer loop
      vertex 0.535756 -12.9566 39
      vertex 0.619204 -15.5056 39
      vertex 0.619204 -12.9944 39
    endloop
  endfacet
  facet normal 0 0 1
    outer loop
      vertex 0.535756 -12.9566 39
      vertex 0.535756 -15.5434 39
      vertex 0.619204 -15.5056 39
    endloop
  endfacet
  facet normal 0 0 1
    outer loop
      vertex 0.450015 -12.9243 39
      vertex 0.535756 -15.5434 39
      vertex 0.535756 -12.9566 39
    endloop
  endfacet
  facet normal 0 0 1
    outer loop
      vertex 0.450015 -12.9243 39
      vertex 0.450015 -15.5757 39
      vertex 0.535756 -15.5434 39
    endloop
  endfacet
  facet normal 0 0 1
    outer loop
      vertex 0.362347 -12.8977 39
      vertex 0.450015 -15.5757 39
      vertex 0.450015 -12.9243 39
    endloop
  endfacet
  facet normal 0 0 1
    outer loop
      vertex 0.362347 -12.8977 39
      vertex 0.362347 -15.6023 39
      vertex 0.450015 -15.5757 39
    endloop
  endfacet
  facet normal 0 0 1
    outer loop
      vertex 0.273126 -12.8769 39
      vertex 0.362347 -15.6023 39
      vertex 0.362347 -12.8977 39
    endloop
  endfacet
  facet normal 0 0 1
    outer loop
      vertex 0.273126 -12.8769 39
      vertex 0.273126 -15.6231 39
      vertex 0.362347 -15.6023 39
    endloop
  endfacet
  facet normal 0 0 1
    outer loop
      vertex 0.182736 -12.862 39
      vertex 0.273126 -15.6231 39
      vertex 0.273126 -12.8769 39
    endloop
  endfacet
  facet normal 0 0 1
    outer loop
      vertex 0.182736 -12.862 39
      vertex 0.182736 -15.638 39
      vertex 0.273126 -15.6231 39
    endloop
  endfacet
  facet normal 0 0 1
    outer loop
      vertex 0.0915642 -12.853 39
      vertex 0.182736 -15.638 39
      vertex 0.182736 -12.862 39
    endloop
  endfacet
  facet normal 0 0 1
    outer loop
      vertex 0.0915642 -12.853 39
      vertex 0.0915642 -15.647 39
      vertex 0.182736 -15.638 39
    endloop
  endfacet
  facet normal 0 0 1
    outer loop
      vertex 0 -12.85 39
      vertex 0.0915642 -15.647 39
      vertex 0.0915642 -12.853 39
    endloop
  endfacet
  facet normal 0 0 1
    outer loop
      vertex 0 -12.85 39
      vertex 0 -15.65 39
      vertex 0.0915642 -15.647 39
    endloop
  endfacet
  facet normal -0 0 1
    outer loop
      vertex -0.0915642 -12.853 39
      vertex 0 -15.65 39
      vertex 0 -12.85 39
    endloop
  endfacet
  facet normal 0 0 1
    outer loop
      vertex -0.0915642 -12.853 39
      vertex -0.0915642 -15.647 39
      vertex 0 -15.65 39
    endloop
  endfacet
  facet normal -0 0 1
    outer loop
      vertex -0.182736 -12.862 39
      vertex -0.0915642 -15.647 39
      vertex -0.0915642 -12.853 39
    endloop
  endfacet
  facet normal 0 0 1
    outer loop
      vertex -0.182736 -12.862 39
      vertex -0.182736 -15.638 39
      vertex -0.0915642 -15.647 39
    endloop
  endfacet
  facet normal -0 0 1
    outer loop
      vertex -0.273126 -12.8769 39
      vertex -0.182736 -15.638 39
      vertex -0.182736 -12.862 39
    endloop
  endfacet
  facet normal 0 0 1
    outer loop
      vertex -0.273126 -12.8769 39
      vertex -0.273126 -15.6231 39
      vertex -0.182736 -15.638 39
    endloop
  endfacet
  facet normal -0 0 1
    outer loop
      vertex -0.362347 -12.8977 39
      vertex -0.273126 -15.6231 39
      vertex -0.273126 -12.8769 39
    endloop
  endfacet
  facet normal 0 0 1
    outer loop
      vertex -0.362347 -12.8977 39
      vertex -0.362347 -15.6023 39
      vertex -0.273126 -15.6231 39
    endloop
  endfacet
  facet normal -0 0 1
    outer loop
      vertex -0.450015 -12.9243 39
      vertex -0.362347 -15.6023 39
      vertex -0.362347 -12.8977 39
    endloop
  endfacet
  facet normal 0 0 1
    outer loop
      vertex -0.450015 -12.9243 39
      vertex -0.450015 -15.5757 39
      vertex -0.362347 -15.6023 39
    endloop
  endfacet
  facet normal -0 0 1
    outer loop
      vertex -0.535756 -12.9566 39
      vertex -0.450015 -15.5757 39
      vertex -0.450015 -12.9243 39
    endloop
  endfacet
  facet normal 0 0 1
    outer loop
      vertex -0.535756 -12.9566 39
      vertex -0.535756 -15.5434 39
      vertex -0.450015 -15.5757 39
    endloop
  endfacet
  facet normal -0 0 1
    outer loop
      vertex -0.619204 -12.9944 39
      vertex -0.535756 -15.5434 39
      vertex -0.535756 -12.9566 39
    endloop
  endfacet
  facet normal 0 0 1
    outer loop
      vertex -0.619204 -12.9944 39
      vertex -0.619204 -15.5056 39
      vertex -0.535756 -15.5434 39
    endloop
  endfacet
  facet normal -0 0 1
    outer loop
      vertex -0.7 -13.0376 39
      vertex -0.619204 -15.5056 39
      vertex -0.619204 -12.9944 39
    endloop
  endfacet
  facet normal 0 0 1
    outer loop
      vertex -0.7 -13.0376 39
      vertex -0.7 -15.4624 39
      vertex -0.619204 -15.5056 39
    endloop
  endfacet
  facet normal -0 0 1
    outer loop
      vertex -0.777798 -13.0859 39
      vertex -0.7 -15.4624 39
      vertex -0.7 -13.0376 39
    endloop
  endfacet
  facet normal 0 0 1
    outer loop
      vertex -0.777798 -13.0859 39
      vertex -0.777798 -15.4141 39
      vertex -0.7 -15.4624 39
    endloop
  endfacet
  facet normal -0 0 1
    outer loop
      vertex -0.852265 -13.1393 39
      vertex -0.777798 -15.4141 39
      vertex -0.777798 -13.0859 39
    endloop
  endfacet
  facet normal 0 0 1
    outer loop
      vertex -0.852265 -13.1393 39
      vertex -0.852265 -15.3607 39
      vertex -0.777798 -15.4141 39
    endloop
  endfacet
  facet normal -0 0 1
    outer loop
      vertex -0.923083 -13.1974 39
      vertex -0.852265 -15.3607 39
      vertex -0.852265 -13.1393 39
    endloop
  endfacet
  facet normal 0 0 1
    outer loop
      vertex -0.923083 -13.1974 39
      vertex -0.923083 -15.3026 39
      vertex -0.852265 -15.3607 39
    endloop
  endfacet
  facet normal -0 0 1
    outer loop
      vertex -0.989949 -13.26 39
      vertex -0.923083 -15.3026 39
      vertex -0.923083 -13.1974 39
    endloop
  endfacet
  facet normal 0 0 1
    outer loop
      vertex -0.989949 -13.26 39
      vertex -0.989949 -15.2399 39
      vertex -0.923083 -15.3026 39
    endloop
  endfacet
  facet normal -0 0 1
    outer loop
      vertex -1.05258 -13.3269 39
      vertex -0.989949 -15.2399 39
      vertex -0.989949 -13.26 39
    endloop
  endfacet
  facet normal 0 0 1
    outer loop
      vertex -1.05258 -13.3269 39
      vertex -1.05258 -15.1731 39
      vertex -0.989949 -15.2399 39
    endloop
  endfacet
  facet normal -0 0 1
    outer loop
      vertex -1.11069 -13.3977 39
      vertex -1.05258 -15.1731 39
      vertex -1.05258 -13.3269 39
    endloop
  endfacet
  facet normal 0 0 1
    outer loop
      vertex -1.11069 -13.3977 39
      vertex -1.11069 -15.1023 39
      vertex -1.05258 -15.1731 39
    endloop
  endfacet
  facet normal -0 0 1
    outer loop
      vertex -1.16406 -13.4722 39
      vertex -1.11069 -15.1023 39
      vertex -1.11069 -13.3977 39
    endloop
  endfacet
  facet normal 0 0 1
    outer loop
      vertex -1.16406 -13.4722 39
      vertex -1.16406 -15.0278 39
      vertex -1.11069 -15.1023 39
    endloop
  endfacet
  facet normal -0 0 1
    outer loop
      vertex -1.21243 -13.55 39
      vertex -1.16406 -15.0278 39
      vertex -1.16406 -13.4722 39
    endloop
  endfacet
  facet normal 0 0 1
    outer loop
      vertex -1.21243 -13.55 39
      vertex -1.21243 -14.95 39
      vertex -1.16406 -15.0278 39
    endloop
  endfacet
  facet normal -0 0 1
    outer loop
      vertex -1.25562 -13.6308 39
      vertex -1.21243 -14.95 39
      vertex -1.21243 -13.55 39
    endloop
  endfacet
  facet normal 0 0 1
    outer loop
      vertex -1.25562 -13.6308 39
      vertex -1.25562 -14.8692 39
      vertex -1.21243 -14.95 39
    endloop
  endfacet
  facet normal -0 0 1
    outer loop
      vertex -1.29343 -13.7142 39
      vertex -1.25562 -14.8692 39
      vertex -1.25562 -13.6308 39
    endloop
  endfacet
  facet normal 0 0 1
    outer loop
      vertex -1.29343 -13.7142 39
      vertex -1.29343 -14.7858 39
      vertex -1.25562 -14.8692 39
    endloop
  endfacet
  facet normal -0 0 1
    outer loop
      vertex -1.3257 -13.8 39
      vertex -1.29343 -14.7858 39
      vertex -1.29343 -13.7142 39
    endloop
  endfacet
  facet normal 0 0 1
    outer loop
      vertex -1.3257 -13.8 39
      vertex -1.3257 -14.7 39
      vertex -1.29343 -14.7858 39
    endloop
  endfacet
  facet normal -0 0 1
    outer loop
      vertex -1.3523 -13.8877 39
      vertex -1.3257 -14.7 39
      vertex -1.3257 -13.8 39
    endloop
  endfacet
  facet normal 0 0 1
    outer loop
      vertex -1.3523 -13.8877 39
      vertex -1.3523 -14.6123 39
      vertex -1.3257 -14.7 39
    endloop
  endfacet
  facet normal -0 0 1
    outer loop
      vertex -1.3731 -13.9769 39
      vertex -1.3523 -14.6123 39
      vertex -1.3523 -13.8877 39
    endloop
  endfacet
  facet normal 0 0 1
    outer loop
      vertex -1.3731 -13.9769 39
      vertex -1.3731 -14.5231 39
      vertex -1.3523 -14.6123 39
    endloop
  endfacet
  facet normal -0 0 1
    outer loop
      vertex -1.38802 -14.0673 39
      vertex -1.3731 -14.5231 39
      vertex -1.3731 -13.9769 39
    endloop
  endfacet
  facet normal 0 0 1
    outer loop
      vertex -1.38802 -14.0673 39
      vertex -1.38802 -14.4327 39
      vertex -1.3731 -14.5231 39
    endloop
  endfacet
  facet normal -0 0 1
    outer loop
      vertex -1.397 -14.1584 39
      vertex -1.38802 -14.4327 39
      vertex -1.38802 -14.0673 39
    endloop
  endfacet
  facet normal 0 0 1
    outer loop
      vertex -1.397 -14.1584 39
      vertex -1.397 -14.3416 39
      vertex -1.38802 -14.4327 39
    endloop
  endfacet
  facet normal 0 -0 1
    outer loop
      vertex -1.397 -14.3416 39
      vertex -1.397 -14.1584 39
      vertex -1.4 -14.25 39
    endloop
  endfacet
  facet normal -0.881914 -0.471409 0
    outer loop
      vertex 1.25562 -13.6308 39
      vertex 1.21243 -13.55 51
      vertex 1.21243 -13.55 39
    endloop
  endfacet
  facet normal -0.881914 -0.471409 0
    outer loop
      vertex 1.21243 -13.55 51
      vertex 1.25562 -13.6308 39
      vertex 1.25562 -13.6308 51
    endloop
  endfacet
  facet normal 0.999464 -0.0327335 0
    outer loop
      vertex -1.4 -14.25 51
      vertex -1.397 -14.1584 39
      vertex -1.397 -14.1584 51
    endloop
  endfacet
  facet normal 0.999464 -0.0327335 0
    outer loop
      vertex -1.397 -14.1584 39
      vertex -1.4 -14.25 51
      vertex -1.4 -14.25 39
    endloop
  endfacet
  facet normal 0.730015 -0.683431 0
    outer loop
      vertex -1.05258 -13.3269 51
      vertex -0.989949 -13.26 39
      vertex -0.989949 -13.26 51
    endloop
  endfacet
  facet normal 0.730015 -0.683431 0
    outer loop
      vertex -0.989949 -13.26 39
      vertex -1.05258 -13.3269 51
      vertex -1.05258 -13.3269 39
    endloop
  endfacet
  facet normal -0.0982373 -0.995163 0
    outer loop
      vertex 0.0915642 -12.853 39
      vertex 0.182736 -12.862 51
      vertex 0.0915642 -12.853 51
    endloop
  endfacet
  facet normal -0.0982373 -0.995163 -0
    outer loop
      vertex 0.182736 -12.862 51
      vertex 0.0915642 -12.853 39
      vertex 0.182736 -12.862 39
    endloop
  endfacet
  facet normal 0.935988 -0.352032 0
    outer loop
      vertex -1.3257 -13.8 51
      vertex -1.29343 -13.7142 39
      vertex -1.29343 -13.7142 51
    endloop
  endfacet
  facet normal 0.935988 -0.352032 0
    outer loop
      vertex -1.29343 -13.7142 39
      vertex -1.3257 -13.8 51
      vertex -1.3257 -13.8 39
    endloop
  endfacet
  facet normal 0.729505 0.683976 0
    outer loop
      vertex -0.989949 -15.2399 51
      vertex -1.05258 -15.1731 39
      vertex -1.05258 -15.1731 51
    endloop
  endfacet
  facet normal 0.729505 0.683976 0
    outer loop
      vertex -1.05258 -15.1731 39
      vertex -0.989949 -15.2399 51
      vertex -0.989949 -15.2399 39
    endloop
  endfacet
  facet normal -0.63427 -0.773111 0
    outer loop
      vertex 0.852265 -13.1393 39
      vertex 0.923083 -13.1974 51
      vertex 0.852265 -13.1393 51
    endloop
  endfacet
  facet normal -0.63427 -0.773111 -0
    outer loop
      vertex 0.923083 -13.1974 51
      vertex 0.852265 -13.1393 39
      vertex 0.923083 -13.1974 39
    endloop
  endfacet
  facet normal 0.772979 0.634432 0
    outer loop
      vertex -1.05258 -15.1731 51
      vertex -1.11069 -15.1023 39
      vertex -1.11069 -15.1023 51
    endloop
  endfacet
  facet normal 0.772979 0.634432 0
    outer loop
      vertex -1.11069 -15.1023 39
      vertex -1.05258 -15.1731 51
      vertex -1.05258 -15.1731 39
    endloop
  endfacet
  facet normal 0.995184 0.0980208 0
    outer loop
      vertex 20.955 1.37347 51
      vertex 20.8203 2.74105 0
      vertex 20.8203 2.74105 51
    endloop
  endfacet
  facet normal 0.995184 0.0980208 0
    outer loop
      vertex 20.8203 2.74105 0
      vertex 20.955 1.37347 51
      vertex 20.955 1.37347 0
    endloop
  endfacet
  facet normal 0.999464 0.0327462 0
    outer loop
      vertex 21 0 51
      vertex 20.955 1.37347 0
      vertex 20.955 1.37347 51
    endloop
  endfacet
  facet normal 0.999464 0.0327462 0
    outer loop
      vertex 20.955 1.37347 0
      vertex 21 0 51
      vertex 21 0 0
    endloop
  endfacet
  facet normal -0.935921 -0.352211 0
    outer loop
      vertex -19.4015 -8.03635 0
      vertex -19.8855 -6.75023 51
      vertex -19.8855 -6.75023 0
    endloop
  endfacet
  facet normal -0.935921 -0.352211 0
    outer loop
      vertex -19.8855 -6.75023 51
      vertex -19.4015 -8.03635 0
      vertex -19.4015 -8.03635 51
    endloop
  endfacet
  facet normal 0.227112 -0.973869 0
    outer loop
      vertex 4.0969 -20.5965 0
      vertex 5.4352 -20.2844 51
      vertex 4.0969 -20.5965 51
    endloop
  endfacet
  facet normal 0.227112 -0.973869 0
    outer loop
      vertex 5.4352 -20.2844 51
      vertex 4.0969 -20.5965 0
      vertex 5.4352 -20.2844 0
    endloop
  endfacet
  facet normal -0.0327462 -0.999464 0
    outer loop
      vertex -1.37347 -20.955 0
      vertex 0 -21 51
      vertex -1.37347 -20.955 51
    endloop
  endfacet
  facet normal -0.0327462 -0.999464 -0
    outer loop
      vertex 0 -21 51
      vertex -1.37347 -20.955 0
      vertex 0 -21 0
    endloop
  endfacet
  facet normal -0.290278 -0.956942 0
    outer loop
      vertex -6.75023 -19.8855 0
      vertex -5.4352 -20.2844 51
      vertex -6.75023 -19.8855 51
    endloop
  endfacet
  facet normal -0.290278 -0.956942 -0
    outer loop
      vertex -5.4352 -20.2844 51
      vertex -6.75023 -19.8855 0
      vertex -5.4352 -20.2844 0
    endloop
  endfacet
  facet normal -0.812823 0.582511 0
    outer loop
      vertex -17.4609 11.667 0
      vertex -16.6604 12.784 51
      vertex -16.6604 12.784 0
    endloop
  endfacet
  facet normal -0.812823 0.582511 0
    outer loop
      vertex -16.6604 12.784 51
      vertex -17.4609 11.667 0
      vertex -17.4609 11.667 51
    endloop
  endfacet
  facet normal -0.999464 -0.0327462 0
    outer loop
      vertex -20.955 -1.37347 0
      vertex -21 0 51
      vertex -21 0 0
    endloop
  endfacet
  facet normal -0.999464 -0.0327462 0
    outer loop
      vertex -21 0 51
      vertex -20.955 -1.37347 0
      vertex -20.955 -1.37347 51
    endloop
  endfacet
  facet normal -0.995184 0.0980208 0
    outer loop
      vertex -20.955 1.37347 0
      vertex -20.8203 2.74105 51
      vertex -20.8203 2.74105 0
    endloop
  endfacet
  facet normal -0.995184 0.0980208 0
    outer loop
      vertex -20.8203 2.74105 51
      vertex -20.955 1.37347 0
      vertex -20.955 1.37347 51
    endloop
  endfacet
  facet normal -0.995184 -0.0980208 0
    outer loop
      vertex -20.8203 -2.74105 0
      vertex -20.955 -1.37347 51
      vertex -20.955 -1.37347 0
    endloop
  endfacet
  facet normal -0.995184 -0.0980208 0
    outer loop
      vertex -20.955 -1.37347 51
      vertex -20.8203 -2.74105 0
      vertex -20.8203 -2.74105 51
    endloop
  endfacet
  facet normal -0.88192 0.471399 0
    outer loop
      vertex -18.8343 9.28806 0
      vertex -18.1865 10.5 51
      vertex -18.1865 10.5 0
    endloop
  endfacet
  facet normal -0.88192 0.471399 0
    outer loop
      vertex -18.1865 10.5 51
      vertex -18.8343 9.28806 0
      vertex -18.8343 9.28806 51
    endloop
  endfacet
  facet normal -0.352211 0.935921 0
    outer loop
      vertex -6.75023 19.8855 0
      vertex -8.03635 19.4015 51
      vertex -6.75023 19.8855 51
    endloop
  endfacet
  facet normal -0.352211 0.935921 0
    outer loop
      vertex -8.03635 19.4015 51
      vertex -6.75023 19.8855 0
      vertex -8.03635 19.4015 0
    endloop
  endfacet
  facet normal 0.986649 0.162859 0
    outer loop
      vertex 20.8203 2.74105 51
      vertex 20.5965 4.0969 0
      vertex 20.5965 4.0969 51
    endloop
  endfacet
  facet normal 0.986649 0.162859 0
    outer loop
      vertex 20.5965 4.0969 0
      vertex 20.8203 2.74105 51
      vertex 20.8203 2.74105 0
    endloop
  endfacet
  facet normal -0.88192 -0.471399 0
    outer loop
      vertex -18.1865 -10.5 0
      vertex -18.8343 -9.28806 51
      vertex -18.8343 -9.28806 0
    endloop
  endfacet
  facet normal -0.88192 -0.471399 0
    outer loop
      vertex -18.8343 -9.28806 51
      vertex -18.1865 -10.5 0
      vertex -18.1865 -10.5 51
    endloop
  endfacet
  facet normal -0.773013 -0.63439 0
    outer loop
      vertex -15.7886 -13.8463 0
      vertex -16.6604 -12.784 51
      vertex -16.6604 -12.784 0
    endloop
  endfacet
  facet normal -0.773013 -0.63439 0
    outer loop
      vertex -16.6604 -12.784 51
      vertex -15.7886 -13.8463 0
      vertex -15.7886 -13.8463 51
    endloop
  endfacet
  facet normal 0.995184 -0.0980208 0
    outer loop
      vertex 20.8203 -2.74105 51
      vertex 20.955 -1.37347 0
      vertex 20.955 -1.37347 51
    endloop
  endfacet
  facet normal 0.995184 -0.0980208 0
    outer loop
      vertex 20.955 -1.37347 0
      vertex 20.8203 -2.74105 51
      vertex 20.8203 -2.74105 0
    endloop
  endfacet
  facet normal 0.0327462 -0.999464 0
    outer loop
      vertex 0 -21 0
      vertex 1.37347 -20.955 51
      vertex 0 -21 51
    endloop
  endfacet
  facet normal 0.0327462 -0.999464 0
    outer loop
      vertex 1.37347 -20.955 51
      vertex 0 -21 0
      vertex 1.37347 -20.955 0
    endloop
  endfacet
  facet normal 0.352211 0.935921 -0
    outer loop
      vertex 8.03635 19.4015 0
      vertex 6.75023 19.8855 51
      vertex 8.03635 19.4015 51
    endloop
  endfacet
  facet normal 0.352211 0.935921 0
    outer loop
      vertex 6.75023 19.8855 51
      vertex 8.03635 19.4015 0
      vertex 6.75023 19.8855 0
    endloop
  endfacet
  facet normal 0.582511 0.812823 -0
    outer loop
      vertex 12.784 16.6604 0
      vertex 11.667 17.4609 51
      vertex 12.784 16.6604 51
    endloop
  endfacet
  facet normal 0.582511 0.812823 0
    outer loop
      vertex 11.667 17.4609 51
      vertex 12.784 16.6604 0
      vertex 11.667 17.4609 0
    endloop
  endfacet
  facet normal -0.910848 -0.412742 0
    outer loop
      vertex -18.8343 -9.28806 0
      vertex -19.4015 -8.03635 51
      vertex -19.4015 -8.03635 0
    endloop
  endfacet
  facet normal -0.910848 -0.412742 0
    outer loop
      vertex -19.4015 -8.03635 51
      vertex -18.8343 -9.28806 0
      vertex -18.8343 -9.28806 51
    endloop
  endfacet
  facet normal -0.582511 0.812823 0
    outer loop
      vertex -11.667 17.4609 0
      vertex -12.784 16.6604 51
      vertex -11.667 17.4609 51
    endloop
  endfacet
  facet normal -0.582511 0.812823 0
    outer loop
      vertex -12.784 16.6604 51
      vertex -11.667 17.4609 0
      vertex -12.784 16.6604 0
    endloop
  endfacet
  facet normal 0.812823 -0.582511 0
    outer loop
      vertex 16.6604 -12.784 51
      vertex 17.4609 -11.667 0
      vertex 17.4609 -11.667 51
    endloop
  endfacet
  facet normal 0.812823 -0.582511 0
    outer loop
      vertex 17.4609 -11.667 0
      vertex 16.6604 -12.784 51
      vertex 16.6604 -12.784 0
    endloop
  endfacet
  facet normal 0.935921 0.352211 0
    outer loop
      vertex 19.8855 6.75023 51
      vertex 19.4015 8.03635 0
      vertex 19.4015 8.03635 51
    endloop
  endfacet
  facet normal 0.935921 0.352211 0
    outer loop
      vertex 19.4015 8.03635 0
      vertex 19.8855 6.75023 51
      vertex 19.8855 6.75023 0
    endloop
  endfacet
  facet normal 0.471399 0.88192 -0
    outer loop
      vertex 10.5 18.1865 0
      vertex 9.28806 18.8343 51
      vertex 10.5 18.1865 51
    endloop
  endfacet
  facet normal 0.471399 0.88192 0
    outer loop
      vertex 9.28806 18.8343 51
      vertex 10.5 18.1865 0
      vertex 9.28806 18.8343 0
    endloop
  endfacet
  facet normal 0.973869 0.227112 0
    outer loop
      vertex 20.5965 4.0969 51
      vertex 20.2844 5.4352 0
      vertex 20.2844 5.4352 51
    endloop
  endfacet
  facet normal 0.973869 0.227112 0
    outer loop
      vertex 20.2844 5.4352 0
      vertex 20.5965 4.0969 51
      vertex 20.5965 4.0969 0
    endloop
  endfacet
  facet normal 0.162859 -0.986649 0
    outer loop
      vertex 2.74105 -20.8203 0
      vertex 4.0969 -20.5965 51
      vertex 2.74105 -20.8203 51
    endloop
  endfacet
  facet normal 0.162859 -0.986649 0
    outer loop
      vertex 4.0969 -20.5965 51
      vertex 2.74105 -20.8203 0
      vertex 4.0969 -20.5965 0
    endloop
  endfacet
  facet normal -0.63439 0.773013 0
    outer loop
      vertex -12.784 16.6604 0
      vertex -13.8463 15.7886 51
      vertex -12.784 16.6604 51
    endloop
  endfacet
  facet normal -0.63439 0.773013 0
    outer loop
      vertex -13.8463 15.7886 51
      vertex -12.784 16.6604 0
      vertex -13.8463 15.7886 0
    endloop
  endfacet
  facet normal 0.162859 0.986649 -0
    outer loop
      vertex 4.0969 20.5965 0
      vertex 2.74105 20.8203 51
      vertex 4.0969 20.5965 51
    endloop
  endfacet
  facet normal 0.162859 0.986649 0
    outer loop
      vertex 2.74105 20.8203 51
      vertex 4.0969 20.5965 0
      vertex 2.74105 20.8203 0
    endloop
  endfacet
  facet normal -0.0980208 0.995184 0
    outer loop
      vertex -1.37347 20.955 0
      vertex -2.74105 20.8203 51
      vertex -1.37347 20.955 51
    endloop
  endfacet
  facet normal -0.0980208 0.995184 0
    outer loop
      vertex -2.74105 20.8203 51
      vertex -1.37347 20.955 0
      vertex -2.74105 20.8203 0
    endloop
  endfacet
  facet normal -0.162859 0.986649 0
    outer loop
      vertex -2.74105 20.8203 0
      vertex -4.0969 20.5965 51
      vertex -2.74105 20.8203 51
    endloop
  endfacet
  facet normal -0.162859 0.986649 0
    outer loop
      vertex -4.0969 20.5965 51
      vertex -2.74105 20.8203 0
      vertex -4.0969 20.5965 0
    endloop
  endfacet
  facet normal 0.528022 -0.849231 0
    outer loop
      vertex 10.5 -18.1865 0
      vertex 11.667 -17.4609 51
      vertex 10.5 -18.1865 51
    endloop
  endfacet
  facet normal 0.528022 -0.849231 0
    outer loop
      vertex 11.667 -17.4609 51
      vertex 10.5 -18.1865 0
      vertex 11.667 -17.4609 0
    endloop
  endfacet
  facet normal 0.773013 0.63439 0
    outer loop
      vertex 16.6604 12.784 51
      vertex 15.7886 13.8463 0
      vertex 15.7886 13.8463 51
    endloop
  endfacet
  facet normal 0.773013 0.63439 0
    outer loop
      vertex 15.7886 13.8463 0
      vertex 16.6604 12.784 51
      vertex 16.6604 12.784 0
    endloop
  endfacet
  facet normal -0 0 1
    outer loop
      vertex -11.3509 6.13505 51
      vertex -6.79381 3.35034 51
      vertex -11.2883 6.20192 51
    endloop
  endfacet
  facet normal 0 0 1
    outer loop
      vertex -6.79381 3.35034 51
      vertex -11.3509 6.13505 51
      vertex -6.99839 2.89883 51
    endloop
  endfacet
  facet normal -0 0 1
    outer loop
      vertex -11.4178 6.07242 51
      vertex -6.99839 2.89883 51
      vertex -11.3509 6.13505 51
    endloop
  endfacet
  facet normal -0 0 1
    outer loop
      vertex -11.4886 6.01431 51
      vertex -6.99839 2.89883 51
      vertex -11.4178 6.07242 51
    endloop
  endfacet
  facet normal 0 0 1
    outer loop
      vertex -6.99839 2.89883 51
      vertex -11.4886 6.01431 51
      vertex -7.173 2.4349 51
    endloop
  endfacet
  facet normal -0 0 1
    outer loop
      vertex -11.5631 5.96094 51
      vertex -7.173 2.4349 51
      vertex -11.4886 6.01431 51
    endloop
  endfacet
  facet normal -0 0 1
    outer loop
      vertex -11.6409 5.91256 51
      vertex -7.173 2.4349 51
      vertex -11.5631 5.96094 51
    endloop
  endfacet
  facet normal -0 0 1
    outer loop
      vertex -11.7217 5.86938 51
      vertex -7.173 2.4349 51
      vertex -11.6409 5.91256 51
    endloop
  endfacet
  facet normal 0 0 1
    outer loop
      vertex -7.173 2.4349 51
      vertex -11.7217 5.86938 51
      vertex -7.31689 1.96055 51
    endloop
  endfacet
  facet normal -0 0 1
    outer loop
      vertex -11.8051 5.83157 51
      vertex -7.31689 1.96055 51
      vertex -11.7217 5.86938 51
    endloop
  endfacet
  facet normal -0 0 1
    outer loop
      vertex -11.8908 5.7993 51
      vertex -7.31689 1.96055 51
      vertex -11.8051 5.83157 51
    endloop
  endfacet
  facet normal 0 0 1
    outer loop
      vertex -7.31689 1.96055 51
      vertex -11.8908 5.7993 51
      vertex -7.42945 1.47781 51
    endloop
  endfacet
  facet normal -0 0 1
    outer loop
      vertex -11.9785 5.7727 51
      vertex -7.42945 1.47781 51
      vertex -11.8908 5.7993 51
    endloop
  endfacet
  facet normal -0 0 1
    outer loop
      vertex -12.0677 5.7519 51
      vertex -7.42945 1.47781 51
      vertex -11.9785 5.7727 51
    endloop
  endfacet
  facet normal 0 0 1
    outer loop
      vertex -7.42945 1.47781 51
      vertex -12.0677 5.7519 51
      vertex -7.51019 0.988735 51
    endloop
  endfacet
  facet normal -0 0 1
    outer loop
      vertex -12.1581 5.73698 51
      vertex -7.51019 0.988735 51
      vertex -12.0677 5.7519 51
    endloop
  endfacet
  facet normal 0 0 1
    outer loop
      vertex -7.42945 -1.47781 51
      vertex -11.667 -17.4609 51
      vertex -10.5 -18.1865 51
    endloop
  endfacet
  facet normal -0 0 1
    outer loop
      vertex -12.2493 5.728 51
      vertex -7.51019 0.988735 51
      vertex -12.1581 5.73698 51
    endloop
  endfacet
  facet normal 0 0 1
    outer loop
      vertex -7.51019 0.988735 51
      vertex -12.2493 5.728 51
      vertex -7.55878 0.495428 51
    endloop
  endfacet
  facet normal -0 0 1
    outer loop
      vertex -12.3409 5.725 51
      vertex -7.55878 0.495428 51
      vertex -12.2493 5.728 51
    endloop
  endfacet
  facet normal 0 0 1
    outer loop
      vertex -12.4324 5.728 51
      vertex -7.55878 0.495428 51
      vertex -12.3409 5.725 51
    endloop
  endfacet
  facet normal 0 0 1
    outer loop
      vertex -7.55878 0.495428 51
      vertex -12.4324 5.728 51
      vertex -7.575 0 51
    endloop
  endfacet
  facet normal 0 0 1
    outer loop
      vertex -12.5236 5.73698 51
      vertex -7.575 0 51
      vertex -12.4324 5.728 51
    endloop
  endfacet
  facet normal 0 0 1
    outer loop
      vertex -12.614 5.7519 51
      vertex -7.575 0 51
      vertex -12.5236 5.73698 51
    endloop
  endfacet
  facet normal 0 0 1
    outer loop
      vertex -7.575 0 51
      vertex -12.614 5.7519 51
      vertex -7.55878 -0.495428 51
    endloop
  endfacet
  facet normal 0 0 1
    outer loop
      vertex -12.7032 5.7727 51
      vertex -7.55878 -0.495428 51
      vertex -12.614 5.7519 51
    endloop
  endfacet
  facet normal 0 0 1
    outer loop
      vertex -7.55878 -0.495428 51
      vertex -20.955 -1.37347 51
      vertex -7.51019 -0.988735 51
    endloop
  endfacet
  facet normal 0 -0 1
    outer loop
      vertex -20.8203 -2.74105 51
      vertex -7.51019 -0.988735 51
      vertex -20.955 -1.37347 51
    endloop
  endfacet
  facet normal 0 0 1
    outer loop
      vertex -7.55878 -0.495428 51
      vertex -12.7032 5.7727 51
      vertex -20.955 -1.37347 51
    endloop
  endfacet
  facet normal 0 0 1
    outer loop
      vertex -7.42945 -1.47781 51
      vertex -12.784 -16.6604 51
      vertex -11.667 -17.4609 51
    endloop
  endfacet
  facet normal 0 0 1
    outer loop
      vertex -21 0 51
      vertex -12.7032 5.7727 51
      vertex -12.7909 5.7993 51
    endloop
  endfacet
  facet normal 0 0 1
    outer loop
      vertex -21 0 51
      vertex -12.7909 5.7993 51
      vertex -12.8766 5.83157 51
    endloop
  endfacet
  facet normal 0 0 1
    outer loop
      vertex -20.955 1.37347 51
      vertex -12.8766 5.83157 51
      vertex -12.9601 5.86938 51
    endloop
  endfacet
  facet normal 0 0 1
    outer loop
      vertex -20.955 1.37347 51
      vertex -12.9601 5.86938 51
      vertex -13.0409 5.91256 51
    endloop
  endfacet
  facet normal 0 0 1
    outer loop
      vertex -20.955 1.37347 51
      vertex -13.0409 5.91256 51
      vertex -13.1187 5.96094 51
    endloop
  endfacet
  facet normal 0 0 1
    outer loop
      vertex -20.8203 2.74105 51
      vertex -13.1187 5.96094 51
      vertex -13.1931 6.01431 51
    endloop
  endfacet
  facet normal 0 0 1
    outer loop
      vertex -20.8203 2.74105 51
      vertex -13.1931 6.01431 51
      vertex -13.2639 6.07242 51
    endloop
  endfacet
  facet normal 0 0 1
    outer loop
      vertex -20.5965 4.0969 51
      vertex -13.2639 6.07242 51
      vertex -13.3308 6.13505 51
    endloop
  endfacet
  facet normal 0 0 1
    outer loop
      vertex -20.5965 4.0969 51
      vertex -13.3308 6.13505 51
      vertex -13.3934 6.20192 51
    endloop
  endfacet
  facet normal 0 0 1
    outer loop
      vertex -20.5965 4.0969 51
      vertex -13.3934 6.20192 51
      vertex -13.4516 6.27273 51
    endloop
  endfacet
  facet normal 0 0 1
    outer loop
      vertex -20.2844 5.4352 51
      vertex -13.4516 6.27273 51
      vertex -13.5049 6.3472 51
    endloop
  endfacet
  facet normal 0 0 1
    outer loop
      vertex -20.2844 5.4352 51
      vertex -13.5049 6.3472 51
      vertex -13.5533 6.425 51
    endloop
  endfacet
  facet normal 0 0 1
    outer loop
      vertex -20.2844 5.4352 51
      vertex -13.5533 6.425 51
      vertex -13.5965 6.5058 51
    endloop
  endfacet
  facet normal 0 0 1
    outer loop
      vertex -20.2844 5.4352 51
      vertex -13.5965 6.5058 51
      vertex -13.6343 6.58924 51
    endloop
  endfacet
  facet normal 0 0 1
    outer loop
      vertex -19.8855 6.75023 51
      vertex -13.6343 6.58924 51
      vertex -13.6666 6.67498 51
    endloop
  endfacet
  facet normal -0 0 1
    outer loop
      vertex -19.8855 6.75023 51
      vertex -13.6666 6.67498 51
      vertex -13.6932 6.76265 51
    endloop
  endfacet
  facet normal 0 0 1
    outer loop
      vertex -19.8855 6.75023 51
      vertex -13.6932 6.76265 51
      vertex -13.714 6.85187 51
    endloop
  endfacet
  facet normal 0 0 1
    outer loop
      vertex -19.4015 8.03635 51
      vertex -13.714 6.85187 51
      vertex -13.7289 6.94226 51
    endloop
  endfacet
  facet normal 0 0 1
    outer loop
      vertex -19.4015 8.03635 51
      vertex -13.7289 6.94226 51
      vertex -13.7379 7.03343 51
    endloop
  endfacet
  facet normal 0 0 1
    outer loop
      vertex -7.42945 -1.47781 51
      vertex -13.8463 -15.7886 51
      vertex -12.784 -16.6604 51
    endloop
  endfacet
  facet normal 0 0 1
    outer loop
      vertex -19.4015 8.03635 51
      vertex -13.7379 7.03343 51
      vertex -13.7409 7.125 51
    endloop
  endfacet
  facet normal 0 0 1
    outer loop
      vertex -13.6343 7.66076 51
      vertex -18.8343 9.28806 51
      vertex -13.6666 7.57502 51
    endloop
  endfacet
  facet normal 0 0 1
    outer loop
      vertex -13.6666 7.57502 51
      vertex -18.8343 9.28806 51
      vertex -13.6932 7.48735 51
    endloop
  endfacet
  facet normal 0 0 1
    outer loop
      vertex -7.42945 -1.47781 51
      vertex -14.8492 -14.8492 51
      vertex -13.8463 -15.7886 51
    endloop
  endfacet
  facet normal 0 0 1
    outer loop
      vertex -13.6932 7.48735 51
      vertex -18.8343 9.28806 51
      vertex -13.714 7.39813 51
    endloop
  endfacet
  facet normal 0 0 1
    outer loop
      vertex -7.42945 -1.47781 51
      vertex -15.7886 -13.8463 51
      vertex -14.8492 -14.8492 51
    endloop
  endfacet
  facet normal 0 0 1
    outer loop
      vertex -13.714 7.39813 51
      vertex -18.8343 9.28806 51
      vertex -13.7289 7.30774 51
    endloop
  endfacet
  facet normal 0 0 1
    outer loop
      vertex -7.42945 -1.47781 51
      vertex -16.6604 -12.784 51
      vertex -15.7886 -13.8463 51
    endloop
  endfacet
  facet normal 0 0 1
    outer loop
      vertex -13.7289 7.30774 51
      vertex -18.8343 9.28806 51
      vertex -13.7379 7.21656 51
    endloop
  endfacet
  facet normal 0 0 1
    outer loop
      vertex -7.42945 -1.47781 51
      vertex -17.4609 -11.667 51
      vertex -16.6604 -12.784 51
    endloop
  endfacet
  facet normal -0 0 1
    outer loop
      vertex -19.4015 8.03635 51
      vertex -13.7379 7.21656 51
      vertex -18.8343 9.28806 51
    endloop
  endfacet
  facet normal 0 0 1
    outer loop
      vertex -7.42945 -1.47781 51
      vertex -18.1865 -10.5 51
      vertex -17.4609 -11.667 51
    endloop
  endfacet
  facet normal 0 0 1
    outer loop
      vertex -13.7379 7.21656 51
      vertex -19.4015 8.03635 51
      vertex -13.7409 7.125 51
    endloop
  endfacet
  facet normal 0 0 1
    outer loop
      vertex -7.42945 -1.47781 51
      vertex -18.8343 -9.28806 51
      vertex -18.1865 -10.5 51
    endloop
  endfacet
  facet normal 0 0 1
    outer loop
      vertex -13.714 6.85187 51
      vertex -19.4015 8.03635 51
      vertex -19.8855 6.75023 51
    endloop
  endfacet
  facet normal 0 0 1
    outer loop
      vertex -7.42945 -1.47781 51
      vertex -19.4015 -8.03635 51
      vertex -18.8343 -9.28806 51
    endloop
  endfacet
  facet normal 0 0 1
    outer loop
      vertex -13.6343 6.58924 51
      vertex -19.8855 6.75023 51
      vertex -20.2844 5.4352 51
    endloop
  endfacet
  facet normal 0 0 1
    outer loop
      vertex -7.42945 -1.47781 51
      vertex -19.8855 -6.75023 51
      vertex -19.4015 -8.03635 51
    endloop
  endfacet
  facet normal 0 0 1
    outer loop
      vertex -13.4516 6.27273 51
      vertex -20.2844 5.4352 51
      vertex -20.5965 4.0969 51
    endloop
  endfacet
  facet normal 0 0 1
    outer loop
      vertex -7.42945 -1.47781 51
      vertex -20.2844 -5.4352 51
      vertex -19.8855 -6.75023 51
    endloop
  endfacet
  facet normal 0 0 1
    outer loop
      vertex -13.2639 6.07242 51
      vertex -20.5965 4.0969 51
      vertex -20.8203 2.74105 51
    endloop
  endfacet
  facet normal 0 0 1
    outer loop
      vertex -7.42945 -1.47781 51
      vertex -20.5965 -4.0969 51
      vertex -20.2844 -5.4352 51
    endloop
  endfacet
  facet normal 0 0 1
    outer loop
      vertex -13.1187 5.96094 51
      vertex -20.8203 2.74105 51
      vertex -20.955 1.37347 51
    endloop
  endfacet
  facet normal 0 0 1
    outer loop
      vertex -7.42945 -1.47781 51
      vertex -20.8203 -2.74105 51
      vertex -20.5965 -4.0969 51
    endloop
  endfacet
  facet normal 0 0 1
    outer loop
      vertex -12.8766 5.83157 51
      vertex -20.955 1.37347 51
      vertex -21 0 51
    endloop
  endfacet
  facet normal 0 0 1
    outer loop
      vertex -7.51019 -0.988735 51
      vertex -20.8203 -2.74105 51
      vertex -7.42945 -1.47781 51
    endloop
  endfacet
  facet normal 0 0 1
    outer loop
      vertex -12.7032 5.7727 51
      vertex -21 0 51
      vertex -20.955 -1.37347 51
    endloop
  endfacet
  facet normal 0 0 1
    outer loop
      vertex 9.28806 -18.8343 51
      vertex 1.397 -14.1584 51
      vertex 1.4 -14.25 51
    endloop
  endfacet
  facet normal 0 0 1
    outer loop
      vertex 1.96055 -7.31689 51
      vertex 1.38802 -14.0673 51
      vertex 1.397 -14.1584 51
    endloop
  endfacet
  facet normal 0 0 1
    outer loop
      vertex 1.96055 -7.31689 51
      vertex 1.3731 -13.9769 51
      vertex 1.38802 -14.0673 51
    endloop
  endfacet
  facet normal 0 0 1
    outer loop
      vertex 1.96055 -7.31689 51
      vertex 1.3523 -13.8877 51
      vertex 1.3731 -13.9769 51
    endloop
  endfacet
  facet normal 0 0 1
    outer loop
      vertex 1.96055 -7.31689 51
      vertex 1.3257 -13.8 51
      vertex 1.3523 -13.8877 51
    endloop
  endfacet
  facet normal 0 0 1
    outer loop
      vertex 1.96055 -7.31689 51
      vertex 1.29343 -13.7142 51
      vertex 1.3257 -13.8 51
    endloop
  endfacet
  facet normal 0 0 1
    outer loop
      vertex 1.96055 -7.31689 51
      vertex 1.25562 -13.6308 51
      vertex 1.29343 -13.7142 51
    endloop
  endfacet
  facet normal 0 0 1
    outer loop
      vertex 1.96055 -7.31689 51
      vertex 1.21243 -13.55 51
      vertex 1.25562 -13.6308 51
    endloop
  endfacet
  facet normal 0 0 1
    outer loop
      vertex 1.96055 -7.31689 51
      vertex 1.16406 -13.4722 51
      vertex 1.21243 -13.55 51
    endloop
  endfacet
  facet normal 0 0 1
    outer loop
      vertex 1.96055 -7.31689 51
      vertex 1.11069 -13.3977 51
      vertex 1.16406 -13.4722 51
    endloop
  endfacet
  facet normal 0 0 1
    outer loop
      vertex 1.96055 -7.31689 51
      vertex 1.05258 -13.3269 51
      vertex 1.11069 -13.3977 51
    endloop
  endfacet
  facet normal 0 0 1
    outer loop
      vertex 1.96055 -7.31689 51
      vertex 0.989949 -13.26 51
      vertex 1.05258 -13.3269 51
    endloop
  endfacet
  facet normal 0 0 1
    outer loop
      vertex 0.535756 -12.9566 51
      vertex 1.47781 -7.42945 51
      vertex 0.988735 -7.51019 51
    endloop
  endfacet
  facet normal 0 0 1
    outer loop
      vertex 1.96055 -7.31689 51
      vertex 0.923083 -13.1974 51
      vertex 0.989949 -13.26 51
    endloop
  endfacet
  facet normal 0 0 1
    outer loop
      vertex 1.96055 -7.31689 51
      vertex 0.852265 -13.1393 51
      vertex 0.923083 -13.1974 51
    endloop
  endfacet
  facet normal 0 0 1
    outer loop
      vertex 1.96055 -7.31689 51
      vertex 0.777798 -13.0859 51
      vertex 0.852265 -13.1393 51
    endloop
  endfacet
  facet normal 0 0 1
    outer loop
      vertex 1.47781 -7.42945 51
      vertex 0.7 -13.0376 51
      vertex 0.777798 -13.0859 51
    endloop
  endfacet
  facet normal 0 0 1
    outer loop
      vertex 1.47781 -7.42945 51
      vertex 0.619204 -12.9944 51
      vertex 0.7 -13.0376 51
    endloop
  endfacet
  facet normal 0 0 1
    outer loop
      vertex 1.47781 -7.42945 51
      vertex 0.535756 -12.9566 51
      vertex 0.619204 -12.9944 51
    endloop
  endfacet
  facet normal 0 0 1
    outer loop
      vertex 0.362347 -12.8977 51
      vertex 0.988735 -7.51019 51
      vertex 0.495428 -7.55878 51
    endloop
  endfacet
  facet normal 0 0 1
    outer loop
      vertex 0.988735 -7.51019 51
      vertex 0.450015 -12.9243 51
      vertex 0.535756 -12.9566 51
    endloop
  endfacet
  facet normal 0 0 1
    outer loop
      vertex 0.988735 -7.51019 51
      vertex 0.362347 -12.8977 51
      vertex 0.450015 -12.9243 51
    endloop
  endfacet
  facet normal 0 0 1
    outer loop
      vertex 0.495428 -7.55878 51
      vertex 0.273126 -12.8769 51
      vertex 0.362347 -12.8977 51
    endloop
  endfacet
  facet normal 0 0 1
    outer loop
      vertex 0.495428 -7.55878 51
      vertex 0.182736 -12.862 51
      vertex 0.273126 -12.8769 51
    endloop
  endfacet
  facet normal 0 0 1
    outer loop
      vertex 0.495428 -7.55878 51
      vertex 0.0915642 -12.853 51
      vertex 0.182736 -12.862 51
    endloop
  endfacet
  facet normal -0 0 1
    outer loop
      vertex 0 -7.575 51
      vertex 0.0915642 -12.853 51
      vertex 0.495428 -7.55878 51
    endloop
  endfacet
  facet normal 0 0 1
    outer loop
      vertex 0 -7.575 51
      vertex 0 -12.85 51
      vertex 0.0915642 -12.853 51
    endloop
  endfacet
  facet normal 0 0 1
    outer loop
      vertex 0 -7.575 51
      vertex -0.0915642 -12.853 51
      vertex 0 -12.85 51
    endloop
  endfacet
  facet normal 0 0 1
    outer loop
      vertex -0.495428 -7.55878 51
      vertex -0.0915642 -12.853 51
      vertex 0 -7.575 51
    endloop
  endfacet
  facet normal 0 0 1
    outer loop
      vertex -0.0915642 -12.853 51
      vertex -0.495428 -7.55878 51
      vertex -0.182736 -12.862 51
    endloop
  endfacet
  facet normal 0 0 1
    outer loop
      vertex -0.182736 -12.862 51
      vertex -0.495428 -7.55878 51
      vertex -0.273126 -12.8769 51
    endloop
  endfacet
  facet normal 0 0 1
    outer loop
      vertex -0.273126 -12.8769 51
      vertex -0.495428 -7.55878 51
      vertex -0.362347 -12.8977 51
    endloop
  endfacet
  facet normal 0 0 1
    outer loop
      vertex -0.988735 -7.51019 51
      vertex -0.362347 -12.8977 51
      vertex -0.495428 -7.55878 51
    endloop
  endfacet
  facet normal 0 0 1
    outer loop
      vertex -0.362347 -12.8977 51
      vertex -0.988735 -7.51019 51
      vertex -0.450015 -12.9243 51
    endloop
  endfacet
  facet normal 0 0 1
    outer loop
      vertex -0.450015 -12.9243 51
      vertex -0.988735 -7.51019 51
      vertex -0.535756 -12.9566 51
    endloop
  endfacet
  facet normal 0 0 1
    outer loop
      vertex -1.47781 -7.42945 51
      vertex -0.535756 -12.9566 51
      vertex -0.988735 -7.51019 51
    endloop
  endfacet
  facet normal 0 0 1
    outer loop
      vertex -0.535756 -12.9566 51
      vertex -1.47781 -7.42945 51
      vertex -0.619204 -12.9944 51
    endloop
  endfacet
  facet normal 0 0 1
    outer loop
      vertex -0.619204 -12.9944 51
      vertex -1.47781 -7.42945 51
      vertex -0.7 -13.0376 51
    endloop
  endfacet
  facet normal 0 0 1
    outer loop
      vertex -0.7 -13.0376 51
      vertex -1.47781 -7.42945 51
      vertex -0.777798 -13.0859 51
    endloop
  endfacet
  facet normal 0 0 1
    outer loop
      vertex -1.96055 -7.31689 51
      vertex -0.777798 -13.0859 51
      vertex -1.47781 -7.42945 51
    endloop
  endfacet
  facet normal 0 0 1
    outer loop
      vertex -0.777798 -13.0859 51
      vertex -1.96055 -7.31689 51
      vertex -0.852265 -13.1393 51
    endloop
  endfacet
  facet normal 0 0 1
    outer loop
      vertex -0.852265 -13.1393 51
      vertex -1.96055 -7.31689 51
      vertex -0.923083 -13.1974 51
    endloop
  endfacet
  facet normal 0 0 1
    outer loop
      vertex -2.4349 -7.173 51
      vertex -0.923083 -13.1974 51
      vertex -1.96055 -7.31689 51
    endloop
  endfacet
  facet normal 0 0 1
    outer loop
      vertex -0.923083 -13.1974 51
      vertex -2.4349 -7.173 51
      vertex -0.989949 -13.26 51
    endloop
  endfacet
  facet normal 0 0 1
    outer loop
      vertex -0.989949 -13.26 51
      vertex -2.4349 -7.173 51
      vertex -1.05258 -13.3269 51
    endloop
  endfacet
  facet normal 0 0 1
    outer loop
      vertex -2.89883 -6.99839 51
      vertex -1.05258 -13.3269 51
      vertex -2.4349 -7.173 51
    endloop
  endfacet
  facet normal 0 0 1
    outer loop
      vertex -1.05258 -13.3269 51
      vertex -2.89883 -6.99839 51
      vertex -1.11069 -13.3977 51
    endloop
  endfacet
  facet normal 0 0 1
    outer loop
      vertex -1.11069 -13.3977 51
      vertex -2.89883 -6.99839 51
      vertex -1.16406 -13.4722 51
    endloop
  endfacet
  facet normal 0 0 1
    outer loop
      vertex -3.35034 -6.79381 51
      vertex -1.16406 -13.4722 51
      vertex -2.89883 -6.99839 51
    endloop
  endfacet
  facet normal 0 0 1
    outer loop
      vertex -1.16406 -13.4722 51
      vertex -3.35034 -6.79381 51
      vertex -1.21243 -13.55 51
    endloop
  endfacet
  facet normal 0 0 1
    outer loop
      vertex -1.21243 -13.55 51
      vertex -3.35034 -6.79381 51
      vertex -1.25562 -13.6308 51
    endloop
  endfacet
  facet normal 0 0 1
    outer loop
      vertex -3.7875 -6.56014 51
      vertex -1.25562 -13.6308 51
      vertex -3.35034 -6.79381 51
    endloop
  endfacet
  facet normal 0 0 1
    outer loop
      vertex -1.29343 -13.7142 51
      vertex -3.7875 -6.56014 51
      vertex -1.3257 -13.8 51
    endloop
  endfacet
  facet normal 0 0 1
    outer loop
      vertex -1.25562 -13.6308 51
      vertex -3.7875 -6.56014 51
      vertex -1.29343 -13.7142 51
    endloop
  endfacet
  facet normal 0 0 1
    outer loop
      vertex 17.4609 -11.667 51
      vertex 6.29838 -4.20844 51
      vertex 16.6604 -12.784 51
    endloop
  endfacet
  facet normal -0 0 1
    outer loop
      vertex 6.00965 -4.61137 51
      vertex 16.6604 -12.784 51
      vertex 6.29838 -4.20844 51
    endloop
  endfacet
  facet normal 0 0 1
    outer loop
      vertex 16.6604 -12.784 51
      vertex 6.00965 -4.61137 51
      vertex 15.7886 -13.8463 51
    endloop
  endfacet
  facet normal -0 0 1
    outer loop
      vertex 5.69519 -4.99454 51
      vertex 15.7886 -13.8463 51
      vertex 6.00965 -4.61137 51
    endloop
  endfacet
  facet normal 0 0 1
    outer loop
      vertex 15.7886 -13.8463 51
      vertex 5.69519 -4.99454 51
      vertex 14.8492 -14.8492 51
    endloop
  endfacet
  facet normal -0 0 1
    outer loop
      vertex 5.35633 -5.35633 51
      vertex 14.8492 -14.8492 51
      vertex 5.69519 -4.99454 51
    endloop
  endfacet
  facet normal 0 0 1
    outer loop
      vertex 14.8492 -14.8492 51
      vertex 5.35633 -5.35633 51
      vertex 13.8463 -15.7886 51
    endloop
  endfacet
  facet normal -0 0 1
    outer loop
      vertex 4.99454 -5.69519 51
      vertex 13.8463 -15.7886 51
      vertex 5.35633 -5.35633 51
    endloop
  endfacet
  facet normal 0 0 1
    outer loop
      vertex 13.8463 -15.7886 51
      vertex 4.99454 -5.69519 51
      vertex 12.784 -16.6604 51
    endloop
  endfacet
  facet normal -0 0 1
    outer loop
      vertex 4.61137 -6.00965 51
      vertex 12.784 -16.6604 51
      vertex 4.99454 -5.69519 51
    endloop
  endfacet
  facet normal 0 0 1
    outer loop
      vertex 12.784 -16.6604 51
      vertex 4.61137 -6.00965 51
      vertex 11.667 -17.4609 51
    endloop
  endfacet
  facet normal -0 0 1
    outer loop
      vertex 4.20844 -6.29838 51
      vertex 11.667 -17.4609 51
      vertex 4.61137 -6.00965 51
    endloop
  endfacet
  facet normal -0 0 1
    outer loop
      vertex 1.397 -14.1584 51
      vertex 11.667 -17.4609 51
      vertex 4.20844 -6.29838 51
    endloop
  endfacet
  facet normal 0 0 1
    outer loop
      vertex 1.397 -14.1584 51
      vertex 10.5 -18.1865 51
      vertex 11.667 -17.4609 51
    endloop
  endfacet
  facet normal 0 0 1
    outer loop
      vertex 1.397 -14.1584 51
      vertex 9.28806 -18.8343 51
      vertex 10.5 -18.1865 51
    endloop
  endfacet
  facet normal -0 0 1
    outer loop
      vertex 1.397 -14.3416 51
      vertex 8.03635 -19.4015 51
      vertex 1.4 -14.25 51
    endloop
  endfacet
  facet normal 0 0 1
    outer loop
      vertex 9.28806 -18.8343 51
      vertex 1.4 -14.25 51
      vertex 8.03635 -19.4015 51
    endloop
  endfacet
  facet normal -0 0 1
    outer loop
      vertex 1.38802 -14.4327 51
      vertex 8.03635 -19.4015 51
      vertex 1.397 -14.3416 51
    endloop
  endfacet
  facet normal 0 0 1
    outer loop
      vertex 1.397 -14.1584 51
      vertex 4.20844 -6.29838 51
      vertex 3.7875 -6.56014 51
    endloop
  endfacet
  facet normal 0 0 1
    outer loop
      vertex 1.397 -14.1584 51
      vertex 3.7875 -6.56014 51
      vertex 3.35034 -6.79381 51
    endloop
  endfacet
  facet normal 0 0 1
    outer loop
      vertex 1.397 -14.1584 51
      vertex 3.35034 -6.79381 51
      vertex 2.89883 -6.99839 51
    endloop
  endfacet
  facet normal -0 0 1
    outer loop
      vertex 1.3731 -14.5231 51
      vertex 8.03635 -19.4015 51
      vertex 1.38802 -14.4327 51
    endloop
  endfacet
  facet normal 0 0 1
    outer loop
      vertex 1.397 -14.1584 51
      vertex 2.89883 -6.99839 51
      vertex 2.4349 -7.173 51
    endloop
  endfacet
  facet normal 0 0 1
    outer loop
      vertex 1.397 -14.1584 51
      vertex 2.4349 -7.173 51
      vertex 1.96055 -7.31689 51
    endloop
  endfacet
  facet normal 0 0 1
    outer loop
      vertex 0.777798 -13.0859 51
      vertex 1.96055 -7.31689 51
      vertex 1.47781 -7.42945 51
    endloop
  endfacet
  facet normal 0 0 1
    outer loop
      vertex 8.03635 -19.4015 51
      vertex 1.3731 -14.5231 51
      vertex 6.75023 -19.8855 51
    endloop
  endfacet
  facet normal -0 0 1
    outer loop
      vertex 1.3523 -14.6123 51
      vertex 6.75023 -19.8855 51
      vertex 1.3731 -14.5231 51
    endloop
  endfacet
  facet normal -0 0 1
    outer loop
      vertex 1.3257 -14.7 51
      vertex 6.75023 -19.8855 51
      vertex 1.3523 -14.6123 51
    endloop
  endfacet
  facet normal -0 0 1
    outer loop
      vertex 1.29343 -14.7858 51
      vertex 6.75023 -19.8855 51
      vertex 1.3257 -14.7 51
    endloop
  endfacet
  facet normal 0 0 1
    outer loop
      vertex 6.75023 -19.8855 51
      vertex 1.29343 -14.7858 51
      vertex 5.4352 -20.2844 51
    endloop
  endfacet
  facet normal -0 0 1
    outer loop
      vertex 1.25562 -14.8692 51
      vertex 5.4352 -20.2844 51
      vertex 1.29343 -14.7858 51
    endloop
  endfacet
  facet normal -0 0 1
    outer loop
      vertex 1.21243 -14.95 51
      vertex 5.4352 -20.2844 51
      vertex 1.25562 -14.8692 51
    endloop
  endfacet
  facet normal -0 0 1
    outer loop
      vertex 1.16406 -15.0278 51
      vertex 5.4352 -20.2844 51
      vertex 1.21243 -14.95 51
    endloop
  endfacet
  facet normal 0 0 1
    outer loop
      vertex 5.4352 -20.2844 51
      vertex 1.16406 -15.0278 51
      vertex 4.0969 -20.5965 51
    endloop
  endfacet
  facet normal -0 0 1
    outer loop
      vertex 1.11069 -15.1023 51
      vertex 4.0969 -20.5965 51
      vertex 1.16406 -15.0278 51
    endloop
  endfacet
  facet normal -0 0 1
    outer loop
      vertex 1.05258 -15.1731 51
      vertex 4.0969 -20.5965 51
      vertex 1.11069 -15.1023 51
    endloop
  endfacet
  facet normal -0 0 1
    outer loop
      vertex 0.989949 -15.2399 51
      vertex 4.0969 -20.5965 51
      vertex 1.05258 -15.1731 51
    endloop
  endfacet
  facet normal -0 0 1
    outer loop
      vertex 0.923083 -15.3026 51
      vertex 4.0969 -20.5965 51
      vertex 0.989949 -15.2399 51
    endloop
  endfacet
  facet normal 0 0 1
    outer loop
      vertex 4.0969 -20.5965 51
      vertex 0.923083 -15.3026 51
      vertex 2.74105 -20.8203 51
    endloop
  endfacet
  facet normal -0 0 1
    outer loop
      vertex 0.852265 -15.3607 51
      vertex 2.74105 -20.8203 51
      vertex 0.923083 -15.3026 51
    endloop
  endfacet
  facet normal -0 0 1
    outer loop
      vertex 0.777798 -15.4141 51
      vertex 2.74105 -20.8203 51
      vertex 0.852265 -15.3607 51
    endloop
  endfacet
  facet normal -0 0 1
    outer loop
      vertex 0.7 -15.4624 51
      vertex 2.74105 -20.8203 51
      vertex 0.777798 -15.4141 51
    endloop
  endfacet
  facet normal -0 0 1
    outer loop
      vertex 0.619204 -15.5056 51
      vertex 2.74105 -20.8203 51
      vertex 0.7 -15.4624 51
    endloop
  endfacet
  facet normal 0 0 1
    outer loop
      vertex 2.74105 -20.8203 51
      vertex 0.619204 -15.5056 51
      vertex 1.37347 -20.955 51
    endloop
  endfacet
  facet normal -0 0 1
    outer loop
      vertex 0.535756 -15.5434 51
      vertex 1.37347 -20.955 51
      vertex 0.619204 -15.5056 51
    endloop
  endfacet
  facet normal -0 0 1
    outer loop
      vertex 0.450015 -15.5757 51
      vertex 1.37347 -20.955 51
      vertex 0.535756 -15.5434 51
    endloop
  endfacet
  facet normal -0 0 1
    outer loop
      vertex 0.362347 -15.6023 51
      vertex 1.37347 -20.955 51
      vertex 0.450015 -15.5757 51
    endloop
  endfacet
  facet normal -0 0 1
    outer loop
      vertex 0.273126 -15.6231 51
      vertex 1.37347 -20.955 51
      vertex 0.362347 -15.6023 51
    endloop
  endfacet
  facet normal -0 0 1
    outer loop
      vertex 0.182736 -15.638 51
      vertex 1.37347 -20.955 51
      vertex 0.273126 -15.6231 51
    endloop
  endfacet
  facet normal 0 0 1
    outer loop
      vertex 0 -21 51
      vertex 0.182736 -15.638 51
      vertex 0.0915642 -15.647 51
    endloop
  endfacet
  facet normal 0 0 1
    outer loop
      vertex 0 -21 51
      vertex 0.0915642 -15.647 51
      vertex 0 -15.65 51
    endloop
  endfacet
  facet normal 0 0 1
    outer loop
      vertex 0.182736 -15.638 51
      vertex 0 -21 51
      vertex 1.37347 -20.955 51
    endloop
  endfacet
  facet normal 0 0 1
    outer loop
      vertex -0.0915642 -15.647 51
      vertex 0 -21 51
      vertex 0 -15.65 51
    endloop
  endfacet
  facet normal 0 0 1
    outer loop
      vertex -0.182736 -15.638 51
      vertex 0 -21 51
      vertex -0.0915642 -15.647 51
    endloop
  endfacet
  facet normal 0 0 1
    outer loop
      vertex -1.37347 -20.955 51
      vertex -0.182736 -15.638 51
      vertex -0.273126 -15.6231 51
    endloop
  endfacet
  facet normal 0 0 1
    outer loop
      vertex -1.37347 -20.955 51
      vertex -0.273126 -15.6231 51
      vertex -0.362347 -15.6023 51
    endloop
  endfacet
  facet normal 0 0 1
    outer loop
      vertex -1.37347 -20.955 51
      vertex -0.362347 -15.6023 51
      vertex -0.450015 -15.5757 51
    endloop
  endfacet
  facet normal 0 0 1
    outer loop
      vertex -1.37347 -20.955 51
      vertex -0.450015 -15.5757 51
      vertex -0.535756 -15.5434 51
    endloop
  endfacet
  facet normal 0 0 1
    outer loop
      vertex -1.37347 -20.955 51
      vertex -0.535756 -15.5434 51
      vertex -0.619204 -15.5056 51
    endloop
  endfacet
  facet normal 0 0 1
    outer loop
      vertex -2.74105 -20.8203 51
      vertex -0.619204 -15.5056 51
      vertex -0.7 -15.4624 51
    endloop
  endfacet
  facet normal 0 0 1
    outer loop
      vertex -2.74105 -20.8203 51
      vertex -0.7 -15.4624 51
      vertex -0.777798 -15.4141 51
    endloop
  endfacet
  facet normal 0 0 1
    outer loop
      vertex -2.74105 -20.8203 51
      vertex -0.777798 -15.4141 51
      vertex -0.852265 -15.3607 51
    endloop
  endfacet
  facet normal 0 0 1
    outer loop
      vertex -2.74105 -20.8203 51
      vertex -0.852265 -15.3607 51
      vertex -0.923083 -15.3026 51
    endloop
  endfacet
  facet normal 0 0 1
    outer loop
      vertex -4.0969 -20.5965 51
      vertex -0.923083 -15.3026 51
      vertex -0.989949 -15.2399 51
    endloop
  endfacet
  facet normal 0 0 1
    outer loop
      vertex -4.0969 -20.5965 51
      vertex -0.989949 -15.2399 51
      vertex -1.05258 -15.1731 51
    endloop
  endfacet
  facet normal 0 0 1
    outer loop
      vertex -4.0969 -20.5965 51
      vertex -1.05258 -15.1731 51
      vertex -1.11069 -15.1023 51
    endloop
  endfacet
  facet normal 0 0 1
    outer loop
      vertex -4.0969 -20.5965 51
      vertex -1.11069 -15.1023 51
      vertex -1.16406 -15.0278 51
    endloop
  endfacet
  facet normal 0 0 1
    outer loop
      vertex -5.4352 -20.2844 51
      vertex -1.16406 -15.0278 51
      vertex -1.21243 -14.95 51
    endloop
  endfacet
  facet normal 0 0 1
    outer loop
      vertex -5.4352 -20.2844 51
      vertex -1.21243 -14.95 51
      vertex -1.25562 -14.8692 51
    endloop
  endfacet
  facet normal 0 0 1
    outer loop
      vertex -5.4352 -20.2844 51
      vertex -1.25562 -14.8692 51
      vertex -1.29343 -14.7858 51
    endloop
  endfacet
  facet normal 0 0 1
    outer loop
      vertex -6.75023 -19.8855 51
      vertex -1.29343 -14.7858 51
      vertex -1.3257 -14.7 51
    endloop
  endfacet
  facet normal 0 0 1
    outer loop
      vertex -6.75023 -19.8855 51
      vertex -1.3257 -14.7 51
      vertex -1.3523 -14.6123 51
    endloop
  endfacet
  facet normal 0 0 1
    outer loop
      vertex -6.75023 -19.8855 51
      vertex -1.3523 -14.6123 51
      vertex -1.3731 -14.5231 51
    endloop
  endfacet
  facet normal 0 0 1
    outer loop
      vertex -0.182736 -15.638 51
      vertex -1.37347 -20.955 51
      vertex 0 -21 51
    endloop
  endfacet
  facet normal 0 0 1
    outer loop
      vertex -8.03635 -19.4015 51
      vertex -1.3731 -14.5231 51
      vertex -1.38802 -14.4327 51
    endloop
  endfacet
  facet normal 0 0 1
    outer loop
      vertex -8.03635 -19.4015 51
      vertex -1.38802 -14.4327 51
      vertex -1.397 -14.3416 51
    endloop
  endfacet
  facet normal 0 0 1
    outer loop
      vertex -8.03635 -19.4015 51
      vertex -1.397 -14.3416 51
      vertex -1.4 -14.25 51
    endloop
  endfacet
  facet normal 0 0 1
    outer loop
      vertex -4.20844 -6.29838 51
      vertex -1.3257 -13.8 51
      vertex -3.7875 -6.56014 51
    endloop
  endfacet
  facet normal 0 0 1
    outer loop
      vertex -1.3257 -13.8 51
      vertex -4.20844 -6.29838 51
      vertex -1.3523 -13.8877 51
    endloop
  endfacet
  facet normal 0 0 1
    outer loop
      vertex -10.5 -18.1865 51
      vertex -1.3523 -13.8877 51
      vertex -4.20844 -6.29838 51
    endloop
  endfacet
  facet normal 0 0 1
    outer loop
      vertex -0.619204 -15.5056 51
      vertex -2.74105 -20.8203 51
      vertex -1.37347 -20.955 51
    endloop
  endfacet
  facet normal 0 0 1
    outer loop
      vertex -1.3523 -13.8877 51
      vertex -10.5 -18.1865 51
      vertex -1.3731 -13.9769 51
    endloop
  endfacet
  facet normal 0 0 1
    outer loop
      vertex -1.3731 -13.9769 51
      vertex -10.5 -18.1865 51
      vertex -1.38802 -14.0673 51
    endloop
  endfacet
  facet normal 0 -0 1
    outer loop
      vertex -9.28806 -18.8343 51
      vertex -1.38802 -14.0673 51
      vertex -10.5 -18.1865 51
    endloop
  endfacet
  facet normal 0 0 1
    outer loop
      vertex -0.923083 -15.3026 51
      vertex -4.0969 -20.5965 51
      vertex -2.74105 -20.8203 51
    endloop
  endfacet
  facet normal 0 0 1
    outer loop
      vertex -1.38802 -14.0673 51
      vertex -9.28806 -18.8343 51
      vertex -1.397 -14.1584 51
    endloop
  endfacet
  facet normal 0 0 1
    outer loop
      vertex -10.5 -18.1865 51
      vertex -4.20844 -6.29838 51
      vertex -4.61137 -6.00965 51
    endloop
  endfacet
  facet normal 0 0 1
    outer loop
      vertex -10.5 -18.1865 51
      vertex -4.61137 -6.00965 51
      vertex -4.99454 -5.69519 51
    endloop
  endfacet
  facet normal 0 0 1
    outer loop
      vertex -10.5 -18.1865 51
      vertex -4.99454 -5.69519 51
      vertex -5.35633 -5.35633 51
    endloop
  endfacet
  facet normal 0 0 1
    outer loop
      vertex -1.16406 -15.0278 51
      vertex -5.4352 -20.2844 51
      vertex -4.0969 -20.5965 51
    endloop
  endfacet
  facet normal 0 0 1
    outer loop
      vertex -10.5 -18.1865 51
      vertex -5.35633 -5.35633 51
      vertex -5.69519 -4.99454 51
    endloop
  endfacet
  facet normal 0 0 1
    outer loop
      vertex -10.5 -18.1865 51
      vertex -5.69519 -4.99454 51
      vertex -6.00965 -4.61137 51
    endloop
  endfacet
  facet normal 0 0 1
    outer loop
      vertex -10.5 -18.1865 51
      vertex -6.00965 -4.61137 51
      vertex -6.29838 -4.20844 51
    endloop
  endfacet
  facet normal 0 0 1
    outer loop
      vertex -10.5 -18.1865 51
      vertex -6.29838 -4.20844 51
      vertex -6.56014 -3.7875 51
    endloop
  endfacet
  facet normal 0 0 1
    outer loop
      vertex -1.29343 -14.7858 51
      vertex -6.75023 -19.8855 51
      vertex -5.4352 -20.2844 51
    endloop
  endfacet
  facet normal 0 0 1
    outer loop
      vertex -10.5 -18.1865 51
      vertex -6.56014 -3.7875 51
      vertex -6.79381 -3.35034 51
    endloop
  endfacet
  facet normal 0 0 1
    outer loop
      vertex -10.5 -18.1865 51
      vertex -6.79381 -3.35034 51
      vertex -6.99839 -2.89883 51
    endloop
  endfacet
  facet normal 0 0 1
    outer loop
      vertex -10.5 -18.1865 51
      vertex -6.99839 -2.89883 51
      vertex -7.173 -2.4349 51
    endloop
  endfacet
  facet normal 0 0 1
    outer loop
      vertex -10.5 -18.1865 51
      vertex -7.173 -2.4349 51
      vertex -7.31689 -1.96055 51
    endloop
  endfacet
  facet normal 0 0 1
    outer loop
      vertex -10.5 -18.1865 51
      vertex -7.31689 -1.96055 51
      vertex -7.42945 -1.47781 51
    endloop
  endfacet
  facet normal -0 0 1
    outer loop
      vertex -11.2302 6.27273 51
      vertex -6.79381 3.35034 51
      vertex -11.1768 6.3472 51
    endloop
  endfacet
  facet normal 0 0 1
    outer loop
      vertex -6.56014 3.7875 51
      vertex -11.1768 6.3472 51
      vertex -6.79381 3.35034 51
    endloop
  endfacet
  facet normal 0 0 1
    outer loop
      vertex -1.3731 -14.5231 51
      vertex -8.03635 -19.4015 51
      vertex -6.75023 -19.8855 51
    endloop
  endfacet
  facet normal -0 0 1
    outer loop
      vertex -11.1768 6.3472 51
      vertex -6.56014 3.7875 51
      vertex -11.1284 6.425 51
    endloop
  endfacet
  facet normal -0 0 1
    outer loop
      vertex -11.0852 6.5058 51
      vertex -6.29838 4.20844 51
      vertex -11.0474 6.58924 51
    endloop
  endfacet
  facet normal 0 0 1
    outer loop
      vertex -11.2302 7.97727 51
      vertex -8.03635 19.4015 51
      vertex -9.28806 18.8343 51
    endloop
  endfacet
  facet normal -0 0 1
    outer loop
      vertex -11.2883 6.20192 51
      vertex -6.79381 3.35034 51
      vertex -11.2302 6.27273 51
    endloop
  endfacet
  facet normal 0 0 1
    outer loop
      vertex -11.3509 8.11495 51
      vertex -9.28806 18.8343 51
      vertex -10.5 18.1865 51
    endloop
  endfacet
  facet normal 0 0 1
    outer loop
      vertex -1.4 -14.25 51
      vertex -9.28806 -18.8343 51
      vertex -8.03635 -19.4015 51
    endloop
  endfacet
  facet normal 0 0 1
    outer loop
      vertex -1.397 -14.1584 51
      vertex -9.28806 -18.8343 51
      vertex -1.4 -14.25 51
    endloop
  endfacet
  facet normal -0 0 1
    outer loop
      vertex -11.1284 6.425 51
      vertex -6.56014 3.7875 51
      vertex -11.0852 6.5058 51
    endloop
  endfacet
  facet normal 0 0 1
    outer loop
      vertex -6.29838 4.20844 51
      vertex -11.0852 6.5058 51
      vertex -6.56014 3.7875 51
    endloop
  endfacet
  facet normal 0 0 1
    outer loop
      vertex -8.03635 19.4015 51
      vertex -10.9678 7.39813 51
      vertex -10.9528 7.30774 51
    endloop
  endfacet
  facet normal 0 0 1
    outer loop
      vertex -8.03635 19.4015 51
      vertex -10.9886 7.48735 51
      vertex -10.9678 7.39813 51
    endloop
  endfacet
  facet normal 0 0 1
    outer loop
      vertex -8.03635 19.4015 51
      vertex -11.0152 7.57502 51
      vertex -10.9886 7.48735 51
    endloop
  endfacet
  facet normal 0 0 1
    outer loop
      vertex -8.03635 19.4015 51
      vertex -11.0474 7.66076 51
      vertex -11.0152 7.57502 51
    endloop
  endfacet
  facet normal 0 0 1
    outer loop
      vertex -8.03635 19.4015 51
      vertex -11.0852 7.7442 51
      vertex -11.0474 7.66076 51
    endloop
  endfacet
  facet normal 0 0 1
    outer loop
      vertex -8.03635 19.4015 51
      vertex -11.1284 7.825 51
      vertex -11.0852 7.7442 51
    endloop
  endfacet
  facet normal 0 0 1
    outer loop
      vertex -8.03635 19.4015 51
      vertex -11.1768 7.9028 51
      vertex -11.1284 7.825 51
    endloop
  endfacet
  facet normal 0 0 1
    outer loop
      vertex -8.03635 19.4015 51
      vertex -11.2302 7.97727 51
      vertex -11.1768 7.9028 51
    endloop
  endfacet
  facet normal 0 0 1
    outer loop
      vertex -9.28806 18.8343 51
      vertex -11.2883 8.04808 51
      vertex -11.2302 7.97727 51
    endloop
  endfacet
  facet normal 0 0 1
    outer loop
      vertex -9.28806 18.8343 51
      vertex -11.3509 8.11495 51
      vertex -11.2883 8.04808 51
    endloop
  endfacet
  facet normal 0 0 1
    outer loop
      vertex -10.5 18.1865 51
      vertex -11.4178 8.17758 51
      vertex -11.3509 8.11495 51
    endloop
  endfacet
  facet normal 0 0 1
    outer loop
      vertex -10.5 18.1865 51
      vertex -11.4886 8.23569 51
      vertex -11.4178 8.17758 51
    endloop
  endfacet
  facet normal -0 0 1
    outer loop
      vertex -11.667 17.4609 51
      vertex -11.4886 8.23569 51
      vertex -10.5 18.1865 51
    endloop
  endfacet
  facet normal 0 0 1
    outer loop
      vertex -11.4886 8.23569 51
      vertex -11.667 17.4609 51
      vertex -11.5631 8.28906 51
    endloop
  endfacet
  facet normal 0 0 1
    outer loop
      vertex -11.5631 8.28906 51
      vertex -11.667 17.4609 51
      vertex -11.6409 8.33743 51
    endloop
  endfacet
  facet normal 0 0 1
    outer loop
      vertex -11.667 17.4609 51
      vertex -11.7217 8.38062 51
      vertex -11.6409 8.33743 51
    endloop
  endfacet
  facet normal -0 0 1
    outer loop
      vertex -12.784 16.6604 51
      vertex -11.7217 8.38062 51
      vertex -11.667 17.4609 51
    endloop
  endfacet
  facet normal 0 0 1
    outer loop
      vertex -11.7217 8.38062 51
      vertex -12.784 16.6604 51
      vertex -11.8051 8.41843 51
    endloop
  endfacet
  facet normal 0 0 1
    outer loop
      vertex -11.8051 8.41843 51
      vertex -12.784 16.6604 51
      vertex -11.8908 8.4507 51
    endloop
  endfacet
  facet normal -0 0 1
    outer loop
      vertex -13.8463 15.7886 51
      vertex -11.8908 8.4507 51
      vertex -12.784 16.6604 51
    endloop
  endfacet
  facet normal 0 0 1
    outer loop
      vertex -11.8908 8.4507 51
      vertex -13.8463 15.7886 51
      vertex -11.9785 8.4773 51
    endloop
  endfacet
  facet normal 0 0 1
    outer loop
      vertex -11.9785 8.4773 51
      vertex -13.8463 15.7886 51
      vertex -12.0677 8.4981 51
    endloop
  endfacet
  facet normal 0 0 1
    outer loop
      vertex -12.0677 8.4981 51
      vertex -13.8463 15.7886 51
      vertex -12.1581 8.51302 51
    endloop
  endfacet
  facet normal -0 0 1
    outer loop
      vertex -14.8492 14.8492 51
      vertex -12.1581 8.51302 51
      vertex -13.8463 15.7886 51
    endloop
  endfacet
  facet normal 0 0 1
    outer loop
      vertex -12.1581 8.51302 51
      vertex -14.8492 14.8492 51
      vertex -12.2493 8.522 51
    endloop
  endfacet
  facet normal 0 0 1
    outer loop
      vertex -12.2493 8.522 51
      vertex -14.8492 14.8492 51
      vertex -12.3409 8.525 51
    endloop
  endfacet
  facet normal 0 0 1
    outer loop
      vertex -12.3409 8.525 51
      vertex -14.8492 14.8492 51
      vertex -12.4324 8.522 51
    endloop
  endfacet
  facet normal 0 0 1
    outer loop
      vertex -12.4324 8.522 51
      vertex -14.8492 14.8492 51
      vertex -12.5236 8.51302 51
    endloop
  endfacet
  facet normal -0 0 1
    outer loop
      vertex -15.7886 13.8463 51
      vertex -12.5236 8.51302 51
      vertex -14.8492 14.8492 51
    endloop
  endfacet
  facet normal 0 0 1
    outer loop
      vertex -12.5236 8.51302 51
      vertex -15.7886 13.8463 51
      vertex -12.614 8.4981 51
    endloop
  endfacet
  facet normal 0 0 1
    outer loop
      vertex -12.614 8.4981 51
      vertex -15.7886 13.8463 51
      vertex -12.7032 8.4773 51
    endloop
  endfacet
  facet normal 0 0 1
    outer loop
      vertex -12.7032 8.4773 51
      vertex -15.7886 13.8463 51
      vertex -12.7909 8.4507 51
    endloop
  endfacet
  facet normal -0 0 1
    outer loop
      vertex -16.6604 12.784 51
      vertex -12.7909 8.4507 51
      vertex -15.7886 13.8463 51
    endloop
  endfacet
  facet normal 0 0 1
    outer loop
      vertex -12.7909 8.4507 51
      vertex -16.6604 12.784 51
      vertex -12.8766 8.41843 51
    endloop
  endfacet
  facet normal 0 0 1
    outer loop
      vertex -12.8766 8.41843 51
      vertex -16.6604 12.784 51
      vertex -12.9601 8.38062 51
    endloop
  endfacet
  facet normal 0 0 1
    outer loop
      vertex -12.9601 8.38062 51
      vertex -16.6604 12.784 51
      vertex -13.0409 8.33743 51
    endloop
  endfacet
  facet normal 0 0 1
    outer loop
      vertex -13.0409 8.33743 51
      vertex -16.6604 12.784 51
      vertex -13.1187 8.28906 51
    endloop
  endfacet
  facet normal 0 0 1
    outer loop
      vertex -13.1187 8.28906 51
      vertex -16.6604 12.784 51
      vertex -13.1931 8.23569 51
    endloop
  endfacet
  facet normal -0 0 1
    outer loop
      vertex -17.4609 11.667 51
      vertex -13.1931 8.23569 51
      vertex -16.6604 12.784 51
    endloop
  endfacet
  facet normal 0 0 1
    outer loop
      vertex -13.1931 8.23569 51
      vertex -17.4609 11.667 51
      vertex -13.2639 8.17758 51
    endloop
  endfacet
  facet normal 0 0 1
    outer loop
      vertex -13.2639 8.17758 51
      vertex -17.4609 11.667 51
      vertex -13.3308 8.11495 51
    endloop
  endfacet
  facet normal 0 0 1
    outer loop
      vertex -13.3308 8.11495 51
      vertex -17.4609 11.667 51
      vertex -13.3934 8.04808 51
    endloop
  endfacet
  facet normal 0 0 1
    outer loop
      vertex -13.3934 8.04808 51
      vertex -17.4609 11.667 51
      vertex -13.4516 7.97727 51
    endloop
  endfacet
  facet normal -0 0 1
    outer loop
      vertex -18.1865 10.5 51
      vertex -13.4516 7.97727 51
      vertex -17.4609 11.667 51
    endloop
  endfacet
  facet normal 0 0 1
    outer loop
      vertex -13.4516 7.97727 51
      vertex -18.1865 10.5 51
      vertex -13.5049 7.9028 51
    endloop
  endfacet
  facet normal 0 0 1
    outer loop
      vertex -13.5049 7.9028 51
      vertex -18.1865 10.5 51
      vertex -13.5533 7.825 51
    endloop
  endfacet
  facet normal -0 0 1
    outer loop
      vertex -18.8343 9.28806 51
      vertex -13.6343 7.66076 51
      vertex -18.1865 10.5 51
    endloop
  endfacet
  facet normal 0 0 1
    outer loop
      vertex -13.5965 7.7442 51
      vertex -18.1865 10.5 51
      vertex -13.6343 7.66076 51
    endloop
  endfacet
  facet normal 0 0 1
    outer loop
      vertex -13.5533 7.825 51
      vertex -18.1865 10.5 51
      vertex -13.5965 7.7442 51
    endloop
  endfacet
  facet normal 0 0 1
    outer loop
      vertex 12.8766 5.83157 51
      vertex 21 0 51
      vertex 20.955 1.37347 51
    endloop
  endfacet
  facet normal 0 0 1
    outer loop
      vertex 13.0409 5.91256 51
      vertex 20.955 1.37347 51
      vertex 20.8203 2.74105 51
    endloop
  endfacet
  facet normal 0 0 1
    outer loop
      vertex 21 0 51
      vertex 12.8766 5.83157 51
      vertex 12.7909 5.7993 51
    endloop
  endfacet
  facet normal 0 0 1
    outer loop
      vertex 13.2639 6.07242 51
      vertex 20.8203 2.74105 51
      vertex 20.5965 4.0969 51
    endloop
  endfacet
  facet normal 0 0 1
    outer loop
      vertex 20.955 1.37347 51
      vertex 12.9601 5.86938 51
      vertex 12.8766 5.83157 51
    endloop
  endfacet
  facet normal 0 0 1
    outer loop
      vertex 13.4516 6.27273 51
      vertex 20.5965 4.0969 51
      vertex 20.2844 5.4352 51
    endloop
  endfacet
  facet normal 0 0 1
    outer loop
      vertex 20.955 1.37347 51
      vertex 13.0409 5.91256 51
      vertex 12.9601 5.86938 51
    endloop
  endfacet
  facet normal -0 0 1
    outer loop
      vertex 13.5965 6.5058 51
      vertex 20.2844 5.4352 51
      vertex 19.8855 6.75023 51
    endloop
  endfacet
  facet normal 0 0 1
    outer loop
      vertex 20.8203 2.74105 51
      vertex 13.1931 6.01431 51
      vertex 13.1187 5.96094 51
    endloop
  endfacet
  facet normal -0 0 1
    outer loop
      vertex 13.714 6.85187 51
      vertex 19.8855 6.75023 51
      vertex 19.4015 8.03635 51
    endloop
  endfacet
  facet normal 0 0 1
    outer loop
      vertex 20.8203 2.74105 51
      vertex 13.2639 6.07242 51
      vertex 13.1931 6.01431 51
    endloop
  endfacet
  facet normal 0 0 1
    outer loop
      vertex 13.7379 7.21656 51
      vertex 19.4015 8.03635 51
      vertex 18.8343 9.28806 51
    endloop
  endfacet
  facet normal 0 0 1
    outer loop
      vertex 20.5965 4.0969 51
      vertex 13.3934 6.20192 51
      vertex 13.3308 6.13505 51
    endloop
  endfacet
  facet normal 0 0 1
    outer loop
      vertex 13.6343 7.66076 51
      vertex 18.8343 9.28806 51
      vertex 18.1865 10.5 51
    endloop
  endfacet
  facet normal 0 0 1
    outer loop
      vertex 20.2844 5.4352 51
      vertex 13.5049 6.3472 51
      vertex 13.4516 6.27273 51
    endloop
  endfacet
  facet normal 0 0 1
    outer loop
      vertex 13.4516 7.97727 51
      vertex 18.1865 10.5 51
      vertex 17.4609 11.667 51
    endloop
  endfacet
  facet normal 0 0 1
    outer loop
      vertex 19.8855 6.75023 51
      vertex 13.6343 6.58924 51
      vertex 13.5965 6.5058 51
    endloop
  endfacet
  facet normal 0 0 1
    outer loop
      vertex 13.1931 8.23569 51
      vertex 17.4609 11.667 51
      vertex 16.6604 12.784 51
    endloop
  endfacet
  facet normal 0 0 1
    outer loop
      vertex 19.8855 6.75023 51
      vertex 13.6666 6.67498 51
      vertex 13.6343 6.58924 51
    endloop
  endfacet
  facet normal 0 0 1
    outer loop
      vertex 12.7909 8.4507 51
      vertex 16.6604 12.784 51
      vertex 15.7886 13.8463 51
    endloop
  endfacet
  facet normal 0 0 1
    outer loop
      vertex 19.8855 6.75023 51
      vertex 13.714 6.85187 51
      vertex 13.6932 6.76265 51
    endloop
  endfacet
  facet normal 0 0 1
    outer loop
      vertex 12.5236 8.51302 51
      vertex 15.7886 13.8463 51
      vertex 14.8492 14.8492 51
    endloop
  endfacet
  facet normal 0 0 1
    outer loop
      vertex 19.4015 8.03635 51
      vertex 13.7379 7.03343 51
      vertex 13.7289 6.94226 51
    endloop
  endfacet
  facet normal 0 0 1
    outer loop
      vertex 12.1581 8.51302 51
      vertex 14.8492 14.8492 51
      vertex 13.8463 15.7886 51
    endloop
  endfacet
  facet normal 0 0 1
    outer loop
      vertex 19.4015 8.03635 51
      vertex 13.7409 7.125 51
      vertex 13.7379 7.03343 51
    endloop
  endfacet
  facet normal 0 0 1
    outer loop
      vertex 19.4015 8.03635 51
      vertex 13.7289 6.94226 51
      vertex 13.714 6.85187 51
    endloop
  endfacet
  facet normal 0 0 1
    outer loop
      vertex 19.4015 8.03635 51
      vertex 13.7379 7.21656 51
      vertex 13.7409 7.125 51
    endloop
  endfacet
  facet normal 0 0 1
    outer loop
      vertex 18.8343 9.28806 51
      vertex 13.7289 7.30774 51
      vertex 13.7379 7.21656 51
    endloop
  endfacet
  facet normal 0 0 1
    outer loop
      vertex 18.8343 9.28806 51
      vertex 13.714 7.39813 51
      vertex 13.7289 7.30774 51
    endloop
  endfacet
  facet normal 0 0 1
    outer loop
      vertex 18.8343 9.28806 51
      vertex 13.6932 7.48735 51
      vertex 13.714 7.39813 51
    endloop
  endfacet
  facet normal 0 0 1
    outer loop
      vertex 18.8343 9.28806 51
      vertex 13.6666 7.57502 51
      vertex 13.6932 7.48735 51
    endloop
  endfacet
  facet normal 0 0 1
    outer loop
      vertex 18.8343 9.28806 51
      vertex 13.6343 7.66076 51
      vertex 13.6666 7.57502 51
    endloop
  endfacet
  facet normal 0 0 1
    outer loop
      vertex 18.1865 10.5 51
      vertex 13.5965 7.7442 51
      vertex 13.6343 7.66076 51
    endloop
  endfacet
  facet normal 0 0 1
    outer loop
      vertex 18.1865 10.5 51
      vertex 13.5533 7.825 51
      vertex 13.5965 7.7442 51
    endloop
  endfacet
  facet normal 0 0 1
    outer loop
      vertex 18.1865 10.5 51
      vertex 13.5049 7.9028 51
      vertex 13.5533 7.825 51
    endloop
  endfacet
  facet normal 0 0 1
    outer loop
      vertex 18.1865 10.5 51
      vertex 13.4516 7.97727 51
      vertex 13.5049 7.9028 51
    endloop
  endfacet
  facet normal 0 0 1
    outer loop
      vertex 17.4609 11.667 51
      vertex 13.3934 8.04808 51
      vertex 13.4516 7.97727 51
    endloop
  endfacet
  facet normal 0 0 1
    outer loop
      vertex 17.4609 11.667 51
      vertex 13.3308 8.11495 51
      vertex 13.3934 8.04808 51
    endloop
  endfacet
  facet normal 0 0 1
    outer loop
      vertex 17.4609 11.667 51
      vertex 13.2639 8.17758 51
      vertex 13.3308 8.11495 51
    endloop
  endfacet
  facet normal 0 0 1
    outer loop
      vertex 17.4609 11.667 51
      vertex 13.1931 8.23569 51
      vertex 13.2639 8.17758 51
    endloop
  endfacet
  facet normal 0 0 1
    outer loop
      vertex 16.6604 12.784 51
      vertex 13.1187 8.28906 51
      vertex 13.1931 8.23569 51
    endloop
  endfacet
  facet normal 0 0 1
    outer loop
      vertex 16.6604 12.784 51
      vertex 13.0409 8.33743 51
      vertex 13.1187 8.28906 51
    endloop
  endfacet
  facet normal 0 0 1
    outer loop
      vertex 16.6604 12.784 51
      vertex 12.9601 8.38062 51
      vertex 13.0409 8.33743 51
    endloop
  endfacet
  facet normal 0 0 1
    outer loop
      vertex 16.6604 12.784 51
      vertex 12.8766 8.41843 51
      vertex 12.9601 8.38062 51
    endloop
  endfacet
  facet normal 0 0 1
    outer loop
      vertex 16.6604 12.784 51
      vertex 12.7909 8.4507 51
      vertex 12.8766 8.41843 51
    endloop
  endfacet
  facet normal 0 0 1
    outer loop
      vertex 11.8908 8.4507 51
      vertex 13.8463 15.7886 51
      vertex 12.784 16.6604 51
    endloop
  endfacet
  facet normal 0 0 1
    outer loop
      vertex 15.7886 13.8463 51
      vertex 12.7032 8.4773 51
      vertex 12.7909 8.4507 51
    endloop
  endfacet
  facet normal 0 0 1
    outer loop
      vertex 15.7886 13.8463 51
      vertex 12.614 8.4981 51
      vertex 12.7032 8.4773 51
    endloop
  endfacet
  facet normal 0 0 1
    outer loop
      vertex 15.7886 13.8463 51
      vertex 12.5236 8.51302 51
      vertex 12.614 8.4981 51
    endloop
  endfacet
  facet normal 0 0 1
    outer loop
      vertex 14.8492 14.8492 51
      vertex 12.4324 8.522 51
      vertex 12.5236 8.51302 51
    endloop
  endfacet
  facet normal 0 0 1
    outer loop
      vertex 14.8492 14.8492 51
      vertex 12.3409 8.525 51
      vertex 12.4324 8.522 51
    endloop
  endfacet
  facet normal 0 0 1
    outer loop
      vertex 14.8492 14.8492 51
      vertex 12.2493 8.522 51
      vertex 12.3409 8.525 51
    endloop
  endfacet
  facet normal 0 0 1
    outer loop
      vertex 14.8492 14.8492 51
      vertex 12.1581 8.51302 51
      vertex 12.2493 8.522 51
    endloop
  endfacet
  facet normal 0 0 1
    outer loop
      vertex 13.8463 15.7886 51
      vertex 12.0677 8.4981 51
      vertex 12.1581 8.51302 51
    endloop
  endfacet
  facet normal 0 0 1
    outer loop
      vertex 13.8463 15.7886 51
      vertex 11.9785 8.4773 51
      vertex 12.0677 8.4981 51
    endloop
  endfacet
  facet normal 0 0 1
    outer loop
      vertex 13.8463 15.7886 51
      vertex 11.8908 8.4507 51
      vertex 11.9785 8.4773 51
    endloop
  endfacet
  facet normal 0 0 1
    outer loop
      vertex 12.784 16.6604 51
      vertex 11.8051 8.41843 51
      vertex 11.8908 8.4507 51
    endloop
  endfacet
  facet normal 0 0 1
    outer loop
      vertex 12.784 16.6604 51
      vertex 11.7217 8.38062 51
      vertex 11.8051 8.41843 51
    endloop
  endfacet
  facet normal 0 0 1
    outer loop
      vertex 11.667 17.4609 51
      vertex 11.7217 8.38062 51
      vertex 12.784 16.6604 51
    endloop
  endfacet
  facet normal 0 0 1
    outer loop
      vertex 11.667 17.4609 51
      vertex 11.6409 8.33743 51
      vertex 11.7217 8.38062 51
    endloop
  endfacet
  facet normal 0 0 1
    outer loop
      vertex 11.667 17.4609 51
      vertex 11.5631 8.28906 51
      vertex 11.6409 8.33743 51
    endloop
  endfacet
  facet normal 0 0 1
    outer loop
      vertex 11.667 17.4609 51
      vertex 11.4886 8.23569 51
      vertex 11.5631 8.28906 51
    endloop
  endfacet
  facet normal 0 0 1
    outer loop
      vertex 10.5 18.1865 51
      vertex 11.4886 8.23569 51
      vertex 11.667 17.4609 51
    endloop
  endfacet
  facet normal 0 0 1
    outer loop
      vertex 11.4886 8.23569 51
      vertex 10.5 18.1865 51
      vertex 11.4178 8.17758 51
    endloop
  endfacet
  facet normal 0 0 1
    outer loop
      vertex 11.4178 8.17758 51
      vertex 10.5 18.1865 51
      vertex 11.3509 8.11495 51
    endloop
  endfacet
  facet normal 0 0 1
    outer loop
      vertex 9.28806 18.8343 51
      vertex 11.3509 8.11495 51
      vertex 10.5 18.1865 51
    endloop
  endfacet
  facet normal 0 0 1
    outer loop
      vertex 3.35034 6.79381 51
      vertex 11.3509 8.11495 51
      vertex 9.28806 18.8343 51
    endloop
  endfacet
  facet normal 0 0 1
    outer loop
      vertex 11.3509 8.11495 51
      vertex 3.35034 6.79381 51
      vertex 11.2883 8.04808 51
    endloop
  endfacet
  facet normal 0 -0 1
    outer loop
      vertex 3.7875 6.56014 51
      vertex 11.2883 8.04808 51
      vertex 3.35034 6.79381 51
    endloop
  endfacet
  facet normal 0 0 1
    outer loop
      vertex 11.2883 8.04808 51
      vertex 3.7875 6.56014 51
      vertex 11.2302 7.97727 51
    endloop
  endfacet
  facet normal 0 0 1
    outer loop
      vertex 11.2302 7.97727 51
      vertex 3.7875 6.56014 51
      vertex 11.1768 7.9028 51
    endloop
  endfacet
  facet normal 0 -0 1
    outer loop
      vertex 4.20844 6.29838 51
      vertex 11.1768 7.9028 51
      vertex 3.7875 6.56014 51
    endloop
  endfacet
  facet normal 0 0 1
    outer loop
      vertex 11.1768 7.9028 51
      vertex 4.20844 6.29838 51
      vertex 11.1284 7.825 51
    endloop
  endfacet
  facet normal 0 0 1
    outer loop
      vertex 11.1284 7.825 51
      vertex 4.20844 6.29838 51
      vertex 11.0852 7.7442 51
    endloop
  endfacet
  facet normal 0 0 1
    outer loop
      vertex 11.0474 7.66076 51
      vertex 4.61137 6.00965 51
      vertex 11.0152 7.57502 51
    endloop
  endfacet
  facet normal 0 0 1
    outer loop
      vertex 11.0152 7.57502 51
      vertex 4.99454 5.69519 51
      vertex 10.9886 7.48735 51
    endloop
  endfacet
  facet normal 0 -0 1
    outer loop
      vertex 4.99454 5.69519 51
      vertex 11.0152 7.57502 51
      vertex 4.61137 6.00965 51
    endloop
  endfacet
  facet normal 0 0 1
    outer loop
      vertex 19.8855 6.75023 51
      vertex 13.6932 6.76265 51
      vertex 13.6666 6.67498 51
    endloop
  endfacet
  facet normal 0 0 1
    outer loop
      vertex 20.2844 5.4352 51
      vertex 13.5965 6.5058 51
      vertex 13.5533 6.425 51
    endloop
  endfacet
  facet normal 0 0 1
    outer loop
      vertex 20.2844 5.4352 51
      vertex 13.5533 6.425 51
      vertex 13.5049 6.3472 51
    endloop
  endfacet
  facet normal 0 0 1
    outer loop
      vertex 20.5965 4.0969 51
      vertex 13.4516 6.27273 51
      vertex 13.3934 6.20192 51
    endloop
  endfacet
  facet normal 0 0 1
    outer loop
      vertex 20.5965 4.0969 51
      vertex 13.3308 6.13505 51
      vertex 13.2639 6.07242 51
    endloop
  endfacet
  facet normal 0 0 1
    outer loop
      vertex 20.8203 2.74105 51
      vertex 13.1187 5.96094 51
      vertex 13.0409 5.91256 51
    endloop
  endfacet
  facet normal -0 0 1
    outer loop
      vertex 12.7032 5.7727 51
      vertex 21 0 51
      vertex 12.7909 5.7993 51
    endloop
  endfacet
  facet normal 0 0 1
    outer loop
      vertex 21 0 51
      vertex 12.7032 5.7727 51
      vertex 20.955 -1.37347 51
    endloop
  endfacet
  facet normal -0 0 1
    outer loop
      vertex 12.614 5.7519 51
      vertex 7.55878 -0.495428 51
      vertex 12.7032 5.7727 51
    endloop
  endfacet
  facet normal 0 0 1
    outer loop
      vertex 12.7032 5.7727 51
      vertex 7.55878 -0.495428 51
      vertex 20.955 -1.37347 51
    endloop
  endfacet
  facet normal 0 0 1
    outer loop
      vertex 20.955 -1.37347 51
      vertex 7.55878 -0.495428 51
      vertex 20.8203 -2.74105 51
    endloop
  endfacet
  facet normal 0 0 1
    outer loop
      vertex 20.8203 -2.74105 51
      vertex 7.51019 -0.988735 51
      vertex 20.5965 -4.0969 51
    endloop
  endfacet
  facet normal -0 0 1
    outer loop
      vertex 7.42945 -1.47781 51
      vertex 20.5965 -4.0969 51
      vertex 7.51019 -0.988735 51
    endloop
  endfacet
  facet normal -0 0 1
    outer loop
      vertex 7.31689 -1.96055 51
      vertex 20.2844 -5.4352 51
      vertex 7.42945 -1.47781 51
    endloop
  endfacet
  facet normal 0 0 1
    outer loop
      vertex 20.2844 -5.4352 51
      vertex 7.31689 -1.96055 51
      vertex 19.8855 -6.75023 51
    endloop
  endfacet
  facet normal 0 0 1
    outer loop
      vertex 19.8855 -6.75023 51
      vertex 7.173 -2.4349 51
      vertex 19.4015 -8.03635 51
    endloop
  endfacet
  facet normal -0 0 1
    outer loop
      vertex 6.99839 -2.89883 51
      vertex 19.4015 -8.03635 51
      vertex 7.173 -2.4349 51
    endloop
  endfacet
  facet normal -0 0 1
    outer loop
      vertex 7.173 -2.4349 51
      vertex 19.8855 -6.75023 51
      vertex 7.31689 -1.96055 51
    endloop
  endfacet
  facet normal 0 0 1
    outer loop
      vertex 20.5965 -4.0969 51
      vertex 7.42945 -1.47781 51
      vertex 20.2844 -5.4352 51
    endloop
  endfacet
  facet normal 0 0 1
    outer loop
      vertex 19.4015 -8.03635 51
      vertex 6.99839 -2.89883 51
      vertex 18.8343 -9.28806 51
    endloop
  endfacet
  facet normal -0 0 1
    outer loop
      vertex 7.51019 -0.988735 51
      vertex 20.8203 -2.74105 51
      vertex 7.55878 -0.495428 51
    endloop
  endfacet
  facet normal 0 0 1
    outer loop
      vertex 7.55878 -0.495428 51
      vertex 12.614 5.7519 51
      vertex 7.575 0 51
    endloop
  endfacet
  facet normal 0 0 1
    outer loop
      vertex 7.575 0 51
      vertex 12.614 5.7519 51
      vertex 12.5236 5.73698 51
    endloop
  endfacet
  facet normal 0 0 1
    outer loop
      vertex 7.575 0 51
      vertex 12.5236 5.73698 51
      vertex 12.4324 5.728 51
    endloop
  endfacet
  facet normal 0 0 1
    outer loop
      vertex 7.55878 0.495428 51
      vertex 12.4324 5.728 51
      vertex 12.3409 5.725 51
    endloop
  endfacet
  facet normal 0 0 1
    outer loop
      vertex 7.55878 0.495428 51
      vertex 12.3409 5.725 51
      vertex 12.2493 5.728 51
    endloop
  endfacet
  facet normal 0 0 1
    outer loop
      vertex 7.51019 0.988735 51
      vertex 12.2493 5.728 51
      vertex 12.1581 5.73698 51
    endloop
  endfacet
  facet normal 0 0 1
    outer loop
      vertex 7.51019 0.988735 51
      vertex 12.1581 5.73698 51
      vertex 12.0677 5.7519 51
    endloop
  endfacet
  facet normal 0 0 1
    outer loop
      vertex 7.42945 1.47781 51
      vertex 12.0677 5.7519 51
      vertex 11.9785 5.7727 51
    endloop
  endfacet
  facet normal 0 0 1
    outer loop
      vertex 7.42945 1.47781 51
      vertex 11.9785 5.7727 51
      vertex 11.8908 5.7993 51
    endloop
  endfacet
  facet normal 0 0 1
    outer loop
      vertex 7.31689 1.96055 51
      vertex 11.8908 5.7993 51
      vertex 11.8051 5.83157 51
    endloop
  endfacet
  facet normal 0 0 1
    outer loop
      vertex 7.31689 1.96055 51
      vertex 11.8051 5.83157 51
      vertex 11.7217 5.86938 51
    endloop
  endfacet
  facet normal -0 0 1
    outer loop
      vertex 6.79381 -3.35034 51
      vertex 18.8343 -9.28806 51
      vertex 6.99839 -2.89883 51
    endloop
  endfacet
  facet normal 0 0 1
    outer loop
      vertex 7.173 2.4349 51
      vertex 11.7217 5.86938 51
      vertex 11.6409 5.91256 51
    endloop
  endfacet
  facet normal 0 0 1
    outer loop
      vertex 7.173 2.4349 51
      vertex 11.6409 5.91256 51
      vertex 11.5631 5.96094 51
    endloop
  endfacet
  facet normal 0 0 1
    outer loop
      vertex 7.173 2.4349 51
      vertex 11.5631 5.96094 51
      vertex 11.4886 6.01431 51
    endloop
  endfacet
  facet normal 0 0 1
    outer loop
      vertex 6.99839 2.89883 51
      vertex 11.4886 6.01431 51
      vertex 11.4178 6.07242 51
    endloop
  endfacet
  facet normal 0 0 1
    outer loop
      vertex 6.99839 2.89883 51
      vertex 11.4178 6.07242 51
      vertex 11.3509 6.13505 51
    endloop
  endfacet
  facet normal 0 0 1
    outer loop
      vertex 6.79381 3.35034 51
      vertex 11.3509 6.13505 51
      vertex 11.2883 6.20192 51
    endloop
  endfacet
  facet normal 0 0 1
    outer loop
      vertex 6.79381 3.35034 51
      vertex 11.2883 6.20192 51
      vertex 11.2302 6.27273 51
    endloop
  endfacet
  facet normal 0 0 1
    outer loop
      vertex 6.79381 3.35034 51
      vertex 11.2302 6.27273 51
      vertex 11.1768 6.3472 51
    endloop
  endfacet
  facet normal 0 0 1
    outer loop
      vertex 6.56014 3.7875 51
      vertex 11.1768 6.3472 51
      vertex 11.1284 6.425 51
    endloop
  endfacet
  facet normal 0 0 1
    outer loop
      vertex 6.56014 3.7875 51
      vertex 11.1284 6.425 51
      vertex 11.0852 6.5058 51
    endloop
  endfacet
  facet normal 0 0 1
    outer loop
      vertex 6.29838 4.20844 51
      vertex 11.0852 6.5058 51
      vertex 11.0474 6.58924 51
    endloop
  endfacet
  facet normal 0 0 1
    outer loop
      vertex 6.29838 4.20844 51
      vertex 11.0474 6.58924 51
      vertex 11.0152 6.67498 51
    endloop
  endfacet
  facet normal 0 0 1
    outer loop
      vertex 6.29838 4.20844 51
      vertex 11.0152 6.67498 51
      vertex 10.9886 6.76265 51
    endloop
  endfacet
  facet normal 0 0 1
    outer loop
      vertex 6.00965 4.61137 51
      vertex 10.9886 6.76265 51
      vertex 10.9678 6.85187 51
    endloop
  endfacet
  facet normal 0 0 1
    outer loop
      vertex 6.00965 4.61137 51
      vertex 10.9678 6.85187 51
      vertex 10.9528 6.94226 51
    endloop
  endfacet
  facet normal 0 0 1
    outer loop
      vertex 5.69519 4.99454 51
      vertex 10.9528 6.94226 51
      vertex 10.9439 7.03343 51
    endloop
  endfacet
  facet normal 0 0 1
    outer loop
      vertex 5.69519 4.99454 51
      vertex 10.9439 7.03343 51
      vertex 10.9409 7.125 51
    endloop
  endfacet
  facet normal 0 0 1
    outer loop
      vertex 10.9886 7.48735 51
      vertex 4.99454 5.69519 51
      vertex 10.9678 7.39813 51
    endloop
  endfacet
  facet normal 0 0 1
    outer loop
      vertex 18.8343 -9.28806 51
      vertex 6.79381 -3.35034 51
      vertex 18.1865 -10.5 51
    endloop
  endfacet
  facet normal 0 -0 1
    outer loop
      vertex 4.61137 6.00965 51
      vertex 11.0852 7.7442 51
      vertex 4.20844 6.29838 51
    endloop
  endfacet
  facet normal -0 0 1
    outer loop
      vertex 6.56014 -3.7875 51
      vertex 18.1865 -10.5 51
      vertex 6.79381 -3.35034 51
    endloop
  endfacet
  facet normal 0 0 1
    outer loop
      vertex 3.35034 6.79381 51
      vertex 9.28806 18.8343 51
      vertex 8.03635 19.4015 51
    endloop
  endfacet
  facet normal 0 0 1
    outer loop
      vertex 18.1865 -10.5 51
      vertex 6.56014 -3.7875 51
      vertex 17.4609 -11.667 51
    endloop
  endfacet
  facet normal -0 0 1
    outer loop
      vertex 6.29838 -4.20844 51
      vertex 17.4609 -11.667 51
      vertex 6.56014 -3.7875 51
    endloop
  endfacet
  facet normal 0 0 1
    outer loop
      vertex 12.4324 5.728 51
      vertex 7.55878 0.495428 51
      vertex 7.575 0 51
    endloop
  endfacet
  facet normal 0 0 1
    outer loop
      vertex 12.2493 5.728 51
      vertex 7.51019 0.988735 51
      vertex 7.55878 0.495428 51
    endloop
  endfacet
  facet normal 0 0 1
    outer loop
      vertex 12.0677 5.7519 51
      vertex 7.42945 1.47781 51
      vertex 7.51019 0.988735 51
    endloop
  endfacet
  facet normal 0 0 1
    outer loop
      vertex 11.8908 5.7993 51
      vertex 7.31689 1.96055 51
      vertex 7.42945 1.47781 51
    endloop
  endfacet
  facet normal 0 0 1
    outer loop
      vertex 11.7217 5.86938 51
      vertex 7.173 2.4349 51
      vertex 7.31689 1.96055 51
    endloop
  endfacet
  facet normal 0 0 1
    outer loop
      vertex 11.4886 6.01431 51
      vertex 6.99839 2.89883 51
      vertex 7.173 2.4349 51
    endloop
  endfacet
  facet normal 0 0 1
    outer loop
      vertex 11.3509 6.13505 51
      vertex 6.79381 3.35034 51
      vertex 6.99839 2.89883 51
    endloop
  endfacet
  facet normal 0 0 1
    outer loop
      vertex 2.89883 6.99839 51
      vertex 8.03635 19.4015 51
      vertex 6.75023 19.8855 51
    endloop
  endfacet
  facet normal 0 0 1
    outer loop
      vertex 11.1768 6.3472 51
      vertex 6.56014 3.7875 51
      vertex 6.79381 3.35034 51
    endloop
  endfacet
  facet normal 0 0 1
    outer loop
      vertex 11.0852 6.5058 51
      vertex 6.29838 4.20844 51
      vertex 6.56014 3.7875 51
    endloop
  endfacet
  facet normal 0 0 1
    outer loop
      vertex 10.9886 6.76265 51
      vertex 6.00965 4.61137 51
      vertex 6.29838 4.20844 51
    endloop
  endfacet
  facet normal 0 0 1
    outer loop
      vertex 10.9528 6.94226 51
      vertex 5.69519 4.99454 51
      vertex 6.00965 4.61137 51
    endloop
  endfacet
  facet normal 0 0 1
    outer loop
      vertex 2.4349 7.173 51
      vertex 6.75023 19.8855 51
      vertex 5.4352 20.2844 51
    endloop
  endfacet
  facet normal 0 0 1
    outer loop
      vertex 10.9439 7.21656 51
      vertex 5.69519 4.99454 51
      vertex 10.9409 7.125 51
    endloop
  endfacet
  facet normal 0 -0 1
    outer loop
      vertex 5.69519 4.99454 51
      vertex 10.9439 7.21656 51
      vertex 5.35633 5.35633 51
    endloop
  endfacet
  facet normal 0 0 1
    outer loop
      vertex 10.9528 7.30774 51
      vertex 5.35633 5.35633 51
      vertex 10.9439 7.21656 51
    endloop
  endfacet
  facet normal 0 0 1
    outer loop
      vertex 10.9678 7.39813 51
      vertex 5.35633 5.35633 51
      vertex 10.9528 7.30774 51
    endloop
  endfacet
  facet normal 0 0 1
    outer loop
      vertex 1.96055 7.31689 51
      vertex 5.4352 20.2844 51
      vertex 4.0969 20.5965 51
    endloop
  endfacet
  facet normal 0 -0 1
    outer loop
      vertex 5.35633 5.35633 51
      vertex 10.9678 7.39813 51
      vertex 4.99454 5.69519 51
    endloop
  endfacet
  facet normal 0 0 1
    outer loop
      vertex 11.0852 7.7442 51
      vertex 4.61137 6.00965 51
      vertex 11.0474 7.66076 51
    endloop
  endfacet
  facet normal 0 0 1
    outer loop
      vertex 8.03635 19.4015 51
      vertex 2.89883 6.99839 51
      vertex 3.35034 6.79381 51
    endloop
  endfacet
  facet normal 0 0 1
    outer loop
      vertex 1.47781 7.42945 51
      vertex 4.0969 20.5965 51
      vertex 2.74105 20.8203 51
    endloop
  endfacet
  facet normal 0 0 1
    outer loop
      vertex 6.75023 19.8855 51
      vertex 2.4349 7.173 51
      vertex 2.89883 6.99839 51
    endloop
  endfacet
  facet normal 0 0 1
    outer loop
      vertex 5.4352 20.2844 51
      vertex 1.96055 7.31689 51
      vertex 2.4349 7.173 51
    endloop
  endfacet
  facet normal 0 0 1
    outer loop
      vertex 4.0969 20.5965 51
      vertex 1.47781 7.42945 51
      vertex 1.96055 7.31689 51
    endloop
  endfacet
  facet normal 0 0 1
    outer loop
      vertex 0.988735 7.51019 51
      vertex 2.74105 20.8203 51
      vertex 1.37347 20.955 51
    endloop
  endfacet
  facet normal 0 0 1
    outer loop
      vertex 2.74105 20.8203 51
      vertex 0.988735 7.51019 51
      vertex 1.47781 7.42945 51
    endloop
  endfacet
  facet normal 0 0 1
    outer loop
      vertex 1.37347 20.955 51
      vertex 0.495428 7.55878 51
      vertex 0.988735 7.51019 51
    endloop
  endfacet
  facet normal 0 0 1
    outer loop
      vertex 0 21 51
      vertex 0.495428 7.55878 51
      vertex 1.37347 20.955 51
    endloop
  endfacet
  facet normal 0 0 1
    outer loop
      vertex 0 21 51
      vertex 0 7.575 51
      vertex 0.495428 7.55878 51
    endloop
  endfacet
  facet normal 0 0 1
    outer loop
      vertex 0 21 51
      vertex -0.495428 7.55878 51
      vertex 0 7.575 51
    endloop
  endfacet
  facet normal -0 0 1
    outer loop
      vertex -1.37347 20.955 51
      vertex -0.495428 7.55878 51
      vertex 0 21 51
    endloop
  endfacet
  facet normal 0 0 1
    outer loop
      vertex -0.495428 7.55878 51
      vertex -1.37347 20.955 51
      vertex -0.988735 7.51019 51
    endloop
  endfacet
  facet normal -0 0 1
    outer loop
      vertex -2.74105 20.8203 51
      vertex -0.988735 7.51019 51
      vertex -1.37347 20.955 51
    endloop
  endfacet
  facet normal 0 0 1
    outer loop
      vertex -0.988735 7.51019 51
      vertex -2.74105 20.8203 51
      vertex -1.47781 7.42945 51
    endloop
  endfacet
  facet normal -0 0 1
    outer loop
      vertex -4.0969 20.5965 51
      vertex -1.47781 7.42945 51
      vertex -2.74105 20.8203 51
    endloop
  endfacet
  facet normal 0 0 1
    outer loop
      vertex -1.47781 7.42945 51
      vertex -4.0969 20.5965 51
      vertex -1.96055 7.31689 51
    endloop
  endfacet
  facet normal -0 0 1
    outer loop
      vertex -5.4352 20.2844 51
      vertex -1.96055 7.31689 51
      vertex -4.0969 20.5965 51
    endloop
  endfacet
  facet normal 0 0 1
    outer loop
      vertex -1.96055 7.31689 51
      vertex -5.4352 20.2844 51
      vertex -2.4349 7.173 51
    endloop
  endfacet
  facet normal -0 0 1
    outer loop
      vertex -6.75023 19.8855 51
      vertex -2.4349 7.173 51
      vertex -5.4352 20.2844 51
    endloop
  endfacet
  facet normal 0 0 1
    outer loop
      vertex -2.4349 7.173 51
      vertex -6.75023 19.8855 51
      vertex -2.89883 6.99839 51
    endloop
  endfacet
  facet normal -0 0 1
    outer loop
      vertex -8.03635 19.4015 51
      vertex -2.89883 6.99839 51
      vertex -6.75023 19.8855 51
    endloop
  endfacet
  facet normal 0 0 1
    outer loop
      vertex -2.89883 6.99839 51
      vertex -8.03635 19.4015 51
      vertex -3.35034 6.79381 51
    endloop
  endfacet
  facet normal 0 0 1
    outer loop
      vertex -3.35034 6.79381 51
      vertex -8.03635 19.4015 51
      vertex -3.7875 6.56014 51
    endloop
  endfacet
  facet normal -0 0 1
    outer loop
      vertex -10.9528 7.30774 51
      vertex -3.7875 6.56014 51
      vertex -8.03635 19.4015 51
    endloop
  endfacet
  facet normal 0 0 1
    outer loop
      vertex -3.7875 6.56014 51
      vertex -10.9528 7.30774 51
      vertex -4.20844 6.29838 51
    endloop
  endfacet
  facet normal 0 0 1
    outer loop
      vertex -4.20844 6.29838 51
      vertex -10.9528 7.30774 51
      vertex -4.61137 6.00965 51
    endloop
  endfacet
  facet normal 0 0 1
    outer loop
      vertex -4.61137 6.00965 51
      vertex -10.9528 7.30774 51
      vertex -4.99454 5.69519 51
    endloop
  endfacet
  facet normal 0 0 1
    outer loop
      vertex -4.99454 5.69519 51
      vertex -10.9528 7.30774 51
      vertex -5.35633 5.35633 51
    endloop
  endfacet
  facet normal -0 -0 1
    outer loop
      vertex -10.9439 7.21656 51
      vertex -5.35633 5.35633 51
      vertex -10.9528 7.30774 51
    endloop
  endfacet
  facet normal 0 0 1
    outer loop
      vertex -5.35633 5.35633 51
      vertex -10.9439 7.21656 51
      vertex -5.69519 4.99454 51
    endloop
  endfacet
  facet normal -0 -0 1
    outer loop
      vertex -10.9409 7.125 51
      vertex -5.69519 4.99454 51
      vertex -10.9439 7.21656 51
    endloop
  endfacet
  facet normal -0 0 1
    outer loop
      vertex -10.9439 7.03343 51
      vertex -5.69519 4.99454 51
      vertex -10.9409 7.125 51
    endloop
  endfacet
  facet normal -0 0 1
    outer loop
      vertex -10.9528 6.94226 51
      vertex -5.69519 4.99454 51
      vertex -10.9439 7.03343 51
    endloop
  endfacet
  facet normal 0 0 1
    outer loop
      vertex -5.69519 4.99454 51
      vertex -10.9528 6.94226 51
      vertex -6.00965 4.61137 51
    endloop
  endfacet
  facet normal -0 0 1
    outer loop
      vertex -10.9678 6.85187 51
      vertex -6.00965 4.61137 51
      vertex -10.9528 6.94226 51
    endloop
  endfacet
  facet normal -0 0 1
    outer loop
      vertex -10.9886 6.76265 51
      vertex -6.00965 4.61137 51
      vertex -10.9678 6.85187 51
    endloop
  endfacet
  facet normal 0 0 1
    outer loop
      vertex -6.00965 4.61137 51
      vertex -10.9886 6.76265 51
      vertex -6.29838 4.20844 51
    endloop
  endfacet
  facet normal -0 0 1
    outer loop
      vertex -11.0474 6.58924 51
      vertex -6.29838 4.20844 51
      vertex -11.0152 6.67498 51
    endloop
  endfacet
  facet normal -0 0 1
    outer loop
      vertex -11.0152 6.67498 51
      vertex -6.29838 4.20844 51
      vertex -10.9886 6.76265 51
    endloop
  endfacet
  facet normal -0.582511 -0.812823 0
    outer loop
      vertex -12.784 -16.6604 0
      vertex -11.667 -17.4609 51
      vertex -12.784 -16.6604 51
    endloop
  endfacet
  facet normal -0.582511 -0.812823 -0
    outer loop
      vertex -11.667 -17.4609 51
      vertex -12.784 -16.6604 0
      vertex -11.667 -17.4609 0
    endloop
  endfacet
  facet normal 0.88192 -0.471399 0
    outer loop
      vertex 18.1865 -10.5 51
      vertex 18.8343 -9.28806 0
      vertex 18.8343 -9.28806 51
    endloop
  endfacet
  facet normal 0.88192 -0.471399 0
    outer loop
      vertex 18.8343 -9.28806 0
      vertex 18.1865 -10.5 51
      vertex 18.1865 -10.5 0
    endloop
  endfacet
  facet normal 0.290278 -0.956942 0
    outer loop
      vertex 5.4352 -20.2844 0
      vertex 6.75023 -19.8855 51
      vertex 5.4352 -20.2844 51
    endloop
  endfacet
  facet normal 0.290278 -0.956942 0
    outer loop
      vertex 6.75023 -19.8855 51
      vertex 5.4352 -20.2844 0
      vertex 6.75023 -19.8855 0
    endloop
  endfacet
  facet normal -0.849231 0.528022 0
    outer loop
      vertex -18.1865 10.5 0
      vertex -17.4609 11.667 51
      vertex -17.4609 11.667 0
    endloop
  endfacet
  facet normal -0.849231 0.528022 0
    outer loop
      vertex -17.4609 11.667 51
      vertex -18.1865 10.5 0
      vertex -18.1865 10.5 51
    endloop
  endfacet
  facet normal 0.849231 0.528022 0
    outer loop
      vertex 18.1865 10.5 51
      vertex 17.4609 11.667 0
      vertex 17.4609 11.667 51
    endloop
  endfacet
  facet normal 0.849231 0.528022 0
    outer loop
      vertex 17.4609 11.667 0
      vertex 18.1865 10.5 51
      vertex 18.1865 10.5 0
    endloop
  endfacet
  facet normal 0.986649 -0.162859 0
    outer loop
      vertex 20.5965 -4.0969 51
      vertex 20.8203 -2.74105 0
      vertex 20.8203 -2.74105 51
    endloop
  endfacet
  facet normal 0.986649 -0.162859 0
    outer loop
      vertex 20.8203 -2.74105 0
      vertex 20.5965 -4.0969 51
      vertex 20.5965 -4.0969 0
    endloop
  endfacet
  facet normal 0.683624 0.729834 -0
    outer loop
      vertex 14.8492 14.8492 0
      vertex 13.8463 15.7886 51
      vertex 14.8492 14.8492 51
    endloop
  endfacet
  facet normal 0.683624 0.729834 0
    outer loop
      vertex 13.8463 15.7886 51
      vertex 14.8492 14.8492 0
      vertex 13.8463 15.7886 0
    endloop
  endfacet
  facet normal 0.729834 0.683624 0
    outer loop
      vertex 15.7886 13.8463 51
      vertex 14.8492 14.8492 0
      vertex 14.8492 14.8492 51
    endloop
  endfacet
  facet normal 0.729834 0.683624 0
    outer loop
      vertex 14.8492 14.8492 0
      vertex 15.7886 13.8463 51
      vertex 15.7886 13.8463 0
    endloop
  endfacet
  facet normal 0.528022 0.849231 -0
    outer loop
      vertex 11.667 17.4609 0
      vertex 10.5 18.1865 51
      vertex 11.667 17.4609 51
    endloop
  endfacet
  facet normal 0.528022 0.849231 0
    outer loop
      vertex 10.5 18.1865 51
      vertex 11.667 17.4609 0
      vertex 10.5 18.1865 0
    endloop
  endfacet
  facet normal 0.412742 0.910848 -0
    outer loop
      vertex 9.28806 18.8343 0
      vertex 8.03635 19.4015 51
      vertex 9.28806 18.8343 51
    endloop
  endfacet
  facet normal 0.412742 0.910848 0
    outer loop
      vertex 8.03635 19.4015 51
      vertex 9.28806 18.8343 0
      vertex 8.03635 19.4015 0
    endloop
  endfacet
  facet normal 0.956942 0.290278 0
    outer loop
      vertex 20.2844 5.4352 51
      vertex 19.8855 6.75023 0
      vertex 19.8855 6.75023 51
    endloop
  endfacet
  facet normal 0.956942 0.290278 0
    outer loop
      vertex 19.8855 6.75023 0
      vertex 20.2844 5.4352 51
      vertex 20.2844 5.4352 0
    endloop
  endfacet
  facet normal -0.986649 -0.162859 0
    outer loop
      vertex -20.5965 -4.0969 0
      vertex -20.8203 -2.74105 51
      vertex -20.8203 -2.74105 0
    endloop
  endfacet
  facet normal -0.986649 -0.162859 0
    outer loop
      vertex -20.8203 -2.74105 51
      vertex -20.5965 -4.0969 0
      vertex -20.5965 -4.0969 51
    endloop
  endfacet
  facet normal 0.88192 0.471399 0
    outer loop
      vertex 18.8343 9.28806 51
      vertex 18.1865 10.5 0
      vertex 18.1865 10.5 51
    endloop
  endfacet
  facet normal 0.88192 0.471399 0
    outer loop
      vertex 18.1865 10.5 0
      vertex 18.8343 9.28806 51
      vertex 18.8343 9.28806 0
    endloop
  endfacet
  facet normal 0.683624 -0.729834 0
    outer loop
      vertex 13.8463 -15.7886 0
      vertex 14.8492 -14.8492 51
      vertex 13.8463 -15.7886 51
    endloop
  endfacet
  facet normal 0.683624 -0.729834 0
    outer loop
      vertex 14.8492 -14.8492 51
      vertex 13.8463 -15.7886 0
      vertex 14.8492 -14.8492 0
    endloop
  endfacet
  facet normal -0.227112 -0.973869 0
    outer loop
      vertex -5.4352 -20.2844 0
      vertex -4.0969 -20.5965 51
      vertex -5.4352 -20.2844 51
    endloop
  endfacet
  facet normal -0.227112 -0.973869 -0
    outer loop
      vertex -4.0969 -20.5965 51
      vertex -5.4352 -20.2844 0
      vertex -4.0969 -20.5965 0
    endloop
  endfacet
  facet normal 0.63439 -0.773013 0
    outer loop
      vertex 12.784 -16.6604 0
      vertex 13.8463 -15.7886 51
      vertex 12.784 -16.6604 51
    endloop
  endfacet
  facet normal 0.63439 -0.773013 0
    outer loop
      vertex 13.8463 -15.7886 51
      vertex 12.784 -16.6604 0
      vertex 13.8463 -15.7886 0
    endloop
  endfacet
  facet normal -0.973869 -0.227112 0
    outer loop
      vertex -20.2844 -5.4352 0
      vertex -20.5965 -4.0969 51
      vertex -20.5965 -4.0969 0
    endloop
  endfacet
  facet normal -0.973869 -0.227112 0
    outer loop
      vertex -20.5965 -4.0969 51
      vertex -20.2844 -5.4352 0
      vertex -20.2844 -5.4352 51
    endloop
  endfacet
  facet normal -0.973869 0.227112 0
    outer loop
      vertex -20.5965 4.0969 0
      vertex -20.2844 5.4352 51
      vertex -20.2844 5.4352 0
    endloop
  endfacet
  facet normal -0.973869 0.227112 0
    outer loop
      vertex -20.2844 5.4352 51
      vertex -20.5965 4.0969 0
      vertex -20.5965 4.0969 51
    endloop
  endfacet
  facet normal -0.528022 0.849231 0
    outer loop
      vertex -10.5 18.1865 0
      vertex -11.667 17.4609 51
      vertex -10.5 18.1865 51
    endloop
  endfacet
  facet normal -0.528022 0.849231 0
    outer loop
      vertex -11.667 17.4609 51
      vertex -10.5 18.1865 0
      vertex -11.667 17.4609 0
    endloop
  endfacet
  facet normal -0.910848 0.412742 0
    outer loop
      vertex -19.4015 8.03635 0
      vertex -18.8343 9.28806 51
      vertex -18.8343 9.28806 0
    endloop
  endfacet
  facet normal -0.910848 0.412742 0
    outer loop
      vertex -18.8343 9.28806 51
      vertex -19.4015 8.03635 0
      vertex -19.4015 8.03635 51
    endloop
  endfacet
  facet normal 0.352211 -0.935921 0
    outer loop
      vertex 6.75023 -19.8855 0
      vertex 8.03635 -19.4015 51
      vertex 6.75023 -19.8855 51
    endloop
  endfacet
  facet normal 0.352211 -0.935921 0
    outer loop
      vertex 8.03635 -19.4015 51
      vertex 6.75023 -19.8855 0
      vertex 8.03635 -19.4015 0
    endloop
  endfacet
  facet normal 0.910848 0.412742 0
    outer loop
      vertex 19.4015 8.03635 51
      vertex 18.8343 9.28806 0
      vertex 18.8343 9.28806 51
    endloop
  endfacet
  facet normal 0.910848 0.412742 0
    outer loop
      vertex 18.8343 9.28806 0
      vertex 19.4015 8.03635 51
      vertex 19.4015 8.03635 0
    endloop
  endfacet
  facet normal -0.935921 0.352211 0
    outer loop
      vertex -19.8855 6.75023 0
      vertex -19.4015 8.03635 51
      vertex -19.4015 8.03635 0
    endloop
  endfacet
  facet normal -0.935921 0.352211 0
    outer loop
      vertex -19.4015 8.03635 51
      vertex -19.8855 6.75023 0
      vertex -19.8855 6.75023 51
    endloop
  endfacet
  facet normal -0.999464 0.0327462 0
    outer loop
      vertex -21 0 0
      vertex -20.955 1.37347 51
      vertex -20.955 1.37347 0
    endloop
  endfacet
  facet normal -0.999464 0.0327462 0
    outer loop
      vertex -20.955 1.37347 51
      vertex -21 0 0
      vertex -21 0 51
    endloop
  endfacet
  facet normal -0.227112 0.973869 0
    outer loop
      vertex -4.0969 20.5965 0
      vertex -5.4352 20.2844 51
      vertex -4.0969 20.5965 51
    endloop
  endfacet
  facet normal -0.227112 0.973869 0
    outer loop
      vertex -5.4352 20.2844 51
      vertex -4.0969 20.5965 0
      vertex -5.4352 20.2844 0
    endloop
  endfacet
  facet normal 0.773013 -0.63439 0
    outer loop
      vertex 15.7886 -13.8463 51
      vertex 16.6604 -12.784 0
      vertex 16.6604 -12.784 51
    endloop
  endfacet
  facet normal 0.773013 -0.63439 0
    outer loop
      vertex 16.6604 -12.784 0
      vertex 15.7886 -13.8463 51
      vertex 15.7886 -13.8463 0
    endloop
  endfacet
  facet normal 0.729834 -0.683624 0
    outer loop
      vertex 14.8492 -14.8492 51
      vertex 15.7886 -13.8463 0
      vertex 15.7886 -13.8463 51
    endloop
  endfacet
  facet normal 0.729834 -0.683624 0
    outer loop
      vertex 15.7886 -13.8463 0
      vertex 14.8492 -14.8492 51
      vertex 14.8492 -14.8492 0
    endloop
  endfacet
  facet normal -0.63439 -0.773013 0
    outer loop
      vertex -13.8463 -15.7886 0
      vertex -12.784 -16.6604 51
      vertex -13.8463 -15.7886 51
    endloop
  endfacet
  facet normal -0.63439 -0.773013 -0
    outer loop
      vertex -12.784 -16.6604 51
      vertex -13.8463 -15.7886 0
      vertex -12.784 -16.6604 0
    endloop
  endfacet
  facet normal 0.471399 -0.88192 0
    outer loop
      vertex 9.28806 -18.8343 0
      vertex 10.5 -18.1865 51
      vertex 9.28806 -18.8343 51
    endloop
  endfacet
  facet normal 0.471399 -0.88192 0
    outer loop
      vertex 10.5 -18.1865 51
      vertex 9.28806 -18.8343 0
      vertex 10.5 -18.1865 0
    endloop
  endfacet
  facet normal -0.812823 -0.582511 0
    outer loop
      vertex -16.6604 -12.784 0
      vertex -17.4609 -11.667 51
      vertex -17.4609 -11.667 0
    endloop
  endfacet
  facet normal -0.812823 -0.582511 0
    outer loop
      vertex -17.4609 -11.667 51
      vertex -16.6604 -12.784 0
      vertex -16.6604 -12.784 51
    endloop
  endfacet
  facet normal 0.999464 -0.0327462 0
    outer loop
      vertex 20.955 -1.37347 51
      vertex 21 0 0
      vertex 21 0 51
    endloop
  endfacet
  facet normal 0.999464 -0.0327462 0
    outer loop
      vertex 21 0 0
      vertex 20.955 -1.37347 51
      vertex 20.955 -1.37347 0
    endloop
  endfacet
  facet normal 0.412742 -0.910848 0
    outer loop
      vertex 8.03635 -19.4015 0
      vertex 9.28806 -18.8343 51
      vertex 8.03635 -19.4015 51
    endloop
  endfacet
  facet normal 0.412742 -0.910848 0
    outer loop
      vertex 9.28806 -18.8343 51
      vertex 8.03635 -19.4015 0
      vertex 9.28806 -18.8343 0
    endloop
  endfacet
  facet normal 0.0980208 -0.995184 0
    outer loop
      vertex 1.37347 -20.955 0
      vertex 2.74105 -20.8203 51
      vertex 1.37347 -20.955 51
    endloop
  endfacet
  facet normal 0.0980208 -0.995184 0
    outer loop
      vertex 2.74105 -20.8203 51
      vertex 1.37347 -20.955 0
      vertex 2.74105 -20.8203 0
    endloop
  endfacet
  facet normal 0.935921 -0.352211 0
    outer loop
      vertex 19.4015 -8.03635 51
      vertex 19.8855 -6.75023 0
      vertex 19.8855 -6.75023 51
    endloop
  endfacet
  facet normal 0.935921 -0.352211 0
    outer loop
      vertex 19.8855 -6.75023 0
      vertex 19.4015 -8.03635 51
      vertex 19.4015 -8.03635 0
    endloop
  endfacet
  facet normal -0.729834 0.683624 0
    outer loop
      vertex -15.7886 13.8463 0
      vertex -14.8492 14.8492 51
      vertex -14.8492 14.8492 0
    endloop
  endfacet
  facet normal -0.729834 0.683624 0
    outer loop
      vertex -14.8492 14.8492 51
      vertex -15.7886 13.8463 0
      vertex -15.7886 13.8463 51
    endloop
  endfacet
  facet normal 0 0 -1
    outer loop
      vertex 5 0 0
      vertex 21 0 0
      vertex 20.955 -1.37347 0
    endloop
  endfacet
  facet normal 0 0 -1
    outer loop
      vertex 4.98929 -0.327015 0
      vertex 20.955 -1.37347 0
      vertex 20.8203 -2.74105 0
    endloop
  endfacet
  facet normal 0 0 -1
    outer loop
      vertex 21 0 0
      vertex 5 0 0
      vertex 20.955 1.37347 0
    endloop
  endfacet
  facet normal 0 0 -1
    outer loop
      vertex 4.95722 -0.652631 0
      vertex 20.8203 -2.74105 0
      vertex 20.5965 -4.0969 0
    endloop
  endfacet
  facet normal 0 0 -1
    outer loop
      vertex 4.98929 0.327015 0
      vertex 20.955 1.37347 0
      vertex 5 0 0
    endloop
  endfacet
  facet normal 0 0 -1
    outer loop
      vertex 4.90393 -0.975451 0
      vertex 20.5965 -4.0969 0
      vertex 20.2844 -5.4352 0
    endloop
  endfacet
  facet normal -0 0 -1
    outer loop
      vertex 20.955 1.37347 0
      vertex 4.98929 0.327015 0
      vertex 20.8203 2.74105 0
    endloop
  endfacet
  facet normal 0 0 -1
    outer loop
      vertex 4.82963 -1.2941 0
      vertex 20.2844 -5.4352 0
      vertex 19.8855 -6.75023 0
    endloop
  endfacet
  facet normal 0 0 -1
    outer loop
      vertex 4.95722 0.652631 0
      vertex 20.8203 2.74105 0
      vertex 4.98929 0.327015 0
    endloop
  endfacet
  facet normal 0 0 -1
    outer loop
      vertex 4.73465 -1.6072 0
      vertex 19.8855 -6.75023 0
      vertex 19.4015 -8.03635 0
    endloop
  endfacet
  facet normal -0 0 -1
    outer loop
      vertex 20.8203 2.74105 0
      vertex 4.95722 0.652631 0
      vertex 20.5965 4.0969 0
    endloop
  endfacet
  facet normal 0 0 -1
    outer loop
      vertex 4.6194 -1.91342 0
      vertex 19.4015 -8.03635 0
      vertex 18.8343 -9.28806 0
    endloop
  endfacet
  facet normal 0 0 -1
    outer loop
      vertex 4.90393 0.975451 0
      vertex 20.5965 4.0969 0
      vertex 4.95722 0.652631 0
    endloop
  endfacet
  facet normal 0 0 -1
    outer loop
      vertex 4.48436 -2.21144 0
      vertex 18.8343 -9.28806 0
      vertex 18.1865 -10.5 0
    endloop
  endfacet
  facet normal -0 0 -1
    outer loop
      vertex 20.5965 4.0969 0
      vertex 4.90393 0.975451 0
      vertex 20.2844 5.4352 0
    endloop
  endfacet
  facet normal 0 0 -1
    outer loop
      vertex 4.33013 -2.5 0
      vertex 18.1865 -10.5 0
      vertex 17.4609 -11.667 0
    endloop
  endfacet
  facet normal 0 0 -1
    outer loop
      vertex 4.82963 1.2941 0
      vertex 20.2844 5.4352 0
      vertex 4.90393 0.975451 0
    endloop
  endfacet
  facet normal 0 0 -1
    outer loop
      vertex 4.15735 -2.77785 0
      vertex 17.4609 -11.667 0
      vertex 16.6604 -12.784 0
    endloop
  endfacet
  facet normal -0 0 -1
    outer loop
      vertex 20.2844 5.4352 0
      vertex 4.82963 1.2941 0
      vertex 19.8855 6.75023 0
    endloop
  endfacet
  facet normal 0 0 -1
    outer loop
      vertex 3.96677 -3.04381 0
      vertex 16.6604 -12.784 0
      vertex 15.7886 -13.8463 0
    endloop
  endfacet
  facet normal 0 0 -1
    outer loop
      vertex 4.73465 1.6072 0
      vertex 19.8855 6.75023 0
      vertex 4.82963 1.2941 0
    endloop
  endfacet
  facet normal 0 0 -1
    outer loop
      vertex 3.7592 -3.29673 0
      vertex 15.7886 -13.8463 0
      vertex 14.8492 -14.8492 0
    endloop
  endfacet
  facet normal -0 0 -1
    outer loop
      vertex 19.8855 6.75023 0
      vertex 4.73465 1.6072 0
      vertex 19.4015 8.03635 0
    endloop
  endfacet
  facet normal 0 0 -1
    outer loop
      vertex 3.53553 -3.53553 0
      vertex 14.8492 -14.8492 0
      vertex 13.8463 -15.7886 0
    endloop
  endfacet
  facet normal 0 0 -1
    outer loop
      vertex 4.6194 1.91342 0
      vertex 19.4015 8.03635 0
      vertex 4.73465 1.6072 0
    endloop
  endfacet
  facet normal 0 0 -1
    outer loop
      vertex 3.29673 -3.7592 0
      vertex 13.8463 -15.7886 0
      vertex 12.784 -16.6604 0
    endloop
  endfacet
  facet normal -0 0 -1
    outer loop
      vertex 19.4015 8.03635 0
      vertex 4.6194 1.91342 0
      vertex 18.8343 9.28806 0
    endloop
  endfacet
  facet normal 0 0 -1
    outer loop
      vertex 3.04381 -3.96677 0
      vertex 12.784 -16.6604 0
      vertex 11.667 -17.4609 0
    endloop
  endfacet
  facet normal 0 0 -1
    outer loop
      vertex 4.48436 2.21144 0
      vertex 18.8343 9.28806 0
      vertex 4.6194 1.91342 0
    endloop
  endfacet
  facet normal 0 0 -1
    outer loop
      vertex 2.77785 -4.15735 0
      vertex 11.667 -17.4609 0
      vertex 10.5 -18.1865 0
    endloop
  endfacet
  facet normal -0 0 -1
    outer loop
      vertex 18.8343 9.28806 0
      vertex 4.48436 2.21144 0
      vertex 18.1865 10.5 0
    endloop
  endfacet
  facet normal 0 0 -1
    outer loop
      vertex 2.5 -4.33013 0
      vertex 10.5 -18.1865 0
      vertex 9.28806 -18.8343 0
    endloop
  endfacet
  facet normal 0 0 -1
    outer loop
      vertex 4.33013 2.5 0
      vertex 18.1865 10.5 0
      vertex 4.48436 2.21144 0
    endloop
  endfacet
  facet normal 0 0 -1
    outer loop
      vertex 2.21144 -4.48436 0
      vertex 9.28806 -18.8343 0
      vertex 8.03635 -19.4015 0
    endloop
  endfacet
  facet normal -0 0 -1
    outer loop
      vertex 18.1865 10.5 0
      vertex 4.33013 2.5 0
      vertex 17.4609 11.667 0
    endloop
  endfacet
  facet normal 0 0 -1
    outer loop
      vertex 1.91342 -4.6194 0
      vertex 8.03635 -19.4015 0
      vertex 6.75023 -19.8855 0
    endloop
  endfacet
  facet normal 0 0 -1
    outer loop
      vertex 4.15735 2.77785 0
      vertex 17.4609 11.667 0
      vertex 4.33013 2.5 0
    endloop
  endfacet
  facet normal 0 0 -1
    outer loop
      vertex 1.6072 -4.73465 0
      vertex 6.75023 -19.8855 0
      vertex 5.4352 -20.2844 0
    endloop
  endfacet
  facet normal -0 0 -1
    outer loop
      vertex 17.4609 11.667 0
      vertex 4.15735 2.77785 0
      vertex 16.6604 12.784 0
    endloop
  endfacet
  facet normal 0 0 -1
    outer loop
      vertex 3.96677 3.04381 0
      vertex 16.6604 12.784 0
      vertex 4.15735 2.77785 0
    endloop
  endfacet
  facet normal 0 0 -1
    outer loop
      vertex 20.955 -1.37347 0
      vertex 4.98929 -0.327015 0
      vertex 5 0 0
    endloop
  endfacet
  facet normal 0 0 -1
    outer loop
      vertex 20.8203 -2.74105 0
      vertex 4.95722 -0.652631 0
      vertex 4.98929 -0.327015 0
    endloop
  endfacet
  facet normal 0 0 -1
    outer loop
      vertex 20.5965 -4.0969 0
      vertex 4.90393 -0.975451 0
      vertex 4.95722 -0.652631 0
    endloop
  endfacet
  facet normal 0 0 -1
    outer loop
      vertex 20.2844 -5.4352 0
      vertex 4.82963 -1.2941 0
      vertex 4.90393 -0.975451 0
    endloop
  endfacet
  facet normal 0 0 -1
    outer loop
      vertex 19.8855 -6.75023 0
      vertex 4.73465 -1.6072 0
      vertex 4.82963 -1.2941 0
    endloop
  endfacet
  facet normal 0 0 -1
    outer loop
      vertex 19.4015 -8.03635 0
      vertex 4.6194 -1.91342 0
      vertex 4.73465 -1.6072 0
    endloop
  endfacet
  facet normal 0 0 -1
    outer loop
      vertex 18.8343 -9.28806 0
      vertex 4.48436 -2.21144 0
      vertex 4.6194 -1.91342 0
    endloop
  endfacet
  facet normal 0 0 -1
    outer loop
      vertex 18.1865 -10.5 0
      vertex 4.33013 -2.5 0
      vertex 4.48436 -2.21144 0
    endloop
  endfacet
  facet normal 0 0 -1
    outer loop
      vertex 17.4609 -11.667 0
      vertex 4.15735 -2.77785 0
      vertex 4.33013 -2.5 0
    endloop
  endfacet
  facet normal 0 0 -1
    outer loop
      vertex 1.2941 -4.82963 0
      vertex 5.4352 -20.2844 0
      vertex 4.0969 -20.5965 0
    endloop
  endfacet
  facet normal 0 0 -1
    outer loop
      vertex 16.6604 -12.784 0
      vertex 3.96677 -3.04381 0
      vertex 4.15735 -2.77785 0
    endloop
  endfacet
  facet normal 0 0 -1
    outer loop
      vertex 15.7886 -13.8463 0
      vertex 3.7592 -3.29673 0
      vertex 3.96677 -3.04381 0
    endloop
  endfacet
  facet normal 0 0 -1
    outer loop
      vertex 14.8492 -14.8492 0
      vertex 3.53553 -3.53553 0
      vertex 3.7592 -3.29673 0
    endloop
  endfacet
  facet normal 0 0 -1
    outer loop
      vertex 13.8463 -15.7886 0
      vertex 3.29673 -3.7592 0
      vertex 3.53553 -3.53553 0
    endloop
  endfacet
  facet normal 0 0 -1
    outer loop
      vertex 12.784 -16.6604 0
      vertex 3.04381 -3.96677 0
      vertex 3.29673 -3.7592 0
    endloop
  endfacet
  facet normal 0 0 -1
    outer loop
      vertex 11.667 -17.4609 0
      vertex 2.77785 -4.15735 0
      vertex 3.04381 -3.96677 0
    endloop
  endfacet
  facet normal 0 0 -1
    outer loop
      vertex 0.975451 -4.90393 0
      vertex 4.0969 -20.5965 0
      vertex 2.74105 -20.8203 0
    endloop
  endfacet
  facet normal 0 0 -1
    outer loop
      vertex 10.5 -18.1865 0
      vertex 2.5 -4.33013 0
      vertex 2.77785 -4.15735 0
    endloop
  endfacet
  facet normal 0 0 -1
    outer loop
      vertex 9.28806 -18.8343 0
      vertex 2.21144 -4.48436 0
      vertex 2.5 -4.33013 0
    endloop
  endfacet
  facet normal 0 0 -1
    outer loop
      vertex 8.03635 -19.4015 0
      vertex 1.91342 -4.6194 0
      vertex 2.21144 -4.48436 0
    endloop
  endfacet
  facet normal 0 0 -1
    outer loop
      vertex 6.75023 -19.8855 0
      vertex 1.6072 -4.73465 0
      vertex 1.91342 -4.6194 0
    endloop
  endfacet
  facet normal 0 0 -1
    outer loop
      vertex 0.652631 -4.95722 0
      vertex 2.74105 -20.8203 0
      vertex 1.37347 -20.955 0
    endloop
  endfacet
  facet normal 0 0 -1
    outer loop
      vertex 5.4352 -20.2844 0
      vertex 1.2941 -4.82963 0
      vertex 1.6072 -4.73465 0
    endloop
  endfacet
  facet normal 0 0 -1
    outer loop
      vertex 4.0969 -20.5965 0
      vertex 0.975451 -4.90393 0
      vertex 1.2941 -4.82963 0
    endloop
  endfacet
  facet normal 0 0 -1
    outer loop
      vertex 2.74105 -20.8203 0
      vertex 0.652631 -4.95722 0
      vertex 0.975451 -4.90393 0
    endloop
  endfacet
  facet normal 0 0 -1
    outer loop
      vertex 1.37347 -20.955 0
      vertex 0.327015 -4.98929 0
      vertex 0.652631 -4.95722 0
    endloop
  endfacet
  facet normal 0 0 -1
    outer loop
      vertex 0 -21 0
      vertex 0.327015 -4.98929 0
      vertex 1.37347 -20.955 0
    endloop
  endfacet
  facet normal 0 0 -1
    outer loop
      vertex 0 -21 0
      vertex 0 -5 0
      vertex 0.327015 -4.98929 0
    endloop
  endfacet
  facet normal 0 0 -1
    outer loop
      vertex 0 -21 0
      vertex -0.327015 -4.98929 0
      vertex 0 -5 0
    endloop
  endfacet
  facet normal 0 0 -1
    outer loop
      vertex -1.37347 -20.955 0
      vertex -0.327015 -4.98929 0
      vertex 0 -21 0
    endloop
  endfacet
  facet normal -0 0 -1
    outer loop
      vertex -0.327015 -4.98929 0
      vertex -1.37347 -20.955 0
      vertex -0.652631 -4.95722 0
    endloop
  endfacet
  facet normal 0 0 -1
    outer loop
      vertex -2.74105 -20.8203 0
      vertex -0.652631 -4.95722 0
      vertex -1.37347 -20.955 0
    endloop
  endfacet
  facet normal -0 0 -1
    outer loop
      vertex -0.652631 -4.95722 0
      vertex -2.74105 -20.8203 0
      vertex -0.975451 -4.90393 0
    endloop
  endfacet
  facet normal 0 0 -1
    outer loop
      vertex -4.0969 -20.5965 0
      vertex -0.975451 -4.90393 0
      vertex -2.74105 -20.8203 0
    endloop
  endfacet
  facet normal -0 0 -1
    outer loop
      vertex -0.975451 -4.90393 0
      vertex -4.0969 -20.5965 0
      vertex -1.2941 -4.82963 0
    endloop
  endfacet
  facet normal 0 0 -1
    outer loop
      vertex -5.4352 -20.2844 0
      vertex -1.2941 -4.82963 0
      vertex -4.0969 -20.5965 0
    endloop
  endfacet
  facet normal -0 0 -1
    outer loop
      vertex -1.2941 -4.82963 0
      vertex -5.4352 -20.2844 0
      vertex -1.6072 -4.73465 0
    endloop
  endfacet
  facet normal 0 0 -1
    outer loop
      vertex -6.75023 -19.8855 0
      vertex -1.6072 -4.73465 0
      vertex -5.4352 -20.2844 0
    endloop
  endfacet
  facet normal -0 0 -1
    outer loop
      vertex -1.6072 -4.73465 0
      vertex -6.75023 -19.8855 0
      vertex -1.91342 -4.6194 0
    endloop
  endfacet
  facet normal 0 0 -1
    outer loop
      vertex -8.03635 -19.4015 0
      vertex -1.91342 -4.6194 0
      vertex -6.75023 -19.8855 0
    endloop
  endfacet
  facet normal -0 0 -1
    outer loop
      vertex -1.91342 -4.6194 0
      vertex -8.03635 -19.4015 0
      vertex -2.21144 -4.48436 0
    endloop
  endfacet
  facet normal 0 0 -1
    outer loop
      vertex -9.28806 -18.8343 0
      vertex -2.21144 -4.48436 0
      vertex -8.03635 -19.4015 0
    endloop
  endfacet
  facet normal -0 0 -1
    outer loop
      vertex -2.21144 -4.48436 0
      vertex -9.28806 -18.8343 0
      vertex -2.5 -4.33013 0
    endloop
  endfacet
  facet normal 0 0 -1
    outer loop
      vertex -10.5 -18.1865 0
      vertex -2.5 -4.33013 0
      vertex -9.28806 -18.8343 0
    endloop
  endfacet
  facet normal -0 0 -1
    outer loop
      vertex -2.5 -4.33013 0
      vertex -10.5 -18.1865 0
      vertex -2.77785 -4.15735 0
    endloop
  endfacet
  facet normal 0 0 -1
    outer loop
      vertex -11.667 -17.4609 0
      vertex -2.77785 -4.15735 0
      vertex -10.5 -18.1865 0
    endloop
  endfacet
  facet normal -0 0 -1
    outer loop
      vertex -2.77785 -4.15735 0
      vertex -11.667 -17.4609 0
      vertex -3.04381 -3.96677 0
    endloop
  endfacet
  facet normal 0 0 -1
    outer loop
      vertex -12.784 -16.6604 0
      vertex -3.04381 -3.96677 0
      vertex -11.667 -17.4609 0
    endloop
  endfacet
  facet normal -0 0 -1
    outer loop
      vertex -3.04381 -3.96677 0
      vertex -12.784 -16.6604 0
      vertex -3.29673 -3.7592 0
    endloop
  endfacet
  facet normal 0 0 -1
    outer loop
      vertex -13.8463 -15.7886 0
      vertex -3.29673 -3.7592 0
      vertex -12.784 -16.6604 0
    endloop
  endfacet
  facet normal -0 0 -1
    outer loop
      vertex -3.29673 -3.7592 0
      vertex -13.8463 -15.7886 0
      vertex -3.53553 -3.53553 0
    endloop
  endfacet
  facet normal 0 0 -1
    outer loop
      vertex -14.8492 -14.8492 0
      vertex -3.53553 -3.53553 0
      vertex -13.8463 -15.7886 0
    endloop
  endfacet
  facet normal -0 0 -1
    outer loop
      vertex -3.53553 -3.53553 0
      vertex -14.8492 -14.8492 0
      vertex -3.7592 -3.29673 0
    endloop
  endfacet
  facet normal 0 0 -1
    outer loop
      vertex -15.7886 -13.8463 0
      vertex -3.7592 -3.29673 0
      vertex -14.8492 -14.8492 0
    endloop
  endfacet
  facet normal 0 0 -1
    outer loop
      vertex -16.6604 -12.784 0
      vertex -3.96677 -3.04381 0
      vertex -15.7886 -13.8463 0
    endloop
  endfacet
  facet normal -0 0 -1
    outer loop
      vertex -3.7592 -3.29673 0
      vertex -15.7886 -13.8463 0
      vertex -3.96677 -3.04381 0
    endloop
  endfacet
  facet normal -0 0 -1
    outer loop
      vertex 16.6604 12.784 0
      vertex 3.96677 3.04381 0
      vertex 15.7886 13.8463 0
    endloop
  endfacet
  facet normal 0 0 -1
    outer loop
      vertex 3.7592 3.29673 0
      vertex 15.7886 13.8463 0
      vertex 3.96677 3.04381 0
    endloop
  endfacet
  facet normal -0 0 -1
    outer loop
      vertex 15.7886 13.8463 0
      vertex 3.7592 3.29673 0
      vertex 14.8492 14.8492 0
    endloop
  endfacet
  facet normal 0 0 -1
    outer loop
      vertex 3.53553 3.53553 0
      vertex 14.8492 14.8492 0
      vertex 3.7592 3.29673 0
    endloop
  endfacet
  facet normal -0 0 -1
    outer loop
      vertex 14.8492 14.8492 0
      vertex 3.53553 3.53553 0
      vertex 13.8463 15.7886 0
    endloop
  endfacet
  facet normal 0 0 -1
    outer loop
      vertex 3.29673 3.7592 0
      vertex 13.8463 15.7886 0
      vertex 3.53553 3.53553 0
    endloop
  endfacet
  facet normal -0 0 -1
    outer loop
      vertex 13.8463 15.7886 0
      vertex 3.29673 3.7592 0
      vertex 12.784 16.6604 0
    endloop
  endfacet
  facet normal 0 0 -1
    outer loop
      vertex 3.04381 3.96677 0
      vertex 12.784 16.6604 0
      vertex 3.29673 3.7592 0
    endloop
  endfacet
  facet normal -0 0 -1
    outer loop
      vertex 12.784 16.6604 0
      vertex 3.04381 3.96677 0
      vertex 11.667 17.4609 0
    endloop
  endfacet
  facet normal 0 0 -1
    outer loop
      vertex 2.77785 4.15735 0
      vertex 11.667 17.4609 0
      vertex 3.04381 3.96677 0
    endloop
  endfacet
  facet normal -0 0 -1
    outer loop
      vertex 11.667 17.4609 0
      vertex 2.77785 4.15735 0
      vertex 10.5 18.1865 0
    endloop
  endfacet
  facet normal 0 0 -1
    outer loop
      vertex 2.5 4.33013 0
      vertex 10.5 18.1865 0
      vertex 2.77785 4.15735 0
    endloop
  endfacet
  facet normal -0 0 -1
    outer loop
      vertex 10.5 18.1865 0
      vertex 2.5 4.33013 0
      vertex 9.28806 18.8343 0
    endloop
  endfacet
  facet normal 0 0 -1
    outer loop
      vertex 2.21144 4.48436 0
      vertex 9.28806 18.8343 0
      vertex 2.5 4.33013 0
    endloop
  endfacet
  facet normal -0 0 -1
    outer loop
      vertex 9.28806 18.8343 0
      vertex 2.21144 4.48436 0
      vertex 8.03635 19.4015 0
    endloop
  endfacet
  facet normal 0 0 -1
    outer loop
      vertex 1.91342 4.6194 0
      vertex 8.03635 19.4015 0
      vertex 2.21144 4.48436 0
    endloop
  endfacet
  facet normal -0 0 -1
    outer loop
      vertex 8.03635 19.4015 0
      vertex 1.91342 4.6194 0
      vertex 6.75023 19.8855 0
    endloop
  endfacet
  facet normal 0 0 -1
    outer loop
      vertex 1.6072 4.73465 0
      vertex 6.75023 19.8855 0
      vertex 1.91342 4.6194 0
    endloop
  endfacet
  facet normal -0 0 -1
    outer loop
      vertex 6.75023 19.8855 0
      vertex 1.6072 4.73465 0
      vertex 5.4352 20.2844 0
    endloop
  endfacet
  facet normal 0 0 -1
    outer loop
      vertex 1.2941 4.82963 0
      vertex 5.4352 20.2844 0
      vertex 1.6072 4.73465 0
    endloop
  endfacet
  facet normal -0 0 -1
    outer loop
      vertex 5.4352 20.2844 0
      vertex 1.2941 4.82963 0
      vertex 4.0969 20.5965 0
    endloop
  endfacet
  facet normal 0 0 -1
    outer loop
      vertex 0.975451 4.90393 0
      vertex 4.0969 20.5965 0
      vertex 1.2941 4.82963 0
    endloop
  endfacet
  facet normal -0 0 -1
    outer loop
      vertex 4.0969 20.5965 0
      vertex 0.975451 4.90393 0
      vertex 2.74105 20.8203 0
    endloop
  endfacet
  facet normal 0 0 -1
    outer loop
      vertex 0.652631 4.95722 0
      vertex 2.74105 20.8203 0
      vertex 0.975451 4.90393 0
    endloop
  endfacet
  facet normal -0 0 -1
    outer loop
      vertex 2.74105 20.8203 0
      vertex 0.652631 4.95722 0
      vertex 1.37347 20.955 0
    endloop
  endfacet
  facet normal 0 0 -1
    outer loop
      vertex 0.327015 4.98929 0
      vertex 1.37347 20.955 0
      vertex 0.652631 4.95722 0
    endloop
  endfacet
  facet normal 0 0 -1
    outer loop
      vertex 0 5 0
      vertex 1.37347 20.955 0
      vertex 0.327015 4.98929 0
    endloop
  endfacet
  facet normal 0 0 -1
    outer loop
      vertex 0 5 0
      vertex 0 21 0
      vertex 1.37347 20.955 0
    endloop
  endfacet
  facet normal 0 0 -1
    outer loop
      vertex -0.327015 4.98929 0
      vertex 0 21 0
      vertex 0 5 0
    endloop
  endfacet
  facet normal 0 0 -1
    outer loop
      vertex -1.37347 20.955 0
      vertex -0.327015 4.98929 0
      vertex -0.652631 4.95722 0
    endloop
  endfacet
  facet normal 0 0 -1
    outer loop
      vertex -2.74105 20.8203 0
      vertex -0.652631 4.95722 0
      vertex -0.975451 4.90393 0
    endloop
  endfacet
  facet normal 0 0 -1
    outer loop
      vertex -4.0969 20.5965 0
      vertex -0.975451 4.90393 0
      vertex -1.2941 4.82963 0
    endloop
  endfacet
  facet normal 0 0 -1
    outer loop
      vertex -0.327015 4.98929 0
      vertex -1.37347 20.955 0
      vertex 0 21 0
    endloop
  endfacet
  facet normal 0 0 -1
    outer loop
      vertex -5.4352 20.2844 0
      vertex -1.2941 4.82963 0
      vertex -1.6072 4.73465 0
    endloop
  endfacet
  facet normal 0 0 -1
    outer loop
      vertex -6.75023 19.8855 0
      vertex -1.6072 4.73465 0
      vertex -1.91342 4.6194 0
    endloop
  endfacet
  facet normal 0 0 -1
    outer loop
      vertex -8.03635 19.4015 0
      vertex -1.91342 4.6194 0
      vertex -2.21144 4.48436 0
    endloop
  endfacet
  facet normal 0 0 -1
    outer loop
      vertex -9.28806 18.8343 0
      vertex -2.21144 4.48436 0
      vertex -2.5 4.33013 0
    endloop
  endfacet
  facet normal 0 0 -1
    outer loop
      vertex -0.652631 4.95722 0
      vertex -2.74105 20.8203 0
      vertex -1.37347 20.955 0
    endloop
  endfacet
  facet normal 0 0 -1
    outer loop
      vertex -10.5 18.1865 0
      vertex -2.5 4.33013 0
      vertex -2.77785 4.15735 0
    endloop
  endfacet
  facet normal 0 0 -1
    outer loop
      vertex -11.667 17.4609 0
      vertex -2.77785 4.15735 0
      vertex -3.04381 3.96677 0
    endloop
  endfacet
  facet normal 0 0 -1
    outer loop
      vertex -12.784 16.6604 0
      vertex -3.04381 3.96677 0
      vertex -3.29673 3.7592 0
    endloop
  endfacet
  facet normal 0 0 -1
    outer loop
      vertex -13.8463 15.7886 0
      vertex -3.29673 3.7592 0
      vertex -3.53553 3.53553 0
    endloop
  endfacet
  facet normal 0 0 -1
    outer loop
      vertex -14.8492 14.8492 0
      vertex -3.53553 3.53553 0
      vertex -3.7592 3.29673 0
    endloop
  endfacet
  facet normal 0 0 -1
    outer loop
      vertex -15.7886 13.8463 0
      vertex -3.7592 3.29673 0
      vertex -3.96677 3.04381 0
    endloop
  endfacet
  facet normal 0 0 -1
    outer loop
      vertex -0.975451 4.90393 0
      vertex -4.0969 20.5965 0
      vertex -2.74105 20.8203 0
    endloop
  endfacet
  facet normal 0 0 -1
    outer loop
      vertex -16.6604 12.784 0
      vertex -3.96677 3.04381 0
      vertex -4.15735 2.77785 0
    endloop
  endfacet
  facet normal 0 0 -1
    outer loop
      vertex -17.4609 11.667 0
      vertex -4.15735 2.77785 0
      vertex -4.33013 2.5 0
    endloop
  endfacet
  facet normal 0 0 -1
    outer loop
      vertex -18.1865 10.5 0
      vertex -4.33013 2.5 0
      vertex -4.48436 2.21144 0
    endloop
  endfacet
  facet normal 0 0 -1
    outer loop
      vertex -18.8343 9.28806 0
      vertex -4.48436 2.21144 0
      vertex -4.6194 1.91342 0
    endloop
  endfacet
  facet normal 0 0 -1
    outer loop
      vertex -19.4015 8.03635 0
      vertex -4.6194 1.91342 0
      vertex -4.73465 1.6072 0
    endloop
  endfacet
  facet normal 0 0 -1
    outer loop
      vertex -19.8855 6.75023 0
      vertex -4.73465 1.6072 0
      vertex -4.82963 1.2941 0
    endloop
  endfacet
  facet normal 0 0 -1
    outer loop
      vertex -20.2844 5.4352 0
      vertex -4.82963 1.2941 0
      vertex -4.90393 0.975451 0
    endloop
  endfacet
  facet normal 0 0 -1
    outer loop
      vertex -20.5965 4.0969 0
      vertex -4.90393 0.975451 0
      vertex -4.95722 0.652631 0
    endloop
  endfacet
  facet normal 0 0 -1
    outer loop
      vertex -20.8203 2.74105 0
      vertex -4.95722 0.652631 0
      vertex -4.98929 0.327015 0
    endloop
  endfacet
  facet normal 0 0 -1
    outer loop
      vertex -1.2941 4.82963 0
      vertex -5.4352 20.2844 0
      vertex -4.0969 20.5965 0
    endloop
  endfacet
  facet normal 0 0 -1
    outer loop
      vertex -20.955 1.37347 0
      vertex -4.98929 0.327015 0
      vertex -5 0 0
    endloop
  endfacet
  facet normal -0 0 -1
    outer loop
      vertex -3.96677 -3.04381 0
      vertex -16.6604 -12.784 0
      vertex -4.15735 -2.77785 0
    endloop
  endfacet
  facet normal 0 0 -1
    outer loop
      vertex -17.4609 -11.667 0
      vertex -4.15735 -2.77785 0
      vertex -16.6604 -12.784 0
    endloop
  endfacet
  facet normal 0 0 -1
    outer loop
      vertex -1.6072 4.73465 0
      vertex -6.75023 19.8855 0
      vertex -5.4352 20.2844 0
    endloop
  endfacet
  facet normal -0 0 -1
    outer loop
      vertex -4.15735 -2.77785 0
      vertex -17.4609 -11.667 0
      vertex -4.33013 -2.5 0
    endloop
  endfacet
  facet normal 0 0 -1
    outer loop
      vertex -1.91342 4.6194 0
      vertex -8.03635 19.4015 0
      vertex -6.75023 19.8855 0
    endloop
  endfacet
  facet normal 0 0 -1
    outer loop
      vertex -18.1865 -10.5 0
      vertex -4.33013 -2.5 0
      vertex -17.4609 -11.667 0
    endloop
  endfacet
  facet normal 0 0 -1
    outer loop
      vertex -2.21144 4.48436 0
      vertex -9.28806 18.8343 0
      vertex -8.03635 19.4015 0
    endloop
  endfacet
  facet normal -0 0 -1
    outer loop
      vertex -4.33013 -2.5 0
      vertex -18.1865 -10.5 0
      vertex -4.48436 -2.21144 0
    endloop
  endfacet
  facet normal 0 0 -1
    outer loop
      vertex -2.5 4.33013 0
      vertex -10.5 18.1865 0
      vertex -9.28806 18.8343 0
    endloop
  endfacet
  facet normal 0 0 -1
    outer loop
      vertex -18.8343 -9.28806 0
      vertex -4.48436 -2.21144 0
      vertex -18.1865 -10.5 0
    endloop
  endfacet
  facet normal 0 0 -1
    outer loop
      vertex -2.77785 4.15735 0
      vertex -11.667 17.4609 0
      vertex -10.5 18.1865 0
    endloop
  endfacet
  facet normal -0 0 -1
    outer loop
      vertex -4.48436 -2.21144 0
      vertex -18.8343 -9.28806 0
      vertex -4.6194 -1.91342 0
    endloop
  endfacet
  facet normal 0 0 -1
    outer loop
      vertex -3.04381 3.96677 0
      vertex -12.784 16.6604 0
      vertex -11.667 17.4609 0
    endloop
  endfacet
  facet normal 0 0 -1
    outer loop
      vertex -19.4015 -8.03635 0
      vertex -4.6194 -1.91342 0
      vertex -18.8343 -9.28806 0
    endloop
  endfacet
  facet normal 0 0 -1
    outer loop
      vertex -3.29673 3.7592 0
      vertex -13.8463 15.7886 0
      vertex -12.784 16.6604 0
    endloop
  endfacet
  facet normal -0 0 -1
    outer loop
      vertex -4.6194 -1.91342 0
      vertex -19.4015 -8.03635 0
      vertex -4.73465 -1.6072 0
    endloop
  endfacet
  facet normal 0 0 -1
    outer loop
      vertex -3.53553 3.53553 0
      vertex -14.8492 14.8492 0
      vertex -13.8463 15.7886 0
    endloop
  endfacet
  facet normal 0 0 -1
    outer loop
      vertex -19.8855 -6.75023 0
      vertex -4.73465 -1.6072 0
      vertex -19.4015 -8.03635 0
    endloop
  endfacet
  facet normal 0 0 -1
    outer loop
      vertex -3.7592 3.29673 0
      vertex -15.7886 13.8463 0
      vertex -14.8492 14.8492 0
    endloop
  endfacet
  facet normal -0 0 -1
    outer loop
      vertex -4.73465 -1.6072 0
      vertex -19.8855 -6.75023 0
      vertex -4.82963 -1.2941 0
    endloop
  endfacet
  facet normal 0 0 -1
    outer loop
      vertex -3.96677 3.04381 0
      vertex -16.6604 12.784 0
      vertex -15.7886 13.8463 0
    endloop
  endfacet
  facet normal 0 0 -1
    outer loop
      vertex -20.2844 -5.4352 0
      vertex -4.82963 -1.2941 0
      vertex -19.8855 -6.75023 0
    endloop
  endfacet
  facet normal 0 0 -1
    outer loop
      vertex -4.15735 2.77785 0
      vertex -17.4609 11.667 0
      vertex -16.6604 12.784 0
    endloop
  endfacet
  facet normal -0 0 -1
    outer loop
      vertex -4.82963 -1.2941 0
      vertex -20.2844 -5.4352 0
      vertex -4.90393 -0.975451 0
    endloop
  endfacet
  facet normal 0 0 -1
    outer loop
      vertex -4.33013 2.5 0
      vertex -18.1865 10.5 0
      vertex -17.4609 11.667 0
    endloop
  endfacet
  facet normal 0 0 -1
    outer loop
      vertex -20.5965 -4.0969 0
      vertex -4.90393 -0.975451 0
      vertex -20.2844 -5.4352 0
    endloop
  endfacet
  facet normal 0 0 -1
    outer loop
      vertex -4.48436 2.21144 0
      vertex -18.8343 9.28806 0
      vertex -18.1865 10.5 0
    endloop
  endfacet
  facet normal -0 0 -1
    outer loop
      vertex -4.90393 -0.975451 0
      vertex -20.5965 -4.0969 0
      vertex -4.95722 -0.652631 0
    endloop
  endfacet
  facet normal 0 0 -1
    outer loop
      vertex -4.6194 1.91342 0
      vertex -19.4015 8.03635 0
      vertex -18.8343 9.28806 0
    endloop
  endfacet
  facet normal 0 0 -1
    outer loop
      vertex -20.8203 -2.74105 0
      vertex -4.95722 -0.652631 0
      vertex -20.5965 -4.0969 0
    endloop
  endfacet
  facet normal 0 0 -1
    outer loop
      vertex -4.73465 1.6072 0
      vertex -19.8855 6.75023 0
      vertex -19.4015 8.03635 0
    endloop
  endfacet
  facet normal -0 0 -1
    outer loop
      vertex -4.95722 -0.652631 0
      vertex -20.8203 -2.74105 0
      vertex -4.98929 -0.327015 0
    endloop
  endfacet
  facet normal 0 0 -1
    outer loop
      vertex -4.82963 1.2941 0
      vertex -20.2844 5.4352 0
      vertex -19.8855 6.75023 0
    endloop
  endfacet
  facet normal 0 0 -1
    outer loop
      vertex -20.955 -1.37347 0
      vertex -4.98929 -0.327015 0
      vertex -20.8203 -2.74105 0
    endloop
  endfacet
  facet normal 0 0 -1
    outer loop
      vertex -4.90393 0.975451 0
      vertex -20.5965 4.0969 0
      vertex -20.2844 5.4352 0
    endloop
  endfacet
  facet normal -0 0 -1
    outer loop
      vertex -4.98929 -0.327015 0
      vertex -20.955 -1.37347 0
      vertex -5 0 0
    endloop
  endfacet
  facet normal 0 0 -1
    outer loop
      vertex -4.95722 0.652631 0
      vertex -20.8203 2.74105 0
      vertex -20.5965 4.0969 0
    endloop
  endfacet
  facet normal 0 0 -1
    outer loop
      vertex -21 0 0
      vertex -5 0 0
      vertex -20.955 -1.37347 0
    endloop
  endfacet
  facet normal 0 0 -1
    outer loop
      vertex -4.98929 0.327015 0
      vertex -20.955 1.37347 0
      vertex -20.8203 2.74105 0
    endloop
  endfacet
  facet normal 0 0 -1
    outer loop
      vertex -5 0 0
      vertex -21 0 0
      vertex -20.955 1.37347 0
    endloop
  endfacet
  facet normal 0.956942 -0.290278 0
    outer loop
      vertex 19.8855 -6.75023 51
      vertex 20.2844 -5.4352 0
      vertex 20.2844 -5.4352 51
    endloop
  endfacet
  facet normal 0.956942 -0.290278 0
    outer loop
      vertex 20.2844 -5.4352 0
      vertex 19.8855 -6.75023 51
      vertex 19.8855 -6.75023 0
    endloop
  endfacet
  facet normal 0.63439 0.773013 -0
    outer loop
      vertex 13.8463 15.7886 0
      vertex 12.784 16.6604 51
      vertex 13.8463 15.7886 51
    endloop
  endfacet
  facet normal 0.63439 0.773013 0
    outer loop
      vertex 12.784 16.6604 51
      vertex 13.8463 15.7886 0
      vertex 12.784 16.6604 0
    endloop
  endfacet
  facet normal 0.812823 0.582511 0
    outer loop
      vertex 17.4609 11.667 51
      vertex 16.6604 12.784 0
      vertex 16.6604 12.784 51
    endloop
  endfacet
  facet normal 0.812823 0.582511 0
    outer loop
      vertex 16.6604 12.784 0
      vertex 17.4609 11.667 51
      vertex 17.4609 11.667 0
    endloop
  endfacet
  facet normal -0.352211 -0.935921 0
    outer loop
      vertex -8.03635 -19.4015 0
      vertex -6.75023 -19.8855 51
      vertex -8.03635 -19.4015 51
    endloop
  endfacet
  facet normal -0.352211 -0.935921 -0
    outer loop
      vertex -6.75023 -19.8855 51
      vertex -8.03635 -19.4015 0
      vertex -6.75023 -19.8855 0
    endloop
  endfacet
  facet normal -0.849231 -0.528022 0
    outer loop
      vertex -17.4609 -11.667 0
      vertex -18.1865 -10.5 51
      vertex -18.1865 -10.5 0
    endloop
  endfacet
  facet normal -0.849231 -0.528022 0
    outer loop
      vertex -18.1865 -10.5 51
      vertex -17.4609 -11.667 0
      vertex -17.4609 -11.667 51
    endloop
  endfacet
  facet normal -0.290278 0.956942 0
    outer loop
      vertex -5.4352 20.2844 0
      vertex -6.75023 19.8855 51
      vertex -5.4352 20.2844 51
    endloop
  endfacet
  facet normal -0.290278 0.956942 0
    outer loop
      vertex -6.75023 19.8855 51
      vertex -5.4352 20.2844 0
      vertex -6.75023 19.8855 0
    endloop
  endfacet
  facet normal -0.528022 -0.849231 0
    outer loop
      vertex -11.667 -17.4609 0
      vertex -10.5 -18.1865 51
      vertex -11.667 -17.4609 51
    endloop
  endfacet
  facet normal -0.528022 -0.849231 -0
    outer loop
      vertex -10.5 -18.1865 51
      vertex -11.667 -17.4609 0
      vertex -10.5 -18.1865 0
    endloop
  endfacet
  facet normal -0.986649 0.162859 0
    outer loop
      vertex -20.8203 2.74105 0
      vertex -20.5965 4.0969 51
      vertex -20.5965 4.0969 0
    endloop
  endfacet
  facet normal -0.986649 0.162859 0
    outer loop
      vertex -20.5965 4.0969 51
      vertex -20.8203 2.74105 0
      vertex -20.8203 2.74105 51
    endloop
  endfacet
  facet normal 0.0327462 0.999464 -0
    outer loop
      vertex 1.37347 20.955 0
      vertex 0 21 51
      vertex 1.37347 20.955 51
    endloop
  endfacet
  facet normal 0.0327462 0.999464 0
    outer loop
      vertex 0 21 51
      vertex 1.37347 20.955 0
      vertex 0 21 0
    endloop
  endfacet
  facet normal -0.683624 0.729834 0
    outer loop
      vertex -13.8463 15.7886 0
      vertex -14.8492 14.8492 51
      vertex -13.8463 15.7886 51
    endloop
  endfacet
  facet normal -0.683624 0.729834 0
    outer loop
      vertex -14.8492 14.8492 51
      vertex -13.8463 15.7886 0
      vertex -14.8492 14.8492 0
    endloop
  endfacet
  facet normal -0.0327462 0.999464 0
    outer loop
      vertex 0 21 0
      vertex -1.37347 20.955 51
      vertex 0 21 51
    endloop
  endfacet
  facet normal -0.0327462 0.999464 0
    outer loop
      vertex -1.37347 20.955 51
      vertex 0 21 0
      vertex -1.37347 20.955 0
    endloop
  endfacet
  facet normal 0.849231 -0.528022 0
    outer loop
      vertex 17.4609 -11.667 51
      vertex 18.1865 -10.5 0
      vertex 18.1865 -10.5 51
    endloop
  endfacet
  facet normal 0.849231 -0.528022 0
    outer loop
      vertex 18.1865 -10.5 0
      vertex 17.4609 -11.667 51
      vertex 17.4609 -11.667 0
    endloop
  endfacet
  facet normal -0.729834 -0.683624 0
    outer loop
      vertex -14.8492 -14.8492 0
      vertex -15.7886 -13.8463 51
      vertex -15.7886 -13.8463 0
    endloop
  endfacet
  facet normal -0.729834 -0.683624 0
    outer loop
      vertex -15.7886 -13.8463 51
      vertex -14.8492 -14.8492 0
      vertex -14.8492 -14.8492 51
    endloop
  endfacet
  facet normal -0.162859 -0.986649 0
    outer loop
      vertex -4.0969 -20.5965 0
      vertex -2.74105 -20.8203 51
      vertex -4.0969 -20.5965 51
    endloop
  endfacet
  facet normal -0.162859 -0.986649 -0
    outer loop
      vertex -2.74105 -20.8203 51
      vertex -4.0969 -20.5965 0
      vertex -2.74105 -20.8203 0
    endloop
  endfacet
  facet normal -0.412742 0.910848 0
    outer loop
      vertex -8.03635 19.4015 0
      vertex -9.28806 18.8343 51
      vertex -8.03635 19.4015 51
    endloop
  endfacet
  facet normal -0.412742 0.910848 0
    outer loop
      vertex -9.28806 18.8343 51
      vertex -8.03635 19.4015 0
      vertex -9.28806 18.8343 0
    endloop
  endfacet
  facet normal 0.582511 -0.812823 0
    outer loop
      vertex 11.667 -17.4609 0
      vertex 12.784 -16.6604 51
      vertex 11.667 -17.4609 51
    endloop
  endfacet
  facet normal 0.582511 -0.812823 0
    outer loop
      vertex 12.784 -16.6604 51
      vertex 11.667 -17.4609 0
      vertex 12.784 -16.6604 0
    endloop
  endfacet
  facet normal -0.683624 -0.729834 0
    outer loop
      vertex -14.8492 -14.8492 0
      vertex -13.8463 -15.7886 51
      vertex -14.8492 -14.8492 51
    endloop
  endfacet
  facet normal -0.683624 -0.729834 -0
    outer loop
      vertex -13.8463 -15.7886 51
      vertex -14.8492 -14.8492 0
      vertex -13.8463 -15.7886 0
    endloop
  endfacet
  facet normal -0.773013 0.63439 0
    outer loop
      vertex -16.6604 12.784 0
      vertex -15.7886 13.8463 51
      vertex -15.7886 13.8463 0
    endloop
  endfacet
  facet normal -0.773013 0.63439 0
    outer loop
      vertex -15.7886 13.8463 51
      vertex -16.6604 12.784 0
      vertex -16.6604 12.784 51
    endloop
  endfacet
  facet normal 0.973869 -0.227112 0
    outer loop
      vertex 20.2844 -5.4352 51
      vertex 20.5965 -4.0969 0
      vertex 20.5965 -4.0969 51
    endloop
  endfacet
  facet normal 0.973869 -0.227112 0
    outer loop
      vertex 20.5965 -4.0969 0
      vertex 20.2844 -5.4352 51
      vertex 20.2844 -5.4352 0
    endloop
  endfacet
  facet normal -0.956942 -0.290278 0
    outer loop
      vertex -19.8855 -6.75023 0
      vertex -20.2844 -5.4352 51
      vertex -20.2844 -5.4352 0
    endloop
  endfacet
  facet normal -0.956942 -0.290278 0
    outer loop
      vertex -20.2844 -5.4352 51
      vertex -19.8855 -6.75023 0
      vertex -19.8855 -6.75023 51
    endloop
  endfacet
  facet normal -0.956942 0.290278 0
    outer loop
      vertex -20.2844 5.4352 0
      vertex -19.8855 6.75023 51
      vertex -19.8855 6.75023 0
    endloop
  endfacet
  facet normal -0.956942 0.290278 0
    outer loop
      vertex -19.8855 6.75023 51
      vertex -20.2844 5.4352 0
      vertex -20.2844 5.4352 51
    endloop
  endfacet
  facet normal 0.0980208 0.995184 -0
    outer loop
      vertex 2.74105 20.8203 0
      vertex 1.37347 20.955 51
      vertex 2.74105 20.8203 51
    endloop
  endfacet
  facet normal 0.0980208 0.995184 0
    outer loop
      vertex 1.37347 20.955 51
      vertex 2.74105 20.8203 0
      vertex 1.37347 20.955 0
    endloop
  endfacet
  facet normal -0.412742 -0.910848 0
    outer loop
      vertex -9.28806 -18.8343 0
      vertex -8.03635 -19.4015 51
      vertex -9.28806 -18.8343 51
    endloop
  endfacet
  facet normal -0.412742 -0.910848 -0
    outer loop
      vertex -8.03635 -19.4015 51
      vertex -9.28806 -18.8343 0
      vertex -8.03635 -19.4015 0
    endloop
  endfacet
  facet normal 0.910848 -0.412742 0
    outer loop
      vertex 18.8343 -9.28806 51
      vertex 19.4015 -8.03635 0
      vertex 19.4015 -8.03635 51
    endloop
  endfacet
  facet normal 0.910848 -0.412742 0
    outer loop
      vertex 19.4015 -8.03635 0
      vertex 18.8343 -9.28806 51
      vertex 18.8343 -9.28806 0
    endloop
  endfacet
  facet normal -0.0980208 -0.995184 0
    outer loop
      vertex -2.74105 -20.8203 0
      vertex -1.37347 -20.955 51
      vertex -2.74105 -20.8203 51
    endloop
  endfacet
  facet normal -0.0980208 -0.995184 -0
    outer loop
      vertex -1.37347 -20.955 51
      vertex -2.74105 -20.8203 0
      vertex -1.37347 -20.955 0
    endloop
  endfacet
  facet normal 0.227112 0.973869 -0
    outer loop
      vertex 5.4352 20.2844 0
      vertex 4.0969 20.5965 51
      vertex 5.4352 20.2844 51
    endloop
  endfacet
  facet normal 0.227112 0.973869 0
    outer loop
      vertex 4.0969 20.5965 51
      vertex 5.4352 20.2844 0
      vertex 4.0969 20.5965 0
    endloop
  endfacet
  facet normal 0.290278 0.956942 -0
    outer loop
      vertex 6.75023 19.8855 0
      vertex 5.4352 20.2844 51
      vertex 6.75023 19.8855 51
    endloop
  endfacet
  facet normal 0.290278 0.956942 0
    outer loop
      vertex 5.4352 20.2844 51
      vertex 6.75023 19.8855 0
      vertex 5.4352 20.2844 0
    endloop
  endfacet
  facet normal -0.471399 0.88192 0
    outer loop
      vertex -9.28806 18.8343 0
      vertex -10.5 18.1865 51
      vertex -9.28806 18.8343 51
    endloop
  endfacet
  facet normal -0.471399 0.88192 0
    outer loop
      vertex -10.5 18.1865 51
      vertex -9.28806 18.8343 0
      vertex -10.5 18.1865 0
    endloop
  endfacet
  facet normal -0.471399 -0.88192 0
    outer loop
      vertex -10.5 -18.1865 0
      vertex -9.28806 -18.8343 51
      vertex -10.5 -18.1865 51
    endloop
  endfacet
  facet normal -0.471399 -0.88192 -0
    outer loop
      vertex -9.28806 -18.8343 51
      vertex -10.5 -18.1865 0
      vertex -9.28806 -18.8343 0
    endloop
  endfacet
  facet normal -0.999464 0.0327218 0
    outer loop
      vertex 7.55878 -0.495428 3
      vertex 7.575 0 51
      vertex 7.575 0 3
    endloop
  endfacet
  facet normal -0.999464 0.0327218 0
    outer loop
      vertex 7.575 0 51
      vertex 7.55878 -0.495428 3
      vertex 7.55878 -0.495428 51
    endloop
  endfacet
  facet normal -0.995184 -0.0980241 0
    outer loop
      vertex 7.55878 0.495428 3
      vertex 7.51019 0.988735 51
      vertex 7.51019 0.988735 3
    endloop
  endfacet
  facet normal -0.995184 -0.0980241 0
    outer loop
      vertex 7.51019 0.988735 51
      vertex 7.55878 0.495428 3
      vertex 7.55878 0.495428 51
    endloop
  endfacet
  facet normal -0.999464 -0.0327218 0
    outer loop
      vertex 7.575 0 3
      vertex 7.55878 0.495428 51
      vertex 7.55878 0.495428 3
    endloop
  endfacet
  facet normal -0.999464 -0.0327218 0
    outer loop
      vertex 7.55878 0.495428 51
      vertex 7.575 0 3
      vertex 7.575 0 51
    endloop
  endfacet
  facet normal -0.986645 -0.162882 0
    outer loop
      vertex 7.51019 0.988735 3
      vertex 7.42945 1.47781 51
      vertex 7.42945 1.47781 3
    endloop
  endfacet
  facet normal -0.986645 -0.162882 0
    outer loop
      vertex 7.42945 1.47781 51
      vertex 7.51019 0.988735 3
      vertex 7.51019 0.988735 51
    endloop
  endfacet
  facet normal -0.956942 -0.29028 0
    outer loop
      vertex 7.31689 1.96055 3
      vertex 7.173 2.4349 51
      vertex 7.173 2.4349 3
    endloop
  endfacet
  facet normal -0.956942 -0.29028 0
    outer loop
      vertex 7.173 2.4349 51
      vertex 7.31689 1.96055 3
      vertex 7.31689 1.96055 51
    endloop
  endfacet
  facet normal -0.412713 0.910861 0
    outer loop
      vertex 3.35034 -6.79381 3
      vertex 2.89883 -6.99839 51
      vertex 3.35034 -6.79381 51
    endloop
  endfacet
  facet normal -0.412713 0.910861 0
    outer loop
      vertex 2.89883 -6.99839 51
      vertex 3.35034 -6.79381 3
      vertex 2.89883 -6.99839 3
    endloop
  endfacet
  facet normal -0.0980241 -0.995184 0
    outer loop
      vertex 0.495428 7.55878 3
      vertex 0.988735 7.51019 51
      vertex 0.495428 7.55878 51
    endloop
  endfacet
  facet normal -0.0980241 -0.995184 -0
    outer loop
      vertex 0.988735 7.51019 51
      vertex 0.495428 7.55878 3
      vertex 0.988735 7.51019 3
    endloop
  endfacet
  facet normal 0.8492 -0.528072 0
    outer loop
      vertex -6.56014 3.7875 51
      vertex -6.29838 4.20844 3
      vertex -6.29838 4.20844 51
    endloop
  endfacet
  facet normal 0.8492 -0.528072 0
    outer loop
      vertex -6.29838 4.20844 3
      vertex -6.56014 3.7875 51
      vertex -6.56014 3.7875 3
    endloop
  endfacet
  facet normal 0.999464 0.0327218 0
    outer loop
      vertex -7.55878 -0.495428 51
      vertex -7.575 0 3
      vertex -7.575 0 51
    endloop
  endfacet
  facet normal 0.999464 0.0327218 0
    outer loop
      vertex -7.575 0 3
      vertex -7.55878 -0.495428 51
      vertex -7.55878 -0.495428 3
    endloop
  endfacet
  facet normal -0.471402 0.881919 0
    outer loop
      vertex 3.7875 -6.56014 3
      vertex 3.35034 -6.79381 51
      vertex 3.7875 -6.56014 51
    endloop
  endfacet
  facet normal -0.471402 0.881919 0
    outer loop
      vertex 3.35034 -6.79381 51
      vertex 3.7875 -6.56014 3
      vertex 3.35034 -6.79381 3
    endloop
  endfacet
  facet normal 0.162882 0.986645 -0
    outer loop
      vertex -0.988735 -7.51019 3
      vertex -1.47781 -7.42945 51
      vertex -0.988735 -7.51019 51
    endloop
  endfacet
  facet normal 0.162882 0.986645 0
    outer loop
      vertex -1.47781 -7.42945 51
      vertex -0.988735 -7.51019 3
      vertex -1.47781 -7.42945 3
    endloop
  endfacet
  facet normal 0.29028 -0.956942 0
    outer loop
      vertex -2.4349 7.173 3
      vertex -1.96055 7.31689 51
      vertex -2.4349 7.173 51
    endloop
  endfacet
  facet normal 0.29028 -0.956942 0
    outer loop
      vertex -1.96055 7.31689 51
      vertex -2.4349 7.173 3
      vertex -1.96055 7.31689 3
    endloop
  endfacet
  facet normal -0.995184 0.0980241 0
    outer loop
      vertex 7.51019 -0.988735 3
      vertex 7.55878 -0.495428 51
      vertex 7.55878 -0.495428 3
    endloop
  endfacet
  facet normal -0.995184 0.0980241 0
    outer loop
      vertex 7.55878 -0.495428 51
      vertex 7.51019 -0.988735 3
      vertex 7.51019 -0.988735 51
    endloop
  endfacet
  facet normal 0.956942 -0.29028 0
    outer loop
      vertex -7.31689 1.96055 51
      vertex -7.173 2.4349 3
      vertex -7.173 2.4349 51
    endloop
  endfacet
  facet normal 0.956942 -0.29028 0
    outer loop
      vertex -7.173 2.4349 3
      vertex -7.31689 1.96055 51
      vertex -7.31689 1.96055 3
    endloop
  endfacet
  facet normal -0.162882 0.986645 0
    outer loop
      vertex 1.47781 -7.42945 3
      vertex 0.988735 -7.51019 51
      vertex 1.47781 -7.42945 51
    endloop
  endfacet
  facet normal -0.162882 0.986645 0
    outer loop
      vertex 0.988735 -7.51019 51
      vertex 1.47781 -7.42945 3
      vertex 0.988735 -7.51019 3
    endloop
  endfacet
  facet normal -0.986645 0.162882 0
    outer loop
      vertex 7.42945 -1.47781 3
      vertex 7.51019 -0.988735 51
      vertex 7.51019 -0.988735 3
    endloop
  endfacet
  facet normal -0.986645 0.162882 0
    outer loop
      vertex 7.51019 -0.988735 51
      vertex 7.42945 -1.47781 3
      vertex 7.42945 -1.47781 51
    endloop
  endfacet
  facet normal 0.471402 -0.881919 0
    outer loop
      vertex -3.7875 6.56014 3
      vertex -3.35034 6.79381 51
      vertex -3.7875 6.56014 51
    endloop
  endfacet
  facet normal 0.471402 -0.881919 0
    outer loop
      vertex -3.35034 6.79381 51
      vertex -3.7875 6.56014 3
      vertex -3.35034 6.79381 3
    endloop
  endfacet
  facet normal -0.77301 -0.634394 0
    outer loop
      vertex 6.00965 4.61137 3
      vertex 5.69519 4.99454 51
      vertex 5.69519 4.99454 3
    endloop
  endfacet
  facet normal -0.77301 -0.634394 0
    outer loop
      vertex 5.69519 4.99454 51
      vertex 6.00965 4.61137 3
      vertex 6.00965 4.61137 51
    endloop
  endfacet
  facet normal -0.935907 -0.352248 0
    outer loop
      vertex 7.173 2.4349 3
      vertex 6.99839 2.89883 51
      vertex 6.99839 2.89883 3
    endloop
  endfacet
  facet normal -0.935907 -0.352248 0
    outer loop
      vertex 6.99839 2.89883 51
      vertex 7.173 2.4349 3
      vertex 7.173 2.4349 51
    endloop
  endfacet
  facet normal -0.58247 -0.812852 0
    outer loop
      vertex 4.20844 6.29838 3
      vertex 4.61137 6.00965 51
      vertex 4.20844 6.29838 51
    endloop
  endfacet
  facet normal -0.58247 -0.812852 -0
    outer loop
      vertex 4.61137 6.00965 51
      vertex 4.20844 6.29838 3
      vertex 4.61137 6.00965 3
    endloop
  endfacet
  facet normal -0.729857 -0.683599 0
    outer loop
      vertex 5.69519 4.99454 3
      vertex 5.35633 5.35633 51
      vertex 5.35633 5.35633 3
    endloop
  endfacet
  facet normal -0.729857 -0.683599 0
    outer loop
      vertex 5.35633 5.35633 51
      vertex 5.69519 4.99454 3
      vertex 5.69519 4.99454 51
    endloop
  endfacet
  facet normal 0.471402 0.881919 -0
    outer loop
      vertex -3.35034 -6.79381 3
      vertex -3.7875 -6.56014 51
      vertex -3.35034 -6.79381 51
    endloop
  endfacet
  facet normal 0.471402 0.881919 0
    outer loop
      vertex -3.7875 -6.56014 51
      vertex -3.35034 -6.79381 3
      vertex -3.7875 -6.56014 3
    endloop
  endfacet
  facet normal 0.412713 -0.910861 0
    outer loop
      vertex -3.35034 6.79381 3
      vertex -2.89883 6.99839 51
      vertex -3.35034 6.79381 51
    endloop
  endfacet
  facet normal 0.412713 -0.910861 0
    outer loop
      vertex -2.89883 6.99839 51
      vertex -3.35034 6.79381 3
      vertex -2.89883 6.99839 3
    endloop
  endfacet
  facet normal -0.412713 -0.910861 0
    outer loop
      vertex 2.89883 6.99839 3
      vertex 3.35034 6.79381 51
      vertex 2.89883 6.99839 51
    endloop
  endfacet
  facet normal -0.412713 -0.910861 -0
    outer loop
      vertex 3.35034 6.79381 51
      vertex 2.89883 6.99839 3
      vertex 3.35034 6.79381 3
    endloop
  endfacet
  facet normal -0.0980241 0.995184 0
    outer loop
      vertex 0.988735 -7.51019 3
      vertex 0.495428 -7.55878 51
      vertex 0.988735 -7.51019 51
    endloop
  endfacet
  facet normal -0.0980241 0.995184 0
    outer loop
      vertex 0.495428 -7.55878 51
      vertex 0.988735 -7.51019 3
      vertex 0.495428 -7.55878 3
    endloop
  endfacet
  facet normal -0.352248 0.935907 0
    outer loop
      vertex 2.89883 -6.99839 3
      vertex 2.4349 -7.173 51
      vertex 2.89883 -6.99839 51
    endloop
  endfacet
  facet normal -0.352248 0.935907 0
    outer loop
      vertex 2.4349 -7.173 51
      vertex 2.89883 -6.99839 3
      vertex 2.4349 -7.173 3
    endloop
  endfacet
  facet normal 0.729857 0.683599 0
    outer loop
      vertex -5.35633 -5.35633 51
      vertex -5.69519 -4.99454 3
      vertex -5.69519 -4.99454 51
    endloop
  endfacet
  facet normal 0.729857 0.683599 0
    outer loop
      vertex -5.69519 -4.99454 3
      vertex -5.35633 -5.35633 51
      vertex -5.35633 -5.35633 3
    endloop
  endfacet
  facet normal -0.729857 0.683599 0
    outer loop
      vertex 5.35633 -5.35633 3
      vertex 5.69519 -4.99454 51
      vertex 5.69519 -4.99454 3
    endloop
  endfacet
  facet normal -0.729857 0.683599 0
    outer loop
      vertex 5.69519 -4.99454 51
      vertex 5.35633 -5.35633 3
      vertex 5.35633 -5.35633 51
    endloop
  endfacet
  facet normal 0.634394 -0.77301 0
    outer loop
      vertex -4.99454 5.69519 3
      vertex -4.61137 6.00965 51
      vertex -4.99454 5.69519 51
    endloop
  endfacet
  facet normal 0.634394 -0.77301 0
    outer loop
      vertex -4.61137 6.00965 51
      vertex -4.99454 5.69519 3
      vertex -4.61137 6.00965 3
    endloop
  endfacet
  facet normal 0.528072 -0.8492 0
    outer loop
      vertex -4.20844 6.29838 3
      vertex -3.7875 6.56014 51
      vertex -4.20844 6.29838 51
    endloop
  endfacet
  facet normal 0.528072 -0.8492 0
    outer loop
      vertex -3.7875 6.56014 51
      vertex -4.20844 6.29838 3
      vertex -3.7875 6.56014 3
    endloop
  endfacet
  facet normal -0.935907 0.352248 0
    outer loop
      vertex 6.99839 -2.89883 3
      vertex 7.173 -2.4349 51
      vertex 7.173 -2.4349 3
    endloop
  endfacet
  facet normal -0.935907 0.352248 0
    outer loop
      vertex 7.173 -2.4349 51
      vertex 6.99839 -2.89883 3
      vertex 6.99839 -2.89883 51
    endloop
  endfacet
  facet normal 0.729857 -0.683599 0
    outer loop
      vertex -5.69519 4.99454 51
      vertex -5.35633 5.35633 3
      vertex -5.35633 5.35633 51
    endloop
  endfacet
  facet normal 0.729857 -0.683599 0
    outer loop
      vertex -5.35633 5.35633 3
      vertex -5.69519 4.99454 51
      vertex -5.69519 4.99454 3
    endloop
  endfacet
  facet normal 0.0980241 0.995184 -0
    outer loop
      vertex -0.495428 -7.55878 3
      vertex -0.988735 -7.51019 51
      vertex -0.495428 -7.55878 51
    endloop
  endfacet
  facet normal 0.0980241 0.995184 0
    outer loop
      vertex -0.988735 -7.51019 51
      vertex -0.495428 -7.55878 3
      vertex -0.988735 -7.51019 3
    endloop
  endfacet
  facet normal 0.956942 0.29028 0
    outer loop
      vertex -7.173 -2.4349 51
      vertex -7.31689 -1.96055 3
      vertex -7.31689 -1.96055 51
    endloop
  endfacet
  facet normal 0.956942 0.29028 0
    outer loop
      vertex -7.31689 -1.96055 3
      vertex -7.173 -2.4349 51
      vertex -7.173 -2.4349 3
    endloop
  endfacet
  facet normal 0.162882 -0.986645 0
    outer loop
      vertex -1.47781 7.42945 3
      vertex -0.988735 7.51019 51
      vertex -1.47781 7.42945 51
    endloop
  endfacet
  facet normal 0.162882 -0.986645 0
    outer loop
      vertex -0.988735 7.51019 51
      vertex -1.47781 7.42945 3
      vertex -0.988735 7.51019 3
    endloop
  endfacet
  facet normal 0.58247 0.812852 -0
    outer loop
      vertex -4.20844 -6.29838 3
      vertex -4.61137 -6.00965 51
      vertex -4.20844 -6.29838 51
    endloop
  endfacet
  facet normal 0.58247 0.812852 0
    outer loop
      vertex -4.61137 -6.00965 51
      vertex -4.20844 -6.29838 3
      vertex -4.61137 -6.00965 3
    endloop
  endfacet
  facet normal 0.77301 -0.634394 0
    outer loop
      vertex -6.00965 4.61137 51
      vertex -5.69519 4.99454 3
      vertex -5.69519 4.99454 51
    endloop
  endfacet
  facet normal 0.77301 -0.634394 0
    outer loop
      vertex -5.69519 4.99454 3
      vertex -6.00965 4.61137 51
      vertex -6.00965 4.61137 3
    endloop
  endfacet
  facet normal -0.683599 0.729857 0
    outer loop
      vertex 5.35633 -5.35633 3
      vertex 4.99454 -5.69519 51
      vertex 5.35633 -5.35633 51
    endloop
  endfacet
  facet normal -0.683599 0.729857 0
    outer loop
      vertex 4.99454 -5.69519 51
      vertex 5.35633 -5.35633 3
      vertex 4.99454 -5.69519 3
    endloop
  endfacet
  facet normal -0.29028 0.956942 0
    outer loop
      vertex 2.4349 -7.173 3
      vertex 1.96055 -7.31689 51
      vertex 2.4349 -7.173 51
    endloop
  endfacet
  facet normal -0.29028 0.956942 0
    outer loop
      vertex 1.96055 -7.31689 51
      vertex 2.4349 -7.173 3
      vertex 1.96055 -7.31689 3
    endloop
  endfacet
  facet normal 0.352248 0.935907 -0
    outer loop
      vertex -2.4349 -7.173 3
      vertex -2.89883 -6.99839 51
      vertex -2.4349 -7.173 51
    endloop
  endfacet
  facet normal 0.352248 0.935907 0
    outer loop
      vertex -2.89883 -6.99839 51
      vertex -2.4349 -7.173 3
      vertex -2.89883 -6.99839 3
    endloop
  endfacet
  facet normal -0.973877 -0.227078 0
    outer loop
      vertex 7.42945 1.47781 3
      vertex 7.31689 1.96055 51
      vertex 7.31689 1.96055 3
    endloop
  endfacet
  facet normal -0.973877 -0.227078 0
    outer loop
      vertex 7.31689 1.96055 51
      vertex 7.42945 1.47781 3
      vertex 7.42945 1.47781 51
    endloop
  endfacet
  facet normal -0.812852 0.58247 0
    outer loop
      vertex 6.00965 -4.61137 3
      vertex 6.29838 -4.20844 51
      vertex 6.29838 -4.20844 3
    endloop
  endfacet
  facet normal -0.812852 0.58247 0
    outer loop
      vertex 6.29838 -4.20844 51
      vertex 6.00965 -4.61137 3
      vertex 6.00965 -4.61137 51
    endloop
  endfacet
  facet normal 0.910861 0.412713 0
    outer loop
      vertex -6.79381 -3.35034 51
      vertex -6.99839 -2.89883 3
      vertex -6.99839 -2.89883 51
    endloop
  endfacet
  facet normal 0.910861 0.412713 0
    outer loop
      vertex -6.99839 -2.89883 3
      vertex -6.79381 -3.35034 51
      vertex -6.79381 -3.35034 3
    endloop
  endfacet
  facet normal 0.77301 0.634394 0
    outer loop
      vertex -5.69519 -4.99454 51
      vertex -6.00965 -4.61137 3
      vertex -6.00965 -4.61137 51
    endloop
  endfacet
  facet normal 0.77301 0.634394 0
    outer loop
      vertex -6.00965 -4.61137 3
      vertex -5.69519 -4.99454 51
      vertex -5.69519 -4.99454 3
    endloop
  endfacet
  facet normal 0.58247 -0.812852 0
    outer loop
      vertex -4.61137 6.00965 3
      vertex -4.20844 6.29838 51
      vertex -4.61137 6.00965 51
    endloop
  endfacet
  facet normal 0.58247 -0.812852 0
    outer loop
      vertex -4.20844 6.29838 51
      vertex -4.61137 6.00965 3
      vertex -4.20844 6.29838 3
    endloop
  endfacet
  facet normal 0.8492 0.528072 0
    outer loop
      vertex -6.29838 -4.20844 51
      vertex -6.56014 -3.7875 3
      vertex -6.56014 -3.7875 51
    endloop
  endfacet
  facet normal 0.8492 0.528072 0
    outer loop
      vertex -6.56014 -3.7875 3
      vertex -6.29838 -4.20844 51
      vertex -6.29838 -4.20844 3
    endloop
  endfacet
  facet normal 0.0327218 0.999464 -0
    outer loop
      vertex 0 -7.575 3
      vertex -0.495428 -7.55878 51
      vertex 0 -7.575 51
    endloop
  endfacet
  facet normal 0.0327218 0.999464 0
    outer loop
      vertex -0.495428 -7.55878 51
      vertex 0 -7.575 3
      vertex -0.495428 -7.55878 3
    endloop
  endfacet
  facet normal 0.812852 -0.58247 0
    outer loop
      vertex -6.29838 4.20844 51
      vertex -6.00965 4.61137 3
      vertex -6.00965 4.61137 51
    endloop
  endfacet
  facet normal 0.812852 -0.58247 0
    outer loop
      vertex -6.00965 4.61137 3
      vertex -6.29838 4.20844 51
      vertex -6.29838 4.20844 3
    endloop
  endfacet
  facet normal 0.986645 0.162882 0
    outer loop
      vertex -7.42945 -1.47781 51
      vertex -7.51019 -0.988735 3
      vertex -7.51019 -0.988735 51
    endloop
  endfacet
  facet normal 0.986645 0.162882 0
    outer loop
      vertex -7.51019 -0.988735 3
      vertex -7.42945 -1.47781 51
      vertex -7.42945 -1.47781 3
    endloop
  endfacet
  facet normal -0.910861 -0.412713 0
    outer loop
      vertex 6.99839 2.89883 3
      vertex 6.79381 3.35034 51
      vertex 6.79381 3.35034 3
    endloop
  endfacet
  facet normal -0.910861 -0.412713 0
    outer loop
      vertex 6.79381 3.35034 51
      vertex 6.99839 2.89883 3
      vertex 6.99839 2.89883 51
    endloop
  endfacet
  facet normal -0.227078 0.973877 0
    outer loop
      vertex 1.96055 -7.31689 3
      vertex 1.47781 -7.42945 51
      vertex 1.96055 -7.31689 51
    endloop
  endfacet
  facet normal -0.227078 0.973877 0
    outer loop
      vertex 1.47781 -7.42945 51
      vertex 1.96055 -7.31689 3
      vertex 1.47781 -7.42945 3
    endloop
  endfacet
  facet normal 0.528072 0.8492 -0
    outer loop
      vertex -3.7875 -6.56014 3
      vertex -4.20844 -6.29838 51
      vertex -3.7875 -6.56014 51
    endloop
  endfacet
  facet normal 0.528072 0.8492 0
    outer loop
      vertex -4.20844 -6.29838 51
      vertex -3.7875 -6.56014 3
      vertex -4.20844 -6.29838 3
    endloop
  endfacet
  facet normal -0.881919 0.471402 0
    outer loop
      vertex 6.56014 -3.7875 3
      vertex 6.79381 -3.35034 51
      vertex 6.79381 -3.35034 3
    endloop
  endfacet
  facet normal -0.881919 0.471402 0
    outer loop
      vertex 6.79381 -3.35034 51
      vertex 6.56014 -3.7875 3
      vertex 6.56014 -3.7875 51
    endloop
  endfacet
  facet normal -0.29028 -0.956942 0
    outer loop
      vertex 1.96055 7.31689 3
      vertex 2.4349 7.173 51
      vertex 1.96055 7.31689 51
    endloop
  endfacet
  facet normal -0.29028 -0.956942 -0
    outer loop
      vertex 2.4349 7.173 51
      vertex 1.96055 7.31689 3
      vertex 2.4349 7.173 3
    endloop
  endfacet
  facet normal -0.8492 -0.528072 0
    outer loop
      vertex 6.56014 3.7875 3
      vertex 6.29838 4.20844 51
      vertex 6.29838 4.20844 3
    endloop
  endfacet
  facet normal -0.8492 -0.528072 0
    outer loop
      vertex 6.29838 4.20844 51
      vertex 6.56014 3.7875 3
      vertex 6.56014 3.7875 51
    endloop
  endfacet
  facet normal 0.973877 -0.227078 0
    outer loop
      vertex -7.42945 1.47781 51
      vertex -7.31689 1.96055 3
      vertex -7.31689 1.96055 51
    endloop
  endfacet
  facet normal 0.973877 -0.227078 0
    outer loop
      vertex -7.31689 1.96055 3
      vertex -7.42945 1.47781 51
      vertex -7.42945 1.47781 3
    endloop
  endfacet
  facet normal 0.227078 -0.973877 0
    outer loop
      vertex -1.96055 7.31689 3
      vertex -1.47781 7.42945 51
      vertex -1.96055 7.31689 51
    endloop
  endfacet
  facet normal 0.227078 -0.973877 0
    outer loop
      vertex -1.47781 7.42945 51
      vertex -1.96055 7.31689 3
      vertex -1.47781 7.42945 3
    endloop
  endfacet
  facet normal 0.29028 0.956942 -0
    outer loop
      vertex -1.96055 -7.31689 3
      vertex -2.4349 -7.173 51
      vertex -1.96055 -7.31689 51
    endloop
  endfacet
  facet normal 0.29028 0.956942 0
    outer loop
      vertex -2.4349 -7.173 51
      vertex -1.96055 -7.31689 3
      vertex -2.4349 -7.173 3
    endloop
  endfacet
  facet normal -0.683599 -0.729857 0
    outer loop
      vertex 4.99454 5.69519 3
      vertex 5.35633 5.35633 51
      vertex 4.99454 5.69519 51
    endloop
  endfacet
  facet normal -0.683599 -0.729857 -0
    outer loop
      vertex 5.35633 5.35633 51
      vertex 4.99454 5.69519 3
      vertex 5.35633 5.35633 3
    endloop
  endfacet
  facet normal 0.973877 0.227078 0
    outer loop
      vertex -7.31689 -1.96055 51
      vertex -7.42945 -1.47781 3
      vertex -7.42945 -1.47781 51
    endloop
  endfacet
  facet normal 0.973877 0.227078 0
    outer loop
      vertex -7.42945 -1.47781 3
      vertex -7.31689 -1.96055 51
      vertex -7.31689 -1.96055 3
    endloop
  endfacet
  facet normal 0.812852 0.58247 0
    outer loop
      vertex -6.00965 -4.61137 51
      vertex -6.29838 -4.20844 3
      vertex -6.29838 -4.20844 51
    endloop
  endfacet
  facet normal 0.812852 0.58247 0
    outer loop
      vertex -6.29838 -4.20844 3
      vertex -6.00965 -4.61137 51
      vertex -6.00965 -4.61137 3
    endloop
  endfacet
  facet normal 0.683599 0.729857 -0
    outer loop
      vertex -4.99454 -5.69519 3
      vertex -5.35633 -5.35633 51
      vertex -4.99454 -5.69519 51
    endloop
  endfacet
  facet normal 0.683599 0.729857 0
    outer loop
      vertex -5.35633 -5.35633 51
      vertex -4.99454 -5.69519 3
      vertex -5.35633 -5.35633 3
    endloop
  endfacet
  facet normal -0.634394 -0.77301 0
    outer loop
      vertex 4.61137 6.00965 3
      vertex 4.99454 5.69519 51
      vertex 4.61137 6.00965 51
    endloop
  endfacet
  facet normal -0.634394 -0.77301 -0
    outer loop
      vertex 4.99454 5.69519 51
      vertex 4.61137 6.00965 3
      vertex 4.99454 5.69519 3
    endloop
  endfacet
  facet normal 0.634394 0.77301 -0
    outer loop
      vertex -4.61137 -6.00965 3
      vertex -4.99454 -5.69519 51
      vertex -4.61137 -6.00965 51
    endloop
  endfacet
  facet normal 0.634394 0.77301 0
    outer loop
      vertex -4.99454 -5.69519 51
      vertex -4.61137 -6.00965 3
      vertex -4.99454 -5.69519 3
    endloop
  endfacet
  facet normal -0.162882 -0.986645 0
    outer loop
      vertex 0.988735 7.51019 3
      vertex 1.47781 7.42945 51
      vertex 0.988735 7.51019 51
    endloop
  endfacet
  facet normal -0.162882 -0.986645 -0
    outer loop
      vertex 1.47781 7.42945 51
      vertex 0.988735 7.51019 3
      vertex 1.47781 7.42945 3
    endloop
  endfacet
  facet normal -0.0327218 0.999464 0
    outer loop
      vertex 0.495428 -7.55878 3
      vertex 0 -7.575 51
      vertex 0.495428 -7.55878 51
    endloop
  endfacet
  facet normal -0.0327218 0.999464 0
    outer loop
      vertex 0 -7.575 51
      vertex 0.495428 -7.55878 3
      vertex 0 -7.575 3
    endloop
  endfacet
  facet normal -0.528072 0.8492 0
    outer loop
      vertex 4.20844 -6.29838 3
      vertex 3.7875 -6.56014 51
      vertex 4.20844 -6.29838 51
    endloop
  endfacet
  facet normal -0.528072 0.8492 0
    outer loop
      vertex 3.7875 -6.56014 51
      vertex 4.20844 -6.29838 3
      vertex 3.7875 -6.56014 3
    endloop
  endfacet
  facet normal -0.812852 -0.58247 0
    outer loop
      vertex 6.29838 4.20844 3
      vertex 6.00965 4.61137 51
      vertex 6.00965 4.61137 3
    endloop
  endfacet
  facet normal -0.812852 -0.58247 0
    outer loop
      vertex 6.00965 4.61137 51
      vertex 6.29838 4.20844 3
      vertex 6.29838 4.20844 51
    endloop
  endfacet
  facet normal -0.956942 0.29028 0
    outer loop
      vertex 7.173 -2.4349 3
      vertex 7.31689 -1.96055 51
      vertex 7.31689 -1.96055 3
    endloop
  endfacet
  facet normal -0.956942 0.29028 0
    outer loop
      vertex 7.31689 -1.96055 51
      vertex 7.173 -2.4349 3
      vertex 7.173 -2.4349 51
    endloop
  endfacet
  facet normal 0.352248 -0.935907 0
    outer loop
      vertex -2.89883 6.99839 3
      vertex -2.4349 7.173 51
      vertex -2.89883 6.99839 51
    endloop
  endfacet
  facet normal 0.352248 -0.935907 0
    outer loop
      vertex -2.4349 7.173 51
      vertex -2.89883 6.99839 3
      vertex -2.4349 7.173 3
    endloop
  endfacet
  facet normal -0.77301 0.634394 0
    outer loop
      vertex 5.69519 -4.99454 3
      vertex 6.00965 -4.61137 51
      vertex 6.00965 -4.61137 3
    endloop
  endfacet
  facet normal -0.77301 0.634394 0
    outer loop
      vertex 6.00965 -4.61137 51
      vertex 5.69519 -4.99454 3
      vertex 5.69519 -4.99454 51
    endloop
  endfacet
  facet normal -0.910861 0.412713 0
    outer loop
      vertex 6.79381 -3.35034 3
      vertex 6.99839 -2.89883 51
      vertex 6.99839 -2.89883 3
    endloop
  endfacet
  facet normal -0.910861 0.412713 0
    outer loop
      vertex 6.99839 -2.89883 51
      vertex 6.79381 -3.35034 3
      vertex 6.79381 -3.35034 51
    endloop
  endfacet
  facet normal 0.683599 -0.729857 0
    outer loop
      vertex -5.35633 5.35633 3
      vertex -4.99454 5.69519 51
      vertex -5.35633 5.35633 51
    endloop
  endfacet
  facet normal 0.683599 -0.729857 0
    outer loop
      vertex -4.99454 5.69519 51
      vertex -5.35633 5.35633 3
      vertex -4.99454 5.69519 3
    endloop
  endfacet
  facet normal 0.999464 -0.0327218 0
    outer loop
      vertex -7.575 0 51
      vertex -7.55878 0.495428 3
      vertex -7.55878 0.495428 51
    endloop
  endfacet
  facet normal 0.999464 -0.0327218 0
    outer loop
      vertex -7.55878 0.495428 3
      vertex -7.575 0 51
      vertex -7.575 0 3
    endloop
  endfacet
  facet normal -0.881919 -0.471402 0
    outer loop
      vertex 6.79381 3.35034 3
      vertex 6.56014 3.7875 51
      vertex 6.56014 3.7875 3
    endloop
  endfacet
  facet normal -0.881919 -0.471402 0
    outer loop
      vertex 6.56014 3.7875 51
      vertex 6.79381 3.35034 3
      vertex 6.79381 3.35034 51
    endloop
  endfacet
  facet normal -0.528072 -0.8492 0
    outer loop
      vertex 3.7875 6.56014 3
      vertex 4.20844 6.29838 51
      vertex 3.7875 6.56014 51
    endloop
  endfacet
  facet normal -0.528072 -0.8492 -0
    outer loop
      vertex 4.20844 6.29838 51
      vertex 3.7875 6.56014 3
      vertex 4.20844 6.29838 3
    endloop
  endfacet
  facet normal -0.634394 0.77301 0
    outer loop
      vertex 4.99454 -5.69519 3
      vertex 4.61137 -6.00965 51
      vertex 4.99454 -5.69519 51
    endloop
  endfacet
  facet normal -0.634394 0.77301 0
    outer loop
      vertex 4.61137 -6.00965 51
      vertex 4.99454 -5.69519 3
      vertex 4.61137 -6.00965 3
    endloop
  endfacet
  facet normal -0.471402 -0.881919 0
    outer loop
      vertex 3.35034 6.79381 3
      vertex 3.7875 6.56014 51
      vertex 3.35034 6.79381 51
    endloop
  endfacet
  facet normal -0.471402 -0.881919 -0
    outer loop
      vertex 3.7875 6.56014 51
      vertex 3.35034 6.79381 3
      vertex 3.7875 6.56014 3
    endloop
  endfacet
  facet normal 0.995184 0.0980241 0
    outer loop
      vertex -7.51019 -0.988735 51
      vertex -7.55878 -0.495428 3
      vertex -7.55878 -0.495428 51
    endloop
  endfacet
  facet normal 0.995184 0.0980241 0
    outer loop
      vertex -7.55878 -0.495428 3
      vertex -7.51019 -0.988735 51
      vertex -7.51019 -0.988735 3
    endloop
  endfacet
  facet normal 0.935907 0.352248 0
    outer loop
      vertex -6.99839 -2.89883 51
      vertex -7.173 -2.4349 3
      vertex -7.173 -2.4349 51
    endloop
  endfacet
  facet normal 0.935907 0.352248 0
    outer loop
      vertex -7.173 -2.4349 3
      vertex -6.99839 -2.89883 51
      vertex -6.99839 -2.89883 3
    endloop
  endfacet
  facet normal 0.986645 -0.162882 0
    outer loop
      vertex -7.51019 0.988735 51
      vertex -7.42945 1.47781 3
      vertex -7.42945 1.47781 51
    endloop
  endfacet
  facet normal 0.986645 -0.162882 0
    outer loop
      vertex -7.42945 1.47781 3
      vertex -7.51019 0.988735 51
      vertex -7.51019 0.988735 3
    endloop
  endfacet
  facet normal 0.881919 -0.471402 0
    outer loop
      vertex -6.79381 3.35034 51
      vertex -6.56014 3.7875 3
      vertex -6.56014 3.7875 51
    endloop
  endfacet
  facet normal 0.881919 -0.471402 0
    outer loop
      vertex -6.56014 3.7875 3
      vertex -6.79381 3.35034 51
      vertex -6.79381 3.35034 3
    endloop
  endfacet
  facet normal -0.0327218 -0.999464 0
    outer loop
      vertex 0 7.575 3
      vertex 0.495428 7.55878 51
      vertex 0 7.575 51
    endloop
  endfacet
  facet normal -0.0327218 -0.999464 -0
    outer loop
      vertex 0.495428 7.55878 51
      vertex 0 7.575 3
      vertex 0.495428 7.55878 3
    endloop
  endfacet
  facet normal 0.0980241 -0.995184 0
    outer loop
      vertex -0.988735 7.51019 3
      vertex -0.495428 7.55878 51
      vertex -0.988735 7.51019 51
    endloop
  endfacet
  facet normal 0.0980241 -0.995184 0
    outer loop
      vertex -0.495428 7.55878 51
      vertex -0.988735 7.51019 3
      vertex -0.495428 7.55878 3
    endloop
  endfacet
  facet normal 0.227078 0.973877 -0
    outer loop
      vertex -1.47781 -7.42945 3
      vertex -1.96055 -7.31689 51
      vertex -1.47781 -7.42945 51
    endloop
  endfacet
  facet normal 0.227078 0.973877 0
    outer loop
      vertex -1.96055 -7.31689 51
      vertex -1.47781 -7.42945 3
      vertex -1.96055 -7.31689 3
    endloop
  endfacet
  facet normal 0.0327218 -0.999464 0
    outer loop
      vertex -0.495428 7.55878 3
      vertex 0 7.575 51
      vertex -0.495428 7.55878 51
    endloop
  endfacet
  facet normal 0.0327218 -0.999464 0
    outer loop
      vertex 0 7.575 51
      vertex -0.495428 7.55878 3
      vertex 0 7.575 3
    endloop
  endfacet
  facet normal -0.58247 0.812852 0
    outer loop
      vertex 4.61137 -6.00965 3
      vertex 4.20844 -6.29838 51
      vertex 4.61137 -6.00965 51
    endloop
  endfacet
  facet normal -0.58247 0.812852 0
    outer loop
      vertex 4.20844 -6.29838 51
      vertex 4.61137 -6.00965 3
      vertex 4.20844 -6.29838 3
    endloop
  endfacet
  facet normal 0.881919 0.471402 0
    outer loop
      vertex -6.56014 -3.7875 51
      vertex -6.79381 -3.35034 3
      vertex -6.79381 -3.35034 51
    endloop
  endfacet
  facet normal 0.881919 0.471402 0
    outer loop
      vertex -6.79381 -3.35034 3
      vertex -6.56014 -3.7875 51
      vertex -6.56014 -3.7875 3
    endloop
  endfacet
  facet normal -0.227078 -0.973877 0
    outer loop
      vertex 1.47781 7.42945 3
      vertex 1.96055 7.31689 51
      vertex 1.47781 7.42945 51
    endloop
  endfacet
  facet normal -0.227078 -0.973877 -0
    outer loop
      vertex 1.96055 7.31689 51
      vertex 1.47781 7.42945 3
      vertex 1.96055 7.31689 3
    endloop
  endfacet
  facet normal -0.352248 -0.935907 0
    outer loop
      vertex 2.4349 7.173 3
      vertex 2.89883 6.99839 51
      vertex 2.4349 7.173 51
    endloop
  endfacet
  facet normal -0.352248 -0.935907 -0
    outer loop
      vertex 2.89883 6.99839 51
      vertex 2.4349 7.173 3
      vertex 2.89883 6.99839 3
    endloop
  endfacet
  facet normal 0.935907 -0.352248 0
    outer loop
      vertex -7.173 2.4349 51
      vertex -6.99839 2.89883 3
      vertex -6.99839 2.89883 51
    endloop
  endfacet
  facet normal 0.935907 -0.352248 0
    outer loop
      vertex -6.99839 2.89883 3
      vertex -7.173 2.4349 51
      vertex -7.173 2.4349 3
    endloop
  endfacet
  facet normal -0.8492 0.528072 0
    outer loop
      vertex 6.29838 -4.20844 3
      vertex 6.56014 -3.7875 51
      vertex 6.56014 -3.7875 3
    endloop
  endfacet
  facet normal -0.8492 0.528072 0
    outer loop
      vertex 6.56014 -3.7875 51
      vertex 6.29838 -4.20844 3
      vertex 6.29838 -4.20844 51
    endloop
  endfacet
  facet normal -0.973877 0.227078 0
    outer loop
      vertex 7.31689 -1.96055 3
      vertex 7.42945 -1.47781 51
      vertex 7.42945 -1.47781 3
    endloop
  endfacet
  facet normal -0.973877 0.227078 0
    outer loop
      vertex 7.42945 -1.47781 51
      vertex 7.31689 -1.96055 3
      vertex 7.31689 -1.96055 51
    endloop
  endfacet
  facet normal 0.995184 -0.0980241 0
    outer loop
      vertex -7.55878 0.495428 51
      vertex -7.51019 0.988735 3
      vertex -7.51019 0.988735 51
    endloop
  endfacet
  facet normal 0.995184 -0.0980241 0
    outer loop
      vertex -7.51019 0.988735 3
      vertex -7.55878 0.495428 51
      vertex -7.55878 0.495428 3
    endloop
  endfacet
  facet normal 0.412713 0.910861 -0
    outer loop
      vertex -2.89883 -6.99839 3
      vertex -3.35034 -6.79381 51
      vertex -2.89883 -6.99839 51
    endloop
  endfacet
  facet normal 0.412713 0.910861 0
    outer loop
      vertex -3.35034 -6.79381 51
      vertex -2.89883 -6.99839 3
      vertex -3.35034 -6.79381 3
    endloop
  endfacet
  facet normal 0.910861 -0.412713 0
    outer loop
      vertex -6.99839 2.89883 51
      vertex -6.79381 3.35034 3
      vertex -6.79381 3.35034 51
    endloop
  endfacet
  facet normal 0.910861 -0.412713 0
    outer loop
      vertex -6.79381 3.35034 3
      vertex -6.99839 2.89883 51
      vertex -6.99839 2.89883 3
    endloop
  endfacet
  facet normal 0 0 1
    outer loop
      vertex 5 0 3
      vertex 7.575 0 3
      vertex 7.55878 0.495428 3
    endloop
  endfacet
  facet normal 0 0 1
    outer loop
      vertex 4.98929 0.327015 3
      vertex 7.55878 0.495428 3
      vertex 7.51019 0.988735 3
    endloop
  endfacet
  facet normal 0 0 1
    outer loop
      vertex 7.575 0 3
      vertex 5 0 3
      vertex 7.55878 -0.495428 3
    endloop
  endfacet
  facet normal 0 0 1
    outer loop
      vertex 4.95722 0.652631 3
      vertex 7.51019 0.988735 3
      vertex 7.42945 1.47781 3
    endloop
  endfacet
  facet normal -0 0 1
    outer loop
      vertex 4.98929 -0.327015 3
      vertex 7.55878 -0.495428 3
      vertex 5 0 3
    endloop
  endfacet
  facet normal 0 0 1
    outer loop
      vertex 4.90393 0.975451 3
      vertex 7.42945 1.47781 3
      vertex 7.31689 1.96055 3
    endloop
  endfacet
  facet normal 0 0 1
    outer loop
      vertex 7.55878 -0.495428 3
      vertex 4.98929 -0.327015 3
      vertex 7.51019 -0.988735 3
    endloop
  endfacet
  facet normal 0 0 1
    outer loop
      vertex 4.82963 1.2941 3
      vertex 7.31689 1.96055 3
      vertex 7.173 2.4349 3
    endloop
  endfacet
  facet normal -0 0 1
    outer loop
      vertex 4.95722 -0.652631 3
      vertex 7.51019 -0.988735 3
      vertex 4.98929 -0.327015 3
    endloop
  endfacet
  facet normal 0 0 1
    outer loop
      vertex 4.73465 1.6072 3
      vertex 7.173 2.4349 3
      vertex 6.99839 2.89883 3
    endloop
  endfacet
  facet normal 0 0 1
    outer loop
      vertex 7.51019 -0.988735 3
      vertex 4.95722 -0.652631 3
      vertex 7.42945 -1.47781 3
    endloop
  endfacet
  facet normal 0 0 1
    outer loop
      vertex 4.6194 1.91342 3
      vertex 6.99839 2.89883 3
      vertex 6.79381 3.35034 3
    endloop
  endfacet
  facet normal -0 0 1
    outer loop
      vertex 4.90393 -0.975451 3
      vertex 7.42945 -1.47781 3
      vertex 4.95722 -0.652631 3
    endloop
  endfacet
  facet normal 0 0 1
    outer loop
      vertex 4.48436 2.21144 3
      vertex 6.79381 3.35034 3
      vertex 6.56014 3.7875 3
    endloop
  endfacet
  facet normal 0 0 1
    outer loop
      vertex 7.42945 -1.47781 3
      vertex 4.90393 -0.975451 3
      vertex 7.31689 -1.96055 3
    endloop
  endfacet
  facet normal 0 0 1
    outer loop
      vertex 4.33013 2.5 3
      vertex 6.56014 3.7875 3
      vertex 6.29838 4.20844 3
    endloop
  endfacet
  facet normal -0 0 1
    outer loop
      vertex 4.82963 -1.2941 3
      vertex 7.31689 -1.96055 3
      vertex 4.90393 -0.975451 3
    endloop
  endfacet
  facet normal 0 0 1
    outer loop
      vertex 4.15735 2.77785 3
      vertex 6.29838 4.20844 3
      vertex 6.00965 4.61137 3
    endloop
  endfacet
  facet normal 0 0 1
    outer loop
      vertex 7.31689 -1.96055 3
      vertex 4.82963 -1.2941 3
      vertex 7.173 -2.4349 3
    endloop
  endfacet
  facet normal 0 0 1
    outer loop
      vertex 3.96677 3.04381 3
      vertex 6.00965 4.61137 3
      vertex 5.69519 4.99454 3
    endloop
  endfacet
  facet normal -0 0 1
    outer loop
      vertex 4.73465 -1.6072 3
      vertex 7.173 -2.4349 3
      vertex 4.82963 -1.2941 3
    endloop
  endfacet
  facet normal 0 0 1
    outer loop
      vertex 3.7592 3.29673 3
      vertex 5.69519 4.99454 3
      vertex 5.35633 5.35633 3
    endloop
  endfacet
  facet normal 0 0 1
    outer loop
      vertex 7.173 -2.4349 3
      vertex 4.73465 -1.6072 3
      vertex 6.99839 -2.89883 3
    endloop
  endfacet
  facet normal -0 0 1
    outer loop
      vertex 4.6194 -1.91342 3
      vertex 6.99839 -2.89883 3
      vertex 4.73465 -1.6072 3
    endloop
  endfacet
  facet normal 0 0 1
    outer loop
      vertex 3.53553 3.53553 3
      vertex 5.35633 5.35633 3
      vertex 4.99454 5.69519 3
    endloop
  endfacet
  facet normal 0 0 1
    outer loop
      vertex 7.55878 0.495428 3
      vertex 4.98929 0.327015 3
      vertex 5 0 3
    endloop
  endfacet
  facet normal 0 0 1
    outer loop
      vertex 7.51019 0.988735 3
      vertex 4.95722 0.652631 3
      vertex 4.98929 0.327015 3
    endloop
  endfacet
  facet normal 0 0 1
    outer loop
      vertex 7.42945 1.47781 3
      vertex 4.90393 0.975451 3
      vertex 4.95722 0.652631 3
    endloop
  endfacet
  facet normal 0 0 1
    outer loop
      vertex 7.31689 1.96055 3
      vertex 4.82963 1.2941 3
      vertex 4.90393 0.975451 3
    endloop
  endfacet
  facet normal 0 0 1
    outer loop
      vertex 7.173 2.4349 3
      vertex 4.73465 1.6072 3
      vertex 4.82963 1.2941 3
    endloop
  endfacet
  facet normal 0 0 1
    outer loop
      vertex 6.99839 2.89883 3
      vertex 4.6194 1.91342 3
      vertex 4.73465 1.6072 3
    endloop
  endfacet
  facet normal 0 0 1
    outer loop
      vertex 3.29673 3.7592 3
      vertex 4.99454 5.69519 3
      vertex 4.61137 6.00965 3
    endloop
  endfacet
  facet normal 0 0 1
    outer loop
      vertex 6.79381 3.35034 3
      vertex 4.48436 2.21144 3
      vertex 4.6194 1.91342 3
    endloop
  endfacet
  facet normal 0 0 1
    outer loop
      vertex 6.56014 3.7875 3
      vertex 4.33013 2.5 3
      vertex 4.48436 2.21144 3
    endloop
  endfacet
  facet normal 0 0 1
    outer loop
      vertex 3.04381 3.96677 3
      vertex 4.61137 6.00965 3
      vertex 4.20844 6.29838 3
    endloop
  endfacet
  facet normal 0 0 1
    outer loop
      vertex 6.29838 4.20844 3
      vertex 4.15735 2.77785 3
      vertex 4.33013 2.5 3
    endloop
  endfacet
  facet normal 0 0 1
    outer loop
      vertex 6.00965 4.61137 3
      vertex 3.96677 3.04381 3
      vertex 4.15735 2.77785 3
    endloop
  endfacet
  facet normal 0 0 1
    outer loop
      vertex 2.77785 4.15735 3
      vertex 4.20844 6.29838 3
      vertex 3.7875 6.56014 3
    endloop
  endfacet
  facet normal 0 0 1
    outer loop
      vertex 5.69519 4.99454 3
      vertex 3.7592 3.29673 3
      vertex 3.96677 3.04381 3
    endloop
  endfacet
  facet normal 0 0 1
    outer loop
      vertex 5.35633 5.35633 3
      vertex 3.53553 3.53553 3
      vertex 3.7592 3.29673 3
    endloop
  endfacet
  facet normal 0 0 1
    outer loop
      vertex 2.5 4.33013 3
      vertex 3.7875 6.56014 3
      vertex 3.35034 6.79381 3
    endloop
  endfacet
  facet normal 0 0 1
    outer loop
      vertex 4.99454 5.69519 3
      vertex 3.29673 3.7592 3
      vertex 3.53553 3.53553 3
    endloop
  endfacet
  facet normal 0 0 1
    outer loop
      vertex 4.61137 6.00965 3
      vertex 3.04381 3.96677 3
      vertex 3.29673 3.7592 3
    endloop
  endfacet
  facet normal 0 0 1
    outer loop
      vertex 2.21144 4.48436 3
      vertex 3.35034 6.79381 3
      vertex 2.89883 6.99839 3
    endloop
  endfacet
  facet normal 0 0 1
    outer loop
      vertex 4.20844 6.29838 3
      vertex 2.77785 4.15735 3
      vertex 3.04381 3.96677 3
    endloop
  endfacet
  facet normal 0 0 1
    outer loop
      vertex 3.7875 6.56014 3
      vertex 2.5 4.33013 3
      vertex 2.77785 4.15735 3
    endloop
  endfacet
  facet normal 0 0 1
    outer loop
      vertex 1.91342 4.6194 3
      vertex 2.89883 6.99839 3
      vertex 2.4349 7.173 3
    endloop
  endfacet
  facet normal 0 0 1
    outer loop
      vertex 3.35034 6.79381 3
      vertex 2.21144 4.48436 3
      vertex 2.5 4.33013 3
    endloop
  endfacet
  facet normal 0 0 1
    outer loop
      vertex 1.6072 4.73465 3
      vertex 2.4349 7.173 3
      vertex 1.96055 7.31689 3
    endloop
  endfacet
  facet normal 0 0 1
    outer loop
      vertex 2.89883 6.99839 3
      vertex 1.91342 4.6194 3
      vertex 2.21144 4.48436 3
    endloop
  endfacet
  facet normal 0 0 1
    outer loop
      vertex 2.4349 7.173 3
      vertex 1.6072 4.73465 3
      vertex 1.91342 4.6194 3
    endloop
  endfacet
  facet normal 0 0 1
    outer loop
      vertex 1.2941 4.82963 3
      vertex 1.96055 7.31689 3
      vertex 1.47781 7.42945 3
    endloop
  endfacet
  facet normal 0 0 1
    outer loop
      vertex 1.96055 7.31689 3
      vertex 1.2941 4.82963 3
      vertex 1.6072 4.73465 3
    endloop
  endfacet
  facet normal 0 0 1
    outer loop
      vertex 0.975451 4.90393 3
      vertex 1.47781 7.42945 3
      vertex 0.988735 7.51019 3
    endloop
  endfacet
  facet normal 0 0 1
    outer loop
      vertex 1.47781 7.42945 3
      vertex 0.975451 4.90393 3
      vertex 1.2941 4.82963 3
    endloop
  endfacet
  facet normal 0 0 1
    outer loop
      vertex 0.988735 7.51019 3
      vertex 0.652631 4.95722 3
      vertex 0.975451 4.90393 3
    endloop
  endfacet
  facet normal 0 0 1
    outer loop
      vertex 0.495428 7.55878 3
      vertex 0.652631 4.95722 3
      vertex 0.988735 7.51019 3
    endloop
  endfacet
  facet normal 0 0 1
    outer loop
      vertex 0.495428 7.55878 3
      vertex 0.327015 4.98929 3
      vertex 0.652631 4.95722 3
    endloop
  endfacet
  facet normal 0 0 1
    outer loop
      vertex 0 7.575 3
      vertex 0.327015 4.98929 3
      vertex 0.495428 7.55878 3
    endloop
  endfacet
  facet normal 0 0 1
    outer loop
      vertex 0 7.575 3
      vertex 0 5 3
      vertex 0.327015 4.98929 3
    endloop
  endfacet
  facet normal 0 0 1
    outer loop
      vertex 0 7.575 3
      vertex -0.327015 4.98929 3
      vertex 0 5 3
    endloop
  endfacet
  facet normal -0 0 1
    outer loop
      vertex -0.495428 7.55878 3
      vertex -0.327015 4.98929 3
      vertex 0 7.575 3
    endloop
  endfacet
  facet normal 0 0 1
    outer loop
      vertex -0.495428 7.55878 3
      vertex -0.652631 4.95722 3
      vertex -0.327015 4.98929 3
    endloop
  endfacet
  facet normal -0 0 1
    outer loop
      vertex -0.988735 7.51019 3
      vertex -0.652631 4.95722 3
      vertex -0.495428 7.55878 3
    endloop
  endfacet
  facet normal 0 0 1
    outer loop
      vertex -0.652631 4.95722 3
      vertex -0.988735 7.51019 3
      vertex -0.975451 4.90393 3
    endloop
  endfacet
  facet normal -0 0 1
    outer loop
      vertex -1.47781 7.42945 3
      vertex -0.975451 4.90393 3
      vertex -0.988735 7.51019 3
    endloop
  endfacet
  facet normal 0 0 1
    outer loop
      vertex -0.975451 4.90393 3
      vertex -1.47781 7.42945 3
      vertex -1.2941 4.82963 3
    endloop
  endfacet
  facet normal -0 0 1
    outer loop
      vertex -1.96055 7.31689 3
      vertex -1.2941 4.82963 3
      vertex -1.47781 7.42945 3
    endloop
  endfacet
  facet normal 0 0 1
    outer loop
      vertex -1.2941 4.82963 3
      vertex -1.96055 7.31689 3
      vertex -1.6072 4.73465 3
    endloop
  endfacet
  facet normal -0 0 1
    outer loop
      vertex -2.4349 7.173 3
      vertex -1.6072 4.73465 3
      vertex -1.96055 7.31689 3
    endloop
  endfacet
  facet normal 0 0 1
    outer loop
      vertex -1.6072 4.73465 3
      vertex -2.4349 7.173 3
      vertex -1.91342 4.6194 3
    endloop
  endfacet
  facet normal -0 0 1
    outer loop
      vertex -2.89883 6.99839 3
      vertex -1.91342 4.6194 3
      vertex -2.4349 7.173 3
    endloop
  endfacet
  facet normal 0 0 1
    outer loop
      vertex -1.91342 4.6194 3
      vertex -2.89883 6.99839 3
      vertex -2.21144 4.48436 3
    endloop
  endfacet
  facet normal -0 0 1
    outer loop
      vertex -3.35034 6.79381 3
      vertex -2.21144 4.48436 3
      vertex -2.89883 6.99839 3
    endloop
  endfacet
  facet normal 0 0 1
    outer loop
      vertex -2.21144 4.48436 3
      vertex -3.35034 6.79381 3
      vertex -2.5 4.33013 3
    endloop
  endfacet
  facet normal -0 0 1
    outer loop
      vertex -3.7875 6.56014 3
      vertex -2.5 4.33013 3
      vertex -3.35034 6.79381 3
    endloop
  endfacet
  facet normal 0 0 1
    outer loop
      vertex -2.5 4.33013 3
      vertex -3.7875 6.56014 3
      vertex -2.77785 4.15735 3
    endloop
  endfacet
  facet normal -0 0 1
    outer loop
      vertex -4.20844 6.29838 3
      vertex -2.77785 4.15735 3
      vertex -3.7875 6.56014 3
    endloop
  endfacet
  facet normal 0 0 1
    outer loop
      vertex -2.77785 4.15735 3
      vertex -4.20844 6.29838 3
      vertex -3.04381 3.96677 3
    endloop
  endfacet
  facet normal -0 0 1
    outer loop
      vertex -4.61137 6.00965 3
      vertex -3.04381 3.96677 3
      vertex -4.20844 6.29838 3
    endloop
  endfacet
  facet normal 0 0 1
    outer loop
      vertex -3.04381 3.96677 3
      vertex -4.61137 6.00965 3
      vertex -3.29673 3.7592 3
    endloop
  endfacet
  facet normal -0 0 1
    outer loop
      vertex -4.99454 5.69519 3
      vertex -3.29673 3.7592 3
      vertex -4.61137 6.00965 3
    endloop
  endfacet
  facet normal 0 0 1
    outer loop
      vertex -3.29673 3.7592 3
      vertex -4.99454 5.69519 3
      vertex -3.53553 3.53553 3
    endloop
  endfacet
  facet normal -0 0 1
    outer loop
      vertex -5.35633 5.35633 3
      vertex -3.53553 3.53553 3
      vertex -4.99454 5.69519 3
    endloop
  endfacet
  facet normal 0 0 1
    outer loop
      vertex -3.53553 3.53553 3
      vertex -5.35633 5.35633 3
      vertex -3.7592 3.29673 3
    endloop
  endfacet
  facet normal -0 0 1
    outer loop
      vertex -5.69519 4.99454 3
      vertex -3.7592 3.29673 3
      vertex -5.35633 5.35633 3
    endloop
  endfacet
  facet normal 0 0 1
    outer loop
      vertex -3.7592 3.29673 3
      vertex -5.69519 4.99454 3
      vertex -3.96677 3.04381 3
    endloop
  endfacet
  facet normal -0 0 1
    outer loop
      vertex -6.00965 4.61137 3
      vertex -3.96677 3.04381 3
      vertex -5.69519 4.99454 3
    endloop
  endfacet
  facet normal 0 0 1
    outer loop
      vertex -3.96677 3.04381 3
      vertex -6.00965 4.61137 3
      vertex -4.15735 2.77785 3
    endloop
  endfacet
  facet normal -0 0 1
    outer loop
      vertex -6.29838 4.20844 3
      vertex -4.15735 2.77785 3
      vertex -6.00965 4.61137 3
    endloop
  endfacet
  facet normal 0 0 1
    outer loop
      vertex -4.15735 2.77785 3
      vertex -6.29838 4.20844 3
      vertex -4.33013 2.5 3
    endloop
  endfacet
  facet normal -0 0 1
    outer loop
      vertex -6.56014 3.7875 3
      vertex -4.33013 2.5 3
      vertex -6.29838 4.20844 3
    endloop
  endfacet
  facet normal 0 0 1
    outer loop
      vertex -4.33013 2.5 3
      vertex -6.56014 3.7875 3
      vertex -4.48436 2.21144 3
    endloop
  endfacet
  facet normal -0 0 1
    outer loop
      vertex -6.79381 3.35034 3
      vertex -4.48436 2.21144 3
      vertex -6.56014 3.7875 3
    endloop
  endfacet
  facet normal 0 0 1
    outer loop
      vertex -4.48436 2.21144 3
      vertex -6.79381 3.35034 3
      vertex -4.6194 1.91342 3
    endloop
  endfacet
  facet normal -0 0 1
    outer loop
      vertex -6.99839 2.89883 3
      vertex -4.6194 1.91342 3
      vertex -6.79381 3.35034 3
    endloop
  endfacet
  facet normal 0 0 1
    outer loop
      vertex 6.99839 -2.89883 3
      vertex 4.6194 -1.91342 3
      vertex 6.79381 -3.35034 3
    endloop
  endfacet
  facet normal -0 0 1
    outer loop
      vertex 4.48436 -2.21144 3
      vertex 6.79381 -3.35034 3
      vertex 4.6194 -1.91342 3
    endloop
  endfacet
  facet normal 0 0 1
    outer loop
      vertex 6.79381 -3.35034 3
      vertex 4.48436 -2.21144 3
      vertex 6.56014 -3.7875 3
    endloop
  endfacet
  facet normal -0 0 1
    outer loop
      vertex 4.33013 -2.5 3
      vertex 6.56014 -3.7875 3
      vertex 4.48436 -2.21144 3
    endloop
  endfacet
  facet normal 0 0 1
    outer loop
      vertex 6.56014 -3.7875 3
      vertex 4.33013 -2.5 3
      vertex 6.29838 -4.20844 3
    endloop
  endfacet
  facet normal -0 0 1
    outer loop
      vertex 4.15735 -2.77785 3
      vertex 6.29838 -4.20844 3
      vertex 4.33013 -2.5 3
    endloop
  endfacet
  facet normal 0 0 1
    outer loop
      vertex 6.29838 -4.20844 3
      vertex 4.15735 -2.77785 3
      vertex 6.00965 -4.61137 3
    endloop
  endfacet
  facet normal -0 0 1
    outer loop
      vertex 3.96677 -3.04381 3
      vertex 6.00965 -4.61137 3
      vertex 4.15735 -2.77785 3
    endloop
  endfacet
  facet normal 0 0 1
    outer loop
      vertex 6.00965 -4.61137 3
      vertex 3.96677 -3.04381 3
      vertex 5.69519 -4.99454 3
    endloop
  endfacet
  facet normal -0 0 1
    outer loop
      vertex 3.7592 -3.29673 3
      vertex 5.69519 -4.99454 3
      vertex 3.96677 -3.04381 3
    endloop
  endfacet
  facet normal 0 0 1
    outer loop
      vertex 5.69519 -4.99454 3
      vertex 3.7592 -3.29673 3
      vertex 5.35633 -5.35633 3
    endloop
  endfacet
  facet normal -0 0 1
    outer loop
      vertex 3.53553 -3.53553 3
      vertex 5.35633 -5.35633 3
      vertex 3.7592 -3.29673 3
    endloop
  endfacet
  facet normal 0 0 1
    outer loop
      vertex 5.35633 -5.35633 3
      vertex 3.53553 -3.53553 3
      vertex 4.99454 -5.69519 3
    endloop
  endfacet
  facet normal -0 0 1
    outer loop
      vertex 3.29673 -3.7592 3
      vertex 4.99454 -5.69519 3
      vertex 3.53553 -3.53553 3
    endloop
  endfacet
  facet normal 0 0 1
    outer loop
      vertex 4.99454 -5.69519 3
      vertex 3.29673 -3.7592 3
      vertex 4.61137 -6.00965 3
    endloop
  endfacet
  facet normal -0 0 1
    outer loop
      vertex 3.04381 -3.96677 3
      vertex 4.61137 -6.00965 3
      vertex 3.29673 -3.7592 3
    endloop
  endfacet
  facet normal 0 0 1
    outer loop
      vertex 4.61137 -6.00965 3
      vertex 3.04381 -3.96677 3
      vertex 4.20844 -6.29838 3
    endloop
  endfacet
  facet normal -0 0 1
    outer loop
      vertex 2.77785 -4.15735 3
      vertex 4.20844 -6.29838 3
      vertex 3.04381 -3.96677 3
    endloop
  endfacet
  facet normal 0 0 1
    outer loop
      vertex 4.20844 -6.29838 3
      vertex 2.77785 -4.15735 3
      vertex 3.7875 -6.56014 3
    endloop
  endfacet
  facet normal -0 0 1
    outer loop
      vertex 2.5 -4.33013 3
      vertex 3.7875 -6.56014 3
      vertex 2.77785 -4.15735 3
    endloop
  endfacet
  facet normal 0 0 1
    outer loop
      vertex 3.7875 -6.56014 3
      vertex 2.5 -4.33013 3
      vertex 3.35034 -6.79381 3
    endloop
  endfacet
  facet normal -0 0 1
    outer loop
      vertex 2.21144 -4.48436 3
      vertex 3.35034 -6.79381 3
      vertex 2.5 -4.33013 3
    endloop
  endfacet
  facet normal 0 0 1
    outer loop
      vertex 3.35034 -6.79381 3
      vertex 2.21144 -4.48436 3
      vertex 2.89883 -6.99839 3
    endloop
  endfacet
  facet normal -0 0 1
    outer loop
      vertex 1.91342 -4.6194 3
      vertex 2.89883 -6.99839 3
      vertex 2.21144 -4.48436 3
    endloop
  endfacet
  facet normal 0 0 1
    outer loop
      vertex 2.89883 -6.99839 3
      vertex 1.91342 -4.6194 3
      vertex 2.4349 -7.173 3
    endloop
  endfacet
  facet normal -0 0 1
    outer loop
      vertex 1.6072 -4.73465 3
      vertex 2.4349 -7.173 3
      vertex 1.91342 -4.6194 3
    endloop
  endfacet
  facet normal 0 0 1
    outer loop
      vertex 2.4349 -7.173 3
      vertex 1.6072 -4.73465 3
      vertex 1.96055 -7.31689 3
    endloop
  endfacet
  facet normal -0 0 1
    outer loop
      vertex 1.2941 -4.82963 3
      vertex 1.96055 -7.31689 3
      vertex 1.6072 -4.73465 3
    endloop
  endfacet
  facet normal 0 0 1
    outer loop
      vertex 1.96055 -7.31689 3
      vertex 1.2941 -4.82963 3
      vertex 1.47781 -7.42945 3
    endloop
  endfacet
  facet normal -0 0 1
    outer loop
      vertex 0.975451 -4.90393 3
      vertex 1.47781 -7.42945 3
      vertex 1.2941 -4.82963 3
    endloop
  endfacet
  facet normal 0 0 1
    outer loop
      vertex 1.47781 -7.42945 3
      vertex 0.975451 -4.90393 3
      vertex 0.988735 -7.51019 3
    endloop
  endfacet
  facet normal -0 0 1
    outer loop
      vertex 0.652631 -4.95722 3
      vertex 0.988735 -7.51019 3
      vertex 0.975451 -4.90393 3
    endloop
  endfacet
  facet normal 0 0 1
    outer loop
      vertex 0.652631 -4.95722 3
      vertex 0.495428 -7.55878 3
      vertex 0.988735 -7.51019 3
    endloop
  endfacet
  facet normal -0 0 1
    outer loop
      vertex 0.327015 -4.98929 3
      vertex 0.495428 -7.55878 3
      vertex 0.652631 -4.95722 3
    endloop
  endfacet
  facet normal -0 0 1
    outer loop
      vertex 0 -5 3
      vertex 0.495428 -7.55878 3
      vertex 0.327015 -4.98929 3
    endloop
  endfacet
  facet normal 0 0 1
    outer loop
      vertex 0 -5 3
      vertex 0 -7.575 3
      vertex 0.495428 -7.55878 3
    endloop
  endfacet
  facet normal 0 0 1
    outer loop
      vertex -0.327015 -4.98929 3
      vertex 0 -7.575 3
      vertex 0 -5 3
    endloop
  endfacet
  facet normal 0 0 1
    outer loop
      vertex -0.327015 -4.98929 3
      vertex -0.495428 -7.55878 3
      vertex 0 -7.575 3
    endloop
  endfacet
  facet normal 0 0 1
    outer loop
      vertex -0.652631 -4.95722 3
      vertex -0.495428 -7.55878 3
      vertex -0.327015 -4.98929 3
    endloop
  endfacet
  facet normal 0 0 1
    outer loop
      vertex -0.988735 -7.51019 3
      vertex -0.652631 -4.95722 3
      vertex -0.975451 -4.90393 3
    endloop
  endfacet
  facet normal 0 0 1
    outer loop
      vertex -0.652631 -4.95722 3
      vertex -0.988735 -7.51019 3
      vertex -0.495428 -7.55878 3
    endloop
  endfacet
  facet normal 0 0 1
    outer loop
      vertex -1.47781 -7.42945 3
      vertex -0.975451 -4.90393 3
      vertex -1.2941 -4.82963 3
    endloop
  endfacet
  facet normal 0 0 1
    outer loop
      vertex -0.975451 -4.90393 3
      vertex -1.47781 -7.42945 3
      vertex -0.988735 -7.51019 3
    endloop
  endfacet
  facet normal 0 0 1
    outer loop
      vertex -1.96055 -7.31689 3
      vertex -1.2941 -4.82963 3
      vertex -1.6072 -4.73465 3
    endloop
  endfacet
  facet normal 0 0 1
    outer loop
      vertex -2.4349 -7.173 3
      vertex -1.6072 -4.73465 3
      vertex -1.91342 -4.6194 3
    endloop
  endfacet
  facet normal 0 0 1
    outer loop
      vertex -1.2941 -4.82963 3
      vertex -1.96055 -7.31689 3
      vertex -1.47781 -7.42945 3
    endloop
  endfacet
  facet normal 0 0 1
    outer loop
      vertex -2.89883 -6.99839 3
      vertex -1.91342 -4.6194 3
      vertex -2.21144 -4.48436 3
    endloop
  endfacet
  facet normal 0 0 1
    outer loop
      vertex -1.6072 -4.73465 3
      vertex -2.4349 -7.173 3
      vertex -1.96055 -7.31689 3
    endloop
  endfacet
  facet normal 0 0 1
    outer loop
      vertex -3.35034 -6.79381 3
      vertex -2.21144 -4.48436 3
      vertex -2.5 -4.33013 3
    endloop
  endfacet
  facet normal 0 0 1
    outer loop
      vertex -3.7875 -6.56014 3
      vertex -2.5 -4.33013 3
      vertex -2.77785 -4.15735 3
    endloop
  endfacet
  facet normal 0 0 1
    outer loop
      vertex -1.91342 -4.6194 3
      vertex -2.89883 -6.99839 3
      vertex -2.4349 -7.173 3
    endloop
  endfacet
  facet normal 0 0 1
    outer loop
      vertex -4.20844 -6.29838 3
      vertex -2.77785 -4.15735 3
      vertex -3.04381 -3.96677 3
    endloop
  endfacet
  facet normal 0 0 1
    outer loop
      vertex -4.61137 -6.00965 3
      vertex -3.04381 -3.96677 3
      vertex -3.29673 -3.7592 3
    endloop
  endfacet
  facet normal 0 0 1
    outer loop
      vertex -2.21144 -4.48436 3
      vertex -3.35034 -6.79381 3
      vertex -2.89883 -6.99839 3
    endloop
  endfacet
  facet normal 0 0 1
    outer loop
      vertex -4.99454 -5.69519 3
      vertex -3.29673 -3.7592 3
      vertex -3.53553 -3.53553 3
    endloop
  endfacet
  facet normal 0 0 1
    outer loop
      vertex -5.35633 -5.35633 3
      vertex -3.53553 -3.53553 3
      vertex -3.7592 -3.29673 3
    endloop
  endfacet
  facet normal 0 0 1
    outer loop
      vertex -2.5 -4.33013 3
      vertex -3.7875 -6.56014 3
      vertex -3.35034 -6.79381 3
    endloop
  endfacet
  facet normal 0 0 1
    outer loop
      vertex -5.69519 -4.99454 3
      vertex -3.7592 -3.29673 3
      vertex -3.96677 -3.04381 3
    endloop
  endfacet
  facet normal 0 0 1
    outer loop
      vertex -6.00965 -4.61137 3
      vertex -3.96677 -3.04381 3
      vertex -4.15735 -2.77785 3
    endloop
  endfacet
  facet normal 0 0 1
    outer loop
      vertex -2.77785 -4.15735 3
      vertex -4.20844 -6.29838 3
      vertex -3.7875 -6.56014 3
    endloop
  endfacet
  facet normal 0 0 1
    outer loop
      vertex -6.29838 -4.20844 3
      vertex -4.15735 -2.77785 3
      vertex -4.33013 -2.5 3
    endloop
  endfacet
  facet normal 0 0 1
    outer loop
      vertex -6.56014 -3.7875 3
      vertex -4.33013 -2.5 3
      vertex -4.48436 -2.21144 3
    endloop
  endfacet
  facet normal 0 0 1
    outer loop
      vertex -3.04381 -3.96677 3
      vertex -4.61137 -6.00965 3
      vertex -4.20844 -6.29838 3
    endloop
  endfacet
  facet normal 0 0 1
    outer loop
      vertex -6.79381 -3.35034 3
      vertex -4.48436 -2.21144 3
      vertex -4.6194 -1.91342 3
    endloop
  endfacet
  facet normal 0 0 1
    outer loop
      vertex -6.99839 -2.89883 3
      vertex -4.6194 -1.91342 3
      vertex -4.73465 -1.6072 3
    endloop
  endfacet
  facet normal 0 0 1
    outer loop
      vertex -7.173 -2.4349 3
      vertex -4.73465 -1.6072 3
      vertex -4.82963 -1.2941 3
    endloop
  endfacet
  facet normal 0 0 1
    outer loop
      vertex -7.31689 -1.96055 3
      vertex -4.82963 -1.2941 3
      vertex -4.90393 -0.975451 3
    endloop
  endfacet
  facet normal 0 0 1
    outer loop
      vertex -7.42945 -1.47781 3
      vertex -4.90393 -0.975451 3
      vertex -4.95722 -0.652631 3
    endloop
  endfacet
  facet normal 0 0 1
    outer loop
      vertex -7.51019 -0.988735 3
      vertex -4.95722 -0.652631 3
      vertex -4.98929 -0.327015 3
    endloop
  endfacet
  facet normal 0 0 1
    outer loop
      vertex -3.29673 -3.7592 3
      vertex -4.99454 -5.69519 3
      vertex -4.61137 -6.00965 3
    endloop
  endfacet
  facet normal 0 0 1
    outer loop
      vertex -7.55878 -0.495428 3
      vertex -4.98929 -0.327015 3
      vertex -5 0 3
    endloop
  endfacet
  facet normal 0 0 1
    outer loop
      vertex -4.6194 1.91342 3
      vertex -6.99839 2.89883 3
      vertex -4.73465 1.6072 3
    endloop
  endfacet
  facet normal 0 0 1
    outer loop
      vertex -3.53553 -3.53553 3
      vertex -5.35633 -5.35633 3
      vertex -4.99454 -5.69519 3
    endloop
  endfacet
  facet normal -0 0 1
    outer loop
      vertex -7.173 2.4349 3
      vertex -4.73465 1.6072 3
      vertex -6.99839 2.89883 3
    endloop
  endfacet
  facet normal 0 0 1
    outer loop
      vertex -3.7592 -3.29673 3
      vertex -5.69519 -4.99454 3
      vertex -5.35633 -5.35633 3
    endloop
  endfacet
  facet normal 0 0 1
    outer loop
      vertex -4.73465 1.6072 3
      vertex -7.173 2.4349 3
      vertex -4.82963 1.2941 3
    endloop
  endfacet
  facet normal 0 0 1
    outer loop
      vertex -3.96677 -3.04381 3
      vertex -6.00965 -4.61137 3
      vertex -5.69519 -4.99454 3
    endloop
  endfacet
  facet normal -0 0 1
    outer loop
      vertex -7.31689 1.96055 3
      vertex -4.82963 1.2941 3
      vertex -7.173 2.4349 3
    endloop
  endfacet
  facet normal 0 0 1
    outer loop
      vertex -4.15735 -2.77785 3
      vertex -6.29838 -4.20844 3
      vertex -6.00965 -4.61137 3
    endloop
  endfacet
  facet normal 0 0 1
    outer loop
      vertex -4.82963 1.2941 3
      vertex -7.31689 1.96055 3
      vertex -4.90393 0.975451 3
    endloop
  endfacet
  facet normal 0 0 1
    outer loop
      vertex -4.33013 -2.5 3
      vertex -6.56014 -3.7875 3
      vertex -6.29838 -4.20844 3
    endloop
  endfacet
  facet normal -0 0 1
    outer loop
      vertex -7.42945 1.47781 3
      vertex -4.90393 0.975451 3
      vertex -7.31689 1.96055 3
    endloop
  endfacet
  facet normal 0 0 1
    outer loop
      vertex -4.48436 -2.21144 3
      vertex -6.79381 -3.35034 3
      vertex -6.56014 -3.7875 3
    endloop
  endfacet
  facet normal 0 0 1
    outer loop
      vertex -4.90393 0.975451 3
      vertex -7.42945 1.47781 3
      vertex -4.95722 0.652631 3
    endloop
  endfacet
  facet normal 0 0 1
    outer loop
      vertex -4.6194 -1.91342 3
      vertex -6.99839 -2.89883 3
      vertex -6.79381 -3.35034 3
    endloop
  endfacet
  facet normal -0 0 1
    outer loop
      vertex -7.51019 0.988735 3
      vertex -4.95722 0.652631 3
      vertex -7.42945 1.47781 3
    endloop
  endfacet
  facet normal 0 0 1
    outer loop
      vertex -4.73465 -1.6072 3
      vertex -7.173 -2.4349 3
      vertex -6.99839 -2.89883 3
    endloop
  endfacet
  facet normal 0 0 1
    outer loop
      vertex -4.95722 0.652631 3
      vertex -7.51019 0.988735 3
      vertex -4.98929 0.327015 3
    endloop
  endfacet
  facet normal 0 0 1
    outer loop
      vertex -4.82963 -1.2941 3
      vertex -7.31689 -1.96055 3
      vertex -7.173 -2.4349 3
    endloop
  endfacet
  facet normal -0 0 1
    outer loop
      vertex -7.55878 0.495428 3
      vertex -4.98929 0.327015 3
      vertex -7.51019 0.988735 3
    endloop
  endfacet
  facet normal 0 0 1
    outer loop
      vertex -4.90393 -0.975451 3
      vertex -7.42945 -1.47781 3
      vertex -7.31689 -1.96055 3
    endloop
  endfacet
  facet normal 0 0 1
    outer loop
      vertex -4.98929 0.327015 3
      vertex -7.55878 0.495428 3
      vertex -5 0 3
    endloop
  endfacet
  facet normal 0 0 1
    outer loop
      vertex -4.95722 -0.652631 3
      vertex -7.51019 -0.988735 3
      vertex -7.42945 -1.47781 3
    endloop
  endfacet
  facet normal 0 0 1
    outer loop
      vertex -7.575 0 3
      vertex -5 0 3
      vertex -7.55878 0.495428 3
    endloop
  endfacet
  facet normal 0 0 1
    outer loop
      vertex -4.98929 -0.327015 3
      vertex -7.55878 -0.495428 3
      vertex -7.51019 -0.988735 3
    endloop
  endfacet
  facet normal 0 0 1
    outer loop
      vertex -5 0 3
      vertex -7.575 0 3
      vertex -7.55878 -0.495428 3
    endloop
  endfacet
  facet normal -0.995185 -0.098016 0
    outer loop
      vertex 4.98929 0.327015 0
      vertex 4.95722 0.652631 3
      vertex 4.95722 0.652631 0
    endloop
  endfacet
  facet normal -0.995185 -0.098016 0
    outer loop
      vertex 4.95722 0.652631 3
      vertex 4.98929 0.327015 0
      vertex 4.98929 0.327015 3
    endloop
  endfacet
  facet normal -0.999464 -0.0327332 0
    outer loop
      vertex 5 0 0
      vertex 4.98929 0.327015 3
      vertex 4.98929 0.327015 0
    endloop
  endfacet
  facet normal -0.999464 -0.0327332 0
    outer loop
      vertex 4.98929 0.327015 3
      vertex 5 0 0
      vertex 5 0 3
    endloop
  endfacet
  facet normal -0.227081 0.973876 0
    outer loop
      vertex 1.2941 -4.82963 0
      vertex 0.975451 -4.90393 3
      vertex 1.2941 -4.82963 3
    endloop
  endfacet
  facet normal -0.227081 0.973876 0
    outer loop
      vertex 0.975451 -4.90393 3
      vertex 1.2941 -4.82963 0
      vertex 0.975451 -4.90393 0
    endloop
  endfacet
  facet normal 0.6344 -0.773005 0
    outer loop
      vertex -3.29673 3.7592 0
      vertex -3.04381 3.96677 3
      vertex -3.29673 3.7592 3
    endloop
  endfacet
  facet normal 0.6344 -0.773005 0
    outer loop
      vertex -3.04381 3.96677 3
      vertex -3.29673 3.7592 0
      vertex -3.04381 3.96677 0
    endloop
  endfacet
  facet normal -0.528072 0.8492 0
    outer loop
      vertex 2.77785 -4.15735 0
      vertex 2.5 -4.33013 3
      vertex 2.77785 -4.15735 3
    endloop
  endfacet
  facet normal -0.528072 0.8492 0
    outer loop
      vertex 2.5 -4.33013 3
      vertex 2.77785 -4.15735 0
      vertex 2.5 -4.33013 0
    endloop
  endfacet
  facet normal -0.935909 0.352242 0
    outer loop
      vertex 4.6194 -1.91342 0
      vertex 4.73465 -1.6072 3
      vertex 4.73465 -1.6072 0
    endloop
  endfacet
  facet normal -0.935909 0.352242 0
    outer loop
      vertex 4.73465 -1.6072 3
      vertex 4.6194 -1.91342 0
      vertex 4.6194 -1.91342 3
    endloop
  endfacet
  facet normal -0.0327332 -0.999464 0
    outer loop
      vertex 0 5 0
      vertex 0.327015 4.98929 3
      vertex 0 5 3
    endloop
  endfacet
  facet normal -0.0327332 -0.999464 -0
    outer loop
      vertex 0.327015 4.98929 3
      vertex 0 5 0
      vertex 0.327015 4.98929 0
    endloop
  endfacet
  facet normal 0.812853 -0.582469 0
    outer loop
      vertex -4.15735 2.77785 3
      vertex -3.96677 3.04381 0
      vertex -3.96677 3.04381 3
    endloop
  endfacet
  facet normal 0.812853 -0.582469 0
    outer loop
      vertex -3.96677 3.04381 0
      vertex -4.15735 2.77785 3
      vertex -4.15735 2.77785 0
    endloop
  endfacet
  facet normal 0.910854 0.41273 0
    outer loop
      vertex -4.48436 -2.21144 3
      vertex -4.6194 -1.91342 0
      vertex -4.6194 -1.91342 3
    endloop
  endfacet
  facet normal 0.910854 0.41273 0
    outer loop
      vertex -4.6194 -1.91342 0
      vertex -4.48436 -2.21144 3
      vertex -4.48436 -2.21144 0
    endloop
  endfacet
  facet normal -0.6344 -0.773005 0
    outer loop
      vertex 3.04381 3.96677 0
      vertex 3.29673 3.7592 3
      vertex 3.04381 3.96677 3
    endloop
  endfacet
  facet normal -0.6344 -0.773005 -0
    outer loop
      vertex 3.29673 3.7592 3
      vertex 3.04381 3.96677 0
      vertex 3.29673 3.7592 0
    endloop
  endfacet
  facet normal -0.162872 0.986647 0
    outer loop
      vertex 0.975451 -4.90393 0
      vertex 0.652631 -4.95722 3
      vertex 0.975451 -4.90393 3
    endloop
  endfacet
  facet normal -0.162872 0.986647 0
    outer loop
      vertex 0.652631 -4.95722 3
      vertex 0.975451 -4.90393 0
      vertex 0.652631 -4.95722 0
    endloop
  endfacet
  facet normal -0.973876 -0.227081 0
    outer loop
      vertex 4.90393 0.975451 0
      vertex 4.82963 1.2941 3
      vertex 4.82963 1.2941 0
    endloop
  endfacet
  facet normal -0.973876 -0.227081 0
    outer loop
      vertex 4.82963 1.2941 3
      vertex 4.90393 0.975451 0
      vertex 4.90393 0.975451 3
    endloop
  endfacet
  facet normal -0.935909 -0.352242 0
    outer loop
      vertex 4.73465 1.6072 0
      vertex 4.6194 1.91342 3
      vertex 4.6194 1.91342 0
    endloop
  endfacet
  facet normal -0.935909 -0.352242 0
    outer loop
      vertex 4.6194 1.91342 3
      vertex 4.73465 1.6072 0
      vertex 4.73465 1.6072 3
    endloop
  endfacet
  facet normal -0.6344 0.773005 0
    outer loop
      vertex 3.29673 -3.7592 0
      vertex 3.04381 -3.96677 3
      vertex 3.29673 -3.7592 3
    endloop
  endfacet
  facet normal -0.6344 0.773005 0
    outer loop
      vertex 3.04381 -3.96677 3
      vertex 3.29673 -3.7592 0
      vertex 3.04381 -3.96677 0
    endloop
  endfacet
  facet normal 0.352242 -0.935909 0
    outer loop
      vertex -1.91342 4.6194 0
      vertex -1.6072 4.73465 3
      vertex -1.91342 4.6194 3
    endloop
  endfacet
  facet normal 0.352242 -0.935909 0
    outer loop
      vertex -1.6072 4.73465 3
      vertex -1.91342 4.6194 0
      vertex -1.6072 4.73465 0
    endloop
  endfacet
  facet normal -0.812853 0.582469 0
    outer loop
      vertex 3.96677 -3.04381 0
      vertex 4.15735 -2.77785 3
      vertex 4.15735 -2.77785 0
    endloop
  endfacet
  facet normal -0.812853 0.582469 0
    outer loop
      vertex 4.15735 -2.77785 3
      vertex 3.96677 -3.04381 0
      vertex 3.96677 -3.04381 3
    endloop
  endfacet
  facet normal 0.773005 0.6344 0
    outer loop
      vertex -3.7592 -3.29673 3
      vertex -3.96677 -3.04381 0
      vertex -3.96677 -3.04381 3
    endloop
  endfacet
  facet normal 0.773005 0.6344 0
    outer loop
      vertex -3.96677 -3.04381 0
      vertex -3.7592 -3.29673 3
      vertex -3.7592 -3.29673 0
    endloop
  endfacet
  facet normal -0.582469 -0.812853 0
    outer loop
      vertex 2.77785 4.15735 0
      vertex 3.04381 3.96677 3
      vertex 2.77785 4.15735 3
    endloop
  endfacet
  facet normal -0.582469 -0.812853 -0
    outer loop
      vertex 3.04381 3.96677 3
      vertex 2.77785 4.15735 0
      vertex 3.04381 3.96677 0
    endloop
  endfacet
  facet normal 0.8492 0.528072 0
    outer loop
      vertex -4.15735 -2.77785 3
      vertex -4.33013 -2.5 0
      vertex -4.33013 -2.5 3
    endloop
  endfacet
  facet normal 0.8492 0.528072 0
    outer loop
      vertex -4.33013 -2.5 0
      vertex -4.15735 -2.77785 3
      vertex -4.15735 -2.77785 0
    endloop
  endfacet
  facet normal 0.098016 0.995185 -0
    outer loop
      vertex -0.327015 -4.98929 0
      vertex -0.652631 -4.95722 3
      vertex -0.327015 -4.98929 3
    endloop
  endfacet
  facet normal 0.098016 0.995185 0
    outer loop
      vertex -0.652631 -4.95722 3
      vertex -0.327015 -4.98929 0
      vertex -0.652631 -4.95722 0
    endloop
  endfacet
  facet normal 0.935909 0.352242 0
    outer loop
      vertex -4.6194 -1.91342 3
      vertex -4.73465 -1.6072 0
      vertex -4.73465 -1.6072 3
    endloop
  endfacet
  facet normal 0.935909 0.352242 0
    outer loop
      vertex -4.73465 -1.6072 0
      vertex -4.6194 -1.91342 3
      vertex -4.6194 -1.91342 0
    endloop
  endfacet
  facet normal 0.956939 0.290291 0
    outer loop
      vertex -4.73465 -1.6072 3
      vertex -4.82963 -1.2941 0
      vertex -4.82963 -1.2941 3
    endloop
  endfacet
  facet normal 0.956939 0.290291 0
    outer loop
      vertex -4.82963 -1.2941 0
      vertex -4.73465 -1.6072 3
      vertex -4.73465 -1.6072 0
    endloop
  endfacet
  facet normal 0.162872 0.986647 -0
    outer loop
      vertex -0.652631 -4.95722 0
      vertex -0.975451 -4.90393 3
      vertex -0.652631 -4.95722 3
    endloop
  endfacet
  facet normal 0.162872 0.986647 0
    outer loop
      vertex -0.975451 -4.90393 3
      vertex -0.652631 -4.95722 0
      vertex -0.975451 -4.90393 0
    endloop
  endfacet
  facet normal -0.41273 -0.910854 0
    outer loop
      vertex 1.91342 4.6194 0
      vertex 2.21144 4.48436 3
      vertex 1.91342 4.6194 3
    endloop
  endfacet
  facet normal -0.41273 -0.910854 -0
    outer loop
      vertex 2.21144 4.48436 3
      vertex 1.91342 4.6194 0
      vertex 2.21144 4.48436 0
    endloop
  endfacet
  facet normal -0.41273 0.910854 0
    outer loop
      vertex 2.21144 -4.48436 0
      vertex 1.91342 -4.6194 3
      vertex 2.21144 -4.48436 3
    endloop
  endfacet
  facet normal -0.41273 0.910854 0
    outer loop
      vertex 1.91342 -4.6194 3
      vertex 2.21144 -4.48436 0
      vertex 1.91342 -4.6194 0
    endloop
  endfacet
  facet normal 0.290291 -0.956939 0
    outer loop
      vertex -1.6072 4.73465 0
      vertex -1.2941 4.82963 3
      vertex -1.6072 4.73465 3
    endloop
  endfacet
  facet normal 0.290291 -0.956939 0
    outer loop
      vertex -1.2941 4.82963 3
      vertex -1.6072 4.73465 0
      vertex -1.2941 4.82963 0
    endloop
  endfacet
  facet normal -0.72985 -0.683608 0
    outer loop
      vertex 3.7592 3.29673 0
      vertex 3.53553 3.53553 3
      vertex 3.53553 3.53553 0
    endloop
  endfacet
  facet normal -0.72985 -0.683608 0
    outer loop
      vertex 3.53553 3.53553 3
      vertex 3.7592 3.29673 0
      vertex 3.7592 3.29673 3
    endloop
  endfacet
  facet normal -0.528072 -0.8492 0
    outer loop
      vertex 2.5 4.33013 0
      vertex 2.77785 4.15735 3
      vertex 2.5 4.33013 3
    endloop
  endfacet
  facet normal -0.528072 -0.8492 -0
    outer loop
      vertex 2.77785 4.15735 3
      vertex 2.5 4.33013 0
      vertex 2.77785 4.15735 0
    endloop
  endfacet
  facet normal 0.910854 -0.41273 0
    outer loop
      vertex -4.6194 1.91342 3
      vertex -4.48436 2.21144 0
      vertex -4.48436 2.21144 3
    endloop
  endfacet
  facet normal 0.910854 -0.41273 0
    outer loop
      vertex -4.48436 2.21144 0
      vertex -4.6194 1.91342 3
      vertex -4.6194 1.91342 0
    endloop
  endfacet
  facet normal -0.956939 0.290291 0
    outer loop
      vertex 4.73465 -1.6072 0
      vertex 4.82963 -1.2941 3
      vertex 4.82963 -1.2941 0
    endloop
  endfacet
  facet normal -0.956939 0.290291 0
    outer loop
      vertex 4.82963 -1.2941 3
      vertex 4.73465 -1.6072 0
      vertex 4.73465 -1.6072 3
    endloop
  endfacet
  facet normal 0.881932 0.471376 0
    outer loop
      vertex -4.33013 -2.5 3
      vertex -4.48436 -2.21144 0
      vertex -4.48436 -2.21144 3
    endloop
  endfacet
  facet normal 0.881932 0.471376 0
    outer loop
      vertex -4.48436 -2.21144 0
      vertex -4.33013 -2.5 3
      vertex -4.33013 -2.5 0
    endloop
  endfacet
  facet normal 0.582469 0.812853 -0
    outer loop
      vertex -2.77785 -4.15735 0
      vertex -3.04381 -3.96677 3
      vertex -2.77785 -4.15735 3
    endloop
  endfacet
  facet normal 0.582469 0.812853 0
    outer loop
      vertex -3.04381 -3.96677 3
      vertex -2.77785 -4.15735 0
      vertex -3.04381 -3.96677 0
    endloop
  endfacet
  facet normal 0.999464 0.0327332 0
    outer loop
      vertex -4.98929 -0.327015 3
      vertex -5 0 0
      vertex -5 0 3
    endloop
  endfacet
  facet normal 0.999464 0.0327332 0
    outer loop
      vertex -5 0 0
      vertex -4.98929 -0.327015 3
      vertex -4.98929 -0.327015 0
    endloop
  endfacet
  facet normal -0.910854 0.41273 0
    outer loop
      vertex 4.48436 -2.21144 0
      vertex 4.6194 -1.91342 3
      vertex 4.6194 -1.91342 0
    endloop
  endfacet
  facet normal -0.910854 0.41273 0
    outer loop
      vertex 4.6194 -1.91342 3
      vertex 4.48436 -2.21144 0
      vertex 4.48436 -2.21144 3
    endloop
  endfacet
  facet normal 0.6344 0.773005 -0
    outer loop
      vertex -3.04381 -3.96677 0
      vertex -3.29673 -3.7592 3
      vertex -3.04381 -3.96677 3
    endloop
  endfacet
  facet normal 0.6344 0.773005 0
    outer loop
      vertex -3.29673 -3.7592 3
      vertex -3.04381 -3.96677 0
      vertex -3.29673 -3.7592 0
    endloop
  endfacet
  facet normal 0.995185 -0.098016 0
    outer loop
      vertex -4.98929 0.327015 3
      vertex -4.95722 0.652631 0
      vertex -4.95722 0.652631 3
    endloop
  endfacet
  facet normal 0.995185 -0.098016 0
    outer loop
      vertex -4.95722 0.652631 0
      vertex -4.98929 0.327015 3
      vertex -4.98929 0.327015 0
    endloop
  endfacet
  facet normal -0.0327332 0.999464 0
    outer loop
      vertex 0.327015 -4.98929 0
      vertex 0 -5 3
      vertex 0.327015 -4.98929 3
    endloop
  endfacet
  facet normal -0.0327332 0.999464 0
    outer loop
      vertex 0 -5 3
      vertex 0.327015 -4.98929 0
      vertex 0 -5 0
    endloop
  endfacet
  facet normal 0.098016 -0.995185 0
    outer loop
      vertex -0.652631 4.95722 0
      vertex -0.327015 4.98929 3
      vertex -0.652631 4.95722 3
    endloop
  endfacet
  facet normal 0.098016 -0.995185 0
    outer loop
      vertex -0.327015 4.98929 3
      vertex -0.652631 4.95722 0
      vertex -0.327015 4.98929 0
    endloop
  endfacet
  facet normal 0.973876 0.227081 0
    outer loop
      vertex -4.82963 -1.2941 3
      vertex -4.90393 -0.975451 0
      vertex -4.90393 -0.975451 3
    endloop
  endfacet
  facet normal 0.973876 0.227081 0
    outer loop
      vertex -4.90393 -0.975451 0
      vertex -4.82963 -1.2941 3
      vertex -4.82963 -1.2941 0
    endloop
  endfacet
  facet normal -0.8492 -0.528072 0
    outer loop
      vertex 4.33013 2.5 0
      vertex 4.15735 2.77785 3
      vertex 4.15735 2.77785 0
    endloop
  endfacet
  facet normal -0.8492 -0.528072 0
    outer loop
      vertex 4.15735 2.77785 3
      vertex 4.33013 2.5 0
      vertex 4.33013 2.5 3
    endloop
  endfacet
  facet normal 0.986647 -0.162872 0
    outer loop
      vertex -4.95722 0.652631 3
      vertex -4.90393 0.975451 0
      vertex -4.90393 0.975451 3
    endloop
  endfacet
  facet normal 0.986647 -0.162872 0
    outer loop
      vertex -4.90393 0.975451 0
      vertex -4.95722 0.652631 3
      vertex -4.95722 0.652631 0
    endloop
  endfacet
  facet normal 0.162872 -0.986647 0
    outer loop
      vertex -0.975451 4.90393 0
      vertex -0.652631 4.95722 3
      vertex -0.975451 4.90393 3
    endloop
  endfacet
  facet normal 0.162872 -0.986647 0
    outer loop
      vertex -0.652631 4.95722 3
      vertex -0.975451 4.90393 0
      vertex -0.652631 4.95722 0
    endloop
  endfacet
  facet normal -0.881932 0.471376 0
    outer loop
      vertex 4.33013 -2.5 0
      vertex 4.48436 -2.21144 3
      vertex 4.48436 -2.21144 0
    endloop
  endfacet
  facet normal -0.881932 0.471376 0
    outer loop
      vertex 4.48436 -2.21144 3
      vertex 4.33013 -2.5 0
      vertex 4.33013 -2.5 3
    endloop
  endfacet
  facet normal -0.999464 0.0327332 0
    outer loop
      vertex 4.98929 -0.327015 0
      vertex 5 0 3
      vertex 5 0 0
    endloop
  endfacet
  facet normal -0.999464 0.0327332 0
    outer loop
      vertex 5 0 3
      vertex 4.98929 -0.327015 0
      vertex 4.98929 -0.327015 3
    endloop
  endfacet
  facet normal -0.956939 -0.290291 0
    outer loop
      vertex 4.82963 1.2941 0
      vertex 4.73465 1.6072 3
      vertex 4.73465 1.6072 0
    endloop
  endfacet
  facet normal -0.956939 -0.290291 0
    outer loop
      vertex 4.73465 1.6072 3
      vertex 4.82963 1.2941 0
      vertex 4.82963 1.2941 3
    endloop
  endfacet
  facet normal -0.910854 -0.41273 0
    outer loop
      vertex 4.6194 1.91342 0
      vertex 4.48436 2.21144 3
      vertex 4.48436 2.21144 0
    endloop
  endfacet
  facet normal -0.910854 -0.41273 0
    outer loop
      vertex 4.48436 2.21144 3
      vertex 4.6194 1.91342 0
      vertex 4.6194 1.91342 3
    endloop
  endfacet
  facet normal -0.098016 -0.995185 0
    outer loop
      vertex 0.327015 4.98929 0
      vertex 0.652631 4.95722 3
      vertex 0.327015 4.98929 3
    endloop
  endfacet
  facet normal -0.098016 -0.995185 -0
    outer loop
      vertex 0.652631 4.95722 3
      vertex 0.327015 4.98929 0
      vertex 0.652631 4.95722 0
    endloop
  endfacet
  facet normal -0.683608 -0.72985 0
    outer loop
      vertex 3.29673 3.7592 0
      vertex 3.53553 3.53553 3
      vertex 3.29673 3.7592 3
    endloop
  endfacet
  facet normal -0.683608 -0.72985 -0
    outer loop
      vertex 3.53553 3.53553 3
      vertex 3.29673 3.7592 0
      vertex 3.53553 3.53553 0
    endloop
  endfacet
  facet normal -0.471376 -0.881932 0
    outer loop
      vertex 2.21144 4.48436 0
      vertex 2.5 4.33013 3
      vertex 2.21144 4.48436 3
    endloop
  endfacet
  facet normal -0.471376 -0.881932 -0
    outer loop
      vertex 2.5 4.33013 3
      vertex 2.21144 4.48436 0
      vertex 2.5 4.33013 0
    endloop
  endfacet
  facet normal 0.582469 -0.812853 0
    outer loop
      vertex -3.04381 3.96677 0
      vertex -2.77785 4.15735 3
      vertex -3.04381 3.96677 3
    endloop
  endfacet
  facet normal 0.582469 -0.812853 0
    outer loop
      vertex -2.77785 4.15735 3
      vertex -3.04381 3.96677 0
      vertex -2.77785 4.15735 0
    endloop
  endfacet
  facet normal -0.72985 0.683608 0
    outer loop
      vertex 3.53553 -3.53553 0
      vertex 3.7592 -3.29673 3
      vertex 3.7592 -3.29673 0
    endloop
  endfacet
  facet normal -0.72985 0.683608 0
    outer loop
      vertex 3.7592 -3.29673 3
      vertex 3.53553 -3.53553 0
      vertex 3.53553 -3.53553 3
    endloop
  endfacet
  facet normal -0.683608 0.72985 0
    outer loop
      vertex 3.53553 -3.53553 0
      vertex 3.29673 -3.7592 3
      vertex 3.53553 -3.53553 3
    endloop
  endfacet
  facet normal -0.683608 0.72985 0
    outer loop
      vertex 3.29673 -3.7592 3
      vertex 3.53553 -3.53553 0
      vertex 3.29673 -3.7592 0
    endloop
  endfacet
  facet normal 0.528072 -0.8492 0
    outer loop
      vertex -2.77785 4.15735 0
      vertex -2.5 4.33013 3
      vertex -2.77785 4.15735 3
    endloop
  endfacet
  facet normal 0.528072 -0.8492 0
    outer loop
      vertex -2.5 4.33013 3
      vertex -2.77785 4.15735 0
      vertex -2.5 4.33013 0
    endloop
  endfacet
  facet normal 0.986647 0.162872 0
    outer loop
      vertex -4.90393 -0.975451 3
      vertex -4.95722 -0.652631 0
      vertex -4.95722 -0.652631 3
    endloop
  endfacet
  facet normal 0.986647 0.162872 0
    outer loop
      vertex -4.95722 -0.652631 0
      vertex -4.90393 -0.975451 3
      vertex -4.90393 -0.975451 0
    endloop
  endfacet
  facet normal -0.881932 -0.471376 0
    outer loop
      vertex 4.48436 2.21144 0
      vertex 4.33013 2.5 3
      vertex 4.33013 2.5 0
    endloop
  endfacet
  facet normal -0.881932 -0.471376 0
    outer loop
      vertex 4.33013 2.5 3
      vertex 4.48436 2.21144 0
      vertex 4.48436 2.21144 3
    endloop
  endfacet
  facet normal 0.935909 -0.352242 0
    outer loop
      vertex -4.73465 1.6072 3
      vertex -4.6194 1.91342 0
      vertex -4.6194 1.91342 3
    endloop
  endfacet
  facet normal 0.935909 -0.352242 0
    outer loop
      vertex -4.6194 1.91342 0
      vertex -4.73465 1.6072 3
      vertex -4.73465 1.6072 0
    endloop
  endfacet
  facet normal -0.162872 -0.986647 0
    outer loop
      vertex 0.652631 4.95722 0
      vertex 0.975451 4.90393 3
      vertex 0.652631 4.95722 3
    endloop
  endfacet
  facet normal -0.162872 -0.986647 -0
    outer loop
      vertex 0.975451 4.90393 3
      vertex 0.652631 4.95722 0
      vertex 0.975451 4.90393 0
    endloop
  endfacet
  facet normal 0.290291 0.956939 -0
    outer loop
      vertex -1.2941 -4.82963 0
      vertex -1.6072 -4.73465 3
      vertex -1.2941 -4.82963 3
    endloop
  endfacet
  facet normal 0.290291 0.956939 0
    outer loop
      vertex -1.6072 -4.73465 3
      vertex -1.2941 -4.82963 0
      vertex -1.6072 -4.73465 0
    endloop
  endfacet
  facet normal 0.227081 0.973876 -0
    outer loop
      vertex -0.975451 -4.90393 0
      vertex -1.2941 -4.82963 3
      vertex -0.975451 -4.90393 3
    endloop
  endfacet
  facet normal 0.227081 0.973876 0
    outer loop
      vertex -1.2941 -4.82963 3
      vertex -0.975451 -4.90393 0
      vertex -1.2941 -4.82963 0
    endloop
  endfacet
  facet normal -0.352242 0.935909 0
    outer loop
      vertex 1.91342 -4.6194 0
      vertex 1.6072 -4.73465 3
      vertex 1.91342 -4.6194 3
    endloop
  endfacet
  facet normal -0.352242 0.935909 0
    outer loop
      vertex 1.6072 -4.73465 3
      vertex 1.91342 -4.6194 0
      vertex 1.6072 -4.73465 0
    endloop
  endfacet
  facet normal -0.290291 0.956939 0
    outer loop
      vertex 1.6072 -4.73465 0
      vertex 1.2941 -4.82963 3
      vertex 1.6072 -4.73465 3
    endloop
  endfacet
  facet normal -0.290291 0.956939 0
    outer loop
      vertex 1.2941 -4.82963 3
      vertex 1.6072 -4.73465 0
      vertex 1.2941 -4.82963 0
    endloop
  endfacet
  facet normal -0.773005 0.6344 0
    outer loop
      vertex 3.7592 -3.29673 0
      vertex 3.96677 -3.04381 3
      vertex 3.96677 -3.04381 0
    endloop
  endfacet
  facet normal -0.773005 0.6344 0
    outer loop
      vertex 3.96677 -3.04381 3
      vertex 3.7592 -3.29673 0
      vertex 3.7592 -3.29673 3
    endloop
  endfacet
  facet normal -0.352242 -0.935909 0
    outer loop
      vertex 1.6072 4.73465 0
      vertex 1.91342 4.6194 3
      vertex 1.6072 4.73465 3
    endloop
  endfacet
  facet normal -0.352242 -0.935909 -0
    outer loop
      vertex 1.91342 4.6194 3
      vertex 1.6072 4.73465 0
      vertex 1.91342 4.6194 0
    endloop
  endfacet
  facet normal -0.471376 0.881932 0
    outer loop
      vertex 2.5 -4.33013 0
      vertex 2.21144 -4.48436 3
      vertex 2.5 -4.33013 3
    endloop
  endfacet
  facet normal -0.471376 0.881932 0
    outer loop
      vertex 2.21144 -4.48436 3
      vertex 2.5 -4.33013 0
      vertex 2.21144 -4.48436 0
    endloop
  endfacet
  facet normal 0.812853 0.582469 0
    outer loop
      vertex -3.96677 -3.04381 3
      vertex -4.15735 -2.77785 0
      vertex -4.15735 -2.77785 3
    endloop
  endfacet
  facet normal 0.812853 0.582469 0
    outer loop
      vertex -4.15735 -2.77785 0
      vertex -3.96677 -3.04381 3
      vertex -3.96677 -3.04381 0
    endloop
  endfacet
  facet normal -0.098016 0.995185 0
    outer loop
      vertex 0.652631 -4.95722 0
      vertex 0.327015 -4.98929 3
      vertex 0.652631 -4.95722 3
    endloop
  endfacet
  facet normal -0.098016 0.995185 0
    outer loop
      vertex 0.327015 -4.98929 3
      vertex 0.652631 -4.95722 0
      vertex 0.327015 -4.98929 0
    endloop
  endfacet
  facet normal -0.973876 0.227081 0
    outer loop
      vertex 4.82963 -1.2941 0
      vertex 4.90393 -0.975451 3
      vertex 4.90393 -0.975451 0
    endloop
  endfacet
  facet normal -0.973876 0.227081 0
    outer loop
      vertex 4.90393 -0.975451 3
      vertex 4.82963 -1.2941 0
      vertex 4.82963 -1.2941 3
    endloop
  endfacet
  facet normal -0.995185 0.098016 0
    outer loop
      vertex 4.95722 -0.652631 0
      vertex 4.98929 -0.327015 3
      vertex 4.98929 -0.327015 0
    endloop
  endfacet
  facet normal -0.995185 0.098016 0
    outer loop
      vertex 4.98929 -0.327015 3
      vertex 4.95722 -0.652631 0
      vertex 4.95722 -0.652631 3
    endloop
  endfacet
  facet normal 0.881932 -0.471376 0
    outer loop
      vertex -4.48436 2.21144 3
      vertex -4.33013 2.5 0
      vertex -4.33013 2.5 3
    endloop
  endfacet
  facet normal 0.881932 -0.471376 0
    outer loop
      vertex -4.33013 2.5 0
      vertex -4.48436 2.21144 3
      vertex -4.48436 2.21144 0
    endloop
  endfacet
  facet normal 0.41273 0.910854 -0
    outer loop
      vertex -1.91342 -4.6194 0
      vertex -2.21144 -4.48436 3
      vertex -1.91342 -4.6194 3
    endloop
  endfacet
  facet normal 0.41273 0.910854 0
    outer loop
      vertex -2.21144 -4.48436 3
      vertex -1.91342 -4.6194 0
      vertex -2.21144 -4.48436 0
    endloop
  endfacet
  facet normal -0.812853 -0.582469 0
    outer loop
      vertex 4.15735 2.77785 0
      vertex 3.96677 3.04381 3
      vertex 3.96677 3.04381 0
    endloop
  endfacet
  facet normal -0.812853 -0.582469 0
    outer loop
      vertex 3.96677 3.04381 3
      vertex 4.15735 2.77785 0
      vertex 4.15735 2.77785 3
    endloop
  endfacet
  facet normal 0.352242 0.935909 -0
    outer loop
      vertex -1.6072 -4.73465 0
      vertex -1.91342 -4.6194 3
      vertex -1.6072 -4.73465 3
    endloop
  endfacet
  facet normal 0.352242 0.935909 0
    outer loop
      vertex -1.91342 -4.6194 3
      vertex -1.6072 -4.73465 0
      vertex -1.91342 -4.6194 0
    endloop
  endfacet
  facet normal -0.986647 -0.162872 0
    outer loop
      vertex 4.95722 0.652631 0
      vertex 4.90393 0.975451 3
      vertex 4.90393 0.975451 0
    endloop
  endfacet
  facet normal -0.986647 -0.162872 0
    outer loop
      vertex 4.90393 0.975451 3
      vertex 4.95722 0.652631 0
      vertex 4.95722 0.652631 3
    endloop
  endfacet
  facet normal 0.995185 0.098016 0
    outer loop
      vertex -4.95722 -0.652631 3
      vertex -4.98929 -0.327015 0
      vertex -4.98929 -0.327015 3
    endloop
  endfacet
  facet normal 0.995185 0.098016 0
    outer loop
      vertex -4.98929 -0.327015 0
      vertex -4.95722 -0.652631 3
      vertex -4.95722 -0.652631 0
    endloop
  endfacet
  facet normal 0.72985 -0.683608 0
    outer loop
      vertex -3.7592 3.29673 3
      vertex -3.53553 3.53553 0
      vertex -3.53553 3.53553 3
    endloop
  endfacet
  facet normal 0.72985 -0.683608 0
    outer loop
      vertex -3.53553 3.53553 0
      vertex -3.7592 3.29673 3
      vertex -3.7592 3.29673 0
    endloop
  endfacet
  facet normal 0.683608 -0.72985 0
    outer loop
      vertex -3.53553 3.53553 0
      vertex -3.29673 3.7592 3
      vertex -3.53553 3.53553 3
    endloop
  endfacet
  facet normal 0.683608 -0.72985 0
    outer loop
      vertex -3.29673 3.7592 3
      vertex -3.53553 3.53553 0
      vertex -3.29673 3.7592 0
    endloop
  endfacet
  facet normal 0.0327332 -0.999464 0
    outer loop
      vertex -0.327015 4.98929 0
      vertex 0 5 3
      vertex -0.327015 4.98929 3
    endloop
  endfacet
  facet normal 0.0327332 -0.999464 0
    outer loop
      vertex 0 5 3
      vertex -0.327015 4.98929 0
      vertex 0 5 0
    endloop
  endfacet
  facet normal 0.8492 -0.528072 0
    outer loop
      vertex -4.33013 2.5 3
      vertex -4.15735 2.77785 0
      vertex -4.15735 2.77785 3
    endloop
  endfacet
  facet normal 0.8492 -0.528072 0
    outer loop
      vertex -4.15735 2.77785 0
      vertex -4.33013 2.5 3
      vertex -4.33013 2.5 0
    endloop
  endfacet
  facet normal -0.8492 0.528072 0
    outer loop
      vertex 4.15735 -2.77785 0
      vertex 4.33013 -2.5 3
      vertex 4.33013 -2.5 0
    endloop
  endfacet
  facet normal -0.8492 0.528072 0
    outer loop
      vertex 4.33013 -2.5 3
      vertex 4.15735 -2.77785 0
      vertex 4.15735 -2.77785 3
    endloop
  endfacet
  facet normal 0.72985 0.683608 0
    outer loop
      vertex -3.53553 -3.53553 3
      vertex -3.7592 -3.29673 0
      vertex -3.7592 -3.29673 3
    endloop
  endfacet
  facet normal 0.72985 0.683608 0
    outer loop
      vertex -3.7592 -3.29673 0
      vertex -3.53553 -3.53553 3
      vertex -3.53553 -3.53553 0
    endloop
  endfacet
  facet normal 0.41273 -0.910854 0
    outer loop
      vertex -2.21144 4.48436 0
      vertex -1.91342 4.6194 3
      vertex -2.21144 4.48436 3
    endloop
  endfacet
  facet normal 0.41273 -0.910854 0
    outer loop
      vertex -1.91342 4.6194 3
      vertex -2.21144 4.48436 0
      vertex -1.91342 4.6194 0
    endloop
  endfacet
  facet normal -0.582469 0.812853 0
    outer loop
      vertex 3.04381 -3.96677 0
      vertex 2.77785 -4.15735 3
      vertex 3.04381 -3.96677 3
    endloop
  endfacet
  facet normal -0.582469 0.812853 0
    outer loop
      vertex 2.77785 -4.15735 3
      vertex 3.04381 -3.96677 0
      vertex 2.77785 -4.15735 0
    endloop
  endfacet
  facet normal 0.227081 -0.973876 0
    outer loop
      vertex -1.2941 4.82963 0
      vertex -0.975451 4.90393 3
      vertex -1.2941 4.82963 3
    endloop
  endfacet
  facet normal 0.227081 -0.973876 0
    outer loop
      vertex -0.975451 4.90393 3
      vertex -1.2941 4.82963 0
      vertex -0.975451 4.90393 0
    endloop
  endfacet
  facet normal 0.683608 0.72985 -0
    outer loop
      vertex -3.29673 -3.7592 0
      vertex -3.53553 -3.53553 3
      vertex -3.29673 -3.7592 3
    endloop
  endfacet
  facet normal 0.683608 0.72985 0
    outer loop
      vertex -3.53553 -3.53553 3
      vertex -3.29673 -3.7592 0
      vertex -3.53553 -3.53553 0
    endloop
  endfacet
  facet normal 0.773005 -0.6344 0
    outer loop
      vertex -3.96677 3.04381 3
      vertex -3.7592 3.29673 0
      vertex -3.7592 3.29673 3
    endloop
  endfacet
  facet normal 0.773005 -0.6344 0
    outer loop
      vertex -3.7592 3.29673 0
      vertex -3.96677 3.04381 3
      vertex -3.96677 3.04381 0
    endloop
  endfacet
  facet normal -0.986647 0.162872 0
    outer loop
      vertex 4.90393 -0.975451 0
      vertex 4.95722 -0.652631 3
      vertex 4.95722 -0.652631 0
    endloop
  endfacet
  facet normal -0.986647 0.162872 0
    outer loop
      vertex 4.95722 -0.652631 3
      vertex 4.90393 -0.975451 0
      vertex 4.90393 -0.975451 3
    endloop
  endfacet
  facet normal -0.773005 -0.6344 0
    outer loop
      vertex 3.96677 3.04381 0
      vertex 3.7592 3.29673 3
      vertex 3.7592 3.29673 0
    endloop
  endfacet
  facet normal -0.773005 -0.6344 0
    outer loop
      vertex 3.7592 3.29673 3
      vertex 3.96677 3.04381 0
      vertex 3.96677 3.04381 3
    endloop
  endfacet
  facet normal 0.0327332 0.999464 -0
    outer loop
      vertex 0 -5 0
      vertex -0.327015 -4.98929 3
      vertex 0 -5 3
    endloop
  endfacet
  facet normal 0.0327332 0.999464 0
    outer loop
      vertex -0.327015 -4.98929 3
      vertex 0 -5 0
      vertex -0.327015 -4.98929 0
    endloop
  endfacet
  facet normal 0.973876 -0.227081 0
    outer loop
      vertex -4.90393 0.975451 3
      vertex -4.82963 1.2941 0
      vertex -4.82963 1.2941 3
    endloop
  endfacet
  facet normal 0.973876 -0.227081 0
    outer loop
      vertex -4.82963 1.2941 0
      vertex -4.90393 0.975451 3
      vertex -4.90393 0.975451 0
    endloop
  endfacet
  facet normal 0.956939 -0.290291 0
    outer loop
      vertex -4.82963 1.2941 3
      vertex -4.73465 1.6072 0
      vertex -4.73465 1.6072 3
    endloop
  endfacet
  facet normal 0.956939 -0.290291 0
    outer loop
      vertex -4.73465 1.6072 0
      vertex -4.82963 1.2941 3
      vertex -4.82963 1.2941 0
    endloop
  endfacet
  facet normal 0.528072 0.8492 -0
    outer loop
      vertex -2.5 -4.33013 0
      vertex -2.77785 -4.15735 3
      vertex -2.5 -4.33013 3
    endloop
  endfacet
  facet normal 0.528072 0.8492 0
    outer loop
      vertex -2.77785 -4.15735 3
      vertex -2.5 -4.33013 0
      vertex -2.77785 -4.15735 0
    endloop
  endfacet
  facet normal 0.999464 -0.0327332 0
    outer loop
      vertex -5 0 3
      vertex -4.98929 0.327015 0
      vertex -4.98929 0.327015 3
    endloop
  endfacet
  facet normal 0.999464 -0.0327332 0
    outer loop
      vertex -4.98929 0.327015 0
      vertex -5 0 3
      vertex -5 0 0
    endloop
  endfacet
  facet normal -0.227081 -0.973876 0
    outer loop
      vertex 0.975451 4.90393 0
      vertex 1.2941 4.82963 3
      vertex 0.975451 4.90393 3
    endloop
  endfacet
  facet normal -0.227081 -0.973876 -0
    outer loop
      vertex 1.2941 4.82963 3
      vertex 0.975451 4.90393 0
      vertex 1.2941 4.82963 0
    endloop
  endfacet
  facet normal -0.290291 -0.956939 0
    outer loop
      vertex 1.2941 4.82963 0
      vertex 1.6072 4.73465 3
      vertex 1.2941 4.82963 3
    endloop
  endfacet
  facet normal -0.290291 -0.956939 -0
    outer loop
      vertex 1.6072 4.73465 3
      vertex 1.2941 4.82963 0
      vertex 1.6072 4.73465 0
    endloop
  endfacet
  facet normal 0.471376 -0.881932 0
    outer loop
      vertex -2.5 4.33013 0
      vertex -2.21144 4.48436 3
      vertex -2.5 4.33013 3
    endloop
  endfacet
  facet normal 0.471376 -0.881932 0
    outer loop
      vertex -2.21144 4.48436 3
      vertex -2.5 4.33013 0
      vertex -2.21144 4.48436 0
    endloop
  endfacet
  facet normal 0.471376 0.881932 -0
    outer loop
      vertex -2.21144 -4.48436 0
      vertex -2.5 -4.33013 3
      vertex -2.21144 -4.48436 3
    endloop
  endfacet
  facet normal 0.471376 0.881932 0
    outer loop
      vertex -2.5 -4.33013 3
      vertex -2.21144 -4.48436 0
      vertex -2.5 -4.33013 0
    endloop
  endfacet
endsolid OpenSCAD_Model
