solid OpenSCAD_Model
  facet normal 0.999464 0.0327463 0
    outer loop
      vertex 11.2 0 1.6
      vertex 11.176 0.732514 5.72205e-07
      vertex 11.176 0.732514 1.6
    endloop
  endfacet
  facet normal 0.999464 0.0327463 0
    outer loop
      vertex 11.176 0.732514 5.72205e-07
      vertex 11.2 0 1.6
      vertex 11.2 0 5.72205e-07
    endloop
  endfacet
  facet normal 0.99519 -0.0979668 0
    outer loop
      vertex 11.1042 -1.46189 1.6
      vertex 11.176 -0.732514 5.72205e-07
      vertex 11.176 -0.732514 1.6
    endloop
  endfacet
  facet normal 0.99519 -0.0979668 0
    outer loop
      vertex 11.176 -0.732514 5.72205e-07
      vertex 11.1042 -1.46189 1.6
      vertex 11.1042 -1.46189 5.72205e-07
    endloop
  endfacet
  facet normal 0.999464 -0.0327463 0
    outer loop
      vertex 11.176 -0.732514 1.6
      vertex 11.2 0 5.72205e-07
      vertex 11.2 0 1.6
    endloop
  endfacet
  facet normal 0.999464 -0.0327463 0
    outer loop
      vertex 11.2 0 5.72205e-07
      vertex 11.176 -0.732514 1.6
      vertex 11.176 -0.732514 5.72205e-07
    endloop
  endfacet
  facet normal 0.352171 -0.935936 0
    outer loop
      vertex 3.60012 -10.6056 5.72205e-07
      vertex 4.28605 -10.3475 1.6
      vertex 3.60012 -10.6056 1.6
    endloop
  endfacet
  facet normal 0.352171 -0.935936 0
    outer loop
      vertex 4.28605 -10.3475 1.6
      vertex 3.60012 -10.6056 5.72205e-07
      vertex 4.28605 -10.3475 5.72205e-07
    endloop
  endfacet
  facet normal -0.849206 0.528061 0
    outer loop
      vertex -9.69948 5.6 5.72205e-07
      vertex -9.31246 6.22239 1.6
      vertex -9.31246 6.22239 5.72205e-07
    endloop
  endfacet
  facet normal -0.849206 0.528061 0
    outer loop
      vertex -9.31246 6.22239 1.6
      vertex -9.69948 5.6 5.72205e-07
      vertex -9.69948 5.6 1.6
    endloop
  endfacet
  facet normal -0.99519 -0.0979668 0
    outer loop
      vertex -11.1042 -1.46189 5.72205e-07
      vertex -11.176 -0.732514 1.6
      vertex -11.176 -0.732514 5.72205e-07
    endloop
  endfacet
  facet normal -0.99519 -0.0979668 0
    outer loop
      vertex -11.176 -0.732514 1.6
      vertex -11.1042 -1.46189 5.72205e-07
      vertex -11.1042 -1.46189 1.6
    endloop
  endfacet
  facet normal 0.0327463 0.999464 -0
    outer loop
      vertex 0.732514 11.176 5.72205e-07
      vertex 0 11.2 1.6
      vertex 0.732514 11.176 1.6
    endloop
  endfacet
  facet normal 0.0327463 0.999464 0
    outer loop
      vertex 0 11.2 1.6
      vertex 0.732514 11.176 5.72205e-07
      vertex 0 11.2 5.72205e-07
    endloop
  endfacet
  facet normal -0.0327463 0.999464 0
    outer loop
      vertex 0 11.2 5.72205e-07
      vertex -0.732514 11.176 1.6
      vertex 0 11.2 1.6
    endloop
  endfacet
  facet normal -0.0327463 0.999464 0
    outer loop
      vertex -0.732514 11.176 1.6
      vertex 0 11.2 5.72205e-07
      vertex -0.732514 11.176 5.72205e-07
    endloop
  endfacet
  facet normal -0.999464 -0.0327463 0
    outer loop
      vertex -11.176 -0.732514 5.72205e-07
      vertex -11.2 0 1.6
      vertex -11.2 0 5.72205e-07
    endloop
  endfacet
  facet normal -0.999464 -0.0327463 0
    outer loop
      vertex -11.2 0 1.6
      vertex -11.176 -0.732514 5.72205e-07
      vertex -11.176 -0.732514 1.6
    endloop
  endfacet
  facet normal -0.582477 -0.812847 0
    outer loop
      vertex -6.81813 -8.88556 5.72205e-07
      vertex -6.22239 -9.31246 1.6
      vertex -6.81813 -8.88556 1.6
    endloop
  endfacet
  facet normal -0.582477 -0.812847 -0
    outer loop
      vertex -6.22239 -9.31246 1.6
      vertex -6.81813 -8.88556 5.72205e-07
      vertex -6.22239 -9.31246 5.72205e-07
    endloop
  endfacet
  facet normal 0.582477 0.812847 -0
    outer loop
      vertex 6.81813 8.88556 5.72205e-07
      vertex 6.22239 9.31246 1.6
      vertex 6.81813 8.88556 1.6
    endloop
  endfacet
  facet normal 0.582477 0.812847 0
    outer loop
      vertex 6.22239 9.31246 1.6
      vertex 6.81813 8.88556 5.72205e-07
      vertex 6.22239 9.31246 5.72205e-07
    endloop
  endfacet
  facet normal -0.227043 -0.973885 0
    outer loop
      vertex -2.89877 -10.8184 5.72205e-07
      vertex -2.18501 -10.9848 1.6
      vertex -2.89877 -10.8184 1.6
    endloop
  endfacet
  facet normal -0.227043 -0.973885 -0
    outer loop
      vertex -2.18501 -10.9848 1.6
      vertex -2.89877 -10.8184 5.72205e-07
      vertex -2.18501 -10.9848 5.72205e-07
    endloop
  endfacet
  facet normal 0.773009 0.634395 0
    outer loop
      vertex 8.88556 6.81813 1.6
      vertex 8.42061 7.38467 5.72205e-07
      vertex 8.42061 7.38467 1.6
    endloop
  endfacet
  facet normal 0.773009 0.634395 0
    outer loop
      vertex 8.42061 7.38467 5.72205e-07
      vertex 8.88556 6.81813 1.6
      vertex 8.88556 6.81813 5.72205e-07
    endloop
  endfacet
  facet normal -0.162912 -0.986641 0
    outer loop
      vertex -2.18501 -10.9848 5.72205e-07
      vertex -1.46189 -11.1042 1.6
      vertex -2.18501 -10.9848 1.6
    endloop
  endfacet
  facet normal -0.162912 -0.986641 -0
    outer loop
      vertex -1.46189 -11.1042 1.6
      vertex -2.18501 -10.9848 5.72205e-07
      vertex -1.46189 -11.1042 5.72205e-07
    endloop
  endfacet
  facet normal 0.729869 -0.683587 0
    outer loop
      vertex 7.9196 -7.9196 1.6
      vertex 8.42061 -7.38467 5.72205e-07
      vertex 8.42061 -7.38467 1.6
    endloop
  endfacet
  facet normal 0.729869 -0.683587 0
    outer loop
      vertex 8.42061 -7.38467 5.72205e-07
      vertex 7.9196 -7.9196 1.6
      vertex 7.9196 -7.9196 5.72205e-07
    endloop
  endfacet
  facet normal 0.528061 0.849206 -0
    outer loop
      vertex 6.22239 9.31246 5.72205e-07
      vertex 5.6 9.69948 1.6
      vertex 6.22239 9.31246 1.6
    endloop
  endfacet
  facet normal 0.528061 0.849206 0
    outer loop
      vertex 5.6 9.69948 1.6
      vertex 6.22239 9.31246 5.72205e-07
      vertex 5.6 9.69948 5.72205e-07
    endloop
  endfacet
  facet normal -0.910852 -0.412734 0
    outer loop
      vertex -10.045 -4.95363 5.72205e-07
      vertex -10.3475 -4.28605 1.6
      vertex -10.3475 -4.28605 5.72205e-07
    endloop
  endfacet
  facet normal -0.910852 -0.412734 0
    outer loop
      vertex -10.3475 -4.28605 1.6
      vertex -10.045 -4.95363 5.72205e-07
      vertex -10.045 -4.95363 1.6
    endloop
  endfacet
  facet normal -0.986641 -0.162912 0
    outer loop
      vertex -10.9848 -2.18501 5.72205e-07
      vertex -11.1042 -1.46189 1.6
      vertex -11.1042 -1.46189 5.72205e-07
    endloop
  endfacet
  facet normal -0.986641 -0.162912 0
    outer loop
      vertex -11.1042 -1.46189 1.6
      vertex -10.9848 -2.18501 5.72205e-07
      vertex -10.9848 -2.18501 1.6
    endloop
  endfacet
  facet normal -0.99519 0.0979668 0
    outer loop
      vertex -11.176 0.732514 5.72205e-07
      vertex -11.1042 1.46189 1.6
      vertex -11.1042 1.46189 5.72205e-07
    endloop
  endfacet
  facet normal -0.99519 0.0979668 0
    outer loop
      vertex -11.1042 1.46189 1.6
      vertex -11.176 0.732514 5.72205e-07
      vertex -11.176 0.732514 1.6
    endloop
  endfacet
  facet normal 0.935936 0.352171 0
    outer loop
      vertex 10.6056 3.60012 1.6
      vertex 10.3475 4.28605 5.72205e-07
      vertex 10.3475 4.28605 1.6
    endloop
  endfacet
  facet normal 0.935936 0.352171 0
    outer loop
      vertex 10.3475 4.28605 5.72205e-07
      vertex 10.6056 3.60012 1.6
      vertex 10.6056 3.60012 5.72205e-07
    endloop
  endfacet
  facet normal -0.412734 -0.910852 0
    outer loop
      vertex -4.95363 -10.045 5.72205e-07
      vertex -4.28605 -10.3475 1.6
      vertex -4.95363 -10.045 1.6
    endloop
  endfacet
  facet normal -0.412734 -0.910852 -0
    outer loop
      vertex -4.28605 -10.3475 1.6
      vertex -4.95363 -10.045 5.72205e-07
      vertex -4.28605 -10.3475 5.72205e-07
    endloop
  endfacet
  facet normal 0.0979668 0.99519 -0
    outer loop
      vertex 1.46189 11.1042 5.72205e-07
      vertex 0.732514 11.176 1.6
      vertex 1.46189 11.1042 1.6
    endloop
  endfacet
  facet normal 0.0979668 0.99519 0
    outer loop
      vertex 0.732514 11.176 1.6
      vertex 1.46189 11.1042 5.72205e-07
      vertex 0.732514 11.176 5.72205e-07
    endloop
  endfacet
  facet normal 0.881905 -0.471426 0
    outer loop
      vertex 9.69948 -5.6 1.6
      vertex 10.045 -4.95363 5.72205e-07
      vertex 10.045 -4.95363 1.6
    endloop
  endfacet
  facet normal 0.881905 -0.471426 0
    outer loop
      vertex 10.045 -4.95363 5.72205e-07
      vertex 9.69948 -5.6 1.6
      vertex 9.69948 -5.6 5.72205e-07
    endloop
  endfacet
  facet normal -0.956922 0.290344 0
    outer loop
      vertex -10.8184 2.89877 5.72205e-07
      vertex -10.6056 3.60012 1.6
      vertex -10.6056 3.60012 5.72205e-07
    endloop
  endfacet
  facet normal -0.956922 0.290344 0
    outer loop
      vertex -10.6056 3.60012 1.6
      vertex -10.8184 2.89877 5.72205e-07
      vertex -10.8184 2.89877 1.6
    endloop
  endfacet
  facet normal 0.412734 -0.910852 0
    outer loop
      vertex 4.28605 -10.3475 5.72205e-07
      vertex 4.95363 -10.045 1.6
      vertex 4.28605 -10.3475 1.6
    endloop
  endfacet
  facet normal 0.412734 -0.910852 0
    outer loop
      vertex 4.95363 -10.045 1.6
      vertex 4.28605 -10.3475 5.72205e-07
      vertex 4.95363 -10.045 5.72205e-07
    endloop
  endfacet
  facet normal -0.973885 0.227043 0
    outer loop
      vertex -10.9848 2.18501 5.72205e-07
      vertex -10.8184 2.89877 1.6
      vertex -10.8184 2.89877 5.72205e-07
    endloop
  endfacet
  facet normal -0.973885 0.227043 0
    outer loop
      vertex -10.8184 2.89877 1.6
      vertex -10.9848 2.18501 5.72205e-07
      vertex -10.9848 2.18501 1.6
    endloop
  endfacet
  facet normal -0.528061 0.849206 0
    outer loop
      vertex -5.6 9.69948 5.72205e-07
      vertex -6.22239 9.31246 1.6
      vertex -5.6 9.69948 1.6
    endloop
  endfacet
  facet normal -0.528061 0.849206 0
    outer loop
      vertex -6.22239 9.31246 1.6
      vertex -5.6 9.69948 5.72205e-07
      vertex -6.22239 9.31246 5.72205e-07
    endloop
  endfacet
  facet normal 0.973885 0.227043 0
    outer loop
      vertex 10.9848 2.18501 1.6
      vertex 10.8184 2.89877 5.72205e-07
      vertex 10.8184 2.89877 1.6
    endloop
  endfacet
  facet normal 0.973885 0.227043 0
    outer loop
      vertex 10.8184 2.89877 5.72205e-07
      vertex 10.9848 2.18501 1.6
      vertex 10.9848 2.18501 5.72205e-07
    endloop
  endfacet
  facet normal 0.582477 -0.812847 0
    outer loop
      vertex 6.22239 -9.31246 5.72205e-07
      vertex 6.81813 -8.88556 1.6
      vertex 6.22239 -9.31246 1.6
    endloop
  endfacet
  facet normal 0.582477 -0.812847 0
    outer loop
      vertex 6.81813 -8.88556 1.6
      vertex 6.22239 -9.31246 5.72205e-07
      vertex 6.81813 -8.88556 5.72205e-07
    endloop
  endfacet
  facet normal 0.849206 0.528061 0
    outer loop
      vertex 9.69948 5.6 1.6
      vertex 9.31246 6.22239 5.72205e-07
      vertex 9.31246 6.22239 1.6
    endloop
  endfacet
  facet normal 0.849206 0.528061 0
    outer loop
      vertex 9.31246 6.22239 5.72205e-07
      vertex 9.69948 5.6 1.6
      vertex 9.69948 5.6 5.72205e-07
    endloop
  endfacet
  facet normal -0.849206 -0.528061 0
    outer loop
      vertex -9.31246 -6.22239 5.72205e-07
      vertex -9.69948 -5.6 1.6
      vertex -9.69948 -5.6 5.72205e-07
    endloop
  endfacet
  facet normal -0.849206 -0.528061 0
    outer loop
      vertex -9.69948 -5.6 1.6
      vertex -9.31246 -6.22239 5.72205e-07
      vertex -9.31246 -6.22239 1.6
    endloop
  endfacet
  facet normal 0.812847 -0.582477 0
    outer loop
      vertex 8.88556 -6.81813 1.6
      vertex 9.31246 -6.22239 5.72205e-07
      vertex 9.31246 -6.22239 1.6
    endloop
  endfacet
  facet normal 0.812847 -0.582477 0
    outer loop
      vertex 9.31246 -6.22239 5.72205e-07
      vertex 8.88556 -6.81813 1.6
      vertex 8.88556 -6.81813 5.72205e-07
    endloop
  endfacet
  facet normal 0.956922 -0.290344 0
    outer loop
      vertex 10.6056 -3.60012 1.6
      vertex 10.8184 -2.89877 5.72205e-07
      vertex 10.8184 -2.89877 1.6
    endloop
  endfacet
  facet normal 0.956922 -0.290344 0
    outer loop
      vertex 10.8184 -2.89877 5.72205e-07
      vertex 10.6056 -3.60012 1.6
      vertex 10.6056 -3.60012 5.72205e-07
    endloop
  endfacet
  facet normal 0.0327463 -0.999464 0
    outer loop
      vertex 0 -11.2 5.72205e-07
      vertex 0.732514 -11.176 1.6
      vertex 0 -11.2 1.6
    endloop
  endfacet
  facet normal 0.0327463 -0.999464 0
    outer loop
      vertex 0.732514 -11.176 1.6
      vertex 0 -11.2 5.72205e-07
      vertex 0.732514 -11.176 5.72205e-07
    endloop
  endfacet
  facet normal 0.986641 -0.162912 0
    outer loop
      vertex 10.9848 -2.18501 1.6
      vertex 11.1042 -1.46189 5.72205e-07
      vertex 11.1042 -1.46189 1.6
    endloop
  endfacet
  facet normal 0.986641 -0.162912 0
    outer loop
      vertex 11.1042 -1.46189 5.72205e-07
      vertex 10.9848 -2.18501 1.6
      vertex 10.9848 -2.18501 5.72205e-07
    endloop
  endfacet
  facet normal -0.227043 0.973885 0
    outer loop
      vertex -2.18501 10.9848 5.72205e-07
      vertex -2.89877 10.8184 1.6
      vertex -2.18501 10.9848 1.6
    endloop
  endfacet
  facet normal -0.227043 0.973885 0
    outer loop
      vertex -2.89877 10.8184 1.6
      vertex -2.18501 10.9848 5.72205e-07
      vertex -2.89877 10.8184 5.72205e-07
    endloop
  endfacet
  facet normal -0.471426 0.881905 0
    outer loop
      vertex -4.95363 10.045 5.72205e-07
      vertex -5.6 9.69948 1.6
      vertex -4.95363 10.045 1.6
    endloop
  endfacet
  facet normal -0.471426 0.881905 0
    outer loop
      vertex -5.6 9.69948 1.6
      vertex -4.95363 10.045 5.72205e-07
      vertex -5.6 9.69948 5.72205e-07
    endloop
  endfacet
  facet normal -0.0327463 -0.999464 0
    outer loop
      vertex -0.732514 -11.176 5.72205e-07
      vertex 0 -11.2 1.6
      vertex -0.732514 -11.176 1.6
    endloop
  endfacet
  facet normal -0.0327463 -0.999464 -0
    outer loop
      vertex 0 -11.2 1.6
      vertex -0.732514 -11.176 5.72205e-07
      vertex 0 -11.2 5.72205e-07
    endloop
  endfacet
  facet normal 0.956922 0.290344 0
    outer loop
      vertex 10.8184 2.89877 1.6
      vertex 10.6056 3.60012 5.72205e-07
      vertex 10.6056 3.60012 1.6
    endloop
  endfacet
  facet normal 0.956922 0.290344 0
    outer loop
      vertex 10.6056 3.60012 5.72205e-07
      vertex 10.8184 2.89877 1.6
      vertex 10.8184 2.89877 5.72205e-07
    endloop
  endfacet
  facet normal 0.352171 0.935936 -0
    outer loop
      vertex 4.28605 10.3475 5.72205e-07
      vertex 3.60012 10.6056 1.6
      vertex 4.28605 10.3475 1.6
    endloop
  endfacet
  facet normal 0.352171 0.935936 0
    outer loop
      vertex 3.60012 10.6056 1.6
      vertex 4.28605 10.3475 5.72205e-07
      vertex 3.60012 10.6056 5.72205e-07
    endloop
  endfacet
  facet normal 0.881905 0.471426 0
    outer loop
      vertex 10.045 4.95363 1.6
      vertex 9.69948 5.6 5.72205e-07
      vertex 9.69948 5.6 1.6
    endloop
  endfacet
  facet normal 0.881905 0.471426 0
    outer loop
      vertex 9.69948 5.6 5.72205e-07
      vertex 10.045 4.95363 1.6
      vertex 10.045 4.95363 5.72205e-07
    endloop
  endfacet
  facet normal 0.99519 0.0979668 0
    outer loop
      vertex 11.176 0.732514 1.6
      vertex 11.1042 1.46189 5.72205e-07
      vertex 11.1042 1.46189 1.6
    endloop
  endfacet
  facet normal 0.99519 0.0979668 0
    outer loop
      vertex 11.1042 1.46189 5.72205e-07
      vertex 11.176 0.732514 1.6
      vertex 11.176 0.732514 5.72205e-07
    endloop
  endfacet
  facet normal 0.634395 -0.773009 0
    outer loop
      vertex 6.81813 -8.88556 5.72205e-07
      vertex 7.38467 -8.42061 1.6
      vertex 6.81813 -8.88556 1.6
    endloop
  endfacet
  facet normal 0.634395 -0.773009 0
    outer loop
      vertex 7.38467 -8.42061 1.6
      vertex 6.81813 -8.88556 5.72205e-07
      vertex 7.38467 -8.42061 5.72205e-07
    endloop
  endfacet
  facet normal -0.773009 0.634395 0
    outer loop
      vertex -8.88556 6.81813 5.72205e-07
      vertex -8.42061 7.38467 1.6
      vertex -8.42061 7.38467 5.72205e-07
    endloop
  endfacet
  facet normal -0.773009 0.634395 0
    outer loop
      vertex -8.42061 7.38467 1.6
      vertex -8.88556 6.81813 5.72205e-07
      vertex -8.88556 6.81813 1.6
    endloop
  endfacet
  facet normal -0.956922 -0.290344 0
    outer loop
      vertex -10.6056 -3.60012 5.72205e-07
      vertex -10.8184 -2.89877 1.6
      vertex -10.8184 -2.89877 5.72205e-07
    endloop
  endfacet
  facet normal -0.956922 -0.290344 0
    outer loop
      vertex -10.8184 -2.89877 1.6
      vertex -10.6056 -3.60012 5.72205e-07
      vertex -10.6056 -3.60012 1.6
    endloop
  endfacet
  facet normal 0.910852 -0.412734 0
    outer loop
      vertex 10.045 -4.95363 1.6
      vertex 10.3475 -4.28605 5.72205e-07
      vertex 10.3475 -4.28605 1.6
    endloop
  endfacet
  facet normal 0.910852 -0.412734 0
    outer loop
      vertex 10.3475 -4.28605 5.72205e-07
      vertex 10.045 -4.95363 1.6
      vertex 10.045 -4.95363 5.72205e-07
    endloop
  endfacet
  facet normal 0.162912 -0.986641 0
    outer loop
      vertex 1.46189 -11.1042 5.72205e-07
      vertex 2.18501 -10.9848 1.6
      vertex 1.46189 -11.1042 1.6
    endloop
  endfacet
  facet normal 0.162912 -0.986641 0
    outer loop
      vertex 2.18501 -10.9848 1.6
      vertex 1.46189 -11.1042 5.72205e-07
      vertex 2.18501 -10.9848 5.72205e-07
    endloop
  endfacet
  facet normal 0.412734 0.910852 -0
    outer loop
      vertex 4.95363 10.045 5.72205e-07
      vertex 4.28605 10.3475 1.6
      vertex 4.95363 10.045 1.6
    endloop
  endfacet
  facet normal 0.412734 0.910852 0
    outer loop
      vertex 4.28605 10.3475 1.6
      vertex 4.95363 10.045 5.72205e-07
      vertex 4.28605 10.3475 5.72205e-07
    endloop
  endfacet
  facet normal 0.910852 0.412734 0
    outer loop
      vertex 10.3475 4.28605 1.6
      vertex 10.045 4.95363 5.72205e-07
      vertex 10.045 4.95363 1.6
    endloop
  endfacet
  facet normal 0.910852 0.412734 0
    outer loop
      vertex 10.045 4.95363 5.72205e-07
      vertex 10.3475 4.28605 1.6
      vertex 10.3475 4.28605 5.72205e-07
    endloop
  endfacet
  facet normal -0.935936 -0.352171 0
    outer loop
      vertex -10.3475 -4.28605 5.72205e-07
      vertex -10.6056 -3.60012 1.6
      vertex -10.6056 -3.60012 5.72205e-07
    endloop
  endfacet
  facet normal -0.935936 -0.352171 0
    outer loop
      vertex -10.6056 -3.60012 1.6
      vertex -10.3475 -4.28605 5.72205e-07
      vertex -10.3475 -4.28605 1.6
    endloop
  endfacet
  facet normal -0.773009 -0.634395 0
    outer loop
      vertex -8.42061 -7.38467 5.72205e-07
      vertex -8.88556 -6.81813 1.6
      vertex -8.88556 -6.81813 5.72205e-07
    endloop
  endfacet
  facet normal -0.773009 -0.634395 0
    outer loop
      vertex -8.88556 -6.81813 1.6
      vertex -8.42061 -7.38467 5.72205e-07
      vertex -8.42061 -7.38467 1.6
    endloop
  endfacet
  facet normal -0.935936 0.352171 0
    outer loop
      vertex -10.6056 3.60012 5.72205e-07
      vertex -10.3475 4.28605 1.6
      vertex -10.3475 4.28605 5.72205e-07
    endloop
  endfacet
  facet normal -0.935936 0.352171 0
    outer loop
      vertex -10.3475 4.28605 1.6
      vertex -10.6056 3.60012 5.72205e-07
      vertex -10.6056 3.60012 1.6
    endloop
  endfacet
  facet normal -0.683587 -0.729869 0
    outer loop
      vertex -7.9196 -7.9196 5.72205e-07
      vertex -7.38467 -8.42061 1.6
      vertex -7.9196 -7.9196 1.6
    endloop
  endfacet
  facet normal -0.683587 -0.729869 -0
    outer loop
      vertex -7.38467 -8.42061 1.6
      vertex -7.9196 -7.9196 5.72205e-07
      vertex -7.38467 -8.42061 5.72205e-07
    endloop
  endfacet
  facet normal 0.812847 0.582477 0
    outer loop
      vertex 9.31246 6.22239 1.6
      vertex 8.88556 6.81813 5.72205e-07
      vertex 8.88556 6.81813 1.6
    endloop
  endfacet
  facet normal 0.812847 0.582477 0
    outer loop
      vertex 8.88556 6.81813 5.72205e-07
      vertex 9.31246 6.22239 1.6
      vertex 9.31246 6.22239 5.72205e-07
    endloop
  endfacet
  facet normal 0.162912 0.986641 -0
    outer loop
      vertex 2.18501 10.9848 5.72205e-07
      vertex 1.46189 11.1042 1.6
      vertex 2.18501 10.9848 1.6
    endloop
  endfacet
  facet normal 0.162912 0.986641 0
    outer loop
      vertex 1.46189 11.1042 1.6
      vertex 2.18501 10.9848 5.72205e-07
      vertex 1.46189 11.1042 5.72205e-07
    endloop
  endfacet
  facet normal -0.290344 0.956922 0
    outer loop
      vertex -2.89877 10.8184 5.72205e-07
      vertex -3.60012 10.6056 1.6
      vertex -2.89877 10.8184 1.6
    endloop
  endfacet
  facet normal -0.290344 0.956922 0
    outer loop
      vertex -3.60012 10.6056 1.6
      vertex -2.89877 10.8184 5.72205e-07
      vertex -3.60012 10.6056 5.72205e-07
    endloop
  endfacet
  facet normal -0.881905 0.471426 0
    outer loop
      vertex -10.045 4.95363 5.72205e-07
      vertex -9.69948 5.6 1.6
      vertex -9.69948 5.6 5.72205e-07
    endloop
  endfacet
  facet normal -0.881905 0.471426 0
    outer loop
      vertex -9.69948 5.6 1.6
      vertex -10.045 4.95363 5.72205e-07
      vertex -10.045 4.95363 1.6
    endloop
  endfacet
  facet normal 0.683587 0.729869 -0
    outer loop
      vertex 7.9196 7.9196 5.72205e-07
      vertex 7.38467 8.42061 1.6
      vertex 7.9196 7.9196 1.6
    endloop
  endfacet
  facet normal 0.683587 0.729869 0
    outer loop
      vertex 7.38467 8.42061 1.6
      vertex 7.9196 7.9196 5.72205e-07
      vertex 7.38467 8.42061 5.72205e-07
    endloop
  endfacet
  facet normal 0.290344 0.956922 -0
    outer loop
      vertex 3.60012 10.6056 5.72205e-07
      vertex 2.89877 10.8184 1.6
      vertex 3.60012 10.6056 1.6
    endloop
  endfacet
  facet normal 0.290344 0.956922 0
    outer loop
      vertex 2.89877 10.8184 1.6
      vertex 3.60012 10.6056 5.72205e-07
      vertex 2.89877 10.8184 5.72205e-07
    endloop
  endfacet
  facet normal 0.683587 -0.729869 0
    outer loop
      vertex 7.38467 -8.42061 5.72205e-07
      vertex 7.9196 -7.9196 1.6
      vertex 7.38467 -8.42061 1.6
    endloop
  endfacet
  facet normal 0.683587 -0.729869 0
    outer loop
      vertex 7.9196 -7.9196 1.6
      vertex 7.38467 -8.42061 5.72205e-07
      vertex 7.9196 -7.9196 5.72205e-07
    endloop
  endfacet
  facet normal -0.729869 0.683587 0
    outer loop
      vertex -8.42061 7.38467 5.72205e-07
      vertex -7.9196 7.9196 1.6
      vertex -7.9196 7.9196 5.72205e-07
    endloop
  endfacet
  facet normal -0.729869 0.683587 0
    outer loop
      vertex -7.9196 7.9196 1.6
      vertex -8.42061 7.38467 5.72205e-07
      vertex -8.42061 7.38467 1.6
    endloop
  endfacet
  facet normal -0.683587 0.729869 0
    outer loop
      vertex -7.38467 8.42061 5.72205e-07
      vertex -7.9196 7.9196 1.6
      vertex -7.38467 8.42061 1.6
    endloop
  endfacet
  facet normal -0.683587 0.729869 0
    outer loop
      vertex -7.9196 7.9196 1.6
      vertex -7.38467 8.42061 5.72205e-07
      vertex -7.9196 7.9196 5.72205e-07
    endloop
  endfacet
  facet normal -0.986641 0.162912 0
    outer loop
      vertex -11.1042 1.46189 5.72205e-07
      vertex -10.9848 2.18501 1.6
      vertex -10.9848 2.18501 5.72205e-07
    endloop
  endfacet
  facet normal -0.986641 0.162912 0
    outer loop
      vertex -10.9848 2.18501 1.6
      vertex -11.1042 1.46189 5.72205e-07
      vertex -11.1042 1.46189 1.6
    endloop
  endfacet
  facet normal 0.773009 -0.634395 0
    outer loop
      vertex 8.42061 -7.38467 1.6
      vertex 8.88556 -6.81813 5.72205e-07
      vertex 8.88556 -6.81813 1.6
    endloop
  endfacet
  facet normal 0.773009 -0.634395 0
    outer loop
      vertex 8.88556 -6.81813 5.72205e-07
      vertex 8.42061 -7.38467 1.6
      vertex 8.42061 -7.38467 5.72205e-07
    endloop
  endfacet
  facet normal 0.849206 -0.528061 0
    outer loop
      vertex 9.31246 -6.22239 1.6
      vertex 9.69948 -5.6 5.72205e-07
      vertex 9.69948 -5.6 1.6
    endloop
  endfacet
  facet normal 0.849206 -0.528061 0
    outer loop
      vertex 9.69948 -5.6 5.72205e-07
      vertex 9.31246 -6.22239 1.6
      vertex 9.31246 -6.22239 5.72205e-07
    endloop
  endfacet
  facet normal 0.227043 -0.973885 0
    outer loop
      vertex 2.18501 -10.9848 5.72205e-07
      vertex 2.89877 -10.8184 1.6
      vertex 2.18501 -10.9848 1.6
    endloop
  endfacet
  facet normal 0.227043 -0.973885 0
    outer loop
      vertex 2.89877 -10.8184 1.6
      vertex 2.18501 -10.9848 5.72205e-07
      vertex 2.89877 -10.8184 5.72205e-07
    endloop
  endfacet
  facet normal -0.973885 -0.227043 0
    outer loop
      vertex -10.8184 -2.89877 5.72205e-07
      vertex -10.9848 -2.18501 1.6
      vertex -10.9848 -2.18501 5.72205e-07
    endloop
  endfacet
  facet normal -0.973885 -0.227043 0
    outer loop
      vertex -10.9848 -2.18501 1.6
      vertex -10.8184 -2.89877 5.72205e-07
      vertex -10.8184 -2.89877 1.6
    endloop
  endfacet
  facet normal -0.352171 0.935936 0
    outer loop
      vertex -3.60012 10.6056 5.72205e-07
      vertex -4.28605 10.3475 1.6
      vertex -3.60012 10.6056 1.6
    endloop
  endfacet
  facet normal -0.352171 0.935936 0
    outer loop
      vertex -4.28605 10.3475 1.6
      vertex -3.60012 10.6056 5.72205e-07
      vertex -4.28605 10.3475 5.72205e-07
    endloop
  endfacet
  facet normal -0.812847 0.582477 0
    outer loop
      vertex -9.31246 6.22239 5.72205e-07
      vertex -8.88556 6.81813 1.6
      vertex -8.88556 6.81813 5.72205e-07
    endloop
  endfacet
  facet normal -0.812847 0.582477 0
    outer loop
      vertex -8.88556 6.81813 1.6
      vertex -9.31246 6.22239 5.72205e-07
      vertex -9.31246 6.22239 1.6
    endloop
  endfacet
  facet normal -0.162912 0.986641 0
    outer loop
      vertex -1.46189 11.1042 5.72205e-07
      vertex -2.18501 10.9848 1.6
      vertex -1.46189 11.1042 1.6
    endloop
  endfacet
  facet normal -0.162912 0.986641 0
    outer loop
      vertex -2.18501 10.9848 1.6
      vertex -1.46189 11.1042 5.72205e-07
      vertex -2.18501 10.9848 5.72205e-07
    endloop
  endfacet
  facet normal 0.528061 -0.849206 0
    outer loop
      vertex 5.6 -9.69948 5.72205e-07
      vertex 6.22239 -9.31246 1.6
      vertex 5.6 -9.69948 1.6
    endloop
  endfacet
  facet normal 0.528061 -0.849206 0
    outer loop
      vertex 6.22239 -9.31246 1.6
      vertex 5.6 -9.69948 5.72205e-07
      vertex 6.22239 -9.31246 5.72205e-07
    endloop
  endfacet
  facet normal -0.910852 0.412734 0
    outer loop
      vertex -10.3475 4.28605 5.72205e-07
      vertex -10.045 4.95363 1.6
      vertex -10.045 4.95363 5.72205e-07
    endloop
  endfacet
  facet normal -0.910852 0.412734 0
    outer loop
      vertex -10.045 4.95363 1.6
      vertex -10.3475 4.28605 5.72205e-07
      vertex -10.3475 4.28605 1.6
    endloop
  endfacet
  facet normal -0.471426 -0.881905 0
    outer loop
      vertex -5.6 -9.69948 5.72205e-07
      vertex -4.95363 -10.045 1.6
      vertex -5.6 -9.69948 1.6
    endloop
  endfacet
  facet normal -0.471426 -0.881905 -0
    outer loop
      vertex -4.95363 -10.045 1.6
      vertex -5.6 -9.69948 5.72205e-07
      vertex -4.95363 -10.045 5.72205e-07
    endloop
  endfacet
  facet normal -0.528061 -0.849206 0
    outer loop
      vertex -6.22239 -9.31246 5.72205e-07
      vertex -5.6 -9.69948 1.6
      vertex -6.22239 -9.31246 1.6
    endloop
  endfacet
  facet normal -0.528061 -0.849206 -0
    outer loop
      vertex -5.6 -9.69948 1.6
      vertex -6.22239 -9.31246 5.72205e-07
      vertex -5.6 -9.69948 5.72205e-07
    endloop
  endfacet
  facet normal -0.290344 -0.956922 0
    outer loop
      vertex -3.60012 -10.6056 5.72205e-07
      vertex -2.89877 -10.8184 1.6
      vertex -3.60012 -10.6056 1.6
    endloop
  endfacet
  facet normal -0.290344 -0.956922 -0
    outer loop
      vertex -2.89877 -10.8184 1.6
      vertex -3.60012 -10.6056 5.72205e-07
      vertex -2.89877 -10.8184 5.72205e-07
    endloop
  endfacet
  facet normal 0.973885 -0.227043 0
    outer loop
      vertex 10.8184 -2.89877 1.6
      vertex 10.9848 -2.18501 5.72205e-07
      vertex 10.9848 -2.18501 1.6
    endloop
  endfacet
  facet normal 0.973885 -0.227043 0
    outer loop
      vertex 10.9848 -2.18501 5.72205e-07
      vertex 10.8184 -2.89877 1.6
      vertex 10.8184 -2.89877 5.72205e-07
    endloop
  endfacet
  facet normal 0.935936 -0.352171 0
    outer loop
      vertex 10.3475 -4.28605 1.6
      vertex 10.6056 -3.60012 5.72205e-07
      vertex 10.6056 -3.60012 1.6
    endloop
  endfacet
  facet normal 0.935936 -0.352171 0
    outer loop
      vertex 10.6056 -3.60012 5.72205e-07
      vertex 10.3475 -4.28605 1.6
      vertex 10.3475 -4.28605 5.72205e-07
    endloop
  endfacet
  facet normal -0.352171 -0.935936 0
    outer loop
      vertex -4.28605 -10.3475 5.72205e-07
      vertex -3.60012 -10.6056 1.6
      vertex -4.28605 -10.3475 1.6
    endloop
  endfacet
  facet normal -0.352171 -0.935936 -0
    outer loop
      vertex -3.60012 -10.6056 1.6
      vertex -4.28605 -10.3475 5.72205e-07
      vertex -3.60012 -10.6056 5.72205e-07
    endloop
  endfacet
  facet normal -0.0979668 0.99519 0
    outer loop
      vertex -0.732514 11.176 5.72205e-07
      vertex -1.46189 11.1042 1.6
      vertex -0.732514 11.176 1.6
    endloop
  endfacet
  facet normal -0.0979668 0.99519 0
    outer loop
      vertex -1.46189 11.1042 1.6
      vertex -0.732514 11.176 5.72205e-07
      vertex -1.46189 11.1042 5.72205e-07
    endloop
  endfacet
  facet normal -0.729869 -0.683587 0
    outer loop
      vertex -7.9196 -7.9196 5.72205e-07
      vertex -8.42061 -7.38467 1.6
      vertex -8.42061 -7.38467 5.72205e-07
    endloop
  endfacet
  facet normal -0.729869 -0.683587 0
    outer loop
      vertex -8.42061 -7.38467 1.6
      vertex -7.9196 -7.9196 5.72205e-07
      vertex -7.9196 -7.9196 1.6
    endloop
  endfacet
  facet normal -0.582477 0.812847 0
    outer loop
      vertex -6.22239 9.31246 5.72205e-07
      vertex -6.81813 8.88556 1.6
      vertex -6.22239 9.31246 1.6
    endloop
  endfacet
  facet normal -0.582477 0.812847 0
    outer loop
      vertex -6.81813 8.88556 1.6
      vertex -6.22239 9.31246 5.72205e-07
      vertex -6.81813 8.88556 5.72205e-07
    endloop
  endfacet
  facet normal 0.227043 0.973885 -0
    outer loop
      vertex 2.89877 10.8184 5.72205e-07
      vertex 2.18501 10.9848 1.6
      vertex 2.89877 10.8184 1.6
    endloop
  endfacet
  facet normal 0.227043 0.973885 0
    outer loop
      vertex 2.18501 10.9848 1.6
      vertex 2.89877 10.8184 5.72205e-07
      vertex 2.18501 10.9848 5.72205e-07
    endloop
  endfacet
  facet normal -0.0979668 -0.99519 0
    outer loop
      vertex -1.46189 -11.1042 5.72205e-07
      vertex -0.732514 -11.176 1.6
      vertex -1.46189 -11.1042 1.6
    endloop
  endfacet
  facet normal -0.0979668 -0.99519 -0
    outer loop
      vertex -0.732514 -11.176 1.6
      vertex -1.46189 -11.1042 5.72205e-07
      vertex -0.732514 -11.176 5.72205e-07
    endloop
  endfacet
  facet normal 0 0 -1
    outer loop
      vertex 0.4 0 5.72205e-07
      vertex 11.2 0 5.72205e-07
      vertex 11.176 -0.732514 5.72205e-07
    endloop
  endfacet
  facet normal 0 0 -1
    outer loop
      vertex 0.4 0 5.72205e-07
      vertex 11.176 -0.732514 5.72205e-07
      vertex 11.1042 -1.46189 5.72205e-07
    endloop
  endfacet
  facet normal 0 0 -1
    outer loop
      vertex 11.2 0 5.72205e-07
      vertex 0.4 0 5.72205e-07
      vertex 11.176 0.732514 5.72205e-07
    endloop
  endfacet
  facet normal 0 0 -1
    outer loop
      vertex 0.4 0 5.72205e-07
      vertex 11.1042 -1.46189 5.72205e-07
      vertex 10.9848 -2.18501 5.72205e-07
    endloop
  endfacet
  facet normal -0 0 -1
    outer loop
      vertex 11.176 0.732514 5.72205e-07
      vertex 0.4 0 5.72205e-07
      vertex 11.1042 1.46189 5.72205e-07
    endloop
  endfacet
  facet normal 0 0 -1
    outer loop
      vertex 0.4 0 5.72205e-07
      vertex 10.9848 -2.18501 5.72205e-07
      vertex 10.8184 -2.89877 5.72205e-07
    endloop
  endfacet
  facet normal -0 0 -1
    outer loop
      vertex 11.1042 1.46189 5.72205e-07
      vertex 0.4 0 5.72205e-07
      vertex 10.9848 2.18501 5.72205e-07
    endloop
  endfacet
  facet normal 0 0 -1
    outer loop
      vertex 0.34641 -0.2 5.72205e-07
      vertex 10.8184 -2.89877 5.72205e-07
      vertex 10.6056 -3.60012 5.72205e-07
    endloop
  endfacet
  facet normal -0 0 -1
    outer loop
      vertex 10.9848 2.18501 5.72205e-07
      vertex 0.4 0 5.72205e-07
      vertex 10.8184 2.89877 5.72205e-07
    endloop
  endfacet
  facet normal 0 0 -1
    outer loop
      vertex 0.34641 -0.2 5.72205e-07
      vertex 10.6056 -3.60012 5.72205e-07
      vertex 10.3475 -4.28605 5.72205e-07
    endloop
  endfacet
  facet normal 0 0 -1
    outer loop
      vertex 0.34641 0.2 5.72205e-07
      vertex 10.8184 2.89877 5.72205e-07
      vertex 0.4 0 5.72205e-07
    endloop
  endfacet
  facet normal 0 0 -1
    outer loop
      vertex 0.34641 -0.2 5.72205e-07
      vertex 10.3475 -4.28605 5.72205e-07
      vertex 10.045 -4.95363 5.72205e-07
    endloop
  endfacet
  facet normal -0 0 -1
    outer loop
      vertex 10.8184 2.89877 5.72205e-07
      vertex 0.34641 0.2 5.72205e-07
      vertex 10.6056 3.60012 5.72205e-07
    endloop
  endfacet
  facet normal 0 0 -1
    outer loop
      vertex 0.34641 -0.2 5.72205e-07
      vertex 10.045 -4.95363 5.72205e-07
      vertex 9.69948 -5.6 5.72205e-07
    endloop
  endfacet
  facet normal -0 0 -1
    outer loop
      vertex 10.6056 3.60012 5.72205e-07
      vertex 0.34641 0.2 5.72205e-07
      vertex 10.3475 4.28605 5.72205e-07
    endloop
  endfacet
  facet normal 0 0 -1
    outer loop
      vertex 0.34641 -0.2 5.72205e-07
      vertex 9.69948 -5.6 5.72205e-07
      vertex 9.31246 -6.22239 5.72205e-07
    endloop
  endfacet
  facet normal -0 0 -1
    outer loop
      vertex 10.3475 4.28605 5.72205e-07
      vertex 0.34641 0.2 5.72205e-07
      vertex 10.045 4.95363 5.72205e-07
    endloop
  endfacet
  facet normal 0 0 -1
    outer loop
      vertex 0.34641 -0.2 5.72205e-07
      vertex 9.31246 -6.22239 5.72205e-07
      vertex 8.88556 -6.81813 5.72205e-07
    endloop
  endfacet
  facet normal -0 0 -1
    outer loop
      vertex 10.045 4.95363 5.72205e-07
      vertex 0.34641 0.2 5.72205e-07
      vertex 9.69948 5.6 5.72205e-07
    endloop
  endfacet
  facet normal 0 0 -1
    outer loop
      vertex 0.34641 -0.2 5.72205e-07
      vertex 8.88556 -6.81813 5.72205e-07
      vertex 8.42061 -7.38467 5.72205e-07
    endloop
  endfacet
  facet normal -0 0 -1
    outer loop
      vertex 9.69948 5.6 5.72205e-07
      vertex 0.34641 0.2 5.72205e-07
      vertex 9.31246 6.22239 5.72205e-07
    endloop
  endfacet
  facet normal 0 0 -1
    outer loop
      vertex 0.34641 -0.2 5.72205e-07
      vertex 8.42061 -7.38467 5.72205e-07
      vertex 7.9196 -7.9196 5.72205e-07
    endloop
  endfacet
  facet normal -0 0 -1
    outer loop
      vertex 9.31246 6.22239 5.72205e-07
      vertex 0.34641 0.2 5.72205e-07
      vertex 8.88556 6.81813 5.72205e-07
    endloop
  endfacet
  facet normal 0 0 -1
    outer loop
      vertex 0.2 -0.34641 5.72205e-07
      vertex 7.9196 -7.9196 5.72205e-07
      vertex 7.38467 -8.42061 5.72205e-07
    endloop
  endfacet
  facet normal -0 0 -1
    outer loop
      vertex 8.88556 6.81813 5.72205e-07
      vertex 0.34641 0.2 5.72205e-07
      vertex 8.42061 7.38467 5.72205e-07
    endloop
  endfacet
  facet normal 0 0 -1
    outer loop
      vertex 0.2 -0.34641 5.72205e-07
      vertex 7.38467 -8.42061 5.72205e-07
      vertex 6.81813 -8.88556 5.72205e-07
    endloop
  endfacet
  facet normal -0 0 -1
    outer loop
      vertex 8.42061 7.38467 5.72205e-07
      vertex 0.34641 0.2 5.72205e-07
      vertex 7.9196 7.9196 5.72205e-07
    endloop
  endfacet
  facet normal 0 0 -1
    outer loop
      vertex 0.2 -0.34641 5.72205e-07
      vertex 6.81813 -8.88556 5.72205e-07
      vertex 6.22239 -9.31246 5.72205e-07
    endloop
  endfacet
  facet normal 0 0 -1
    outer loop
      vertex 0.2 0.34641 5.72205e-07
      vertex 7.9196 7.9196 5.72205e-07
      vertex 0.34641 0.2 5.72205e-07
    endloop
  endfacet
  facet normal 0 0 -1
    outer loop
      vertex 0.2 -0.34641 5.72205e-07
      vertex 6.22239 -9.31246 5.72205e-07
      vertex 5.6 -9.69948 5.72205e-07
    endloop
  endfacet
  facet normal -0 0 -1
    outer loop
      vertex 7.9196 7.9196 5.72205e-07
      vertex 0.2 0.34641 5.72205e-07
      vertex 7.38467 8.42061 5.72205e-07
    endloop
  endfacet
  facet normal 0 0 -1
    outer loop
      vertex 0.2 -0.34641 5.72205e-07
      vertex 5.6 -9.69948 5.72205e-07
      vertex 4.95363 -10.045 5.72205e-07
    endloop
  endfacet
  facet normal -0 0 -1
    outer loop
      vertex 7.38467 8.42061 5.72205e-07
      vertex 0.2 0.34641 5.72205e-07
      vertex 6.81813 8.88556 5.72205e-07
    endloop
  endfacet
  facet normal 0 0 -1
    outer loop
      vertex 0.2 -0.34641 5.72205e-07
      vertex 4.95363 -10.045 5.72205e-07
      vertex 4.28605 -10.3475 5.72205e-07
    endloop
  endfacet
  facet normal -0 0 -1
    outer loop
      vertex 6.81813 8.88556 5.72205e-07
      vertex 0.2 0.34641 5.72205e-07
      vertex 6.22239 9.31246 5.72205e-07
    endloop
  endfacet
  facet normal 0 0 -1
    outer loop
      vertex 0.2 -0.34641 5.72205e-07
      vertex 4.28605 -10.3475 5.72205e-07
      vertex 3.60012 -10.6056 5.72205e-07
    endloop
  endfacet
  facet normal -0 0 -1
    outer loop
      vertex 6.22239 9.31246 5.72205e-07
      vertex 0.2 0.34641 5.72205e-07
      vertex 5.6 9.69948 5.72205e-07
    endloop
  endfacet
  facet normal 0 0 -1
    outer loop
      vertex 0.2 -0.34641 5.72205e-07
      vertex 3.60012 -10.6056 5.72205e-07
      vertex 2.89877 -10.8184 5.72205e-07
    endloop
  endfacet
  facet normal -0 0 -1
    outer loop
      vertex 5.6 9.69948 5.72205e-07
      vertex 0.2 0.34641 5.72205e-07
      vertex 4.95363 10.045 5.72205e-07
    endloop
  endfacet
  facet normal 0 0 -1
    outer loop
      vertex 0 -0.4 5.72205e-07
      vertex 2.89877 -10.8184 5.72205e-07
      vertex 2.18501 -10.9848 5.72205e-07
    endloop
  endfacet
  facet normal -0 0 -1
    outer loop
      vertex 4.95363 10.045 5.72205e-07
      vertex 0.2 0.34641 5.72205e-07
      vertex 4.28605 10.3475 5.72205e-07
    endloop
  endfacet
  facet normal 0 0 -1
    outer loop
      vertex 0 -0.4 5.72205e-07
      vertex 2.18501 -10.9848 5.72205e-07
      vertex 1.46189 -11.1042 5.72205e-07
    endloop
  endfacet
  facet normal -0 0 -1
    outer loop
      vertex 4.28605 10.3475 5.72205e-07
      vertex 0.2 0.34641 5.72205e-07
      vertex 3.60012 10.6056 5.72205e-07
    endloop
  endfacet
  facet normal 0 0 -1
    outer loop
      vertex 0 -0.4 5.72205e-07
      vertex 1.46189 -11.1042 5.72205e-07
      vertex 0.732514 -11.176 5.72205e-07
    endloop
  endfacet
  facet normal -0 0 -1
    outer loop
      vertex 3.60012 10.6056 5.72205e-07
      vertex 0.2 0.34641 5.72205e-07
      vertex 2.89877 10.8184 5.72205e-07
    endloop
  endfacet
  facet normal 0 0 -1
    outer loop
      vertex 0 0.4 5.72205e-07
      vertex 2.89877 10.8184 5.72205e-07
      vertex 0.2 0.34641 5.72205e-07
    endloop
  endfacet
  facet normal 0 0 -1
    outer loop
      vertex 10.8184 -2.89877 5.72205e-07
      vertex 0.34641 -0.2 5.72205e-07
      vertex 0.4 0 5.72205e-07
    endloop
  endfacet
  facet normal 0 0 -1
    outer loop
      vertex 7.9196 -7.9196 5.72205e-07
      vertex 0.2 -0.34641 5.72205e-07
      vertex 0.34641 -0.2 5.72205e-07
    endloop
  endfacet
  facet normal 0 0 -1
    outer loop
      vertex 0 -0.4 5.72205e-07
      vertex 0.732514 -11.176 5.72205e-07
      vertex 0 -11.2 5.72205e-07
    endloop
  endfacet
  facet normal 0 0 -1
    outer loop
      vertex 2.89877 -10.8184 5.72205e-07
      vertex 0 -0.4 5.72205e-07
      vertex 0.2 -0.34641 5.72205e-07
    endloop
  endfacet
  facet normal 0 0 -1
    outer loop
      vertex -0.732514 -11.176 5.72205e-07
      vertex 0 -0.4 5.72205e-07
      vertex 0 -11.2 5.72205e-07
    endloop
  endfacet
  facet normal 0 0 -1
    outer loop
      vertex -1.46189 -11.1042 5.72205e-07
      vertex 0 -0.4 5.72205e-07
      vertex -0.732514 -11.176 5.72205e-07
    endloop
  endfacet
  facet normal 0 0 -1
    outer loop
      vertex -2.18501 -10.9848 5.72205e-07
      vertex 0 -0.4 5.72205e-07
      vertex -1.46189 -11.1042 5.72205e-07
    endloop
  endfacet
  facet normal 0 0 -1
    outer loop
      vertex -2.89877 -10.8184 5.72205e-07
      vertex 0 -0.4 5.72205e-07
      vertex -2.18501 -10.9848 5.72205e-07
    endloop
  endfacet
  facet normal -0 0 -1
    outer loop
      vertex 2.89877 10.8184 5.72205e-07
      vertex 0 0.4 5.72205e-07
      vertex 2.18501 10.9848 5.72205e-07
    endloop
  endfacet
  facet normal -0 0 -1
    outer loop
      vertex 2.18501 10.9848 5.72205e-07
      vertex 0 0.4 5.72205e-07
      vertex 1.46189 11.1042 5.72205e-07
    endloop
  endfacet
  facet normal -0 0 -1
    outer loop
      vertex 1.46189 11.1042 5.72205e-07
      vertex 0 0.4 5.72205e-07
      vertex 0.732514 11.176 5.72205e-07
    endloop
  endfacet
  facet normal 0 0 -1
    outer loop
      vertex 0 0.4 5.72205e-07
      vertex 0 11.2 5.72205e-07
      vertex 0.732514 11.176 5.72205e-07
    endloop
  endfacet
  facet normal 0 0 -1
    outer loop
      vertex -2.89877 10.8184 5.72205e-07
      vertex 0 0.4 5.72205e-07
      vertex -0.2 0.34641 5.72205e-07
    endloop
  endfacet
  facet normal 0 0 -1
    outer loop
      vertex -7.9196 7.9196 5.72205e-07
      vertex -0.2 0.34641 5.72205e-07
      vertex -0.34641 0.2 5.72205e-07
    endloop
  endfacet
  facet normal 0 0 -1
    outer loop
      vertex -10.8184 2.89877 5.72205e-07
      vertex -0.34641 0.2 5.72205e-07
      vertex -0.4 0 5.72205e-07
    endloop
  endfacet
  facet normal 0 0 -1
    outer loop
      vertex 0 0.4 5.72205e-07
      vertex -0.732514 11.176 5.72205e-07
      vertex 0 11.2 5.72205e-07
    endloop
  endfacet
  facet normal -0 0 -1
    outer loop
      vertex 0 -0.4 5.72205e-07
      vertex -2.89877 -10.8184 5.72205e-07
      vertex -0.2 -0.34641 5.72205e-07
    endloop
  endfacet
  facet normal 0 0 -1
    outer loop
      vertex -3.60012 -10.6056 5.72205e-07
      vertex -0.2 -0.34641 5.72205e-07
      vertex -2.89877 -10.8184 5.72205e-07
    endloop
  endfacet
  facet normal 0 0 -1
    outer loop
      vertex 0 0.4 5.72205e-07
      vertex -1.46189 11.1042 5.72205e-07
      vertex -0.732514 11.176 5.72205e-07
    endloop
  endfacet
  facet normal 0 0 -1
    outer loop
      vertex -4.28605 -10.3475 5.72205e-07
      vertex -0.2 -0.34641 5.72205e-07
      vertex -3.60012 -10.6056 5.72205e-07
    endloop
  endfacet
  facet normal 0 0 -1
    outer loop
      vertex 0 0.4 5.72205e-07
      vertex -2.18501 10.9848 5.72205e-07
      vertex -1.46189 11.1042 5.72205e-07
    endloop
  endfacet
  facet normal 0 0 -1
    outer loop
      vertex -4.95363 -10.045 5.72205e-07
      vertex -0.2 -0.34641 5.72205e-07
      vertex -4.28605 -10.3475 5.72205e-07
    endloop
  endfacet
  facet normal 0 0 -1
    outer loop
      vertex 0 0.4 5.72205e-07
      vertex -2.89877 10.8184 5.72205e-07
      vertex -2.18501 10.9848 5.72205e-07
    endloop
  endfacet
  facet normal 0 0 -1
    outer loop
      vertex -5.6 -9.69948 5.72205e-07
      vertex -0.2 -0.34641 5.72205e-07
      vertex -4.95363 -10.045 5.72205e-07
    endloop
  endfacet
  facet normal 0 0 -1
    outer loop
      vertex -0.2 0.34641 5.72205e-07
      vertex -3.60012 10.6056 5.72205e-07
      vertex -2.89877 10.8184 5.72205e-07
    endloop
  endfacet
  facet normal 0 0 -1
    outer loop
      vertex -6.22239 -9.31246 5.72205e-07
      vertex -0.2 -0.34641 5.72205e-07
      vertex -5.6 -9.69948 5.72205e-07
    endloop
  endfacet
  facet normal 0 0 -1
    outer loop
      vertex -0.2 0.34641 5.72205e-07
      vertex -4.28605 10.3475 5.72205e-07
      vertex -3.60012 10.6056 5.72205e-07
    endloop
  endfacet
  facet normal 0 0 -1
    outer loop
      vertex -6.81813 -8.88556 5.72205e-07
      vertex -0.2 -0.34641 5.72205e-07
      vertex -6.22239 -9.31246 5.72205e-07
    endloop
  endfacet
  facet normal 0 0 -1
    outer loop
      vertex -0.2 0.34641 5.72205e-07
      vertex -4.95363 10.045 5.72205e-07
      vertex -4.28605 10.3475 5.72205e-07
    endloop
  endfacet
  facet normal 0 0 -1
    outer loop
      vertex -7.38467 -8.42061 5.72205e-07
      vertex -0.2 -0.34641 5.72205e-07
      vertex -6.81813 -8.88556 5.72205e-07
    endloop
  endfacet
  facet normal 0 0 -1
    outer loop
      vertex -0.2 0.34641 5.72205e-07
      vertex -5.6 9.69948 5.72205e-07
      vertex -4.95363 10.045 5.72205e-07
    endloop
  endfacet
  facet normal 0 0 -1
    outer loop
      vertex -7.9196 -7.9196 5.72205e-07
      vertex -0.2 -0.34641 5.72205e-07
      vertex -7.38467 -8.42061 5.72205e-07
    endloop
  endfacet
  facet normal 0 0 -1
    outer loop
      vertex -0.2 0.34641 5.72205e-07
      vertex -6.22239 9.31246 5.72205e-07
      vertex -5.6 9.69948 5.72205e-07
    endloop
  endfacet
  facet normal -0 0 -1
    outer loop
      vertex -0.2 -0.34641 5.72205e-07
      vertex -7.9196 -7.9196 5.72205e-07
      vertex -0.34641 -0.2 5.72205e-07
    endloop
  endfacet
  facet normal 0 0 -1
    outer loop
      vertex -0.2 0.34641 5.72205e-07
      vertex -6.81813 8.88556 5.72205e-07
      vertex -6.22239 9.31246 5.72205e-07
    endloop
  endfacet
  facet normal 0 0 -1
    outer loop
      vertex -8.42061 -7.38467 5.72205e-07
      vertex -0.34641 -0.2 5.72205e-07
      vertex -7.9196 -7.9196 5.72205e-07
    endloop
  endfacet
  facet normal 0 0 -1
    outer loop
      vertex -0.2 0.34641 5.72205e-07
      vertex -7.38467 8.42061 5.72205e-07
      vertex -6.81813 8.88556 5.72205e-07
    endloop
  endfacet
  facet normal 0 0 -1
    outer loop
      vertex -8.88556 -6.81813 5.72205e-07
      vertex -0.34641 -0.2 5.72205e-07
      vertex -8.42061 -7.38467 5.72205e-07
    endloop
  endfacet
  facet normal 0 0 -1
    outer loop
      vertex -0.2 0.34641 5.72205e-07
      vertex -7.9196 7.9196 5.72205e-07
      vertex -7.38467 8.42061 5.72205e-07
    endloop
  endfacet
  facet normal 0 0 -1
    outer loop
      vertex -9.31246 -6.22239 5.72205e-07
      vertex -0.34641 -0.2 5.72205e-07
      vertex -8.88556 -6.81813 5.72205e-07
    endloop
  endfacet
  facet normal 0 0 -1
    outer loop
      vertex -0.34641 0.2 5.72205e-07
      vertex -8.42061 7.38467 5.72205e-07
      vertex -7.9196 7.9196 5.72205e-07
    endloop
  endfacet
  facet normal 0 0 -1
    outer loop
      vertex -9.69948 -5.6 5.72205e-07
      vertex -0.34641 -0.2 5.72205e-07
      vertex -9.31246 -6.22239 5.72205e-07
    endloop
  endfacet
  facet normal 0 0 -1
    outer loop
      vertex -0.34641 0.2 5.72205e-07
      vertex -8.88556 6.81813 5.72205e-07
      vertex -8.42061 7.38467 5.72205e-07
    endloop
  endfacet
  facet normal 0 0 -1
    outer loop
      vertex -10.045 -4.95363 5.72205e-07
      vertex -0.34641 -0.2 5.72205e-07
      vertex -9.69948 -5.6 5.72205e-07
    endloop
  endfacet
  facet normal 0 0 -1
    outer loop
      vertex -0.34641 0.2 5.72205e-07
      vertex -9.31246 6.22239 5.72205e-07
      vertex -8.88556 6.81813 5.72205e-07
    endloop
  endfacet
  facet normal 0 0 -1
    outer loop
      vertex -10.3475 -4.28605 5.72205e-07
      vertex -0.34641 -0.2 5.72205e-07
      vertex -10.045 -4.95363 5.72205e-07
    endloop
  endfacet
  facet normal 0 0 -1
    outer loop
      vertex -0.34641 0.2 5.72205e-07
      vertex -9.69948 5.6 5.72205e-07
      vertex -9.31246 6.22239 5.72205e-07
    endloop
  endfacet
  facet normal 0 0 -1
    outer loop
      vertex -10.6056 -3.60012 5.72205e-07
      vertex -0.34641 -0.2 5.72205e-07
      vertex -10.3475 -4.28605 5.72205e-07
    endloop
  endfacet
  facet normal 0 0 -1
    outer loop
      vertex -0.34641 0.2 5.72205e-07
      vertex -10.045 4.95363 5.72205e-07
      vertex -9.69948 5.6 5.72205e-07
    endloop
  endfacet
  facet normal 0 0 -1
    outer loop
      vertex -10.8184 -2.89877 5.72205e-07
      vertex -0.34641 -0.2 5.72205e-07
      vertex -10.6056 -3.60012 5.72205e-07
    endloop
  endfacet
  facet normal 0 0 -1
    outer loop
      vertex -0.34641 0.2 5.72205e-07
      vertex -10.3475 4.28605 5.72205e-07
      vertex -10.045 4.95363 5.72205e-07
    endloop
  endfacet
  facet normal -0 0 -1
    outer loop
      vertex -0.34641 -0.2 5.72205e-07
      vertex -10.8184 -2.89877 5.72205e-07
      vertex -0.4 0 5.72205e-07
    endloop
  endfacet
  facet normal 0 0 -1
    outer loop
      vertex -0.34641 0.2 5.72205e-07
      vertex -10.6056 3.60012 5.72205e-07
      vertex -10.3475 4.28605 5.72205e-07
    endloop
  endfacet
  facet normal 0 0 -1
    outer loop
      vertex -10.9848 -2.18501 5.72205e-07
      vertex -0.4 0 5.72205e-07
      vertex -10.8184 -2.89877 5.72205e-07
    endloop
  endfacet
  facet normal 0 0 -1
    outer loop
      vertex -0.34641 0.2 5.72205e-07
      vertex -10.8184 2.89877 5.72205e-07
      vertex -10.6056 3.60012 5.72205e-07
    endloop
  endfacet
  facet normal 0 0 -1
    outer loop
      vertex -11.1042 -1.46189 5.72205e-07
      vertex -0.4 0 5.72205e-07
      vertex -10.9848 -2.18501 5.72205e-07
    endloop
  endfacet
  facet normal 0 0 -1
    outer loop
      vertex -0.4 0 5.72205e-07
      vertex -10.9848 2.18501 5.72205e-07
      vertex -10.8184 2.89877 5.72205e-07
    endloop
  endfacet
  facet normal 0 0 -1
    outer loop
      vertex -11.176 -0.732514 5.72205e-07
      vertex -0.4 0 5.72205e-07
      vertex -11.1042 -1.46189 5.72205e-07
    endloop
  endfacet
  facet normal 0 0 -1
    outer loop
      vertex -0.4 0 5.72205e-07
      vertex -11.1042 1.46189 5.72205e-07
      vertex -10.9848 2.18501 5.72205e-07
    endloop
  endfacet
  facet normal 0 0 -1
    outer loop
      vertex -11.2 0 5.72205e-07
      vertex -0.4 0 5.72205e-07
      vertex -11.176 -0.732514 5.72205e-07
    endloop
  endfacet
  facet normal 0 0 -1
    outer loop
      vertex -0.4 0 5.72205e-07
      vertex -11.176 0.732514 5.72205e-07
      vertex -11.1042 1.46189 5.72205e-07
    endloop
  endfacet
  facet normal 0 0 -1
    outer loop
      vertex -0.4 0 5.72205e-07
      vertex -11.2 0 5.72205e-07
      vertex -11.176 0.732514 5.72205e-07
    endloop
  endfacet
  facet normal 0.471426 0.881905 -0
    outer loop
      vertex 5.6 9.69948 5.72205e-07
      vertex 4.95363 10.045 1.6
      vertex 5.6 9.69948 1.6
    endloop
  endfacet
  facet normal 0.471426 0.881905 0
    outer loop
      vertex 4.95363 10.045 1.6
      vertex 5.6 9.69948 5.72205e-07
      vertex 4.95363 10.045 5.72205e-07
    endloop
  endfacet
  facet normal 0.0979668 -0.99519 0
    outer loop
      vertex 0.732514 -11.176 5.72205e-07
      vertex 1.46189 -11.1042 1.6
      vertex 0.732514 -11.176 1.6
    endloop
  endfacet
  facet normal 0.0979668 -0.99519 0
    outer loop
      vertex 1.46189 -11.1042 1.6
      vertex 0.732514 -11.176 5.72205e-07
      vertex 1.46189 -11.1042 5.72205e-07
    endloop
  endfacet
  facet normal 0.634395 0.773009 -0
    outer loop
      vertex 7.38467 8.42061 5.72205e-07
      vertex 6.81813 8.88556 1.6
      vertex 7.38467 8.42061 1.6
    endloop
  endfacet
  facet normal 0.634395 0.773009 0
    outer loop
      vertex 6.81813 8.88556 1.6
      vertex 7.38467 8.42061 5.72205e-07
      vertex 6.81813 8.88556 5.72205e-07
    endloop
  endfacet
  facet normal -0.999464 0.0327463 0
    outer loop
      vertex -11.2 0 5.72205e-07
      vertex -11.176 0.732514 1.6
      vertex -11.176 0.732514 5.72205e-07
    endloop
  endfacet
  facet normal -0.999464 0.0327463 0
    outer loop
      vertex -11.176 0.732514 1.6
      vertex -11.2 0 5.72205e-07
      vertex -11.2 0 1.6
    endloop
  endfacet
  facet normal 0.471426 -0.881905 0
    outer loop
      vertex 4.95363 -10.045 5.72205e-07
      vertex 5.6 -9.69948 1.6
      vertex 4.95363 -10.045 1.6
    endloop
  endfacet
  facet normal 0.471426 -0.881905 0
    outer loop
      vertex 5.6 -9.69948 1.6
      vertex 4.95363 -10.045 5.72205e-07
      vertex 5.6 -9.69948 5.72205e-07
    endloop
  endfacet
  facet normal 0.290344 -0.956922 0
    outer loop
      vertex 2.89877 -10.8184 5.72205e-07
      vertex 3.60012 -10.6056 1.6
      vertex 2.89877 -10.8184 1.6
    endloop
  endfacet
  facet normal 0.290344 -0.956922 0
    outer loop
      vertex 3.60012 -10.6056 1.6
      vertex 2.89877 -10.8184 5.72205e-07
      vertex 3.60012 -10.6056 5.72205e-07
    endloop
  endfacet
  facet normal 0.986641 0.162912 0
    outer loop
      vertex 11.1042 1.46189 1.6
      vertex 10.9848 2.18501 5.72205e-07
      vertex 10.9848 2.18501 1.6
    endloop
  endfacet
  facet normal 0.986641 0.162912 0
    outer loop
      vertex 10.9848 2.18501 5.72205e-07
      vertex 11.1042 1.46189 1.6
      vertex 11.1042 1.46189 5.72205e-07
    endloop
  endfacet
  facet normal -0.634395 0.773009 0
    outer loop
      vertex -6.81813 8.88556 5.72205e-07
      vertex -7.38467 8.42061 1.6
      vertex -6.81813 8.88556 1.6
    endloop
  endfacet
  facet normal -0.634395 0.773009 0
    outer loop
      vertex -7.38467 8.42061 1.6
      vertex -6.81813 8.88556 5.72205e-07
      vertex -7.38467 8.42061 5.72205e-07
    endloop
  endfacet
  facet normal -0.881905 -0.471426 0
    outer loop
      vertex -9.69948 -5.6 5.72205e-07
      vertex -10.045 -4.95363 1.6
      vertex -10.045 -4.95363 5.72205e-07
    endloop
  endfacet
  facet normal -0.881905 -0.471426 0
    outer loop
      vertex -10.045 -4.95363 1.6
      vertex -9.69948 -5.6 5.72205e-07
      vertex -9.69948 -5.6 1.6
    endloop
  endfacet
  facet normal -0.812847 -0.582477 0
    outer loop
      vertex -8.88556 -6.81813 5.72205e-07
      vertex -9.31246 -6.22239 1.6
      vertex -9.31246 -6.22239 5.72205e-07
    endloop
  endfacet
  facet normal -0.812847 -0.582477 0
    outer loop
      vertex -9.31246 -6.22239 1.6
      vertex -8.88556 -6.81813 5.72205e-07
      vertex -8.88556 -6.81813 1.6
    endloop
  endfacet
  facet normal -0.634395 -0.773009 0
    outer loop
      vertex -7.38467 -8.42061 5.72205e-07
      vertex -6.81813 -8.88556 1.6
      vertex -7.38467 -8.42061 1.6
    endloop
  endfacet
  facet normal -0.634395 -0.773009 -0
    outer loop
      vertex -6.81813 -8.88556 1.6
      vertex -7.38467 -8.42061 5.72205e-07
      vertex -6.81813 -8.88556 5.72205e-07
    endloop
  endfacet
  facet normal 0.729869 0.683587 0
    outer loop
      vertex 8.42061 7.38467 1.6
      vertex 7.9196 7.9196 5.72205e-07
      vertex 7.9196 7.9196 1.6
    endloop
  endfacet
  facet normal 0.729869 0.683587 0
    outer loop
      vertex 7.9196 7.9196 5.72205e-07
      vertex 8.42061 7.38467 1.6
      vertex 8.42061 7.38467 5.72205e-07
    endloop
  endfacet
  facet normal -0.412734 0.910852 0
    outer loop
      vertex -4.28605 10.3475 5.72205e-07
      vertex -4.95363 10.045 1.6
      vertex -4.28605 10.3475 1.6
    endloop
  endfacet
  facet normal -0.412734 0.910852 0
    outer loop
      vertex -4.95363 10.045 1.6
      vertex -4.28605 10.3475 5.72205e-07
      vertex -4.95363 10.045 5.72205e-07
    endloop
  endfacet
  facet normal 0 0 1
    outer loop
      vertex 8.4 0 1.6
      vertex 11.2 0 1.6
      vertex 11.176 0.732514 1.6
    endloop
  endfacet
  facet normal 0 0 1
    outer loop
      vertex 8.38201 0.549386 1.6
      vertex 11.176 0.732514 1.6
      vertex 11.1042 1.46189 1.6
    endloop
  endfacet
  facet normal 0 0 1
    outer loop
      vertex 11.2 0 1.6
      vertex 8.4 0 1.6
      vertex 11.176 -0.732514 1.6
    endloop
  endfacet
  facet normal 0 0 1
    outer loop
      vertex 8.32814 1.09642 1.6
      vertex 11.1042 1.46189 1.6
      vertex 10.9848 2.18501 1.6
    endloop
  endfacet
  facet normal -0 0 1
    outer loop
      vertex 8.38201 -0.549386 1.6
      vertex 11.176 -0.732514 1.6
      vertex 8.4 0 1.6
    endloop
  endfacet
  facet normal 0 0 1
    outer loop
      vertex 8.2386 1.63876 1.6
      vertex 10.9848 2.18501 1.6
      vertex 10.8184 2.89877 1.6
    endloop
  endfacet
  facet normal 0 0 1
    outer loop
      vertex 11.176 -0.732514 1.6
      vertex 8.38201 -0.549386 1.6
      vertex 11.1042 -1.46189 1.6
    endloop
  endfacet
  facet normal 0 0 1
    outer loop
      vertex 8.11378 2.17408 1.6
      vertex 10.8184 2.89877 1.6
      vertex 10.6056 3.60012 1.6
    endloop
  endfacet
  facet normal -0 0 1
    outer loop
      vertex 8.32814 -1.09642 1.6
      vertex 11.1042 -1.46189 1.6
      vertex 8.38201 -0.549386 1.6
    endloop
  endfacet
  facet normal 0 0 1
    outer loop
      vertex 7.95421 2.70009 1.6
      vertex 10.6056 3.60012 1.6
      vertex 10.3475 4.28605 1.6
    endloop
  endfacet
  facet normal 0 0 1
    outer loop
      vertex 11.1042 -1.46189 1.6
      vertex 8.32814 -1.09642 1.6
      vertex 10.9848 -2.18501 1.6
    endloop
  endfacet
  facet normal 0 0 1
    outer loop
      vertex 7.76059 3.21454 1.6
      vertex 10.3475 4.28605 1.6
      vertex 10.045 4.95363 1.6
    endloop
  endfacet
  facet normal -0 0 1
    outer loop
      vertex 8.2386 -1.63876 1.6
      vertex 10.9848 -2.18501 1.6
      vertex 8.32814 -1.09642 1.6
    endloop
  endfacet
  facet normal 0 0 1
    outer loop
      vertex 7.53373 3.71522 1.6
      vertex 10.045 4.95363 1.6
      vertex 9.69948 5.6 1.6
    endloop
  endfacet
  facet normal 0 0 1
    outer loop
      vertex 10.9848 -2.18501 1.6
      vertex 8.2386 -1.63876 1.6
      vertex 10.8184 -2.89877 1.6
    endloop
  endfacet
  facet normal 0 0 1
    outer loop
      vertex 7.27461 4.2 1.6
      vertex 9.69948 5.6 1.6
      vertex 9.31246 6.22239 1.6
    endloop
  endfacet
  facet normal -0 0 1
    outer loop
      vertex 8.11378 -2.17408 1.6
      vertex 10.8184 -2.89877 1.6
      vertex 8.2386 -1.63876 1.6
    endloop
  endfacet
  facet normal 0 0 1
    outer loop
      vertex 6.98434 4.66679 1.6
      vertex 9.31246 6.22239 1.6
      vertex 8.88556 6.81813 1.6
    endloop
  endfacet
  facet normal 0 0 1
    outer loop
      vertex 10.8184 -2.89877 1.6
      vertex 8.11378 -2.17408 1.6
      vertex 10.6056 -3.60012 1.6
    endloop
  endfacet
  facet normal 0 0 1
    outer loop
      vertex 6.66417 5.1136 1.6
      vertex 8.88556 6.81813 1.6
      vertex 8.42061 7.38467 1.6
    endloop
  endfacet
  facet normal -0 0 1
    outer loop
      vertex 7.95421 -2.70009 1.6
      vertex 10.6056 -3.60012 1.6
      vertex 8.11378 -2.17408 1.6
    endloop
  endfacet
  facet normal 0 0 1
    outer loop
      vertex 10.6056 -3.60012 1.6
      vertex 7.95421 -2.70009 1.6
      vertex 10.3475 -4.28605 1.6
    endloop
  endfacet
  facet normal 0 0 1
    outer loop
      vertex 11.176 0.732514 1.6
      vertex 8.38201 0.549386 1.6
      vertex 8.4 0 1.6
    endloop
  endfacet
  facet normal 0 0 1
    outer loop
      vertex 11.1042 1.46189 1.6
      vertex 8.32814 1.09642 1.6
      vertex 8.38201 0.549386 1.6
    endloop
  endfacet
  facet normal 0 0 1
    outer loop
      vertex 10.9848 2.18501 1.6
      vertex 8.2386 1.63876 1.6
      vertex 8.32814 1.09642 1.6
    endloop
  endfacet
  facet normal 0 0 1
    outer loop
      vertex 10.8184 2.89877 1.6
      vertex 8.11378 2.17408 1.6
      vertex 8.2386 1.63876 1.6
    endloop
  endfacet
  facet normal 0 0 1
    outer loop
      vertex 10.6056 3.60012 1.6
      vertex 7.95421 2.70009 1.6
      vertex 8.11378 2.17408 1.6
    endloop
  endfacet
  facet normal 0 0 1
    outer loop
      vertex 6.31545 5.5385 1.6
      vertex 8.42061 7.38467 1.6
      vertex 7.9196 7.9196 1.6
    endloop
  endfacet
  facet normal 0 0 1
    outer loop
      vertex 10.3475 4.28605 1.6
      vertex 7.76059 3.21454 1.6
      vertex 7.95421 2.70009 1.6
    endloop
  endfacet
  facet normal 0 0 1
    outer loop
      vertex 10.045 4.95363 1.6
      vertex 7.53373 3.71522 1.6
      vertex 7.76059 3.21454 1.6
    endloop
  endfacet
  facet normal 0 0 1
    outer loop
      vertex 5.9397 5.9397 1.6
      vertex 7.9196 7.9196 1.6
      vertex 7.38467 8.42061 1.6
    endloop
  endfacet
  facet normal 0 0 1
    outer loop
      vertex 9.69948 5.6 1.6
      vertex 7.27461 4.2 1.6
      vertex 7.53373 3.71522 1.6
    endloop
  endfacet
  facet normal 0 0 1
    outer loop
      vertex 9.31246 6.22239 1.6
      vertex 6.98434 4.66679 1.6
      vertex 7.27461 4.2 1.6
    endloop
  endfacet
  facet normal 0 0 1
    outer loop
      vertex 5.5385 6.31545 1.6
      vertex 7.38467 8.42061 1.6
      vertex 6.81813 8.88556 1.6
    endloop
  endfacet
  facet normal 0 0 1
    outer loop
      vertex 8.88556 6.81813 1.6
      vertex 6.66417 5.1136 1.6
      vertex 6.98434 4.66679 1.6
    endloop
  endfacet
  facet normal 0 0 1
    outer loop
      vertex 8.42061 7.38467 1.6
      vertex 6.31545 5.5385 1.6
      vertex 6.66417 5.1136 1.6
    endloop
  endfacet
  facet normal 0 0 1
    outer loop
      vertex 5.1136 6.66417 1.6
      vertex 6.81813 8.88556 1.6
      vertex 6.22239 9.31246 1.6
    endloop
  endfacet
  facet normal 0 0 1
    outer loop
      vertex 7.9196 7.9196 1.6
      vertex 5.9397 5.9397 1.6
      vertex 6.31545 5.5385 1.6
    endloop
  endfacet
  facet normal 0 0 1
    outer loop
      vertex 4.66679 6.98434 1.6
      vertex 6.22239 9.31246 1.6
      vertex 5.6 9.69948 1.6
    endloop
  endfacet
  facet normal 0 0 1
    outer loop
      vertex 7.38467 8.42061 1.6
      vertex 5.5385 6.31545 1.6
      vertex 5.9397 5.9397 1.6
    endloop
  endfacet
  facet normal 0 0 1
    outer loop
      vertex 6.81813 8.88556 1.6
      vertex 5.1136 6.66417 1.6
      vertex 5.5385 6.31545 1.6
    endloop
  endfacet
  facet normal 0 0 1
    outer loop
      vertex 4.2 7.27461 1.6
      vertex 5.6 9.69948 1.6
      vertex 4.95363 10.045 1.6
    endloop
  endfacet
  facet normal 0 0 1
    outer loop
      vertex 6.22239 9.31246 1.6
      vertex 4.66679 6.98434 1.6
      vertex 5.1136 6.66417 1.6
    endloop
  endfacet
  facet normal 0 0 1
    outer loop
      vertex 3.71522 7.53373 1.6
      vertex 4.95363 10.045 1.6
      vertex 4.28605 10.3475 1.6
    endloop
  endfacet
  facet normal 0 0 1
    outer loop
      vertex 5.6 9.69948 1.6
      vertex 4.2 7.27461 1.6
      vertex 4.66679 6.98434 1.6
    endloop
  endfacet
  facet normal 0 0 1
    outer loop
      vertex 4.95363 10.045 1.6
      vertex 3.71522 7.53373 1.6
      vertex 4.2 7.27461 1.6
    endloop
  endfacet
  facet normal 0 0 1
    outer loop
      vertex 3.21454 7.76059 1.6
      vertex 4.28605 10.3475 1.6
      vertex 3.60012 10.6056 1.6
    endloop
  endfacet
  facet normal 0 0 1
    outer loop
      vertex 4.28605 10.3475 1.6
      vertex 3.21454 7.76059 1.6
      vertex 3.71522 7.53373 1.6
    endloop
  endfacet
  facet normal 0 0 1
    outer loop
      vertex 2.70009 7.95421 1.6
      vertex 3.60012 10.6056 1.6
      vertex 2.89877 10.8184 1.6
    endloop
  endfacet
  facet normal 0 0 1
    outer loop
      vertex 3.60012 10.6056 1.6
      vertex 2.70009 7.95421 1.6
      vertex 3.21454 7.76059 1.6
    endloop
  endfacet
  facet normal 0 0 1
    outer loop
      vertex 2.17408 8.11378 1.6
      vertex 2.89877 10.8184 1.6
      vertex 2.18501 10.9848 1.6
    endloop
  endfacet
  facet normal 0 0 1
    outer loop
      vertex 2.89877 10.8184 1.6
      vertex 2.17408 8.11378 1.6
      vertex 2.70009 7.95421 1.6
    endloop
  endfacet
  facet normal 0 0 1
    outer loop
      vertex 2.18501 10.9848 1.6
      vertex 1.63876 8.2386 1.6
      vertex 2.17408 8.11378 1.6
    endloop
  endfacet
  facet normal 0 0 1
    outer loop
      vertex 1.46189 11.1042 1.6
      vertex 1.63876 8.2386 1.6
      vertex 2.18501 10.9848 1.6
    endloop
  endfacet
  facet normal 0 0 1
    outer loop
      vertex 1.46189 11.1042 1.6
      vertex 1.09642 8.32814 1.6
      vertex 1.63876 8.2386 1.6
    endloop
  endfacet
  facet normal 0 0 1
    outer loop
      vertex 0.732514 11.176 1.6
      vertex 1.09642 8.32814 1.6
      vertex 1.46189 11.1042 1.6
    endloop
  endfacet
  facet normal 0 0 1
    outer loop
      vertex 0.732514 11.176 1.6
      vertex 0.549386 8.38201 1.6
      vertex 1.09642 8.32814 1.6
    endloop
  endfacet
  facet normal 0 0 1
    outer loop
      vertex 0 11.2 1.6
      vertex 0.549386 8.38201 1.6
      vertex 0.732514 11.176 1.6
    endloop
  endfacet
  facet normal 0 0 1
    outer loop
      vertex 0 11.2 1.6
      vertex 0 8.4 1.6
      vertex 0.549386 8.38201 1.6
    endloop
  endfacet
  facet normal 0 0 1
    outer loop
      vertex 0 11.2 1.6
      vertex -0.549386 8.38201 1.6
      vertex 0 8.4 1.6
    endloop
  endfacet
  facet normal -0 0 1
    outer loop
      vertex -0.732514 11.176 1.6
      vertex -0.549386 8.38201 1.6
      vertex 0 11.2 1.6
    endloop
  endfacet
  facet normal 0 0 1
    outer loop
      vertex -0.732514 11.176 1.6
      vertex -1.09642 8.32814 1.6
      vertex -0.549386 8.38201 1.6
    endloop
  endfacet
  facet normal -0 0 1
    outer loop
      vertex -1.46189 11.1042 1.6
      vertex -1.09642 8.32814 1.6
      vertex -0.732514 11.176 1.6
    endloop
  endfacet
  facet normal 0 0 1
    outer loop
      vertex -1.46189 11.1042 1.6
      vertex -1.63876 8.2386 1.6
      vertex -1.09642 8.32814 1.6
    endloop
  endfacet
  facet normal -0 0 1
    outer loop
      vertex -2.18501 10.9848 1.6
      vertex -1.63876 8.2386 1.6
      vertex -1.46189 11.1042 1.6
    endloop
  endfacet
  facet normal 0 0 1
    outer loop
      vertex -1.63876 8.2386 1.6
      vertex -2.18501 10.9848 1.6
      vertex -2.17408 8.11378 1.6
    endloop
  endfacet
  facet normal -0 0 1
    outer loop
      vertex -2.89877 10.8184 1.6
      vertex -2.17408 8.11378 1.6
      vertex -2.18501 10.9848 1.6
    endloop
  endfacet
  facet normal 0 0 1
    outer loop
      vertex -2.17408 8.11378 1.6
      vertex -2.89877 10.8184 1.6
      vertex -2.70009 7.95421 1.6
    endloop
  endfacet
  facet normal -0 0 1
    outer loop
      vertex -3.60012 10.6056 1.6
      vertex -2.70009 7.95421 1.6
      vertex -2.89877 10.8184 1.6
    endloop
  endfacet
  facet normal 0 0 1
    outer loop
      vertex -2.70009 7.95421 1.6
      vertex -3.60012 10.6056 1.6
      vertex -3.21454 7.76059 1.6
    endloop
  endfacet
  facet normal -0 0 1
    outer loop
      vertex -4.28605 10.3475 1.6
      vertex -3.21454 7.76059 1.6
      vertex -3.60012 10.6056 1.6
    endloop
  endfacet
  facet normal 0 0 1
    outer loop
      vertex -3.21454 7.76059 1.6
      vertex -4.28605 10.3475 1.6
      vertex -3.71522 7.53373 1.6
    endloop
  endfacet
  facet normal -0 0 1
    outer loop
      vertex -4.95363 10.045 1.6
      vertex -3.71522 7.53373 1.6
      vertex -4.28605 10.3475 1.6
    endloop
  endfacet
  facet normal 0 0 1
    outer loop
      vertex -3.71522 7.53373 1.6
      vertex -4.95363 10.045 1.6
      vertex -4.2 7.27461 1.6
    endloop
  endfacet
  facet normal -0 0 1
    outer loop
      vertex -5.6 9.69948 1.6
      vertex -4.2 7.27461 1.6
      vertex -4.95363 10.045 1.6
    endloop
  endfacet
  facet normal 0 0 1
    outer loop
      vertex -4.2 7.27461 1.6
      vertex -5.6 9.69948 1.6
      vertex -4.66679 6.98434 1.6
    endloop
  endfacet
  facet normal -0 0 1
    outer loop
      vertex -6.22239 9.31246 1.6
      vertex -4.66679 6.98434 1.6
      vertex -5.6 9.69948 1.6
    endloop
  endfacet
  facet normal 0 0 1
    outer loop
      vertex -4.66679 6.98434 1.6
      vertex -6.22239 9.31246 1.6
      vertex -5.1136 6.66417 1.6
    endloop
  endfacet
  facet normal -0 0 1
    outer loop
      vertex -6.81813 8.88556 1.6
      vertex -5.1136 6.66417 1.6
      vertex -6.22239 9.31246 1.6
    endloop
  endfacet
  facet normal 0 0 1
    outer loop
      vertex -5.1136 6.66417 1.6
      vertex -6.81813 8.88556 1.6
      vertex -5.5385 6.31545 1.6
    endloop
  endfacet
  facet normal -0 0 1
    outer loop
      vertex -7.38467 8.42061 1.6
      vertex -5.5385 6.31545 1.6
      vertex -6.81813 8.88556 1.6
    endloop
  endfacet
  facet normal 0 0 1
    outer loop
      vertex -5.5385 6.31545 1.6
      vertex -7.38467 8.42061 1.6
      vertex -5.9397 5.9397 1.6
    endloop
  endfacet
  facet normal -0 0 1
    outer loop
      vertex -7.9196 7.9196 1.6
      vertex -5.9397 5.9397 1.6
      vertex -7.38467 8.42061 1.6
    endloop
  endfacet
  facet normal 0 0 1
    outer loop
      vertex -5.9397 5.9397 1.6
      vertex -7.9196 7.9196 1.6
      vertex -6.31545 5.5385 1.6
    endloop
  endfacet
  facet normal -0 0 1
    outer loop
      vertex -8.42061 7.38467 1.6
      vertex -6.31545 5.5385 1.6
      vertex -7.9196 7.9196 1.6
    endloop
  endfacet
  facet normal 0 0 1
    outer loop
      vertex -6.31545 5.5385 1.6
      vertex -8.42061 7.38467 1.6
      vertex -6.66417 5.1136 1.6
    endloop
  endfacet
  facet normal -0 0 1
    outer loop
      vertex -8.88556 6.81813 1.6
      vertex -6.66417 5.1136 1.6
      vertex -8.42061 7.38467 1.6
    endloop
  endfacet
  facet normal 0 0 1
    outer loop
      vertex -6.66417 5.1136 1.6
      vertex -8.88556 6.81813 1.6
      vertex -6.98434 4.66679 1.6
    endloop
  endfacet
  facet normal -0 0 1
    outer loop
      vertex -9.31246 6.22239 1.6
      vertex -6.98434 4.66679 1.6
      vertex -8.88556 6.81813 1.6
    endloop
  endfacet
  facet normal 0 0 1
    outer loop
      vertex -6.98434 4.66679 1.6
      vertex -9.31246 6.22239 1.6
      vertex -7.27461 4.2 1.6
    endloop
  endfacet
  facet normal -0 0 1
    outer loop
      vertex -9.69948 5.6 1.6
      vertex -7.27461 4.2 1.6
      vertex -9.31246 6.22239 1.6
    endloop
  endfacet
  facet normal 0 0 1
    outer loop
      vertex -7.27461 4.2 1.6
      vertex -9.69948 5.6 1.6
      vertex -7.53373 3.71522 1.6
    endloop
  endfacet
  facet normal -0 0 1
    outer loop
      vertex -10.045 4.95363 1.6
      vertex -7.53373 3.71522 1.6
      vertex -9.69948 5.6 1.6
    endloop
  endfacet
  facet normal 0 0 1
    outer loop
      vertex -7.53373 3.71522 1.6
      vertex -10.045 4.95363 1.6
      vertex -7.76059 3.21454 1.6
    endloop
  endfacet
  facet normal 0 0 1
    outer loop
      vertex -7.76059 3.21454 1.6
      vertex -10.3475 4.28605 1.6
      vertex -7.95421 2.70009 1.6
    endloop
  endfacet
  facet normal -0 0 1
    outer loop
      vertex -10.3475 4.28605 1.6
      vertex -7.76059 3.21454 1.6
      vertex -10.045 4.95363 1.6
    endloop
  endfacet
  facet normal -0 0 1
    outer loop
      vertex 7.76059 -3.21454 1.6
      vertex 10.3475 -4.28605 1.6
      vertex 7.95421 -2.70009 1.6
    endloop
  endfacet
  facet normal 0 0 1
    outer loop
      vertex 10.3475 -4.28605 1.6
      vertex 7.76059 -3.21454 1.6
      vertex 10.045 -4.95363 1.6
    endloop
  endfacet
  facet normal -0 0 1
    outer loop
      vertex 7.53373 -3.71522 1.6
      vertex 10.045 -4.95363 1.6
      vertex 7.76059 -3.21454 1.6
    endloop
  endfacet
  facet normal 0 0 1
    outer loop
      vertex 10.045 -4.95363 1.6
      vertex 7.53373 -3.71522 1.6
      vertex 9.69948 -5.6 1.6
    endloop
  endfacet
  facet normal -0 0 1
    outer loop
      vertex 7.27461 -4.2 1.6
      vertex 9.69948 -5.6 1.6
      vertex 7.53373 -3.71522 1.6
    endloop
  endfacet
  facet normal 0 0 1
    outer loop
      vertex 9.69948 -5.6 1.6
      vertex 7.27461 -4.2 1.6
      vertex 9.31246 -6.22239 1.6
    endloop
  endfacet
  facet normal -0 0 1
    outer loop
      vertex 6.98434 -4.66679 1.6
      vertex 9.31246 -6.22239 1.6
      vertex 7.27461 -4.2 1.6
    endloop
  endfacet
  facet normal 0 0 1
    outer loop
      vertex 9.31246 -6.22239 1.6
      vertex 6.98434 -4.66679 1.6
      vertex 8.88556 -6.81813 1.6
    endloop
  endfacet
  facet normal -0 0 1
    outer loop
      vertex 6.66417 -5.1136 1.6
      vertex 8.88556 -6.81813 1.6
      vertex 6.98434 -4.66679 1.6
    endloop
  endfacet
  facet normal 0 0 1
    outer loop
      vertex 8.88556 -6.81813 1.6
      vertex 6.66417 -5.1136 1.6
      vertex 8.42061 -7.38467 1.6
    endloop
  endfacet
  facet normal -0 0 1
    outer loop
      vertex 6.31545 -5.5385 1.6
      vertex 8.42061 -7.38467 1.6
      vertex 6.66417 -5.1136 1.6
    endloop
  endfacet
  facet normal 0 0 1
    outer loop
      vertex 8.42061 -7.38467 1.6
      vertex 6.31545 -5.5385 1.6
      vertex 7.9196 -7.9196 1.6
    endloop
  endfacet
  facet normal -0 0 1
    outer loop
      vertex 5.9397 -5.9397 1.6
      vertex 7.9196 -7.9196 1.6
      vertex 6.31545 -5.5385 1.6
    endloop
  endfacet
  facet normal 0 0 1
    outer loop
      vertex 7.9196 -7.9196 1.6
      vertex 5.9397 -5.9397 1.6
      vertex 7.38467 -8.42061 1.6
    endloop
  endfacet
  facet normal -0 0 1
    outer loop
      vertex 5.5385 -6.31545 1.6
      vertex 7.38467 -8.42061 1.6
      vertex 5.9397 -5.9397 1.6
    endloop
  endfacet
  facet normal 0 0 1
    outer loop
      vertex 7.38467 -8.42061 1.6
      vertex 5.5385 -6.31545 1.6
      vertex 6.81813 -8.88556 1.6
    endloop
  endfacet
  facet normal -0 0 1
    outer loop
      vertex 5.1136 -6.66417 1.6
      vertex 6.81813 -8.88556 1.6
      vertex 5.5385 -6.31545 1.6
    endloop
  endfacet
  facet normal 0 0 1
    outer loop
      vertex 6.81813 -8.88556 1.6
      vertex 5.1136 -6.66417 1.6
      vertex 6.22239 -9.31246 1.6
    endloop
  endfacet
  facet normal -0 0 1
    outer loop
      vertex 4.66679 -6.98434 1.6
      vertex 6.22239 -9.31246 1.6
      vertex 5.1136 -6.66417 1.6
    endloop
  endfacet
  facet normal 0 0 1
    outer loop
      vertex 6.22239 -9.31246 1.6
      vertex 4.66679 -6.98434 1.6
      vertex 5.6 -9.69948 1.6
    endloop
  endfacet
  facet normal -0 0 1
    outer loop
      vertex 4.2 -7.27461 1.6
      vertex 5.6 -9.69948 1.6
      vertex 4.66679 -6.98434 1.6
    endloop
  endfacet
  facet normal 0 0 1
    outer loop
      vertex 5.6 -9.69948 1.6
      vertex 4.2 -7.27461 1.6
      vertex 4.95363 -10.045 1.6
    endloop
  endfacet
  facet normal -0 0 1
    outer loop
      vertex 3.71522 -7.53373 1.6
      vertex 4.95363 -10.045 1.6
      vertex 4.2 -7.27461 1.6
    endloop
  endfacet
  facet normal 0 0 1
    outer loop
      vertex 4.95363 -10.045 1.6
      vertex 3.71522 -7.53373 1.6
      vertex 4.28605 -10.3475 1.6
    endloop
  endfacet
  facet normal -0 0 1
    outer loop
      vertex 3.21454 -7.76059 1.6
      vertex 4.28605 -10.3475 1.6
      vertex 3.71522 -7.53373 1.6
    endloop
  endfacet
  facet normal 0 0 1
    outer loop
      vertex 4.28605 -10.3475 1.6
      vertex 3.21454 -7.76059 1.6
      vertex 3.60012 -10.6056 1.6
    endloop
  endfacet
  facet normal -0 0 1
    outer loop
      vertex 2.70009 -7.95421 1.6
      vertex 3.60012 -10.6056 1.6
      vertex 3.21454 -7.76059 1.6
    endloop
  endfacet
  facet normal 0 0 1
    outer loop
      vertex 3.60012 -10.6056 1.6
      vertex 2.70009 -7.95421 1.6
      vertex 2.89877 -10.8184 1.6
    endloop
  endfacet
  facet normal -0 0 1
    outer loop
      vertex 2.17408 -8.11378 1.6
      vertex 2.89877 -10.8184 1.6
      vertex 2.70009 -7.95421 1.6
    endloop
  endfacet
  facet normal 0 0 1
    outer loop
      vertex 2.89877 -10.8184 1.6
      vertex 2.17408 -8.11378 1.6
      vertex 2.18501 -10.9848 1.6
    endloop
  endfacet
  facet normal -0 0 1
    outer loop
      vertex 1.63876 -8.2386 1.6
      vertex 2.18501 -10.9848 1.6
      vertex 2.17408 -8.11378 1.6
    endloop
  endfacet
  facet normal 0 0 1
    outer loop
      vertex 1.63876 -8.2386 1.6
      vertex 1.46189 -11.1042 1.6
      vertex 2.18501 -10.9848 1.6
    endloop
  endfacet
  facet normal -0 0 1
    outer loop
      vertex 1.09642 -8.32814 1.6
      vertex 1.46189 -11.1042 1.6
      vertex 1.63876 -8.2386 1.6
    endloop
  endfacet
  facet normal 0 0 1
    outer loop
      vertex 1.09642 -8.32814 1.6
      vertex 0.732514 -11.176 1.6
      vertex 1.46189 -11.1042 1.6
    endloop
  endfacet
  facet normal -0 0 1
    outer loop
      vertex 0.549386 -8.38201 1.6
      vertex 0.732514 -11.176 1.6
      vertex 1.09642 -8.32814 1.6
    endloop
  endfacet
  facet normal -0 0 1
    outer loop
      vertex 0 -8.4 1.6
      vertex 0.732514 -11.176 1.6
      vertex 0.549386 -8.38201 1.6
    endloop
  endfacet
  facet normal 0 0 1
    outer loop
      vertex 0 -8.4 1.6
      vertex 0 -11.2 1.6
      vertex 0.732514 -11.176 1.6
    endloop
  endfacet
  facet normal 0 0 1
    outer loop
      vertex -0.549386 -8.38201 1.6
      vertex 0 -11.2 1.6
      vertex 0 -8.4 1.6
    endloop
  endfacet
  facet normal 0 0 1
    outer loop
      vertex -0.549386 -8.38201 1.6
      vertex -0.732514 -11.176 1.6
      vertex 0 -11.2 1.6
    endloop
  endfacet
  facet normal 0 0 1
    outer loop
      vertex -1.09642 -8.32814 1.6
      vertex -0.732514 -11.176 1.6
      vertex -0.549386 -8.38201 1.6
    endloop
  endfacet
  facet normal 0 0 1
    outer loop
      vertex -1.09642 -8.32814 1.6
      vertex -1.46189 -11.1042 1.6
      vertex -0.732514 -11.176 1.6
    endloop
  endfacet
  facet normal 0 0 1
    outer loop
      vertex -1.63876 -8.2386 1.6
      vertex -1.46189 -11.1042 1.6
      vertex -1.09642 -8.32814 1.6
    endloop
  endfacet
  facet normal 0 0 1
    outer loop
      vertex -2.18501 -10.9848 1.6
      vertex -1.63876 -8.2386 1.6
      vertex -2.17408 -8.11378 1.6
    endloop
  endfacet
  facet normal 0 0 1
    outer loop
      vertex -1.63876 -8.2386 1.6
      vertex -2.18501 -10.9848 1.6
      vertex -1.46189 -11.1042 1.6
    endloop
  endfacet
  facet normal 0 0 1
    outer loop
      vertex -2.89877 -10.8184 1.6
      vertex -2.17408 -8.11378 1.6
      vertex -2.70009 -7.95421 1.6
    endloop
  endfacet
  facet normal 0 0 1
    outer loop
      vertex -2.17408 -8.11378 1.6
      vertex -2.89877 -10.8184 1.6
      vertex -2.18501 -10.9848 1.6
    endloop
  endfacet
  facet normal 0 0 1
    outer loop
      vertex -3.60012 -10.6056 1.6
      vertex -2.70009 -7.95421 1.6
      vertex -3.21454 -7.76059 1.6
    endloop
  endfacet
  facet normal 0 0 1
    outer loop
      vertex -2.70009 -7.95421 1.6
      vertex -3.60012 -10.6056 1.6
      vertex -2.89877 -10.8184 1.6
    endloop
  endfacet
  facet normal 0 0 1
    outer loop
      vertex -4.28605 -10.3475 1.6
      vertex -3.21454 -7.76059 1.6
      vertex -3.71522 -7.53373 1.6
    endloop
  endfacet
  facet normal 0 0 1
    outer loop
      vertex -4.95363 -10.045 1.6
      vertex -3.71522 -7.53373 1.6
      vertex -4.2 -7.27461 1.6
    endloop
  endfacet
  facet normal 0 0 1
    outer loop
      vertex -3.21454 -7.76059 1.6
      vertex -4.28605 -10.3475 1.6
      vertex -3.60012 -10.6056 1.6
    endloop
  endfacet
  facet normal 0 0 1
    outer loop
      vertex -5.6 -9.69948 1.6
      vertex -4.2 -7.27461 1.6
      vertex -4.66679 -6.98434 1.6
    endloop
  endfacet
  facet normal 0 0 1
    outer loop
      vertex -3.71522 -7.53373 1.6
      vertex -4.95363 -10.045 1.6
      vertex -4.28605 -10.3475 1.6
    endloop
  endfacet
  facet normal 0 0 1
    outer loop
      vertex -6.22239 -9.31246 1.6
      vertex -4.66679 -6.98434 1.6
      vertex -5.1136 -6.66417 1.6
    endloop
  endfacet
  facet normal 0 0 1
    outer loop
      vertex -6.81813 -8.88556 1.6
      vertex -5.1136 -6.66417 1.6
      vertex -5.5385 -6.31545 1.6
    endloop
  endfacet
  facet normal 0 0 1
    outer loop
      vertex -4.2 -7.27461 1.6
      vertex -5.6 -9.69948 1.6
      vertex -4.95363 -10.045 1.6
    endloop
  endfacet
  facet normal 0 0 1
    outer loop
      vertex -7.38467 -8.42061 1.6
      vertex -5.5385 -6.31545 1.6
      vertex -5.9397 -5.9397 1.6
    endloop
  endfacet
  facet normal 0 0 1
    outer loop
      vertex -4.66679 -6.98434 1.6
      vertex -6.22239 -9.31246 1.6
      vertex -5.6 -9.69948 1.6
    endloop
  endfacet
  facet normal 0 0 1
    outer loop
      vertex -7.9196 -7.9196 1.6
      vertex -5.9397 -5.9397 1.6
      vertex -6.31545 -5.5385 1.6
    endloop
  endfacet
  facet normal 0 0 1
    outer loop
      vertex -8.42061 -7.38467 1.6
      vertex -6.31545 -5.5385 1.6
      vertex -6.66417 -5.1136 1.6
    endloop
  endfacet
  facet normal 0 0 1
    outer loop
      vertex -5.1136 -6.66417 1.6
      vertex -6.81813 -8.88556 1.6
      vertex -6.22239 -9.31246 1.6
    endloop
  endfacet
  facet normal 0 0 1
    outer loop
      vertex -8.88556 -6.81813 1.6
      vertex -6.66417 -5.1136 1.6
      vertex -6.98434 -4.66679 1.6
    endloop
  endfacet
  facet normal 0 0 1
    outer loop
      vertex -9.31246 -6.22239 1.6
      vertex -6.98434 -4.66679 1.6
      vertex -7.27461 -4.2 1.6
    endloop
  endfacet
  facet normal 0 0 1
    outer loop
      vertex -5.5385 -6.31545 1.6
      vertex -7.38467 -8.42061 1.6
      vertex -6.81813 -8.88556 1.6
    endloop
  endfacet
  facet normal 0 0 1
    outer loop
      vertex -9.69948 -5.6 1.6
      vertex -7.27461 -4.2 1.6
      vertex -7.53373 -3.71522 1.6
    endloop
  endfacet
  facet normal 0 0 1
    outer loop
      vertex -10.045 -4.95363 1.6
      vertex -7.53373 -3.71522 1.6
      vertex -7.76059 -3.21454 1.6
    endloop
  endfacet
  facet normal 0 0 1
    outer loop
      vertex -5.9397 -5.9397 1.6
      vertex -7.9196 -7.9196 1.6
      vertex -7.38467 -8.42061 1.6
    endloop
  endfacet
  facet normal 0 0 1
    outer loop
      vertex -10.3475 -4.28605 1.6
      vertex -7.76059 -3.21454 1.6
      vertex -7.95421 -2.70009 1.6
    endloop
  endfacet
  facet normal 0 0 1
    outer loop
      vertex -10.6056 -3.60012 1.6
      vertex -7.95421 -2.70009 1.6
      vertex -8.11378 -2.17408 1.6
    endloop
  endfacet
  facet normal 0 0 1
    outer loop
      vertex -10.8184 -2.89877 1.6
      vertex -8.11378 -2.17408 1.6
      vertex -8.2386 -1.63876 1.6
    endloop
  endfacet
  facet normal 0 0 1
    outer loop
      vertex -10.9848 -2.18501 1.6
      vertex -8.2386 -1.63876 1.6
      vertex -8.32814 -1.09642 1.6
    endloop
  endfacet
  facet normal 0 0 1
    outer loop
      vertex -11.1042 -1.46189 1.6
      vertex -8.32814 -1.09642 1.6
      vertex -8.38201 -0.549386 1.6
    endloop
  endfacet
  facet normal 0 0 1
    outer loop
      vertex -6.31545 -5.5385 1.6
      vertex -8.42061 -7.38467 1.6
      vertex -7.9196 -7.9196 1.6
    endloop
  endfacet
  facet normal 0 0 1
    outer loop
      vertex -11.176 -0.732514 1.6
      vertex -8.38201 -0.549386 1.6
      vertex -8.4 0 1.6
    endloop
  endfacet
  facet normal -0 0 1
    outer loop
      vertex -10.6056 3.60012 1.6
      vertex -7.95421 2.70009 1.6
      vertex -10.3475 4.28605 1.6
    endloop
  endfacet
  facet normal 0 0 1
    outer loop
      vertex -7.95421 2.70009 1.6
      vertex -10.6056 3.60012 1.6
      vertex -8.11378 2.17408 1.6
    endloop
  endfacet
  facet normal 0 0 1
    outer loop
      vertex -6.66417 -5.1136 1.6
      vertex -8.88556 -6.81813 1.6
      vertex -8.42061 -7.38467 1.6
    endloop
  endfacet
  facet normal -0 0 1
    outer loop
      vertex -10.8184 2.89877 1.6
      vertex -8.11378 2.17408 1.6
      vertex -10.6056 3.60012 1.6
    endloop
  endfacet
  facet normal 0 0 1
    outer loop
      vertex -6.98434 -4.66679 1.6
      vertex -9.31246 -6.22239 1.6
      vertex -8.88556 -6.81813 1.6
    endloop
  endfacet
  facet normal 0 0 1
    outer loop
      vertex -8.11378 2.17408 1.6
      vertex -10.8184 2.89877 1.6
      vertex -8.2386 1.63876 1.6
    endloop
  endfacet
  facet normal 0 0 1
    outer loop
      vertex -7.27461 -4.2 1.6
      vertex -9.69948 -5.6 1.6
      vertex -9.31246 -6.22239 1.6
    endloop
  endfacet
  facet normal -0 0 1
    outer loop
      vertex -10.9848 2.18501 1.6
      vertex -8.2386 1.63876 1.6
      vertex -10.8184 2.89877 1.6
    endloop
  endfacet
  facet normal 0 0 1
    outer loop
      vertex -7.53373 -3.71522 1.6
      vertex -10.045 -4.95363 1.6
      vertex -9.69948 -5.6 1.6
    endloop
  endfacet
  facet normal 0 0 1
    outer loop
      vertex -8.2386 1.63876 1.6
      vertex -10.9848 2.18501 1.6
      vertex -8.32814 1.09642 1.6
    endloop
  endfacet
  facet normal 0 0 1
    outer loop
      vertex -7.76059 -3.21454 1.6
      vertex -10.3475 -4.28605 1.6
      vertex -10.045 -4.95363 1.6
    endloop
  endfacet
  facet normal -0 0 1
    outer loop
      vertex -11.1042 1.46189 1.6
      vertex -8.32814 1.09642 1.6
      vertex -10.9848 2.18501 1.6
    endloop
  endfacet
  facet normal 0 0 1
    outer loop
      vertex -7.95421 -2.70009 1.6
      vertex -10.6056 -3.60012 1.6
      vertex -10.3475 -4.28605 1.6
    endloop
  endfacet
  facet normal 0 0 1
    outer loop
      vertex -8.32814 1.09642 1.6
      vertex -11.1042 1.46189 1.6
      vertex -8.38201 0.549386 1.6
    endloop
  endfacet
  facet normal 0 0 1
    outer loop
      vertex -8.11378 -2.17408 1.6
      vertex -10.8184 -2.89877 1.6
      vertex -10.6056 -3.60012 1.6
    endloop
  endfacet
  facet normal -0 0 1
    outer loop
      vertex -11.176 0.732514 1.6
      vertex -8.38201 0.549386 1.6
      vertex -11.1042 1.46189 1.6
    endloop
  endfacet
  facet normal 0 0 1
    outer loop
      vertex -8.2386 -1.63876 1.6
      vertex -10.9848 -2.18501 1.6
      vertex -10.8184 -2.89877 1.6
    endloop
  endfacet
  facet normal 0 0 1
    outer loop
      vertex -8.38201 0.549386 1.6
      vertex -11.176 0.732514 1.6
      vertex -8.4 0 1.6
    endloop
  endfacet
  facet normal 0 0 1
    outer loop
      vertex -8.32814 -1.09642 1.6
      vertex -11.1042 -1.46189 1.6
      vertex -10.9848 -2.18501 1.6
    endloop
  endfacet
  facet normal 0 0 1
    outer loop
      vertex -11.2 0 1.6
      vertex -8.4 0 1.6
      vertex -11.176 0.732514 1.6
    endloop
  endfacet
  facet normal 0 0 1
    outer loop
      vertex -8.38201 -0.549386 1.6
      vertex -11.176 -0.732514 1.6
      vertex -11.1042 -1.46189 1.6
    endloop
  endfacet
  facet normal 0 0 1
    outer loop
      vertex -8.4 0 1.6
      vertex -11.2 0 1.6
      vertex -11.176 -0.732514 1.6
    endloop
  endfacet
  facet normal -0.956937 0.290296 0
    outer loop
      vertex -8.11378 2.17408 1.6
      vertex -7.95421 2.70009 3.6
      vertex -7.95421 2.70009 1.6
    endloop
  endfacet
  facet normal -0.956937 0.290296 0
    outer loop
      vertex -7.95421 2.70009 3.6
      vertex -8.11378 2.17408 1.6
      vertex -8.11378 2.17408 3.6
    endloop
  endfacet
  facet normal 0.995186 -0.0980025 0
    outer loop
      vertex 8.32814 -1.09642 3.6
      vertex 8.38201 -0.549386 1.6
      vertex 8.38201 -0.549386 3.6
    endloop
  endfacet
  facet normal 0.995186 -0.0980025 0
    outer loop
      vertex 8.38201 -0.549386 1.6
      vertex 8.32814 -1.09642 3.6
      vertex 8.32814 -1.09642 1.6
    endloop
  endfacet
  facet normal 0.999464 -0.0327281 0
    outer loop
      vertex 8.38201 -0.549386 3.6
      vertex 8.4 0 1.6
      vertex 8.4 0 3.6
    endloop
  endfacet
  facet normal 0.999464 -0.0327281 0
    outer loop
      vertex 8.4 0 1.6
      vertex 8.38201 -0.549386 3.6
      vertex 8.38201 -0.549386 1.6
    endloop
  endfacet
  facet normal 0.986644 -0.162894 0
    outer loop
      vertex 8.2386 -1.63876 3.6
      vertex 8.32814 -1.09642 1.6
      vertex 8.32814 -1.09642 3.6
    endloop
  endfacet
  facet normal 0.986644 -0.162894 0
    outer loop
      vertex 8.32814 -1.09642 1.6
      vertex 8.2386 -1.63876 3.6
      vertex 8.2386 -1.63876 1.6
    endloop
  endfacet
  facet normal 0.849201 0.52807 0
    outer loop
      vertex 7.27461 4.2 3.6
      vertex 6.98434 4.66679 1.6
      vertex 6.98434 4.66679 3.6
    endloop
  endfacet
  facet normal 0.849201 0.52807 0
    outer loop
      vertex 6.98434 4.66679 1.6
      vertex 7.27461 4.2 3.6
      vertex 7.27461 4.2 1.6
    endloop
  endfacet
  facet normal -0.729878 0.683578 0
    outer loop
      vertex -6.31545 5.5385 1.6
      vertex -5.9397 5.9397 3.6
      vertex -5.9397 5.9397 1.6
    endloop
  endfacet
  facet normal -0.729878 0.683578 0
    outer loop
      vertex -5.9397 5.9397 3.6
      vertex -6.31545 5.5385 1.6
      vertex -6.31545 5.5385 3.6
    endloop
  endfacet
  facet normal 0.973877 -0.227078 0
    outer loop
      vertex 8.11378 -2.17408 3.6
      vertex 8.2386 -1.63876 1.6
      vertex 8.2386 -1.63876 3.6
    endloop
  endfacet
  facet normal 0.973877 -0.227078 0
    outer loop
      vertex 8.2386 -1.63876 1.6
      vertex 8.11378 -2.17408 3.6
      vertex 8.11378 -2.17408 1.6
    endloop
  endfacet
  facet normal 0.471396 -0.881921 0
    outer loop
      vertex 3.71522 -7.53373 1.6
      vertex 4.2 -7.27461 3.6
      vertex 3.71522 -7.53373 3.6
    endloop
  endfacet
  facet normal 0.471396 -0.881921 0
    outer loop
      vertex 4.2 -7.27461 3.6
      vertex 3.71522 -7.53373 1.6
      vertex 4.2 -7.27461 1.6
    endloop
  endfacet
  facet normal 0.729878 -0.683578 0
    outer loop
      vertex 5.9397 -5.9397 3.6
      vertex 6.31545 -5.5385 1.6
      vertex 6.31545 -5.5385 3.6
    endloop
  endfacet
  facet normal 0.729878 -0.683578 0
    outer loop
      vertex 6.31545 -5.5385 1.6
      vertex 5.9397 -5.9397 3.6
      vertex 5.9397 -5.9397 1.6
    endloop
  endfacet
  facet normal -0.910861 -0.412714 0
    outer loop
      vertex -7.53373 -3.71522 1.6
      vertex -7.76059 -3.21454 3.6
      vertex -7.76059 -3.21454 1.6
    endloop
  endfacet
  facet normal -0.910861 -0.412714 0
    outer loop
      vertex -7.76059 -3.21454 3.6
      vertex -7.53373 -3.71522 1.6
      vertex -7.53373 -3.71522 3.6
    endloop
  endfacet
  facet normal 0.0327281 -0.999464 0
    outer loop
      vertex 0 -8.4 1.6
      vertex 0.549386 -8.38201 3.6
      vertex 0 -8.4 3.6
    endloop
  endfacet
  facet normal 0.0327281 -0.999464 0
    outer loop
      vertex 0.549386 -8.38201 3.6
      vertex 0 -8.4 1.6
      vertex 0.549386 -8.38201 1.6
    endloop
  endfacet
  facet normal 0.910861 0.412714 0
    outer loop
      vertex 7.76059 3.21454 3.6
      vertex 7.53373 3.71522 1.6
      vertex 7.53373 3.71522 3.6
    endloop
  endfacet
  facet normal 0.910861 0.412714 0
    outer loop
      vertex 7.53373 3.71522 1.6
      vertex 7.76059 3.21454 3.6
      vertex 7.76059 3.21454 1.6
    endloop
  endfacet
  facet normal -0.812855 0.582466 0
    outer loop
      vertex -6.98434 4.66679 1.6
      vertex -6.66417 5.1136 3.6
      vertex -6.66417 5.1136 1.6
    endloop
  endfacet
  facet normal -0.812855 0.582466 0
    outer loop
      vertex -6.66417 5.1136 3.6
      vertex -6.98434 4.66679 1.6
      vertex -6.98434 4.66679 3.6
    endloop
  endfacet
  facet normal 0.412714 -0.910861 0
    outer loop
      vertex 3.21454 -7.76059 1.6
      vertex 3.71522 -7.53373 3.6
      vertex 3.21454 -7.76059 3.6
    endloop
  endfacet
  facet normal 0.412714 -0.910861 0
    outer loop
      vertex 3.71522 -7.53373 3.6
      vertex 3.21454 -7.76059 1.6
      vertex 3.71522 -7.53373 1.6
    endloop
  endfacet
  facet normal -0.0327281 0.999464 0
    outer loop
      vertex 0 8.4 1.6
      vertex -0.549386 8.38201 3.6
      vertex 0 8.4 3.6
    endloop
  endfacet
  facet normal -0.0327281 0.999464 0
    outer loop
      vertex -0.549386 8.38201 3.6
      vertex 0 8.4 1.6
      vertex -0.549386 8.38201 1.6
    endloop
  endfacet
  facet normal -0.0980025 -0.995186 0
    outer loop
      vertex -1.09642 -8.32814 1.6
      vertex -0.549386 -8.38201 3.6
      vertex -1.09642 -8.32814 3.6
    endloop
  endfacet
  facet normal -0.0980025 -0.995186 -0
    outer loop
      vertex -0.549386 -8.38201 3.6
      vertex -1.09642 -8.32814 1.6
      vertex -0.549386 -8.38201 1.6
    endloop
  endfacet
  facet normal 0.352242 0.935909 -0
    outer loop
      vertex 3.21454 7.76059 1.6
      vertex 2.70009 7.95421 3.6
      vertex 3.21454 7.76059 3.6
    endloop
  endfacet
  facet normal 0.352242 0.935909 0
    outer loop
      vertex 2.70009 7.95421 3.6
      vertex 3.21454 7.76059 1.6
      vertex 2.70009 7.95421 1.6
    endloop
  endfacet
  facet normal 0.0327281 0.999464 -0
    outer loop
      vertex 0.549386 8.38201 1.6
      vertex 0 8.4 3.6
      vertex 0.549386 8.38201 3.6
    endloop
  endfacet
  facet normal 0.0327281 0.999464 0
    outer loop
      vertex 0 8.4 3.6
      vertex 0.549386 8.38201 1.6
      vertex 0 8.4 1.6
    endloop
  endfacet
  facet normal -0.910861 0.412714 0
    outer loop
      vertex -7.76059 3.21454 1.6
      vertex -7.53373 3.71522 3.6
      vertex -7.53373 3.71522 1.6
    endloop
  endfacet
  facet normal -0.910861 0.412714 0
    outer loop
      vertex -7.53373 3.71522 3.6
      vertex -7.76059 3.21454 1.6
      vertex -7.76059 3.21454 3.6
    endloop
  endfacet
  facet normal -0.683578 0.729878 0
    outer loop
      vertex -5.5385 6.31545 1.6
      vertex -5.9397 5.9397 3.6
      vertex -5.5385 6.31545 3.6
    endloop
  endfacet
  facet normal -0.683578 0.729878 0
    outer loop
      vertex -5.9397 5.9397 3.6
      vertex -5.5385 6.31545 1.6
      vertex -5.9397 5.9397 1.6
    endloop
  endfacet
  facet normal 0.412714 0.910861 -0
    outer loop
      vertex 3.71522 7.53373 1.6
      vertex 3.21454 7.76059 3.6
      vertex 3.71522 7.53373 3.6
    endloop
  endfacet
  facet normal 0.412714 0.910861 0
    outer loop
      vertex 3.21454 7.76059 3.6
      vertex 3.71522 7.53373 1.6
      vertex 3.21454 7.76059 1.6
    endloop
  endfacet
  facet normal 0.772998 0.634408 0
    outer loop
      vertex 6.66417 5.1136 3.6
      vertex 6.31545 5.5385 1.6
      vertex 6.31545 5.5385 3.6
    endloop
  endfacet
  facet normal 0.772998 0.634408 0
    outer loop
      vertex 6.31545 5.5385 1.6
      vertex 6.66417 5.1136 3.6
      vertex 6.66417 5.1136 1.6
    endloop
  endfacet
  facet normal -0.582466 0.812855 0
    outer loop
      vertex -4.66679 6.98434 1.6
      vertex -5.1136 6.66417 3.6
      vertex -4.66679 6.98434 3.6
    endloop
  endfacet
  facet normal -0.582466 0.812855 0
    outer loop
      vertex -5.1136 6.66417 3.6
      vertex -4.66679 6.98434 1.6
      vertex -5.1136 6.66417 1.6
    endloop
  endfacet
  facet normal -0.973877 0.227078 0
    outer loop
      vertex -8.2386 1.63876 1.6
      vertex -8.11378 2.17408 3.6
      vertex -8.11378 2.17408 1.6
    endloop
  endfacet
  facet normal -0.973877 0.227078 0
    outer loop
      vertex -8.11378 2.17408 3.6
      vertex -8.2386 1.63876 1.6
      vertex -8.2386 1.63876 3.6
    endloop
  endfacet
  facet normal 0.52807 0.849201 -0
    outer loop
      vertex 4.66679 6.98434 1.6
      vertex 4.2 7.27461 3.6
      vertex 4.66679 6.98434 3.6
    endloop
  endfacet
  facet normal 0.52807 0.849201 0
    outer loop
      vertex 4.2 7.27461 3.6
      vertex 4.66679 6.98434 1.6
      vertex 4.2 7.27461 1.6
    endloop
  endfacet
  facet normal -0.162894 -0.986644 0
    outer loop
      vertex -1.63876 -8.2386 1.6
      vertex -1.09642 -8.32814 3.6
      vertex -1.63876 -8.2386 3.6
    endloop
  endfacet
  facet normal -0.162894 -0.986644 -0
    outer loop
      vertex -1.09642 -8.32814 3.6
      vertex -1.63876 -8.2386 1.6
      vertex -1.09642 -8.32814 1.6
    endloop
  endfacet
  facet normal 0.910861 -0.412714 0
    outer loop
      vertex 7.53373 -3.71522 3.6
      vertex 7.76059 -3.21454 1.6
      vertex 7.76059 -3.21454 3.6
    endloop
  endfacet
  facet normal 0.910861 -0.412714 0
    outer loop
      vertex 7.76059 -3.21454 1.6
      vertex 7.53373 -3.71522 3.6
      vertex 7.53373 -3.71522 1.6
    endloop
  endfacet
  facet normal 0.634408 -0.772998 0
    outer loop
      vertex 5.1136 -6.66417 1.6
      vertex 5.5385 -6.31545 3.6
      vertex 5.1136 -6.66417 3.6
    endloop
  endfacet
  facet normal 0.634408 -0.772998 0
    outer loop
      vertex 5.5385 -6.31545 3.6
      vertex 5.1136 -6.66417 1.6
      vertex 5.5385 -6.31545 1.6
    endloop
  endfacet
  facet normal 0.471396 0.881921 -0
    outer loop
      vertex 4.2 7.27461 1.6
      vertex 3.71522 7.53373 3.6
      vertex 4.2 7.27461 3.6
    endloop
  endfacet
  facet normal 0.471396 0.881921 0
    outer loop
      vertex 3.71522 7.53373 3.6
      vertex 4.2 7.27461 1.6
      vertex 3.71522 7.53373 1.6
    endloop
  endfacet
  facet normal 0.772998 -0.634408 0
    outer loop
      vertex 6.31545 -5.5385 3.6
      vertex 6.66417 -5.1136 1.6
      vertex 6.66417 -5.1136 3.6
    endloop
  endfacet
  facet normal 0.772998 -0.634408 0
    outer loop
      vertex 6.66417 -5.1136 1.6
      vertex 6.31545 -5.5385 3.6
      vertex 6.31545 -5.5385 1.6
    endloop
  endfacet
  facet normal -0.973877 -0.227078 0
    outer loop
      vertex -8.11378 -2.17408 1.6
      vertex -8.2386 -1.63876 3.6
      vertex -8.2386 -1.63876 1.6
    endloop
  endfacet
  facet normal -0.973877 -0.227078 0
    outer loop
      vertex -8.2386 -1.63876 3.6
      vertex -8.11378 -2.17408 1.6
      vertex -8.11378 -2.17408 3.6
    endloop
  endfacet
  facet normal -0.986644 -0.162894 0
    outer loop
      vertex -8.2386 -1.63876 1.6
      vertex -8.32814 -1.09642 3.6
      vertex -8.32814 -1.09642 1.6
    endloop
  endfacet
  facet normal -0.986644 -0.162894 0
    outer loop
      vertex -8.32814 -1.09642 3.6
      vertex -8.2386 -1.63876 1.6
      vertex -8.2386 -1.63876 3.6
    endloop
  endfacet
  facet normal -0.995186 -0.0980025 0
    outer loop
      vertex -8.32814 -1.09642 1.6
      vertex -8.38201 -0.549386 3.6
      vertex -8.38201 -0.549386 1.6
    endloop
  endfacet
  facet normal -0.995186 -0.0980025 0
    outer loop
      vertex -8.38201 -0.549386 3.6
      vertex -8.32814 -1.09642 1.6
      vertex -8.32814 -1.09642 3.6
    endloop
  endfacet
  facet normal 0.973877 0.227078 0
    outer loop
      vertex 8.2386 1.63876 3.6
      vertex 8.11378 2.17408 1.6
      vertex 8.11378 2.17408 3.6
    endloop
  endfacet
  facet normal 0.973877 0.227078 0
    outer loop
      vertex 8.11378 2.17408 1.6
      vertex 8.2386 1.63876 3.6
      vertex 8.2386 1.63876 1.6
    endloop
  endfacet
  facet normal -0.227078 -0.973877 0
    outer loop
      vertex -2.17408 -8.11378 1.6
      vertex -1.63876 -8.2386 3.6
      vertex -2.17408 -8.11378 3.6
    endloop
  endfacet
  facet normal -0.227078 -0.973877 -0
    outer loop
      vertex -1.63876 -8.2386 3.6
      vertex -2.17408 -8.11378 1.6
      vertex -1.63876 -8.2386 1.6
    endloop
  endfacet
  facet normal 0.290296 0.956937 -0
    outer loop
      vertex 2.70009 7.95421 1.6
      vertex 2.17408 8.11378 3.6
      vertex 2.70009 7.95421 3.6
    endloop
  endfacet
  facet normal 0.290296 0.956937 0
    outer loop
      vertex 2.17408 8.11378 3.6
      vertex 2.70009 7.95421 1.6
      vertex 2.17408 8.11378 1.6
    endloop
  endfacet
  facet normal -0.0327281 -0.999464 0
    outer loop
      vertex -0.549386 -8.38201 1.6
      vertex 0 -8.4 3.6
      vertex -0.549386 -8.38201 3.6
    endloop
  endfacet
  facet normal -0.0327281 -0.999464 -0
    outer loop
      vertex 0 -8.4 3.6
      vertex -0.549386 -8.38201 1.6
      vertex 0 -8.4 1.6
    endloop
  endfacet
  facet normal 0.162894 0.986644 -0
    outer loop
      vertex 1.63876 8.2386 1.6
      vertex 1.09642 8.32814 3.6
      vertex 1.63876 8.2386 3.6
    endloop
  endfacet
  facet normal 0.162894 0.986644 0
    outer loop
      vertex 1.09642 8.32814 3.6
      vertex 1.63876 8.2386 1.6
      vertex 1.09642 8.32814 1.6
    endloop
  endfacet
  facet normal -0.986644 0.162894 0
    outer loop
      vertex -8.32814 1.09642 1.6
      vertex -8.2386 1.63876 3.6
      vertex -8.2386 1.63876 1.6
    endloop
  endfacet
  facet normal -0.986644 0.162894 0
    outer loop
      vertex -8.2386 1.63876 3.6
      vertex -8.32814 1.09642 1.6
      vertex -8.32814 1.09642 3.6
    endloop
  endfacet
  facet normal -0.772998 -0.634408 0
    outer loop
      vertex -6.31545 -5.5385 1.6
      vertex -6.66417 -5.1136 3.6
      vertex -6.66417 -5.1136 1.6
    endloop
  endfacet
  facet normal -0.772998 -0.634408 0
    outer loop
      vertex -6.66417 -5.1136 3.6
      vertex -6.31545 -5.5385 1.6
      vertex -6.31545 -5.5385 3.6
    endloop
  endfacet
  facet normal 0.849201 -0.52807 0
    outer loop
      vertex 6.98434 -4.66679 3.6
      vertex 7.27461 -4.2 1.6
      vertex 7.27461 -4.2 3.6
    endloop
  endfacet
  facet normal 0.849201 -0.52807 0
    outer loop
      vertex 7.27461 -4.2 1.6
      vertex 6.98434 -4.66679 3.6
      vertex 6.98434 -4.66679 1.6
    endloop
  endfacet
  facet normal 0.683578 -0.729878 0
    outer loop
      vertex 5.5385 -6.31545 1.6
      vertex 5.9397 -5.9397 3.6
      vertex 5.5385 -6.31545 3.6
    endloop
  endfacet
  facet normal 0.683578 -0.729878 0
    outer loop
      vertex 5.9397 -5.9397 3.6
      vertex 5.5385 -6.31545 1.6
      vertex 5.9397 -5.9397 1.6
    endloop
  endfacet
  facet normal -0.634408 0.772998 0
    outer loop
      vertex -5.1136 6.66417 1.6
      vertex -5.5385 6.31545 3.6
      vertex -5.1136 6.66417 3.6
    endloop
  endfacet
  facet normal -0.634408 0.772998 0
    outer loop
      vertex -5.5385 6.31545 3.6
      vertex -5.1136 6.66417 1.6
      vertex -5.5385 6.31545 1.6
    endloop
  endfacet
  facet normal -0.683578 -0.729878 0
    outer loop
      vertex -5.9397 -5.9397 1.6
      vertex -5.5385 -6.31545 3.6
      vertex -5.9397 -5.9397 3.6
    endloop
  endfacet
  facet normal -0.683578 -0.729878 -0
    outer loop
      vertex -5.5385 -6.31545 3.6
      vertex -5.9397 -5.9397 1.6
      vertex -5.5385 -6.31545 1.6
    endloop
  endfacet
  facet normal 0.352242 -0.935909 0
    outer loop
      vertex 2.70009 -7.95421 1.6
      vertex 3.21454 -7.76059 3.6
      vertex 2.70009 -7.95421 3.6
    endloop
  endfacet
  facet normal 0.352242 -0.935909 0
    outer loop
      vertex 3.21454 -7.76059 3.6
      vertex 2.70009 -7.95421 1.6
      vertex 3.21454 -7.76059 1.6
    endloop
  endfacet
  facet normal -0.52807 -0.849201 0
    outer loop
      vertex -4.66679 -6.98434 1.6
      vertex -4.2 -7.27461 3.6
      vertex -4.66679 -6.98434 3.6
    endloop
  endfacet
  facet normal -0.52807 -0.849201 -0
    outer loop
      vertex -4.2 -7.27461 3.6
      vertex -4.66679 -6.98434 1.6
      vertex -4.2 -7.27461 1.6
    endloop
  endfacet
  facet normal -0.812855 -0.582466 0
    outer loop
      vertex -6.66417 -5.1136 1.6
      vertex -6.98434 -4.66679 3.6
      vertex -6.98434 -4.66679 1.6
    endloop
  endfacet
  facet normal -0.812855 -0.582466 0
    outer loop
      vertex -6.98434 -4.66679 3.6
      vertex -6.66417 -5.1136 1.6
      vertex -6.66417 -5.1136 3.6
    endloop
  endfacet
  facet normal -0.582466 -0.812855 0
    outer loop
      vertex -5.1136 -6.66417 1.6
      vertex -4.66679 -6.98434 3.6
      vertex -5.1136 -6.66417 3.6
    endloop
  endfacet
  facet normal -0.582466 -0.812855 -0
    outer loop
      vertex -4.66679 -6.98434 3.6
      vertex -5.1136 -6.66417 1.6
      vertex -4.66679 -6.98434 1.6
    endloop
  endfacet
  facet normal 0.881921 -0.471396 0
    outer loop
      vertex 7.27461 -4.2 3.6
      vertex 7.53373 -3.71522 1.6
      vertex 7.53373 -3.71522 3.6
    endloop
  endfacet
  facet normal 0.881921 -0.471396 0
    outer loop
      vertex 7.53373 -3.71522 1.6
      vertex 7.27461 -4.2 3.6
      vertex 7.27461 -4.2 1.6
    endloop
  endfacet
  facet normal -0.849201 0.52807 0
    outer loop
      vertex -7.27461 4.2 1.6
      vertex -6.98434 4.66679 3.6
      vertex -6.98434 4.66679 1.6
    endloop
  endfacet
  facet normal -0.849201 0.52807 0
    outer loop
      vertex -6.98434 4.66679 3.6
      vertex -7.27461 4.2 1.6
      vertex -7.27461 4.2 3.6
    endloop
  endfacet
  facet normal -0.352242 -0.935909 0
    outer loop
      vertex -3.21454 -7.76059 1.6
      vertex -2.70009 -7.95421 3.6
      vertex -3.21454 -7.76059 3.6
    endloop
  endfacet
  facet normal -0.352242 -0.935909 -0
    outer loop
      vertex -2.70009 -7.95421 3.6
      vertex -3.21454 -7.76059 1.6
      vertex -2.70009 -7.95421 1.6
    endloop
  endfacet
  facet normal 0.935909 0.352242 0
    outer loop
      vertex 7.95421 2.70009 3.6
      vertex 7.76059 3.21454 1.6
      vertex 7.76059 3.21454 3.6
    endloop
  endfacet
  facet normal 0.935909 0.352242 0
    outer loop
      vertex 7.76059 3.21454 1.6
      vertex 7.95421 2.70009 3.6
      vertex 7.95421 2.70009 1.6
    endloop
  endfacet
  facet normal -0.999464 -0.0327281 0
    outer loop
      vertex -8.38201 -0.549386 1.6
      vertex -8.4 0 3.6
      vertex -8.4 0 1.6
    endloop
  endfacet
  facet normal -0.999464 -0.0327281 0
    outer loop
      vertex -8.4 0 3.6
      vertex -8.38201 -0.549386 1.6
      vertex -8.38201 -0.549386 3.6
    endloop
  endfacet
  facet normal -0.0980025 0.995186 0
    outer loop
      vertex -0.549386 8.38201 1.6
      vertex -1.09642 8.32814 3.6
      vertex -0.549386 8.38201 3.6
    endloop
  endfacet
  facet normal -0.0980025 0.995186 0
    outer loop
      vertex -1.09642 8.32814 3.6
      vertex -0.549386 8.38201 1.6
      vertex -1.09642 8.32814 1.6
    endloop
  endfacet
  facet normal 0.812855 -0.582466 0
    outer loop
      vertex 6.66417 -5.1136 3.6
      vertex 6.98434 -4.66679 1.6
      vertex 6.98434 -4.66679 3.6
    endloop
  endfacet
  facet normal 0.812855 -0.582466 0
    outer loop
      vertex 6.98434 -4.66679 1.6
      vertex 6.66417 -5.1136 3.6
      vertex 6.66417 -5.1136 1.6
    endloop
  endfacet
  facet normal 0.227078 0.973877 -0
    outer loop
      vertex 2.17408 8.11378 1.6
      vertex 1.63876 8.2386 3.6
      vertex 2.17408 8.11378 3.6
    endloop
  endfacet
  facet normal 0.227078 0.973877 0
    outer loop
      vertex 1.63876 8.2386 3.6
      vertex 2.17408 8.11378 1.6
      vertex 1.63876 8.2386 1.6
    endloop
  endfacet
  facet normal 0.956937 0.290296 0
    outer loop
      vertex 8.11378 2.17408 3.6
      vertex 7.95421 2.70009 1.6
      vertex 7.95421 2.70009 3.6
    endloop
  endfacet
  facet normal 0.956937 0.290296 0
    outer loop
      vertex 7.95421 2.70009 1.6
      vertex 8.11378 2.17408 3.6
      vertex 8.11378 2.17408 1.6
    endloop
  endfacet
  facet normal 0.227078 -0.973877 0
    outer loop
      vertex 1.63876 -8.2386 1.6
      vertex 2.17408 -8.11378 3.6
      vertex 1.63876 -8.2386 3.6
    endloop
  endfacet
  facet normal 0.227078 -0.973877 0
    outer loop
      vertex 2.17408 -8.11378 3.6
      vertex 1.63876 -8.2386 1.6
      vertex 2.17408 -8.11378 1.6
    endloop
  endfacet
  facet normal -0.995186 0.0980025 0
    outer loop
      vertex -8.38201 0.549386 1.6
      vertex -8.32814 1.09642 3.6
      vertex -8.32814 1.09642 1.6
    endloop
  endfacet
  facet normal -0.995186 0.0980025 0
    outer loop
      vertex -8.32814 1.09642 3.6
      vertex -8.38201 0.549386 1.6
      vertex -8.38201 0.549386 3.6
    endloop
  endfacet
  facet normal -0.412714 0.910861 0
    outer loop
      vertex -3.21454 7.76059 1.6
      vertex -3.71522 7.53373 3.6
      vertex -3.21454 7.76059 3.6
    endloop
  endfacet
  facet normal -0.412714 0.910861 0
    outer loop
      vertex -3.71522 7.53373 3.6
      vertex -3.21454 7.76059 1.6
      vertex -3.71522 7.53373 1.6
    endloop
  endfacet
  facet normal 0.0980025 0.995186 -0
    outer loop
      vertex 1.09642 8.32814 1.6
      vertex 0.549386 8.38201 3.6
      vertex 1.09642 8.32814 3.6
    endloop
  endfacet
  facet normal 0.0980025 0.995186 0
    outer loop
      vertex 0.549386 8.38201 3.6
      vertex 1.09642 8.32814 1.6
      vertex 0.549386 8.38201 1.6
    endloop
  endfacet
  facet normal 0.162894 -0.986644 0
    outer loop
      vertex 1.09642 -8.32814 1.6
      vertex 1.63876 -8.2386 3.6
      vertex 1.09642 -8.32814 3.6
    endloop
  endfacet
  facet normal 0.162894 -0.986644 0
    outer loop
      vertex 1.63876 -8.2386 3.6
      vertex 1.09642 -8.32814 1.6
      vertex 1.63876 -8.2386 1.6
    endloop
  endfacet
  facet normal -0.290296 0.956937 0
    outer loop
      vertex -2.17408 8.11378 1.6
      vertex -2.70009 7.95421 3.6
      vertex -2.17408 8.11378 3.6
    endloop
  endfacet
  facet normal -0.290296 0.956937 0
    outer loop
      vertex -2.70009 7.95421 3.6
      vertex -2.17408 8.11378 1.6
      vertex -2.70009 7.95421 1.6
    endloop
  endfacet
  facet normal 0.52807 -0.849201 0
    outer loop
      vertex 4.2 -7.27461 1.6
      vertex 4.66679 -6.98434 3.6
      vertex 4.2 -7.27461 3.6
    endloop
  endfacet
  facet normal 0.52807 -0.849201 0
    outer loop
      vertex 4.66679 -6.98434 3.6
      vertex 4.2 -7.27461 1.6
      vertex 4.66679 -6.98434 1.6
    endloop
  endfacet
  facet normal -0.290296 -0.956937 0
    outer loop
      vertex -2.70009 -7.95421 1.6
      vertex -2.17408 -8.11378 3.6
      vertex -2.70009 -7.95421 3.6
    endloop
  endfacet
  facet normal -0.290296 -0.956937 -0
    outer loop
      vertex -2.17408 -8.11378 3.6
      vertex -2.70009 -7.95421 1.6
      vertex -2.17408 -8.11378 1.6
    endloop
  endfacet
  facet normal 0.999464 0.0327281 0
    outer loop
      vertex 8.4 0 3.6
      vertex 8.38201 0.549386 1.6
      vertex 8.38201 0.549386 3.6
    endloop
  endfacet
  facet normal 0.999464 0.0327281 0
    outer loop
      vertex 8.38201 0.549386 1.6
      vertex 8.4 0 3.6
      vertex 8.4 0 1.6
    endloop
  endfacet
  facet normal 0.986644 0.162894 0
    outer loop
      vertex 8.32814 1.09642 3.6
      vertex 8.2386 1.63876 1.6
      vertex 8.2386 1.63876 3.6
    endloop
  endfacet
  facet normal 0.986644 0.162894 0
    outer loop
      vertex 8.2386 1.63876 1.6
      vertex 8.32814 1.09642 3.6
      vertex 8.32814 1.09642 1.6
    endloop
  endfacet
  facet normal -0.634408 -0.772998 0
    outer loop
      vertex -5.5385 -6.31545 1.6
      vertex -5.1136 -6.66417 3.6
      vertex -5.5385 -6.31545 3.6
    endloop
  endfacet
  facet normal -0.634408 -0.772998 -0
    outer loop
      vertex -5.1136 -6.66417 3.6
      vertex -5.5385 -6.31545 1.6
      vertex -5.1136 -6.66417 1.6
    endloop
  endfacet
  facet normal 0.881921 0.471396 0
    outer loop
      vertex 7.53373 3.71522 3.6
      vertex 7.27461 4.2 1.6
      vertex 7.27461 4.2 3.6
    endloop
  endfacet
  facet normal 0.881921 0.471396 0
    outer loop
      vertex 7.27461 4.2 1.6
      vertex 7.53373 3.71522 3.6
      vertex 7.53373 3.71522 1.6
    endloop
  endfacet
  facet normal 0.956937 -0.290296 0
    outer loop
      vertex 7.95421 -2.70009 3.6
      vertex 8.11378 -2.17408 1.6
      vertex 8.11378 -2.17408 3.6
    endloop
  endfacet
  facet normal 0.956937 -0.290296 0
    outer loop
      vertex 8.11378 -2.17408 1.6
      vertex 7.95421 -2.70009 3.6
      vertex 7.95421 -2.70009 1.6
    endloop
  endfacet
  facet normal 0.0980025 -0.995186 0
    outer loop
      vertex 0.549386 -8.38201 1.6
      vertex 1.09642 -8.32814 3.6
      vertex 0.549386 -8.38201 3.6
    endloop
  endfacet
  facet normal 0.0980025 -0.995186 0
    outer loop
      vertex 1.09642 -8.32814 3.6
      vertex 0.549386 -8.38201 1.6
      vertex 1.09642 -8.32814 1.6
    endloop
  endfacet
  facet normal 0.582466 -0.812855 0
    outer loop
      vertex 4.66679 -6.98434 1.6
      vertex 5.1136 -6.66417 3.6
      vertex 4.66679 -6.98434 3.6
    endloop
  endfacet
  facet normal 0.582466 -0.812855 0
    outer loop
      vertex 5.1136 -6.66417 3.6
      vertex 4.66679 -6.98434 1.6
      vertex 5.1136 -6.66417 1.6
    endloop
  endfacet
  facet normal -0.162894 0.986644 0
    outer loop
      vertex -1.09642 8.32814 1.6
      vertex -1.63876 8.2386 3.6
      vertex -1.09642 8.32814 3.6
    endloop
  endfacet
  facet normal -0.162894 0.986644 0
    outer loop
      vertex -1.63876 8.2386 3.6
      vertex -1.09642 8.32814 1.6
      vertex -1.63876 8.2386 1.6
    endloop
  endfacet
  facet normal -0.412714 -0.910861 0
    outer loop
      vertex -3.71522 -7.53373 1.6
      vertex -3.21454 -7.76059 3.6
      vertex -3.71522 -7.53373 3.6
    endloop
  endfacet
  facet normal -0.412714 -0.910861 -0
    outer loop
      vertex -3.21454 -7.76059 3.6
      vertex -3.71522 -7.53373 1.6
      vertex -3.21454 -7.76059 1.6
    endloop
  endfacet
  facet normal 0.935909 -0.352242 0
    outer loop
      vertex 7.76059 -3.21454 3.6
      vertex 7.95421 -2.70009 1.6
      vertex 7.95421 -2.70009 3.6
    endloop
  endfacet
  facet normal 0.935909 -0.352242 0
    outer loop
      vertex 7.95421 -2.70009 1.6
      vertex 7.76059 -3.21454 3.6
      vertex 7.76059 -3.21454 1.6
    endloop
  endfacet
  facet normal -0.227078 0.973877 0
    outer loop
      vertex -1.63876 8.2386 1.6
      vertex -2.17408 8.11378 3.6
      vertex -1.63876 8.2386 3.6
    endloop
  endfacet
  facet normal -0.227078 0.973877 0
    outer loop
      vertex -2.17408 8.11378 3.6
      vertex -1.63876 8.2386 1.6
      vertex -2.17408 8.11378 1.6
    endloop
  endfacet
  facet normal 0.995186 0.0980025 0
    outer loop
      vertex 8.38201 0.549386 3.6
      vertex 8.32814 1.09642 1.6
      vertex 8.32814 1.09642 3.6
    endloop
  endfacet
  facet normal 0.995186 0.0980025 0
    outer loop
      vertex 8.32814 1.09642 1.6
      vertex 8.38201 0.549386 3.6
      vertex 8.38201 0.549386 1.6
    endloop
  endfacet
  facet normal -0.935909 0.352242 0
    outer loop
      vertex -7.95421 2.70009 1.6
      vertex -7.76059 3.21454 3.6
      vertex -7.76059 3.21454 1.6
    endloop
  endfacet
  facet normal -0.935909 0.352242 0
    outer loop
      vertex -7.76059 3.21454 3.6
      vertex -7.95421 2.70009 1.6
      vertex -7.95421 2.70009 3.6
    endloop
  endfacet
  facet normal -0.999464 0.0327281 0
    outer loop
      vertex -8.4 0 1.6
      vertex -8.38201 0.549386 3.6
      vertex -8.38201 0.549386 1.6
    endloop
  endfacet
  facet normal -0.999464 0.0327281 0
    outer loop
      vertex -8.38201 0.549386 3.6
      vertex -8.4 0 1.6
      vertex -8.4 0 3.6
    endloop
  endfacet
  facet normal -0.772998 0.634408 0
    outer loop
      vertex -6.66417 5.1136 1.6
      vertex -6.31545 5.5385 3.6
      vertex -6.31545 5.5385 1.6
    endloop
  endfacet
  facet normal -0.772998 0.634408 0
    outer loop
      vertex -6.31545 5.5385 3.6
      vertex -6.66417 5.1136 1.6
      vertex -6.66417 5.1136 3.6
    endloop
  endfacet
  facet normal 0.812855 0.582466 0
    outer loop
      vertex 6.98434 4.66679 3.6
      vertex 6.66417 5.1136 1.6
      vertex 6.66417 5.1136 3.6
    endloop
  endfacet
  facet normal 0.812855 0.582466 0
    outer loop
      vertex 6.66417 5.1136 1.6
      vertex 6.98434 4.66679 3.6
      vertex 6.98434 4.66679 1.6
    endloop
  endfacet
  facet normal -0.52807 0.849201 0
    outer loop
      vertex -4.2 7.27461 1.6
      vertex -4.66679 6.98434 3.6
      vertex -4.2 7.27461 3.6
    endloop
  endfacet
  facet normal -0.52807 0.849201 0
    outer loop
      vertex -4.66679 6.98434 3.6
      vertex -4.2 7.27461 1.6
      vertex -4.66679 6.98434 1.6
    endloop
  endfacet
  facet normal 0.634408 0.772998 -0
    outer loop
      vertex 5.5385 6.31545 1.6
      vertex 5.1136 6.66417 3.6
      vertex 5.5385 6.31545 3.6
    endloop
  endfacet
  facet normal 0.634408 0.772998 0
    outer loop
      vertex 5.1136 6.66417 3.6
      vertex 5.5385 6.31545 1.6
      vertex 5.1136 6.66417 1.6
    endloop
  endfacet
  facet normal -0.935909 -0.352242 0
    outer loop
      vertex -7.76059 -3.21454 1.6
      vertex -7.95421 -2.70009 3.6
      vertex -7.95421 -2.70009 1.6
    endloop
  endfacet
  facet normal -0.935909 -0.352242 0
    outer loop
      vertex -7.95421 -2.70009 3.6
      vertex -7.76059 -3.21454 1.6
      vertex -7.76059 -3.21454 3.6
    endloop
  endfacet
  facet normal -0.956937 -0.290296 0
    outer loop
      vertex -7.95421 -2.70009 1.6
      vertex -8.11378 -2.17408 3.6
      vertex -8.11378 -2.17408 1.6
    endloop
  endfacet
  facet normal -0.956937 -0.290296 0
    outer loop
      vertex -8.11378 -2.17408 3.6
      vertex -7.95421 -2.70009 1.6
      vertex -7.95421 -2.70009 3.6
    endloop
  endfacet
  facet normal -0.881921 -0.471396 0
    outer loop
      vertex -7.27461 -4.2 1.6
      vertex -7.53373 -3.71522 3.6
      vertex -7.53373 -3.71522 1.6
    endloop
  endfacet
  facet normal -0.881921 -0.471396 0
    outer loop
      vertex -7.53373 -3.71522 3.6
      vertex -7.27461 -4.2 1.6
      vertex -7.27461 -4.2 3.6
    endloop
  endfacet
  facet normal 0.582466 0.812855 -0
    outer loop
      vertex 5.1136 6.66417 1.6
      vertex 4.66679 6.98434 3.6
      vertex 5.1136 6.66417 3.6
    endloop
  endfacet
  facet normal 0.582466 0.812855 0
    outer loop
      vertex 4.66679 6.98434 3.6
      vertex 5.1136 6.66417 1.6
      vertex 4.66679 6.98434 1.6
    endloop
  endfacet
  facet normal -0.471396 -0.881921 0
    outer loop
      vertex -4.2 -7.27461 1.6
      vertex -3.71522 -7.53373 3.6
      vertex -4.2 -7.27461 3.6
    endloop
  endfacet
  facet normal -0.471396 -0.881921 -0
    outer loop
      vertex -3.71522 -7.53373 3.6
      vertex -4.2 -7.27461 1.6
      vertex -3.71522 -7.53373 1.6
    endloop
  endfacet
  facet normal -0.352242 0.935909 0
    outer loop
      vertex -2.70009 7.95421 1.6
      vertex -3.21454 7.76059 3.6
      vertex -2.70009 7.95421 3.6
    endloop
  endfacet
  facet normal -0.352242 0.935909 0
    outer loop
      vertex -3.21454 7.76059 3.6
      vertex -2.70009 7.95421 1.6
      vertex -3.21454 7.76059 1.6
    endloop
  endfacet
  facet normal -0.729878 -0.683578 0
    outer loop
      vertex -5.9397 -5.9397 1.6
      vertex -6.31545 -5.5385 3.6
      vertex -6.31545 -5.5385 1.6
    endloop
  endfacet
  facet normal -0.729878 -0.683578 0
    outer loop
      vertex -6.31545 -5.5385 3.6
      vertex -5.9397 -5.9397 1.6
      vertex -5.9397 -5.9397 3.6
    endloop
  endfacet
  facet normal 0.290296 -0.956937 0
    outer loop
      vertex 2.17408 -8.11378 1.6
      vertex 2.70009 -7.95421 3.6
      vertex 2.17408 -8.11378 3.6
    endloop
  endfacet
  facet normal 0.290296 -0.956937 0
    outer loop
      vertex 2.70009 -7.95421 3.6
      vertex 2.17408 -8.11378 1.6
      vertex 2.70009 -7.95421 1.6
    endloop
  endfacet
  facet normal 0 0 1
    outer loop
      vertex 7 0 3.6
      vertex 8.4 0 3.6
      vertex 8.38201 0.549386 3.6
    endloop
  endfacet
  facet normal 0 0 1
    outer loop
      vertex 6.98501 0.457822 3.6
      vertex 8.38201 0.549386 3.6
      vertex 8.32814 1.09642 3.6
    endloop
  endfacet
  facet normal 0 0 1
    outer loop
      vertex 8.4 0 3.6
      vertex 7 0 3.6
      vertex 8.38201 -0.549386 3.6
    endloop
  endfacet
  facet normal 0 0 1
    outer loop
      vertex 6.94011 0.913683 3.6
      vertex 8.32814 1.09642 3.6
      vertex 8.2386 1.63876 3.6
    endloop
  endfacet
  facet normal -0 0 1
    outer loop
      vertex 6.98501 -0.457822 3.6
      vertex 8.38201 -0.549386 3.6
      vertex 7 0 3.6
    endloop
  endfacet
  facet normal 0 0 1
    outer loop
      vertex 6.8655 1.36563 3.6
      vertex 8.2386 1.63876 3.6
      vertex 8.11378 2.17408 3.6
    endloop
  endfacet
  facet normal 0 0 1
    outer loop
      vertex 8.38201 -0.549386 3.6
      vertex 6.98501 -0.457822 3.6
      vertex 8.32814 -1.09642 3.6
    endloop
  endfacet
  facet normal 0 0 1
    outer loop
      vertex 6.76148 1.81173 3.6
      vertex 8.11378 2.17408 3.6
      vertex 7.95421 2.70009 3.6
    endloop
  endfacet
  facet normal -0 0 1
    outer loop
      vertex 6.94011 -0.913683 3.6
      vertex 8.32814 -1.09642 3.6
      vertex 6.98501 -0.457822 3.6
    endloop
  endfacet
  facet normal 0 0 1
    outer loop
      vertex 6.62851 2.25008 3.6
      vertex 7.95421 2.70009 3.6
      vertex 7.76059 3.21454 3.6
    endloop
  endfacet
  facet normal 0 0 1
    outer loop
      vertex 8.32814 -1.09642 3.6
      vertex 6.94011 -0.913683 3.6
      vertex 8.2386 -1.63876 3.6
    endloop
  endfacet
  facet normal 0 0 1
    outer loop
      vertex 6.46716 2.67878 3.6
      vertex 7.76059 3.21454 3.6
      vertex 7.53373 3.71522 3.6
    endloop
  endfacet
  facet normal -0 0 1
    outer loop
      vertex 6.8655 -1.36563 3.6
      vertex 8.2386 -1.63876 3.6
      vertex 6.94011 -0.913683 3.6
    endloop
  endfacet
  facet normal 0 0 1
    outer loop
      vertex 6.27811 3.09602 3.6
      vertex 7.53373 3.71522 3.6
      vertex 7.27461 4.2 3.6
    endloop
  endfacet
  facet normal 0 0 1
    outer loop
      vertex 8.2386 -1.63876 3.6
      vertex 6.8655 -1.36563 3.6
      vertex 8.11378 -2.17408 3.6
    endloop
  endfacet
  facet normal -0 0 1
    outer loop
      vertex 6.76148 -1.81173 3.6
      vertex 8.11378 -2.17408 3.6
      vertex 6.8655 -1.36563 3.6
    endloop
  endfacet
  facet normal 0 0 1
    outer loop
      vertex 8.38201 0.549386 3.6
      vertex 6.98501 0.457822 3.6
      vertex 7 0 3.6
    endloop
  endfacet
  facet normal 0 0 1
    outer loop
      vertex 6.06218 3.5 3.6
      vertex 7.27461 4.2 3.6
      vertex 6.98434 4.66679 3.6
    endloop
  endfacet
  facet normal 0 0 1
    outer loop
      vertex 8.32814 1.09642 3.6
      vertex 6.94011 0.913683 3.6
      vertex 6.98501 0.457822 3.6
    endloop
  endfacet
  facet normal 0 0 1
    outer loop
      vertex 8.2386 1.63876 3.6
      vertex 6.8655 1.36563 3.6
      vertex 6.94011 0.913683 3.6
    endloop
  endfacet
  facet normal 0 0 1
    outer loop
      vertex 8.11378 2.17408 3.6
      vertex 6.76148 1.81173 3.6
      vertex 6.8655 1.36563 3.6
    endloop
  endfacet
  facet normal 0 0 1
    outer loop
      vertex 5.82029 3.88899 3.6
      vertex 6.98434 4.66679 3.6
      vertex 6.66417 5.1136 3.6
    endloop
  endfacet
  facet normal 0 0 1
    outer loop
      vertex 7.95421 2.70009 3.6
      vertex 6.62851 2.25008 3.6
      vertex 6.76148 1.81173 3.6
    endloop
  endfacet
  facet normal 0 0 1
    outer loop
      vertex 7.76059 3.21454 3.6
      vertex 6.46716 2.67878 3.6
      vertex 6.62851 2.25008 3.6
    endloop
  endfacet
  facet normal 0 0 1
    outer loop
      vertex 5.55347 4.26133 3.6
      vertex 6.66417 5.1136 3.6
      vertex 6.31545 5.5385 3.6
    endloop
  endfacet
  facet normal 0 0 1
    outer loop
      vertex 7.53373 3.71522 3.6
      vertex 6.27811 3.09602 3.6
      vertex 6.46716 2.67878 3.6
    endloop
  endfacet
  facet normal 0 0 1
    outer loop
      vertex 7.27461 4.2 3.6
      vertex 6.06218 3.5 3.6
      vertex 6.27811 3.09602 3.6
    endloop
  endfacet
  facet normal 0 0 1
    outer loop
      vertex 5.26288 4.61542 3.6
      vertex 6.31545 5.5385 3.6
      vertex 5.9397 5.9397 3.6
    endloop
  endfacet
  facet normal 0 0 1
    outer loop
      vertex 6.98434 4.66679 3.6
      vertex 5.82029 3.88899 3.6
      vertex 6.06218 3.5 3.6
    endloop
  endfacet
  facet normal 0 0 1
    outer loop
      vertex 6.66417 5.1136 3.6
      vertex 5.55347 4.26133 3.6
      vertex 5.82029 3.88899 3.6
    endloop
  endfacet
  facet normal 0 0 1
    outer loop
      vertex 4.94975 4.94975 3.6
      vertex 5.9397 5.9397 3.6
      vertex 5.5385 6.31545 3.6
    endloop
  endfacet
  facet normal 0 0 1
    outer loop
      vertex 6.31545 5.5385 3.6
      vertex 5.26288 4.61542 3.6
      vertex 5.55347 4.26133 3.6
    endloop
  endfacet
  facet normal 0 0 1
    outer loop
      vertex 4.61542 5.26288 3.6
      vertex 5.5385 6.31545 3.6
      vertex 5.1136 6.66417 3.6
    endloop
  endfacet
  facet normal 0 0 1
    outer loop
      vertex 5.9397 5.9397 3.6
      vertex 4.94975 4.94975 3.6
      vertex 5.26288 4.61542 3.6
    endloop
  endfacet
  facet normal 0 0 1
    outer loop
      vertex 4.26133 5.55347 3.6
      vertex 5.1136 6.66417 3.6
      vertex 4.66679 6.98434 3.6
    endloop
  endfacet
  facet normal 0 0 1
    outer loop
      vertex 5.5385 6.31545 3.6
      vertex 4.61542 5.26288 3.6
      vertex 4.94975 4.94975 3.6
    endloop
  endfacet
  facet normal 0 0 1
    outer loop
      vertex 5.1136 6.66417 3.6
      vertex 4.26133 5.55347 3.6
      vertex 4.61542 5.26288 3.6
    endloop
  endfacet
  facet normal 0 0 1
    outer loop
      vertex 3.88899 5.82029 3.6
      vertex 4.66679 6.98434 3.6
      vertex 4.2 7.27461 3.6
    endloop
  endfacet
  facet normal 0 0 1
    outer loop
      vertex 4.66679 6.98434 3.6
      vertex 3.88899 5.82029 3.6
      vertex 4.26133 5.55347 3.6
    endloop
  endfacet
  facet normal 0 0 1
    outer loop
      vertex 3.5 6.06218 3.6
      vertex 4.2 7.27461 3.6
      vertex 3.71522 7.53373 3.6
    endloop
  endfacet
  facet normal 0 0 1
    outer loop
      vertex 4.2 7.27461 3.6
      vertex 3.5 6.06218 3.6
      vertex 3.88899 5.82029 3.6
    endloop
  endfacet
  facet normal 0 0 1
    outer loop
      vertex 3.09602 6.27811 3.6
      vertex 3.71522 7.53373 3.6
      vertex 3.21454 7.76059 3.6
    endloop
  endfacet
  facet normal 0 0 1
    outer loop
      vertex 3.71522 7.53373 3.6
      vertex 3.09602 6.27811 3.6
      vertex 3.5 6.06218 3.6
    endloop
  endfacet
  facet normal 0 0 1
    outer loop
      vertex 2.67878 6.46716 3.6
      vertex 3.21454 7.76059 3.6
      vertex 2.70009 7.95421 3.6
    endloop
  endfacet
  facet normal 0 0 1
    outer loop
      vertex 3.21454 7.76059 3.6
      vertex 2.67878 6.46716 3.6
      vertex 3.09602 6.27811 3.6
    endloop
  endfacet
  facet normal 0 0 1
    outer loop
      vertex 2.70009 7.95421 3.6
      vertex 2.25008 6.62851 3.6
      vertex 2.67878 6.46716 3.6
    endloop
  endfacet
  facet normal 0 0 1
    outer loop
      vertex 2.17408 8.11378 3.6
      vertex 2.25008 6.62851 3.6
      vertex 2.70009 7.95421 3.6
    endloop
  endfacet
  facet normal 0 0 1
    outer loop
      vertex 2.17408 8.11378 3.6
      vertex 1.81173 6.76148 3.6
      vertex 2.25008 6.62851 3.6
    endloop
  endfacet
  facet normal 0 0 1
    outer loop
      vertex 1.63876 8.2386 3.6
      vertex 1.81173 6.76148 3.6
      vertex 2.17408 8.11378 3.6
    endloop
  endfacet
  facet normal 0 0 1
    outer loop
      vertex 1.63876 8.2386 3.6
      vertex 1.36563 6.8655 3.6
      vertex 1.81173 6.76148 3.6
    endloop
  endfacet
  facet normal 0 0 1
    outer loop
      vertex 1.09642 8.32814 3.6
      vertex 1.36563 6.8655 3.6
      vertex 1.63876 8.2386 3.6
    endloop
  endfacet
  facet normal 0 0 1
    outer loop
      vertex 1.09642 8.32814 3.6
      vertex 0.913683 6.94011 3.6
      vertex 1.36563 6.8655 3.6
    endloop
  endfacet
  facet normal 0 0 1
    outer loop
      vertex 0.549386 8.38201 3.6
      vertex 0.913683 6.94011 3.6
      vertex 1.09642 8.32814 3.6
    endloop
  endfacet
  facet normal 0 0 1
    outer loop
      vertex 0.549386 8.38201 3.6
      vertex 0.457822 6.98501 3.6
      vertex 0.913683 6.94011 3.6
    endloop
  endfacet
  facet normal 0 0 1
    outer loop
      vertex 0 8.4 3.6
      vertex 0.457822 6.98501 3.6
      vertex 0.549386 8.38201 3.6
    endloop
  endfacet
  facet normal 0 0 1
    outer loop
      vertex 0 8.4 3.6
      vertex 0 7 3.6
      vertex 0.457822 6.98501 3.6
    endloop
  endfacet
  facet normal 0 0 1
    outer loop
      vertex 0 8.4 3.6
      vertex -0.457822 6.98501 3.6
      vertex 0 7 3.6
    endloop
  endfacet
  facet normal -0 0 1
    outer loop
      vertex -0.549386 8.38201 3.6
      vertex -0.457822 6.98501 3.6
      vertex 0 8.4 3.6
    endloop
  endfacet
  facet normal 0 0 1
    outer loop
      vertex -0.549386 8.38201 3.6
      vertex -0.913683 6.94011 3.6
      vertex -0.457822 6.98501 3.6
    endloop
  endfacet
  facet normal -0 0 1
    outer loop
      vertex -1.09642 8.32814 3.6
      vertex -0.913683 6.94011 3.6
      vertex -0.549386 8.38201 3.6
    endloop
  endfacet
  facet normal 0 0 1
    outer loop
      vertex -1.09642 8.32814 3.6
      vertex -1.36563 6.8655 3.6
      vertex -0.913683 6.94011 3.6
    endloop
  endfacet
  facet normal -0 0 1
    outer loop
      vertex -1.63876 8.2386 3.6
      vertex -1.36563 6.8655 3.6
      vertex -1.09642 8.32814 3.6
    endloop
  endfacet
  facet normal 0 0 1
    outer loop
      vertex -1.63876 8.2386 3.6
      vertex -1.81173 6.76148 3.6
      vertex -1.36563 6.8655 3.6
    endloop
  endfacet
  facet normal -0 0 1
    outer loop
      vertex -2.17408 8.11378 3.6
      vertex -1.81173 6.76148 3.6
      vertex -1.63876 8.2386 3.6
    endloop
  endfacet
  facet normal 0 0 1
    outer loop
      vertex -2.17408 8.11378 3.6
      vertex -2.25008 6.62851 3.6
      vertex -1.81173 6.76148 3.6
    endloop
  endfacet
  facet normal -0 0 1
    outer loop
      vertex -2.70009 7.95421 3.6
      vertex -2.25008 6.62851 3.6
      vertex -2.17408 8.11378 3.6
    endloop
  endfacet
  facet normal 0 0 1
    outer loop
      vertex -2.25008 6.62851 3.6
      vertex -2.70009 7.95421 3.6
      vertex -2.67878 6.46716 3.6
    endloop
  endfacet
  facet normal -0 0 1
    outer loop
      vertex -3.21454 7.76059 3.6
      vertex -2.67878 6.46716 3.6
      vertex -2.70009 7.95421 3.6
    endloop
  endfacet
  facet normal 0 0 1
    outer loop
      vertex -2.67878 6.46716 3.6
      vertex -3.21454 7.76059 3.6
      vertex -3.09602 6.27811 3.6
    endloop
  endfacet
  facet normal -0 0 1
    outer loop
      vertex -3.71522 7.53373 3.6
      vertex -3.09602 6.27811 3.6
      vertex -3.21454 7.76059 3.6
    endloop
  endfacet
  facet normal 0 0 1
    outer loop
      vertex -3.09602 6.27811 3.6
      vertex -3.71522 7.53373 3.6
      vertex -3.5 6.06218 3.6
    endloop
  endfacet
  facet normal -0 0 1
    outer loop
      vertex -4.2 7.27461 3.6
      vertex -3.5 6.06218 3.6
      vertex -3.71522 7.53373 3.6
    endloop
  endfacet
  facet normal 0 0 1
    outer loop
      vertex -3.5 6.06218 3.6
      vertex -4.2 7.27461 3.6
      vertex -3.88899 5.82029 3.6
    endloop
  endfacet
  facet normal -0 0 1
    outer loop
      vertex -4.66679 6.98434 3.6
      vertex -3.88899 5.82029 3.6
      vertex -4.2 7.27461 3.6
    endloop
  endfacet
  facet normal 0 0 1
    outer loop
      vertex -3.88899 5.82029 3.6
      vertex -4.66679 6.98434 3.6
      vertex -4.26133 5.55347 3.6
    endloop
  endfacet
  facet normal -0 0 1
    outer loop
      vertex -5.1136 6.66417 3.6
      vertex -4.26133 5.55347 3.6
      vertex -4.66679 6.98434 3.6
    endloop
  endfacet
  facet normal 0 0 1
    outer loop
      vertex -4.26133 5.55347 3.6
      vertex -5.1136 6.66417 3.6
      vertex -4.61542 5.26288 3.6
    endloop
  endfacet
  facet normal -0 0 1
    outer loop
      vertex -5.5385 6.31545 3.6
      vertex -4.61542 5.26288 3.6
      vertex -5.1136 6.66417 3.6
    endloop
  endfacet
  facet normal 0 0 1
    outer loop
      vertex -4.61542 5.26288 3.6
      vertex -5.5385 6.31545 3.6
      vertex -4.94975 4.94975 3.6
    endloop
  endfacet
  facet normal -0 0 1
    outer loop
      vertex -5.9397 5.9397 3.6
      vertex -4.94975 4.94975 3.6
      vertex -5.5385 6.31545 3.6
    endloop
  endfacet
  facet normal 0 0 1
    outer loop
      vertex -4.94975 4.94975 3.6
      vertex -5.9397 5.9397 3.6
      vertex -5.26288 4.61542 3.6
    endloop
  endfacet
  facet normal -0 0 1
    outer loop
      vertex -6.31545 5.5385 3.6
      vertex -5.26288 4.61542 3.6
      vertex -5.9397 5.9397 3.6
    endloop
  endfacet
  facet normal 0 0 1
    outer loop
      vertex -5.26288 4.61542 3.6
      vertex -6.31545 5.5385 3.6
      vertex -5.55347 4.26133 3.6
    endloop
  endfacet
  facet normal -0 0 1
    outer loop
      vertex -6.66417 5.1136 3.6
      vertex -5.55347 4.26133 3.6
      vertex -6.31545 5.5385 3.6
    endloop
  endfacet
  facet normal 0 0 1
    outer loop
      vertex -5.55347 4.26133 3.6
      vertex -6.66417 5.1136 3.6
      vertex -5.82029 3.88899 3.6
    endloop
  endfacet
  facet normal -0 0 1
    outer loop
      vertex -6.98434 4.66679 3.6
      vertex -5.82029 3.88899 3.6
      vertex -6.66417 5.1136 3.6
    endloop
  endfacet
  facet normal 0 0 1
    outer loop
      vertex -5.82029 3.88899 3.6
      vertex -6.98434 4.66679 3.6
      vertex -6.06218 3.5 3.6
    endloop
  endfacet
  facet normal -0 0 1
    outer loop
      vertex -7.27461 4.2 3.6
      vertex -6.06218 3.5 3.6
      vertex -6.98434 4.66679 3.6
    endloop
  endfacet
  facet normal 0 0 1
    outer loop
      vertex -6.06218 3.5 3.6
      vertex -7.27461 4.2 3.6
      vertex -6.27811 3.09602 3.6
    endloop
  endfacet
  facet normal -0 0 1
    outer loop
      vertex -7.53373 3.71522 3.6
      vertex -6.27811 3.09602 3.6
      vertex -7.27461 4.2 3.6
    endloop
  endfacet
  facet normal 0 0 1
    outer loop
      vertex -6.27811 3.09602 3.6
      vertex -7.53373 3.71522 3.6
      vertex -6.46716 2.67878 3.6
    endloop
  endfacet
  facet normal -0 0 1
    outer loop
      vertex -7.76059 3.21454 3.6
      vertex -6.46716 2.67878 3.6
      vertex -7.53373 3.71522 3.6
    endloop
  endfacet
  facet normal 0 0 1
    outer loop
      vertex -6.46716 2.67878 3.6
      vertex -7.76059 3.21454 3.6
      vertex -6.62851 2.25008 3.6
    endloop
  endfacet
  facet normal -0 0 1
    outer loop
      vertex -7.95421 2.70009 3.6
      vertex -6.62851 2.25008 3.6
      vertex -7.76059 3.21454 3.6
    endloop
  endfacet
  facet normal 0 0 1
    outer loop
      vertex -6.62851 2.25008 3.6
      vertex -7.95421 2.70009 3.6
      vertex -6.76148 1.81173 3.6
    endloop
  endfacet
  facet normal -0 0 1
    outer loop
      vertex -8.11378 2.17408 3.6
      vertex -6.76148 1.81173 3.6
      vertex -7.95421 2.70009 3.6
    endloop
  endfacet
  facet normal 0 0 1
    outer loop
      vertex 8.11378 -2.17408 3.6
      vertex 6.76148 -1.81173 3.6
      vertex 7.95421 -2.70009 3.6
    endloop
  endfacet
  facet normal -0 0 1
    outer loop
      vertex 6.62851 -2.25008 3.6
      vertex 7.95421 -2.70009 3.6
      vertex 6.76148 -1.81173 3.6
    endloop
  endfacet
  facet normal 0 0 1
    outer loop
      vertex 7.95421 -2.70009 3.6
      vertex 6.62851 -2.25008 3.6
      vertex 7.76059 -3.21454 3.6
    endloop
  endfacet
  facet normal -0 0 1
    outer loop
      vertex 6.46716 -2.67878 3.6
      vertex 7.76059 -3.21454 3.6
      vertex 6.62851 -2.25008 3.6
    endloop
  endfacet
  facet normal 0 0 1
    outer loop
      vertex 7.76059 -3.21454 3.6
      vertex 6.46716 -2.67878 3.6
      vertex 7.53373 -3.71522 3.6
    endloop
  endfacet
  facet normal -0 0 1
    outer loop
      vertex 6.27811 -3.09602 3.6
      vertex 7.53373 -3.71522 3.6
      vertex 6.46716 -2.67878 3.6
    endloop
  endfacet
  facet normal 0 0 1
    outer loop
      vertex 7.53373 -3.71522 3.6
      vertex 6.27811 -3.09602 3.6
      vertex 7.27461 -4.2 3.6
    endloop
  endfacet
  facet normal -0 0 1
    outer loop
      vertex 6.06218 -3.5 3.6
      vertex 7.27461 -4.2 3.6
      vertex 6.27811 -3.09602 3.6
    endloop
  endfacet
  facet normal 0 0 1
    outer loop
      vertex 7.27461 -4.2 3.6
      vertex 6.06218 -3.5 3.6
      vertex 6.98434 -4.66679 3.6
    endloop
  endfacet
  facet normal -0 0 1
    outer loop
      vertex 5.82029 -3.88899 3.6
      vertex 6.98434 -4.66679 3.6
      vertex 6.06218 -3.5 3.6
    endloop
  endfacet
  facet normal 0 0 1
    outer loop
      vertex 6.98434 -4.66679 3.6
      vertex 5.82029 -3.88899 3.6
      vertex 6.66417 -5.1136 3.6
    endloop
  endfacet
  facet normal -0 0 1
    outer loop
      vertex 5.55347 -4.26133 3.6
      vertex 6.66417 -5.1136 3.6
      vertex 5.82029 -3.88899 3.6
    endloop
  endfacet
  facet normal 0 0 1
    outer loop
      vertex 6.66417 -5.1136 3.6
      vertex 5.55347 -4.26133 3.6
      vertex 6.31545 -5.5385 3.6
    endloop
  endfacet
  facet normal -0 0 1
    outer loop
      vertex 5.26288 -4.61542 3.6
      vertex 6.31545 -5.5385 3.6
      vertex 5.55347 -4.26133 3.6
    endloop
  endfacet
  facet normal 0 0 1
    outer loop
      vertex 6.31545 -5.5385 3.6
      vertex 5.26288 -4.61542 3.6
      vertex 5.9397 -5.9397 3.6
    endloop
  endfacet
  facet normal -0 0 1
    outer loop
      vertex 4.94975 -4.94975 3.6
      vertex 5.9397 -5.9397 3.6
      vertex 5.26288 -4.61542 3.6
    endloop
  endfacet
  facet normal 0 0 1
    outer loop
      vertex 5.9397 -5.9397 3.6
      vertex 4.94975 -4.94975 3.6
      vertex 5.5385 -6.31545 3.6
    endloop
  endfacet
  facet normal -0 0 1
    outer loop
      vertex 4.61542 -5.26288 3.6
      vertex 5.5385 -6.31545 3.6
      vertex 4.94975 -4.94975 3.6
    endloop
  endfacet
  facet normal 0 0 1
    outer loop
      vertex 5.5385 -6.31545 3.6
      vertex 4.61542 -5.26288 3.6
      vertex 5.1136 -6.66417 3.6
    endloop
  endfacet
  facet normal -0 0 1
    outer loop
      vertex 4.26133 -5.55347 3.6
      vertex 5.1136 -6.66417 3.6
      vertex 4.61542 -5.26288 3.6
    endloop
  endfacet
  facet normal 0 0 1
    outer loop
      vertex 5.1136 -6.66417 3.6
      vertex 4.26133 -5.55347 3.6
      vertex 4.66679 -6.98434 3.6
    endloop
  endfacet
  facet normal -0 0 1
    outer loop
      vertex 3.88899 -5.82029 3.6
      vertex 4.66679 -6.98434 3.6
      vertex 4.26133 -5.55347 3.6
    endloop
  endfacet
  facet normal 0 0 1
    outer loop
      vertex 4.66679 -6.98434 3.6
      vertex 3.88899 -5.82029 3.6
      vertex 4.2 -7.27461 3.6
    endloop
  endfacet
  facet normal -0 0 1
    outer loop
      vertex 3.5 -6.06218 3.6
      vertex 4.2 -7.27461 3.6
      vertex 3.88899 -5.82029 3.6
    endloop
  endfacet
  facet normal 0 0 1
    outer loop
      vertex 4.2 -7.27461 3.6
      vertex 3.5 -6.06218 3.6
      vertex 3.71522 -7.53373 3.6
    endloop
  endfacet
  facet normal -0 0 1
    outer loop
      vertex 3.09602 -6.27811 3.6
      vertex 3.71522 -7.53373 3.6
      vertex 3.5 -6.06218 3.6
    endloop
  endfacet
  facet normal 0 0 1
    outer loop
      vertex 3.71522 -7.53373 3.6
      vertex 3.09602 -6.27811 3.6
      vertex 3.21454 -7.76059 3.6
    endloop
  endfacet
  facet normal -0 0 1
    outer loop
      vertex 2.67878 -6.46716 3.6
      vertex 3.21454 -7.76059 3.6
      vertex 3.09602 -6.27811 3.6
    endloop
  endfacet
  facet normal 0 0 1
    outer loop
      vertex 3.21454 -7.76059 3.6
      vertex 2.67878 -6.46716 3.6
      vertex 2.70009 -7.95421 3.6
    endloop
  endfacet
  facet normal -0 0 1
    outer loop
      vertex 2.25008 -6.62851 3.6
      vertex 2.70009 -7.95421 3.6
      vertex 2.67878 -6.46716 3.6
    endloop
  endfacet
  facet normal 0 0 1
    outer loop
      vertex 2.25008 -6.62851 3.6
      vertex 2.17408 -8.11378 3.6
      vertex 2.70009 -7.95421 3.6
    endloop
  endfacet
  facet normal -0 0 1
    outer loop
      vertex 1.81173 -6.76148 3.6
      vertex 2.17408 -8.11378 3.6
      vertex 2.25008 -6.62851 3.6
    endloop
  endfacet
  facet normal 0 0 1
    outer loop
      vertex 1.81173 -6.76148 3.6
      vertex 1.63876 -8.2386 3.6
      vertex 2.17408 -8.11378 3.6
    endloop
  endfacet
  facet normal -0 0 1
    outer loop
      vertex 1.36563 -6.8655 3.6
      vertex 1.63876 -8.2386 3.6
      vertex 1.81173 -6.76148 3.6
    endloop
  endfacet
  facet normal 0 0 1
    outer loop
      vertex 1.36563 -6.8655 3.6
      vertex 1.09642 -8.32814 3.6
      vertex 1.63876 -8.2386 3.6
    endloop
  endfacet
  facet normal -0 0 1
    outer loop
      vertex 0.913683 -6.94011 3.6
      vertex 1.09642 -8.32814 3.6
      vertex 1.36563 -6.8655 3.6
    endloop
  endfacet
  facet normal 0 0 1
    outer loop
      vertex 0.913683 -6.94011 3.6
      vertex 0.549386 -8.38201 3.6
      vertex 1.09642 -8.32814 3.6
    endloop
  endfacet
  facet normal -0 0 1
    outer loop
      vertex 0.457822 -6.98501 3.6
      vertex 0.549386 -8.38201 3.6
      vertex 0.913683 -6.94011 3.6
    endloop
  endfacet
  facet normal -0 0 1
    outer loop
      vertex 0 -7 3.6
      vertex 0.549386 -8.38201 3.6
      vertex 0.457822 -6.98501 3.6
    endloop
  endfacet
  facet normal 0 0 1
    outer loop
      vertex 0 -7 3.6
      vertex 0 -8.4 3.6
      vertex 0.549386 -8.38201 3.6
    endloop
  endfacet
  facet normal 0 0 1
    outer loop
      vertex -0.457822 -6.98501 3.6
      vertex 0 -8.4 3.6
      vertex 0 -7 3.6
    endloop
  endfacet
  facet normal 0 0 1
    outer loop
      vertex -0.457822 -6.98501 3.6
      vertex -0.549386 -8.38201 3.6
      vertex 0 -8.4 3.6
    endloop
  endfacet
  facet normal 0 0 1
    outer loop
      vertex -0.913683 -6.94011 3.6
      vertex -0.549386 -8.38201 3.6
      vertex -0.457822 -6.98501 3.6
    endloop
  endfacet
  facet normal 0 0 1
    outer loop
      vertex -0.913683 -6.94011 3.6
      vertex -1.09642 -8.32814 3.6
      vertex -0.549386 -8.38201 3.6
    endloop
  endfacet
  facet normal 0 0 1
    outer loop
      vertex -1.36563 -6.8655 3.6
      vertex -1.09642 -8.32814 3.6
      vertex -0.913683 -6.94011 3.6
    endloop
  endfacet
  facet normal 0 0 1
    outer loop
      vertex -1.36563 -6.8655 3.6
      vertex -1.63876 -8.2386 3.6
      vertex -1.09642 -8.32814 3.6
    endloop
  endfacet
  facet normal 0 0 1
    outer loop
      vertex -1.81173 -6.76148 3.6
      vertex -1.63876 -8.2386 3.6
      vertex -1.36563 -6.8655 3.6
    endloop
  endfacet
  facet normal 0 0 1
    outer loop
      vertex -1.81173 -6.76148 3.6
      vertex -2.17408 -8.11378 3.6
      vertex -1.63876 -8.2386 3.6
    endloop
  endfacet
  facet normal 0 0 1
    outer loop
      vertex -2.25008 -6.62851 3.6
      vertex -2.17408 -8.11378 3.6
      vertex -1.81173 -6.76148 3.6
    endloop
  endfacet
  facet normal 0 0 1
    outer loop
      vertex -2.70009 -7.95421 3.6
      vertex -2.25008 -6.62851 3.6
      vertex -2.67878 -6.46716 3.6
    endloop
  endfacet
  facet normal 0 0 1
    outer loop
      vertex -2.25008 -6.62851 3.6
      vertex -2.70009 -7.95421 3.6
      vertex -2.17408 -8.11378 3.6
    endloop
  endfacet
  facet normal 0 0 1
    outer loop
      vertex -3.21454 -7.76059 3.6
      vertex -2.67878 -6.46716 3.6
      vertex -3.09602 -6.27811 3.6
    endloop
  endfacet
  facet normal 0 0 1
    outer loop
      vertex -2.67878 -6.46716 3.6
      vertex -3.21454 -7.76059 3.6
      vertex -2.70009 -7.95421 3.6
    endloop
  endfacet
  facet normal 0 0 1
    outer loop
      vertex -3.71522 -7.53373 3.6
      vertex -3.09602 -6.27811 3.6
      vertex -3.5 -6.06218 3.6
    endloop
  endfacet
  facet normal 0 0 1
    outer loop
      vertex -3.09602 -6.27811 3.6
      vertex -3.71522 -7.53373 3.6
      vertex -3.21454 -7.76059 3.6
    endloop
  endfacet
  facet normal 0 0 1
    outer loop
      vertex -4.2 -7.27461 3.6
      vertex -3.5 -6.06218 3.6
      vertex -3.88899 -5.82029 3.6
    endloop
  endfacet
  facet normal 0 0 1
    outer loop
      vertex -3.5 -6.06218 3.6
      vertex -4.2 -7.27461 3.6
      vertex -3.71522 -7.53373 3.6
    endloop
  endfacet
  facet normal 0 0 1
    outer loop
      vertex -4.66679 -6.98434 3.6
      vertex -3.88899 -5.82029 3.6
      vertex -4.26133 -5.55347 3.6
    endloop
  endfacet
  facet normal 0 0 1
    outer loop
      vertex -5.1136 -6.66417 3.6
      vertex -4.26133 -5.55347 3.6
      vertex -4.61542 -5.26288 3.6
    endloop
  endfacet
  facet normal 0 0 1
    outer loop
      vertex -3.88899 -5.82029 3.6
      vertex -4.66679 -6.98434 3.6
      vertex -4.2 -7.27461 3.6
    endloop
  endfacet
  facet normal 0 0 1
    outer loop
      vertex -5.5385 -6.31545 3.6
      vertex -4.61542 -5.26288 3.6
      vertex -4.94975 -4.94975 3.6
    endloop
  endfacet
  facet normal 0 0 1
    outer loop
      vertex -4.26133 -5.55347 3.6
      vertex -5.1136 -6.66417 3.6
      vertex -4.66679 -6.98434 3.6
    endloop
  endfacet
  facet normal 0 0 1
    outer loop
      vertex -5.9397 -5.9397 3.6
      vertex -4.94975 -4.94975 3.6
      vertex -5.26288 -4.61542 3.6
    endloop
  endfacet
  facet normal 0 0 1
    outer loop
      vertex -4.61542 -5.26288 3.6
      vertex -5.5385 -6.31545 3.6
      vertex -5.1136 -6.66417 3.6
    endloop
  endfacet
  facet normal 0 0 1
    outer loop
      vertex -6.31545 -5.5385 3.6
      vertex -5.26288 -4.61542 3.6
      vertex -5.55347 -4.26133 3.6
    endloop
  endfacet
  facet normal 0 0 1
    outer loop
      vertex -6.66417 -5.1136 3.6
      vertex -5.55347 -4.26133 3.6
      vertex -5.82029 -3.88899 3.6
    endloop
  endfacet
  facet normal 0 0 1
    outer loop
      vertex -4.94975 -4.94975 3.6
      vertex -5.9397 -5.9397 3.6
      vertex -5.5385 -6.31545 3.6
    endloop
  endfacet
  facet normal 0 0 1
    outer loop
      vertex -6.98434 -4.66679 3.6
      vertex -5.82029 -3.88899 3.6
      vertex -6.06218 -3.5 3.6
    endloop
  endfacet
  facet normal 0 0 1
    outer loop
      vertex -7.27461 -4.2 3.6
      vertex -6.06218 -3.5 3.6
      vertex -6.27811 -3.09602 3.6
    endloop
  endfacet
  facet normal 0 0 1
    outer loop
      vertex -5.26288 -4.61542 3.6
      vertex -6.31545 -5.5385 3.6
      vertex -5.9397 -5.9397 3.6
    endloop
  endfacet
  facet normal 0 0 1
    outer loop
      vertex -7.53373 -3.71522 3.6
      vertex -6.27811 -3.09602 3.6
      vertex -6.46716 -2.67878 3.6
    endloop
  endfacet
  facet normal 0 0 1
    outer loop
      vertex -7.76059 -3.21454 3.6
      vertex -6.46716 -2.67878 3.6
      vertex -6.62851 -2.25008 3.6
    endloop
  endfacet
  facet normal 0 0 1
    outer loop
      vertex -5.55347 -4.26133 3.6
      vertex -6.66417 -5.1136 3.6
      vertex -6.31545 -5.5385 3.6
    endloop
  endfacet
  facet normal 0 0 1
    outer loop
      vertex -7.95421 -2.70009 3.6
      vertex -6.62851 -2.25008 3.6
      vertex -6.76148 -1.81173 3.6
    endloop
  endfacet
  facet normal 0 0 1
    outer loop
      vertex -8.11378 -2.17408 3.6
      vertex -6.76148 -1.81173 3.6
      vertex -6.8655 -1.36563 3.6
    endloop
  endfacet
  facet normal 0 0 1
    outer loop
      vertex -8.2386 -1.63876 3.6
      vertex -6.8655 -1.36563 3.6
      vertex -6.94011 -0.913683 3.6
    endloop
  endfacet
  facet normal 0 0 1
    outer loop
      vertex -5.82029 -3.88899 3.6
      vertex -6.98434 -4.66679 3.6
      vertex -6.66417 -5.1136 3.6
    endloop
  endfacet
  facet normal 0 0 1
    outer loop
      vertex -8.32814 -1.09642 3.6
      vertex -6.94011 -0.913683 3.6
      vertex -6.98501 -0.457822 3.6
    endloop
  endfacet
  facet normal 0 0 1
    outer loop
      vertex -8.38201 -0.549386 3.6
      vertex -6.98501 -0.457822 3.6
      vertex -7 0 3.6
    endloop
  endfacet
  facet normal 0 0 1
    outer loop
      vertex -6.76148 1.81173 3.6
      vertex -8.11378 2.17408 3.6
      vertex -6.8655 1.36563 3.6
    endloop
  endfacet
  facet normal 0 0 1
    outer loop
      vertex -6.06218 -3.5 3.6
      vertex -7.27461 -4.2 3.6
      vertex -6.98434 -4.66679 3.6
    endloop
  endfacet
  facet normal -0 0 1
    outer loop
      vertex -8.2386 1.63876 3.6
      vertex -6.8655 1.36563 3.6
      vertex -8.11378 2.17408 3.6
    endloop
  endfacet
  facet normal 0 0 1
    outer loop
      vertex -6.27811 -3.09602 3.6
      vertex -7.53373 -3.71522 3.6
      vertex -7.27461 -4.2 3.6
    endloop
  endfacet
  facet normal 0 0 1
    outer loop
      vertex -6.8655 1.36563 3.6
      vertex -8.2386 1.63876 3.6
      vertex -6.94011 0.913683 3.6
    endloop
  endfacet
  facet normal 0 0 1
    outer loop
      vertex -6.46716 -2.67878 3.6
      vertex -7.76059 -3.21454 3.6
      vertex -7.53373 -3.71522 3.6
    endloop
  endfacet
  facet normal -0 0 1
    outer loop
      vertex -8.32814 1.09642 3.6
      vertex -6.94011 0.913683 3.6
      vertex -8.2386 1.63876 3.6
    endloop
  endfacet
  facet normal 0 0 1
    outer loop
      vertex -6.62851 -2.25008 3.6
      vertex -7.95421 -2.70009 3.6
      vertex -7.76059 -3.21454 3.6
    endloop
  endfacet
  facet normal 0 0 1
    outer loop
      vertex -6.94011 0.913683 3.6
      vertex -8.32814 1.09642 3.6
      vertex -6.98501 0.457822 3.6
    endloop
  endfacet
  facet normal 0 0 1
    outer loop
      vertex -6.76148 -1.81173 3.6
      vertex -8.11378 -2.17408 3.6
      vertex -7.95421 -2.70009 3.6
    endloop
  endfacet
  facet normal -0 0 1
    outer loop
      vertex -8.38201 0.549386 3.6
      vertex -6.98501 0.457822 3.6
      vertex -8.32814 1.09642 3.6
    endloop
  endfacet
  facet normal 0 0 1
    outer loop
      vertex -6.8655 -1.36563 3.6
      vertex -8.2386 -1.63876 3.6
      vertex -8.11378 -2.17408 3.6
    endloop
  endfacet
  facet normal 0 0 1
    outer loop
      vertex -6.98501 0.457822 3.6
      vertex -8.38201 0.549386 3.6
      vertex -7 0 3.6
    endloop
  endfacet
  facet normal 0 0 1
    outer loop
      vertex -6.94011 -0.913683 3.6
      vertex -8.32814 -1.09642 3.6
      vertex -8.2386 -1.63876 3.6
    endloop
  endfacet
  facet normal 0 0 1
    outer loop
      vertex -8.4 0 3.6
      vertex -7 0 3.6
      vertex -8.38201 0.549386 3.6
    endloop
  endfacet
  facet normal 0 0 1
    outer loop
      vertex -6.98501 -0.457822 3.6
      vertex -8.38201 -0.549386 3.6
      vertex -8.32814 -1.09642 3.6
    endloop
  endfacet
  facet normal 0 0 1
    outer loop
      vertex -7 0 3.6
      vertex -8.4 0 3.6
      vertex -8.38201 -0.549386 3.6
    endloop
  endfacet
  facet normal -0.881921 0.471396 0
    outer loop
      vertex -7.53373 3.71522 1.6
      vertex -7.27461 4.2 3.6
      vertex -7.27461 4.2 1.6
    endloop
  endfacet
  facet normal -0.881921 0.471396 0
    outer loop
      vertex -7.27461 4.2 3.6
      vertex -7.53373 3.71522 1.6
      vertex -7.53373 3.71522 3.6
    endloop
  endfacet
  facet normal 0.683578 0.729878 -0
    outer loop
      vertex 5.9397 5.9397 1.6
      vertex 5.5385 6.31545 3.6
      vertex 5.9397 5.9397 3.6
    endloop
  endfacet
  facet normal 0.683578 0.729878 0
    outer loop
      vertex 5.5385 6.31545 3.6
      vertex 5.9397 5.9397 1.6
      vertex 5.5385 6.31545 1.6
    endloop
  endfacet
  facet normal 0.729878 0.683578 0
    outer loop
      vertex 6.31545 5.5385 3.6
      vertex 5.9397 5.9397 1.6
      vertex 5.9397 5.9397 3.6
    endloop
  endfacet
  facet normal 0.729878 0.683578 0
    outer loop
      vertex 5.9397 5.9397 1.6
      vertex 6.31545 5.5385 3.6
      vertex 6.31545 5.5385 1.6
    endloop
  endfacet
  facet normal -0.471396 0.881921 0
    outer loop
      vertex -3.71522 7.53373 1.6
      vertex -4.2 7.27461 3.6
      vertex -3.71522 7.53373 3.6
    endloop
  endfacet
  facet normal -0.471396 0.881921 0
    outer loop
      vertex -4.2 7.27461 3.6
      vertex -3.71522 7.53373 1.6
      vertex -4.2 7.27461 1.6
    endloop
  endfacet
  facet normal -0.849201 -0.52807 0
    outer loop
      vertex -6.98434 -4.66679 1.6
      vertex -7.27461 -4.2 3.6
      vertex -7.27461 -4.2 1.6
    endloop
  endfacet
  facet normal -0.849201 -0.52807 0
    outer loop
      vertex -7.27461 -4.2 3.6
      vertex -6.98434 -4.66679 1.6
      vertex -6.98434 -4.66679 3.6
    endloop
  endfacet
  facet normal 0.965926 -0.25882 0
    outer loop
      vertex -0.4 0 2.01
      vertex -0.34641 0.2 5.72205e-07
      vertex -0.34641 0.2 2.01
    endloop
  endfacet
  facet normal 0.965926 -0.25882 0
    outer loop
      vertex -0.34641 0.2 5.72205e-07
      vertex -0.4 0 2.01
      vertex -0.4 0 5.72205e-07
    endloop
  endfacet
  facet normal -0.707107 0.707107 0
    outer loop
      vertex 0.2 -0.34641 5.72205e-07
      vertex 0.34641 -0.2 2.01
      vertex 0.34641 -0.2 5.72205e-07
    endloop
  endfacet
  facet normal -0.707107 0.707107 0
    outer loop
      vertex 0.34641 -0.2 2.01
      vertex 0.2 -0.34641 5.72205e-07
      vertex 0.2 -0.34641 2.01
    endloop
  endfacet
  facet normal -0.965926 0.25882 0
    outer loop
      vertex 0.34641 -0.2 5.72205e-07
      vertex 0.4 0 2.01
      vertex 0.4 0 5.72205e-07
    endloop
  endfacet
  facet normal -0.965926 0.25882 0
    outer loop
      vertex 0.4 0 2.01
      vertex 0.34641 -0.2 5.72205e-07
      vertex 0.34641 -0.2 2.01
    endloop
  endfacet
  facet normal -0.25882 0.965926 0
    outer loop
      vertex 0.2 -0.34641 5.72205e-07
      vertex 0 -0.4 2.01
      vertex 0.2 -0.34641 2.01
    endloop
  endfacet
  facet normal -0.25882 0.965926 0
    outer loop
      vertex 0 -0.4 2.01
      vertex 0.2 -0.34641 5.72205e-07
      vertex 0 -0.4 5.72205e-07
    endloop
  endfacet
  facet normal -0.25882 -0.965926 0
    outer loop
      vertex 0 0.4 5.72205e-07
      vertex 0.2 0.34641 2.01
      vertex 0 0.4 2.01
    endloop
  endfacet
  facet normal -0.25882 -0.965926 -0
    outer loop
      vertex 0.2 0.34641 2.01
      vertex 0 0.4 5.72205e-07
      vertex 0.2 0.34641 5.72205e-07
    endloop
  endfacet
  facet normal -0.965926 -0.25882 0
    outer loop
      vertex 0.4 0 5.72205e-07
      vertex 0.34641 0.2 2.01
      vertex 0.34641 0.2 5.72205e-07
    endloop
  endfacet
  facet normal -0.965926 -0.25882 0
    outer loop
      vertex 0.34641 0.2 2.01
      vertex 0.4 0 5.72205e-07
      vertex 0.4 0 2.01
    endloop
  endfacet
  facet normal 0.707107 0.707107 0
    outer loop
      vertex -0.2 -0.34641 2.01
      vertex -0.34641 -0.2 5.72205e-07
      vertex -0.34641 -0.2 2.01
    endloop
  endfacet
  facet normal 0.707107 0.707107 0
    outer loop
      vertex -0.34641 -0.2 5.72205e-07
      vertex -0.2 -0.34641 2.01
      vertex -0.2 -0.34641 5.72205e-07
    endloop
  endfacet
  facet normal 0.25882 0.965926 -0
    outer loop
      vertex 0 -0.4 5.72205e-07
      vertex -0.2 -0.34641 2.01
      vertex 0 -0.4 2.01
    endloop
  endfacet
  facet normal 0.25882 0.965926 0
    outer loop
      vertex -0.2 -0.34641 2.01
      vertex 0 -0.4 5.72205e-07
      vertex -0.2 -0.34641 5.72205e-07
    endloop
  endfacet
  facet normal 0.965926 0.25882 0
    outer loop
      vertex -0.34641 -0.2 2.01
      vertex -0.4 0 5.72205e-07
      vertex -0.4 0 2.01
    endloop
  endfacet
  facet normal 0.965926 0.25882 0
    outer loop
      vertex -0.4 0 5.72205e-07
      vertex -0.34641 -0.2 2.01
      vertex -0.34641 -0.2 5.72205e-07
    endloop
  endfacet
  facet normal -0.707107 -0.707107 0
    outer loop
      vertex 0.34641 0.2 5.72205e-07
      vertex 0.2 0.34641 2.01
      vertex 0.2 0.34641 5.72205e-07
    endloop
  endfacet
  facet normal -0.707107 -0.707107 0
    outer loop
      vertex 0.2 0.34641 2.01
      vertex 0.34641 0.2 5.72205e-07
      vertex 0.34641 0.2 2.01
    endloop
  endfacet
  facet normal 0.707107 -0.707107 0
    outer loop
      vertex -0.34641 0.2 2.01
      vertex -0.2 0.34641 5.72205e-07
      vertex -0.2 0.34641 2.01
    endloop
  endfacet
  facet normal 0.707107 -0.707107 0
    outer loop
      vertex -0.2 0.34641 5.72205e-07
      vertex -0.34641 0.2 2.01
      vertex -0.34641 0.2 5.72205e-07
    endloop
  endfacet
  facet normal 0.25882 -0.965926 0
    outer loop
      vertex -0.2 0.34641 5.72205e-07
      vertex 0 0.4 2.01
      vertex -0.2 0.34641 2.01
    endloop
  endfacet
  facet normal 0.25882 -0.965926 0
    outer loop
      vertex 0 0.4 2.01
      vertex -0.2 0.34641 5.72205e-07
      vertex 0 0.4 5.72205e-07
    endloop
  endfacet
  facet normal -0.995184 0.0980206 0
    outer loop
      vertex 6.94011 -0.913683 2.01
      vertex 6.98501 -0.457822 3.6
      vertex 6.98501 -0.457822 2.01
    endloop
  endfacet
  facet normal -0.995184 0.0980206 0
    outer loop
      vertex 6.98501 -0.457822 3.6
      vertex 6.94011 -0.913683 2.01
      vertex 6.94011 -0.913683 3.6
    endloop
  endfacet
  facet normal -0.999464 0.0327244 0
    outer loop
      vertex 6.98501 -0.457822 2.01
      vertex 7 0 3.6
      vertex 7 0 2.01
    endloop
  endfacet
  facet normal -0.999464 0.0327244 0
    outer loop
      vertex 7 0 3.6
      vertex 6.98501 -0.457822 2.01
      vertex 6.98501 -0.457822 3.6
    endloop
  endfacet
  facet normal -0.812842 -0.582485 0
    outer loop
      vertex 5.82029 3.88899 2.01
      vertex 5.55347 4.26133 3.6
      vertex 5.55347 4.26133 2.01
    endloop
  endfacet
  facet normal -0.812842 -0.582485 0
    outer loop
      vertex 5.55347 4.26133 3.6
      vertex 5.82029 3.88899 2.01
      vertex 5.82029 3.88899 3.6
    endloop
  endfacet
  facet normal -0.849202 0.528069 0
    outer loop
      vertex 5.82029 -3.88899 2.01
      vertex 6.06218 -3.5 3.6
      vertex 6.06218 -3.5 2.01
    endloop
  endfacet
  facet normal -0.849202 0.528069 0
    outer loop
      vertex 6.06218 -3.5 3.6
      vertex 5.82029 -3.88899 2.01
      vertex 5.82029 -3.88899 3.6
    endloop
  endfacet
  facet normal -0.0980206 0.995184 0
    outer loop
      vertex 0.913683 -6.94011 2.01
      vertex 0.457822 -6.98501 3.6
      vertex 0.913683 -6.94011 3.6
    endloop
  endfacet
  facet normal -0.0980206 0.995184 0
    outer loop
      vertex 0.457822 -6.98501 3.6
      vertex 0.913683 -6.94011 2.01
      vertex 0.457822 -6.98501 2.01
    endloop
  endfacet
  facet normal -0.634388 0.773015 0
    outer loop
      vertex 4.61542 -5.26288 2.01
      vertex 4.26133 -5.55347 3.6
      vertex 4.61542 -5.26288 3.6
    endloop
  endfacet
  facet normal -0.634388 0.773015 0
    outer loop
      vertex 4.26133 -5.55347 3.6
      vertex 4.61542 -5.26288 2.01
      vertex 4.26133 -5.55347 2.01
    endloop
  endfacet
  facet normal -0.528069 -0.849202 0
    outer loop
      vertex 3.5 6.06218 2.01
      vertex 3.88899 5.82029 3.6
      vertex 3.5 6.06218 3.6
    endloop
  endfacet
  facet normal -0.528069 -0.849202 -0
    outer loop
      vertex 3.88899 5.82029 3.6
      vertex 3.5 6.06218 2.01
      vertex 3.88899 5.82029 2.01
    endloop
  endfacet
  facet normal -0.0327244 0.999464 0
    outer loop
      vertex 0.457822 -6.98501 2.01
      vertex 0 -7 3.6
      vertex 0.457822 -6.98501 3.6
    endloop
  endfacet
  facet normal -0.0327244 0.999464 0
    outer loop
      vertex 0 -7 3.6
      vertex 0.457822 -6.98501 2.01
      vertex 0 -7 2.01
    endloop
  endfacet
  facet normal 0.352248 -0.935907 0
    outer loop
      vertex -2.67878 6.46716 2.01
      vertex -2.25008 6.62851 3.6
      vertex -2.67878 6.46716 3.6
    endloop
  endfacet
  facet normal 0.352248 -0.935907 0
    outer loop
      vertex -2.25008 6.62851 3.6
      vertex -2.67878 6.46716 2.01
      vertex -2.25008 6.62851 2.01
    endloop
  endfacet
  facet normal -0.812842 0.582485 0
    outer loop
      vertex 5.55347 -4.26133 2.01
      vertex 5.82029 -3.88899 3.6
      vertex 5.82029 -3.88899 2.01
    endloop
  endfacet
  facet normal -0.812842 0.582485 0
    outer loop
      vertex 5.82029 -3.88899 3.6
      vertex 5.55347 -4.26133 2.01
      vertex 5.55347 -4.26133 3.6
    endloop
  endfacet
  facet normal -0.162881 -0.986646 0
    outer loop
      vertex 0.913683 6.94011 2.01
      vertex 1.36563 6.8655 3.6
      vertex 0.913683 6.94011 3.6
    endloop
  endfacet
  facet normal -0.162881 -0.986646 -0
    outer loop
      vertex 1.36563 6.8655 3.6
      vertex 0.913683 6.94011 2.01
      vertex 1.36563 6.8655 2.01
    endloop
  endfacet
  facet normal -0.973875 0.227085 0
    outer loop
      vertex 6.76148 -1.81173 2.01
      vertex 6.8655 -1.36563 3.6
      vertex 6.8655 -1.36563 2.01
    endloop
  endfacet
  facet normal -0.973875 0.227085 0
    outer loop
      vertex 6.8655 -1.36563 3.6
      vertex 6.76148 -1.81173 2.01
      vertex 6.76148 -1.81173 3.6
    endloop
  endfacet
  facet normal -0.881923 -0.471394 0
    outer loop
      vertex 6.27811 3.09602 2.01
      vertex 6.06218 3.5 3.6
      vertex 6.06218 3.5 2.01
    endloop
  endfacet
  facet normal -0.881923 -0.471394 0
    outer loop
      vertex 6.06218 3.5 3.6
      vertex 6.27811 3.09602 2.01
      vertex 6.27811 3.09602 3.6
    endloop
  endfacet
  facet normal -0.528069 0.849202 0
    outer loop
      vertex 3.88899 -5.82029 2.01
      vertex 3.5 -6.06218 3.6
      vertex 3.88899 -5.82029 3.6
    endloop
  endfacet
  facet normal -0.528069 0.849202 0
    outer loop
      vertex 3.5 -6.06218 3.6
      vertex 3.88899 -5.82029 2.01
      vertex 3.5 -6.06218 2.01
    endloop
  endfacet
  facet normal -0.471394 -0.881923 0
    outer loop
      vertex 3.09602 6.27811 2.01
      vertex 3.5 6.06218 3.6
      vertex 3.09602 6.27811 3.6
    endloop
  endfacet
  facet normal -0.471394 -0.881923 -0
    outer loop
      vertex 3.5 6.06218 3.6
      vertex 3.09602 6.27811 2.01
      vertex 3.5 6.06218 2.01
    endloop
  endfacet
  facet normal 0.729869 -0.683587 0
    outer loop
      vertex -5.26288 4.61542 3.6
      vertex -4.94975 4.94975 2.01
      vertex -4.94975 4.94975 3.6
    endloop
  endfacet
  facet normal 0.729869 -0.683587 0
    outer loop
      vertex -4.94975 4.94975 2.01
      vertex -5.26288 4.61542 3.6
      vertex -5.26288 4.61542 2.01
    endloop
  endfacet
  facet normal 0.528069 -0.849202 0
    outer loop
      vertex -3.88899 5.82029 2.01
      vertex -3.5 6.06218 3.6
      vertex -3.88899 5.82029 3.6
    endloop
  endfacet
  facet normal 0.528069 -0.849202 0
    outer loop
      vertex -3.5 6.06218 3.6
      vertex -3.88899 5.82029 2.01
      vertex -3.5 6.06218 2.01
    endloop
  endfacet
  facet normal -0.729869 0.683587 0
    outer loop
      vertex 4.94975 -4.94975 2.01
      vertex 5.26288 -4.61542 3.6
      vertex 5.26288 -4.61542 2.01
    endloop
  endfacet
  facet normal -0.729869 0.683587 0
    outer loop
      vertex 5.26288 -4.61542 3.6
      vertex 4.94975 -4.94975 2.01
      vertex 4.94975 -4.94975 3.6
    endloop
  endfacet
  facet normal 0.227085 -0.973875 0
    outer loop
      vertex -1.81173 6.76148 2.01
      vertex -1.36563 6.8655 3.6
      vertex -1.81173 6.76148 3.6
    endloop
  endfacet
  facet normal 0.227085 -0.973875 0
    outer loop
      vertex -1.36563 6.8655 3.6
      vertex -1.81173 6.76148 2.01
      vertex -1.36563 6.8655 2.01
    endloop
  endfacet
  facet normal -0.412709 0.910863 0
    outer loop
      vertex 3.09602 -6.27811 2.01
      vertex 2.67878 -6.46716 3.6
      vertex 3.09602 -6.27811 3.6
    endloop
  endfacet
  facet normal -0.412709 0.910863 0
    outer loop
      vertex 2.67878 -6.46716 3.6
      vertex 3.09602 -6.27811 2.01
      vertex 2.67878 -6.46716 2.01
    endloop
  endfacet
  facet normal -0.0980206 -0.995184 0
    outer loop
      vertex 0.457822 6.98501 2.01
      vertex 0.913683 6.94011 3.6
      vertex 0.457822 6.98501 3.6
    endloop
  endfacet
  facet normal -0.0980206 -0.995184 -0
    outer loop
      vertex 0.913683 6.94011 3.6
      vertex 0.457822 6.98501 2.01
      vertex 0.913683 6.94011 2.01
    endloop
  endfacet
  facet normal 0.729869 0.683587 0
    outer loop
      vertex -4.94975 -4.94975 3.6
      vertex -5.26288 -4.61542 2.01
      vertex -5.26288 -4.61542 3.6
    endloop
  endfacet
  facet normal 0.729869 0.683587 0
    outer loop
      vertex -5.26288 -4.61542 2.01
      vertex -4.94975 -4.94975 3.6
      vertex -4.94975 -4.94975 2.01
    endloop
  endfacet
  facet normal 0 0 1
    outer loop
      vertex 0.4 0 2.01
      vertex 7 0 2.01
      vertex 6.98501 0.457822 2.01
    endloop
  endfacet
  facet normal 0 0 1
    outer loop
      vertex 0.4 0 2.01
      vertex 6.98501 0.457822 2.01
      vertex 6.94011 0.913683 2.01
    endloop
  endfacet
  facet normal 0 0 1
    outer loop
      vertex 7 0 2.01
      vertex 0.4 0 2.01
      vertex 6.98501 -0.457822 2.01
    endloop
  endfacet
  facet normal 0 0 1
    outer loop
      vertex 0.4 0 2.01
      vertex 6.94011 0.913683 2.01
      vertex 6.8655 1.36563 2.01
    endloop
  endfacet
  facet normal 0 0 1
    outer loop
      vertex 6.98501 -0.457822 2.01
      vertex 0.4 0 2.01
      vertex 6.94011 -0.913683 2.01
    endloop
  endfacet
  facet normal 0 0 1
    outer loop
      vertex 0.4 0 2.01
      vertex 6.8655 1.36563 2.01
      vertex 6.76148 1.81173 2.01
    endloop
  endfacet
  facet normal 0 0 1
    outer loop
      vertex 6.94011 -0.913683 2.01
      vertex 0.4 0 2.01
      vertex 6.8655 -1.36563 2.01
    endloop
  endfacet
  facet normal 0 0 1
    outer loop
      vertex 0.34641 0.2 2.01
      vertex 6.76148 1.81173 2.01
      vertex 6.62851 2.25008 2.01
    endloop
  endfacet
  facet normal 0 0 1
    outer loop
      vertex 6.8655 -1.36563 2.01
      vertex 0.4 0 2.01
      vertex 6.76148 -1.81173 2.01
    endloop
  endfacet
  facet normal 0 0 1
    outer loop
      vertex 0.34641 0.2 2.01
      vertex 6.62851 2.25008 2.01
      vertex 6.46716 2.67878 2.01
    endloop
  endfacet
  facet normal -0 0 1
    outer loop
      vertex 0.34641 -0.2 2.01
      vertex 6.76148 -1.81173 2.01
      vertex 0.4 0 2.01
    endloop
  endfacet
  facet normal 0 0 1
    outer loop
      vertex 0.34641 0.2 2.01
      vertex 6.46716 2.67878 2.01
      vertex 6.27811 3.09602 2.01
    endloop
  endfacet
  facet normal 0 0 1
    outer loop
      vertex 6.76148 -1.81173 2.01
      vertex 0.34641 -0.2 2.01
      vertex 6.62851 -2.25008 2.01
    endloop
  endfacet
  facet normal 0 0 1
    outer loop
      vertex 0.34641 0.2 2.01
      vertex 6.27811 3.09602 2.01
      vertex 6.06218 3.5 2.01
    endloop
  endfacet
  facet normal 0 0 1
    outer loop
      vertex 6.62851 -2.25008 2.01
      vertex 0.34641 -0.2 2.01
      vertex 6.46716 -2.67878 2.01
    endloop
  endfacet
  facet normal 0 0 1
    outer loop
      vertex 0.34641 0.2 2.01
      vertex 6.06218 3.5 2.01
      vertex 5.82029 3.88899 2.01
    endloop
  endfacet
  facet normal 0 0 1
    outer loop
      vertex 6.46716 -2.67878 2.01
      vertex 0.34641 -0.2 2.01
      vertex 6.27811 -3.09602 2.01
    endloop
  endfacet
  facet normal 0 0 1
    outer loop
      vertex 0.34641 0.2 2.01
      vertex 5.82029 3.88899 2.01
      vertex 5.55347 4.26133 2.01
    endloop
  endfacet
  facet normal 0 0 1
    outer loop
      vertex 6.27811 -3.09602 2.01
      vertex 0.34641 -0.2 2.01
      vertex 6.06218 -3.5 2.01
    endloop
  endfacet
  facet normal 0 0 1
    outer loop
      vertex 0.34641 0.2 2.01
      vertex 5.55347 4.26133 2.01
      vertex 5.26288 4.61542 2.01
    endloop
  endfacet
  facet normal 0 0 1
    outer loop
      vertex 6.06218 -3.5 2.01
      vertex 0.34641 -0.2 2.01
      vertex 5.82029 -3.88899 2.01
    endloop
  endfacet
  facet normal 0 0 1
    outer loop
      vertex 0.34641 0.2 2.01
      vertex 5.26288 4.61542 2.01
      vertex 4.94975 4.94975 2.01
    endloop
  endfacet
  facet normal 0 0 1
    outer loop
      vertex 5.82029 -3.88899 2.01
      vertex 0.34641 -0.2 2.01
      vertex 5.55347 -4.26133 2.01
    endloop
  endfacet
  facet normal 0 0 1
    outer loop
      vertex 0.2 0.34641 2.01
      vertex 4.94975 4.94975 2.01
      vertex 4.61542 5.26288 2.01
    endloop
  endfacet
  facet normal 0 0 1
    outer loop
      vertex 5.55347 -4.26133 2.01
      vertex 0.34641 -0.2 2.01
      vertex 5.26288 -4.61542 2.01
    endloop
  endfacet
  facet normal 0 0 1
    outer loop
      vertex 0.2 0.34641 2.01
      vertex 4.61542 5.26288 2.01
      vertex 4.26133 5.55347 2.01
    endloop
  endfacet
  facet normal 0 0 1
    outer loop
      vertex 5.26288 -4.61542 2.01
      vertex 0.34641 -0.2 2.01
      vertex 4.94975 -4.94975 2.01
    endloop
  endfacet
  facet normal 0 0 1
    outer loop
      vertex 0.2 0.34641 2.01
      vertex 4.26133 5.55347 2.01
      vertex 3.88899 5.82029 2.01
    endloop
  endfacet
  facet normal -0 0 1
    outer loop
      vertex 0.2 -0.34641 2.01
      vertex 4.94975 -4.94975 2.01
      vertex 0.34641 -0.2 2.01
    endloop
  endfacet
  facet normal 0 0 1
    outer loop
      vertex 0.2 0.34641 2.01
      vertex 3.88899 5.82029 2.01
      vertex 3.5 6.06218 2.01
    endloop
  endfacet
  facet normal 0 0 1
    outer loop
      vertex 4.94975 -4.94975 2.01
      vertex 0.2 -0.34641 2.01
      vertex 4.61542 -5.26288 2.01
    endloop
  endfacet
  facet normal 0 0 1
    outer loop
      vertex 0.2 0.34641 2.01
      vertex 3.5 6.06218 2.01
      vertex 3.09602 6.27811 2.01
    endloop
  endfacet
  facet normal 0 0 1
    outer loop
      vertex 4.61542 -5.26288 2.01
      vertex 0.2 -0.34641 2.01
      vertex 4.26133 -5.55347 2.01
    endloop
  endfacet
  facet normal 0 0 1
    outer loop
      vertex 0.2 0.34641 2.01
      vertex 3.09602 6.27811 2.01
      vertex 2.67878 6.46716 2.01
    endloop
  endfacet
  facet normal 0 0 1
    outer loop
      vertex 4.26133 -5.55347 2.01
      vertex 0.2 -0.34641 2.01
      vertex 3.88899 -5.82029 2.01
    endloop
  endfacet
  facet normal 0 0 1
    outer loop
      vertex 0.2 0.34641 2.01
      vertex 2.67878 6.46716 2.01
      vertex 2.25008 6.62851 2.01
    endloop
  endfacet
  facet normal 0 0 1
    outer loop
      vertex 3.88899 -5.82029 2.01
      vertex 0.2 -0.34641 2.01
      vertex 3.5 -6.06218 2.01
    endloop
  endfacet
  facet normal 0 0 1
    outer loop
      vertex 0.2 0.34641 2.01
      vertex 2.25008 6.62851 2.01
      vertex 1.81173 6.76148 2.01
    endloop
  endfacet
  facet normal 0 0 1
    outer loop
      vertex 3.5 -6.06218 2.01
      vertex 0.2 -0.34641 2.01
      vertex 3.09602 -6.27811 2.01
    endloop
  endfacet
  facet normal 0 0 1
    outer loop
      vertex 0 0.4 2.01
      vertex 1.81173 6.76148 2.01
      vertex 1.36563 6.8655 2.01
    endloop
  endfacet
  facet normal 0 0 1
    outer loop
      vertex 3.09602 -6.27811 2.01
      vertex 0.2 -0.34641 2.01
      vertex 2.67878 -6.46716 2.01
    endloop
  endfacet
  facet normal 0 0 1
    outer loop
      vertex 0 0.4 2.01
      vertex 1.36563 6.8655 2.01
      vertex 0.913683 6.94011 2.01
    endloop
  endfacet
  facet normal 0 0 1
    outer loop
      vertex 2.67878 -6.46716 2.01
      vertex 0.2 -0.34641 2.01
      vertex 2.25008 -6.62851 2.01
    endloop
  endfacet
  facet normal 0 0 1
    outer loop
      vertex 0 0.4 2.01
      vertex 0.913683 6.94011 2.01
      vertex 0.457822 6.98501 2.01
    endloop
  endfacet
  facet normal 0 0 1
    outer loop
      vertex 2.25008 -6.62851 2.01
      vertex 0.2 -0.34641 2.01
      vertex 1.81173 -6.76148 2.01
    endloop
  endfacet
  facet normal -0 0 1
    outer loop
      vertex 0 -0.4 2.01
      vertex 1.81173 -6.76148 2.01
      vertex 0.2 -0.34641 2.01
    endloop
  endfacet
  facet normal 0 0 1
    outer loop
      vertex 6.76148 1.81173 2.01
      vertex 0.34641 0.2 2.01
      vertex 0.4 0 2.01
    endloop
  endfacet
  facet normal 0 0 1
    outer loop
      vertex 4.94975 4.94975 2.01
      vertex 0.2 0.34641 2.01
      vertex 0.34641 0.2 2.01
    endloop
  endfacet
  facet normal 0 0 1
    outer loop
      vertex 0 0.4 2.01
      vertex 0.457822 6.98501 2.01
      vertex 0 7 2.01
    endloop
  endfacet
  facet normal 0 0 1
    outer loop
      vertex 1.81173 6.76148 2.01
      vertex 0 0.4 2.01
      vertex 0.2 0.34641 2.01
    endloop
  endfacet
  facet normal -0 0 1
    outer loop
      vertex -0.457822 6.98501 2.01
      vertex 0 0.4 2.01
      vertex 0 7 2.01
    endloop
  endfacet
  facet normal -0 0 1
    outer loop
      vertex -0.913683 6.94011 2.01
      vertex 0 0.4 2.01
      vertex -0.457822 6.98501 2.01
    endloop
  endfacet
  facet normal -0 0 1
    outer loop
      vertex -1.36563 6.8655 2.01
      vertex 0 0.4 2.01
      vertex -0.913683 6.94011 2.01
    endloop
  endfacet
  facet normal -0 0 1
    outer loop
      vertex -1.81173 6.76148 2.01
      vertex 0 0.4 2.01
      vertex -1.36563 6.8655 2.01
    endloop
  endfacet
  facet normal 0 0 1
    outer loop
      vertex 1.81173 -6.76148 2.01
      vertex 0 -0.4 2.01
      vertex 1.36563 -6.8655 2.01
    endloop
  endfacet
  facet normal 0 0 1
    outer loop
      vertex 1.36563 -6.8655 2.01
      vertex 0 -0.4 2.01
      vertex 0.913683 -6.94011 2.01
    endloop
  endfacet
  facet normal 0 0 1
    outer loop
      vertex 0.913683 -6.94011 2.01
      vertex 0 -0.4 2.01
      vertex 0.457822 -6.98501 2.01
    endloop
  endfacet
  facet normal 0 0 1
    outer loop
      vertex 0 -0.4 2.01
      vertex 0 -7 2.01
      vertex 0.457822 -6.98501 2.01
    endloop
  endfacet
  facet normal 0 0 1
    outer loop
      vertex -1.81173 -6.76148 2.01
      vertex 0 -0.4 2.01
      vertex -0.2 -0.34641 2.01
    endloop
  endfacet
  facet normal 0 0 1
    outer loop
      vertex -4.94975 -4.94975 2.01
      vertex -0.2 -0.34641 2.01
      vertex -0.34641 -0.2 2.01
    endloop
  endfacet
  facet normal 0 0 1
    outer loop
      vertex -6.76148 -1.81173 2.01
      vertex -0.34641 -0.2 2.01
      vertex -0.4 0 2.01
    endloop
  endfacet
  facet normal 0 0 1
    outer loop
      vertex 0 -0.4 2.01
      vertex -0.457822 -6.98501 2.01
      vertex 0 -7 2.01
    endloop
  endfacet
  facet normal 0 0 1
    outer loop
      vertex 0 0.4 2.01
      vertex -1.81173 6.76148 2.01
      vertex -0.2 0.34641 2.01
    endloop
  endfacet
  facet normal -0 0 1
    outer loop
      vertex -2.25008 6.62851 2.01
      vertex -0.2 0.34641 2.01
      vertex -1.81173 6.76148 2.01
    endloop
  endfacet
  facet normal 0 0 1
    outer loop
      vertex 0 -0.4 2.01
      vertex -0.913683 -6.94011 2.01
      vertex -0.457822 -6.98501 2.01
    endloop
  endfacet
  facet normal -0 0 1
    outer loop
      vertex -2.67878 6.46716 2.01
      vertex -0.2 0.34641 2.01
      vertex -2.25008 6.62851 2.01
    endloop
  endfacet
  facet normal 0 0 1
    outer loop
      vertex 0 -0.4 2.01
      vertex -1.36563 -6.8655 2.01
      vertex -0.913683 -6.94011 2.01
    endloop
  endfacet
  facet normal -0 0 1
    outer loop
      vertex -3.09602 6.27811 2.01
      vertex -0.2 0.34641 2.01
      vertex -2.67878 6.46716 2.01
    endloop
  endfacet
  facet normal 0 0 1
    outer loop
      vertex 0 -0.4 2.01
      vertex -1.81173 -6.76148 2.01
      vertex -1.36563 -6.8655 2.01
    endloop
  endfacet
  facet normal -0 0 1
    outer loop
      vertex -3.5 6.06218 2.01
      vertex -0.2 0.34641 2.01
      vertex -3.09602 6.27811 2.01
    endloop
  endfacet
  facet normal 0 0 1
    outer loop
      vertex -0.2 -0.34641 2.01
      vertex -2.25008 -6.62851 2.01
      vertex -1.81173 -6.76148 2.01
    endloop
  endfacet
  facet normal -0 0 1
    outer loop
      vertex -3.88899 5.82029 2.01
      vertex -0.2 0.34641 2.01
      vertex -3.5 6.06218 2.01
    endloop
  endfacet
  facet normal 0 0 1
    outer loop
      vertex -0.2 -0.34641 2.01
      vertex -2.67878 -6.46716 2.01
      vertex -2.25008 -6.62851 2.01
    endloop
  endfacet
  facet normal -0 0 1
    outer loop
      vertex -4.26133 5.55347 2.01
      vertex -0.2 0.34641 2.01
      vertex -3.88899 5.82029 2.01
    endloop
  endfacet
  facet normal 0 0 1
    outer loop
      vertex -0.2 -0.34641 2.01
      vertex -3.09602 -6.27811 2.01
      vertex -2.67878 -6.46716 2.01
    endloop
  endfacet
  facet normal -0 0 1
    outer loop
      vertex -4.61542 5.26288 2.01
      vertex -0.2 0.34641 2.01
      vertex -4.26133 5.55347 2.01
    endloop
  endfacet
  facet normal 0 0 1
    outer loop
      vertex -0.2 -0.34641 2.01
      vertex -3.5 -6.06218 2.01
      vertex -3.09602 -6.27811 2.01
    endloop
  endfacet
  facet normal -0 0 1
    outer loop
      vertex -4.94975 4.94975 2.01
      vertex -0.2 0.34641 2.01
      vertex -4.61542 5.26288 2.01
    endloop
  endfacet
  facet normal 0 0 1
    outer loop
      vertex -0.2 -0.34641 2.01
      vertex -3.88899 -5.82029 2.01
      vertex -3.5 -6.06218 2.01
    endloop
  endfacet
  facet normal 0 0 1
    outer loop
      vertex -0.2 0.34641 2.01
      vertex -4.94975 4.94975 2.01
      vertex -0.34641 0.2 2.01
    endloop
  endfacet
  facet normal 0 0 1
    outer loop
      vertex -0.2 -0.34641 2.01
      vertex -4.26133 -5.55347 2.01
      vertex -3.88899 -5.82029 2.01
    endloop
  endfacet
  facet normal -0 0 1
    outer loop
      vertex -5.26288 4.61542 2.01
      vertex -0.34641 0.2 2.01
      vertex -4.94975 4.94975 2.01
    endloop
  endfacet
  facet normal 0 0 1
    outer loop
      vertex -0.2 -0.34641 2.01
      vertex -4.61542 -5.26288 2.01
      vertex -4.26133 -5.55347 2.01
    endloop
  endfacet
  facet normal -0 0 1
    outer loop
      vertex -5.55347 4.26133 2.01
      vertex -0.34641 0.2 2.01
      vertex -5.26288 4.61542 2.01
    endloop
  endfacet
  facet normal 0 0 1
    outer loop
      vertex -0.2 -0.34641 2.01
      vertex -4.94975 -4.94975 2.01
      vertex -4.61542 -5.26288 2.01
    endloop
  endfacet
  facet normal -0 0 1
    outer loop
      vertex -5.82029 3.88899 2.01
      vertex -0.34641 0.2 2.01
      vertex -5.55347 4.26133 2.01
    endloop
  endfacet
  facet normal 0 0 1
    outer loop
      vertex -0.34641 -0.2 2.01
      vertex -5.26288 -4.61542 2.01
      vertex -4.94975 -4.94975 2.01
    endloop
  endfacet
  facet normal -0 0 1
    outer loop
      vertex -6.06218 3.5 2.01
      vertex -0.34641 0.2 2.01
      vertex -5.82029 3.88899 2.01
    endloop
  endfacet
  facet normal 0 0 1
    outer loop
      vertex -0.34641 -0.2 2.01
      vertex -5.55347 -4.26133 2.01
      vertex -5.26288 -4.61542 2.01
    endloop
  endfacet
  facet normal -0 0 1
    outer loop
      vertex -6.27811 3.09602 2.01
      vertex -0.34641 0.2 2.01
      vertex -6.06218 3.5 2.01
    endloop
  endfacet
  facet normal 0 0 1
    outer loop
      vertex -0.34641 -0.2 2.01
      vertex -5.82029 -3.88899 2.01
      vertex -5.55347 -4.26133 2.01
    endloop
  endfacet
  facet normal -0 0 1
    outer loop
      vertex -6.46716 2.67878 2.01
      vertex -0.34641 0.2 2.01
      vertex -6.27811 3.09602 2.01
    endloop
  endfacet
  facet normal 0 0 1
    outer loop
      vertex -0.34641 -0.2 2.01
      vertex -6.06218 -3.5 2.01
      vertex -5.82029 -3.88899 2.01
    endloop
  endfacet
  facet normal -0 0 1
    outer loop
      vertex -6.62851 2.25008 2.01
      vertex -0.34641 0.2 2.01
      vertex -6.46716 2.67878 2.01
    endloop
  endfacet
  facet normal 0 0 1
    outer loop
      vertex -0.34641 -0.2 2.01
      vertex -6.27811 -3.09602 2.01
      vertex -6.06218 -3.5 2.01
    endloop
  endfacet
  facet normal -0 0 1
    outer loop
      vertex -6.76148 1.81173 2.01
      vertex -0.34641 0.2 2.01
      vertex -6.62851 2.25008 2.01
    endloop
  endfacet
  facet normal 0 0 1
    outer loop
      vertex -0.34641 -0.2 2.01
      vertex -6.46716 -2.67878 2.01
      vertex -6.27811 -3.09602 2.01
    endloop
  endfacet
  facet normal 0 0 1
    outer loop
      vertex -0.34641 0.2 2.01
      vertex -6.76148 1.81173 2.01
      vertex -0.4 0 2.01
    endloop
  endfacet
  facet normal 0 0 1
    outer loop
      vertex -0.34641 -0.2 2.01
      vertex -6.62851 -2.25008 2.01
      vertex -6.46716 -2.67878 2.01
    endloop
  endfacet
  facet normal -0 0 1
    outer loop
      vertex -6.8655 1.36563 2.01
      vertex -0.4 0 2.01
      vertex -6.76148 1.81173 2.01
    endloop
  endfacet
  facet normal 0 0 1
    outer loop
      vertex -0.34641 -0.2 2.01
      vertex -6.76148 -1.81173 2.01
      vertex -6.62851 -2.25008 2.01
    endloop
  endfacet
  facet normal -0 0 1
    outer loop
      vertex -6.94011 0.913683 2.01
      vertex -0.4 0 2.01
      vertex -6.8655 1.36563 2.01
    endloop
  endfacet
  facet normal 0 0 1
    outer loop
      vertex -0.4 0 2.01
      vertex -6.8655 -1.36563 2.01
      vertex -6.76148 -1.81173 2.01
    endloop
  endfacet
  facet normal -0 0 1
    outer loop
      vertex -6.98501 0.457822 2.01
      vertex -0.4 0 2.01
      vertex -6.94011 0.913683 2.01
    endloop
  endfacet
  facet normal 0 0 1
    outer loop
      vertex -0.4 0 2.01
      vertex -6.94011 -0.913683 2.01
      vertex -6.8655 -1.36563 2.01
    endloop
  endfacet
  facet normal 0 0 1
    outer loop
      vertex -7 0 2.01
      vertex -0.4 0 2.01
      vertex -6.98501 0.457822 2.01
    endloop
  endfacet
  facet normal 0 0 1
    outer loop
      vertex -0.4 0 2.01
      vertex -6.98501 -0.457822 2.01
      vertex -6.94011 -0.913683 2.01
    endloop
  endfacet
  facet normal 0 0 1
    outer loop
      vertex -0.4 0 2.01
      vertex -7 0 2.01
      vertex -6.98501 -0.457822 2.01
    endloop
  endfacet
  facet normal -0.471394 0.881923 0
    outer loop
      vertex 3.5 -6.06218 2.01
      vertex 3.09602 -6.27811 3.6
      vertex 3.5 -6.06218 3.6
    endloop
  endfacet
  facet normal -0.471394 0.881923 0
    outer loop
      vertex 3.09602 -6.27811 3.6
      vertex 3.5 -6.06218 2.01
      vertex 3.09602 -6.27811 2.01
    endloop
  endfacet
  facet normal -0.683587 0.729869 0
    outer loop
      vertex 4.94975 -4.94975 2.01
      vertex 4.61542 -5.26288 3.6
      vertex 4.94975 -4.94975 3.6
    endloop
  endfacet
  facet normal -0.683587 0.729869 0
    outer loop
      vertex 4.61542 -5.26288 3.6
      vertex 4.94975 -4.94975 2.01
      vertex 4.61542 -5.26288 2.01
    endloop
  endfacet
  facet normal -0.956942 -0.290281 0
    outer loop
      vertex 6.76148 1.81173 2.01
      vertex 6.62851 2.25008 3.6
      vertex 6.62851 2.25008 2.01
    endloop
  endfacet
  facet normal -0.956942 -0.290281 0
    outer loop
      vertex 6.62851 2.25008 3.6
      vertex 6.76148 1.81173 2.01
      vertex 6.76148 1.81173 3.6
    endloop
  endfacet
  facet normal 0.0327244 0.999464 -0
    outer loop
      vertex 0 -7 2.01
      vertex -0.457822 -6.98501 3.6
      vertex 0 -7 3.6
    endloop
  endfacet
  facet normal 0.0327244 0.999464 0
    outer loop
      vertex -0.457822 -6.98501 3.6
      vertex 0 -7 2.01
      vertex -0.457822 -6.98501 2.01
    endloop
  endfacet
  facet normal 0.683587 0.729869 -0
    outer loop
      vertex -4.61542 -5.26288 2.01
      vertex -4.94975 -4.94975 3.6
      vertex -4.61542 -5.26288 3.6
    endloop
  endfacet
  facet normal 0.683587 0.729869 0
    outer loop
      vertex -4.94975 -4.94975 3.6
      vertex -4.61542 -5.26288 2.01
      vertex -4.94975 -4.94975 2.01
    endloop
  endfacet
  facet normal 0.973875 0.227085 0
    outer loop
      vertex -6.76148 -1.81173 3.6
      vertex -6.8655 -1.36563 2.01
      vertex -6.8655 -1.36563 3.6
    endloop
  endfacet
  facet normal 0.973875 0.227085 0
    outer loop
      vertex -6.8655 -1.36563 2.01
      vertex -6.76148 -1.81173 3.6
      vertex -6.76148 -1.81173 2.01
    endloop
  endfacet
  facet normal 0.352248 0.935907 -0
    outer loop
      vertex -2.25008 -6.62851 2.01
      vertex -2.67878 -6.46716 3.6
      vertex -2.25008 -6.62851 3.6
    endloop
  endfacet
  facet normal 0.352248 0.935907 0
    outer loop
      vertex -2.67878 -6.46716 3.6
      vertex -2.25008 -6.62851 2.01
      vertex -2.67878 -6.46716 2.01
    endloop
  endfacet
  facet normal -0.0327244 -0.999464 0
    outer loop
      vertex 0 7 2.01
      vertex 0.457822 6.98501 3.6
      vertex 0 7 3.6
    endloop
  endfacet
  facet normal -0.0327244 -0.999464 -0
    outer loop
      vertex 0.457822 6.98501 3.6
      vertex 0 7 2.01
      vertex 0.457822 6.98501 2.01
    endloop
  endfacet
  facet normal -0.582485 0.812842 0
    outer loop
      vertex 4.26133 -5.55347 2.01
      vertex 3.88899 -5.82029 3.6
      vertex 4.26133 -5.55347 3.6
    endloop
  endfacet
  facet normal -0.582485 0.812842 0
    outer loop
      vertex 3.88899 -5.82029 3.6
      vertex 4.26133 -5.55347 2.01
      vertex 3.88899 -5.82029 2.01
    endloop
  endfacet
  facet normal -0.290281 -0.956942 0
    outer loop
      vertex 1.81173 6.76148 2.01
      vertex 2.25008 6.62851 3.6
      vertex 1.81173 6.76148 3.6
    endloop
  endfacet
  facet normal -0.290281 -0.956942 -0
    outer loop
      vertex 2.25008 6.62851 3.6
      vertex 1.81173 6.76148 2.01
      vertex 2.25008 6.62851 2.01
    endloop
  endfacet
  facet normal 0.471394 -0.881923 0
    outer loop
      vertex -3.5 6.06218 2.01
      vertex -3.09602 6.27811 3.6
      vertex -3.5 6.06218 3.6
    endloop
  endfacet
  facet normal 0.471394 -0.881923 0
    outer loop
      vertex -3.09602 6.27811 3.6
      vertex -3.5 6.06218 2.01
      vertex -3.09602 6.27811 2.01
    endloop
  endfacet
  facet normal 0.910863 -0.412709 0
    outer loop
      vertex -6.46716 2.67878 3.6
      vertex -6.27811 3.09602 2.01
      vertex -6.27811 3.09602 3.6
    endloop
  endfacet
  facet normal 0.910863 -0.412709 0
    outer loop
      vertex -6.27811 3.09602 2.01
      vertex -6.46716 2.67878 3.6
      vertex -6.46716 2.67878 2.01
    endloop
  endfacet
  facet normal 0.162881 0.986646 -0
    outer loop
      vertex -0.913683 -6.94011 2.01
      vertex -1.36563 -6.8655 3.6
      vertex -0.913683 -6.94011 3.6
    endloop
  endfacet
  facet normal 0.162881 0.986646 0
    outer loop
      vertex -1.36563 -6.8655 3.6
      vertex -0.913683 -6.94011 2.01
      vertex -1.36563 -6.8655 2.01
    endloop
  endfacet
  facet normal -0.849202 -0.528069 0
    outer loop
      vertex 6.06218 3.5 2.01
      vertex 5.82029 3.88899 3.6
      vertex 5.82029 3.88899 2.01
    endloop
  endfacet
  facet normal -0.849202 -0.528069 0
    outer loop
      vertex 5.82029 3.88899 3.6
      vertex 6.06218 3.5 2.01
      vertex 6.06218 3.5 3.6
    endloop
  endfacet
  facet normal 0.935907 -0.352248 0
    outer loop
      vertex -6.62851 2.25008 3.6
      vertex -6.46716 2.67878 2.01
      vertex -6.46716 2.67878 3.6
    endloop
  endfacet
  facet normal 0.935907 -0.352248 0
    outer loop
      vertex -6.46716 2.67878 2.01
      vertex -6.62851 2.25008 3.6
      vertex -6.62851 2.25008 2.01
    endloop
  endfacet
  facet normal -0.999464 -0.0327244 0
    outer loop
      vertex 7 0 2.01
      vertex 6.98501 0.457822 3.6
      vertex 6.98501 0.457822 2.01
    endloop
  endfacet
  facet normal -0.999464 -0.0327244 0
    outer loop
      vertex 6.98501 0.457822 3.6
      vertex 7 0 2.01
      vertex 7 0 3.6
    endloop
  endfacet
  facet normal -0.162881 0.986646 0
    outer loop
      vertex 1.36563 -6.8655 2.01
      vertex 0.913683 -6.94011 3.6
      vertex 1.36563 -6.8655 3.6
    endloop
  endfacet
  facet normal -0.162881 0.986646 0
    outer loop
      vertex 0.913683 -6.94011 3.6
      vertex 1.36563 -6.8655 2.01
      vertex 0.913683 -6.94011 2.01
    endloop
  endfacet
  facet normal -0.352248 -0.935907 0
    outer loop
      vertex 2.25008 6.62851 2.01
      vertex 2.67878 6.46716 3.6
      vertex 2.25008 6.62851 3.6
    endloop
  endfacet
  facet normal -0.352248 -0.935907 -0
    outer loop
      vertex 2.67878 6.46716 3.6
      vertex 2.25008 6.62851 2.01
      vertex 2.67878 6.46716 2.01
    endloop
  endfacet
  facet normal -0.634388 -0.773015 0
    outer loop
      vertex 4.26133 5.55347 2.01
      vertex 4.61542 5.26288 3.6
      vertex 4.26133 5.55347 3.6
    endloop
  endfacet
  facet normal -0.634388 -0.773015 -0
    outer loop
      vertex 4.61542 5.26288 3.6
      vertex 4.26133 5.55347 2.01
      vertex 4.61542 5.26288 2.01
    endloop
  endfacet
  facet normal -0.910863 0.412709 0
    outer loop
      vertex 6.27811 -3.09602 2.01
      vertex 6.46716 -2.67878 3.6
      vertex 6.46716 -2.67878 2.01
    endloop
  endfacet
  facet normal -0.910863 0.412709 0
    outer loop
      vertex 6.46716 -2.67878 3.6
      vertex 6.27811 -3.09602 2.01
      vertex 6.27811 -3.09602 3.6
    endloop
  endfacet
  facet normal -0.412709 -0.910863 0
    outer loop
      vertex 2.67878 6.46716 2.01
      vertex 3.09602 6.27811 3.6
      vertex 2.67878 6.46716 3.6
    endloop
  endfacet
  facet normal -0.412709 -0.910863 -0
    outer loop
      vertex 3.09602 6.27811 3.6
      vertex 2.67878 6.46716 2.01
      vertex 3.09602 6.27811 2.01
    endloop
  endfacet
  facet normal -0.227085 -0.973875 0
    outer loop
      vertex 1.36563 6.8655 2.01
      vertex 1.81173 6.76148 3.6
      vertex 1.36563 6.8655 3.6
    endloop
  endfacet
  facet normal -0.227085 -0.973875 -0
    outer loop
      vertex 1.81173 6.76148 3.6
      vertex 1.36563 6.8655 2.01
      vertex 1.81173 6.76148 2.01
    endloop
  endfacet
  facet normal -0.956942 0.290281 0
    outer loop
      vertex 6.62851 -2.25008 2.01
      vertex 6.76148 -1.81173 3.6
      vertex 6.76148 -1.81173 2.01
    endloop
  endfacet
  facet normal -0.956942 0.290281 0
    outer loop
      vertex 6.76148 -1.81173 3.6
      vertex 6.62851 -2.25008 2.01
      vertex 6.62851 -2.25008 3.6
    endloop
  endfacet
  facet normal 0.986646 -0.162881 0
    outer loop
      vertex -6.94011 0.913683 3.6
      vertex -6.8655 1.36563 2.01
      vertex -6.8655 1.36563 3.6
    endloop
  endfacet
  facet normal 0.986646 -0.162881 0
    outer loop
      vertex -6.8655 1.36563 2.01
      vertex -6.94011 0.913683 3.6
      vertex -6.94011 0.913683 2.01
    endloop
  endfacet
  facet normal -0.881923 0.471394 0
    outer loop
      vertex 6.06218 -3.5 2.01
      vertex 6.27811 -3.09602 3.6
      vertex 6.27811 -3.09602 2.01
    endloop
  endfacet
  facet normal -0.881923 0.471394 0
    outer loop
      vertex 6.27811 -3.09602 3.6
      vertex 6.06218 -3.5 2.01
      vertex 6.06218 -3.5 3.6
    endloop
  endfacet
  facet normal -0.582485 -0.812842 0
    outer loop
      vertex 3.88899 5.82029 2.01
      vertex 4.26133 5.55347 3.6
      vertex 3.88899 5.82029 3.6
    endloop
  endfacet
  facet normal -0.582485 -0.812842 -0
    outer loop
      vertex 4.26133 5.55347 3.6
      vertex 3.88899 5.82029 2.01
      vertex 4.26133 5.55347 2.01
    endloop
  endfacet
  facet normal -0.773015 0.634388 0
    outer loop
      vertex 5.26288 -4.61542 2.01
      vertex 5.55347 -4.26133 3.6
      vertex 5.55347 -4.26133 2.01
    endloop
  endfacet
  facet normal -0.773015 0.634388 0
    outer loop
      vertex 5.55347 -4.26133 3.6
      vertex 5.26288 -4.61542 2.01
      vertex 5.26288 -4.61542 3.6
    endloop
  endfacet
  facet normal 0.528069 0.849202 -0
    outer loop
      vertex -3.5 -6.06218 2.01
      vertex -3.88899 -5.82029 3.6
      vertex -3.5 -6.06218 3.6
    endloop
  endfacet
  facet normal 0.528069 0.849202 0
    outer loop
      vertex -3.88899 -5.82029 3.6
      vertex -3.5 -6.06218 2.01
      vertex -3.88899 -5.82029 2.01
    endloop
  endfacet
  facet normal -0.227085 0.973875 0
    outer loop
      vertex 1.81173 -6.76148 2.01
      vertex 1.36563 -6.8655 3.6
      vertex 1.81173 -6.76148 3.6
    endloop
  endfacet
  facet normal -0.227085 0.973875 0
    outer loop
      vertex 1.36563 -6.8655 3.6
      vertex 1.81173 -6.76148 2.01
      vertex 1.36563 -6.8655 2.01
    endloop
  endfacet
  facet normal 0.881923 -0.471394 0
    outer loop
      vertex -6.27811 3.09602 3.6
      vertex -6.06218 3.5 2.01
      vertex -6.06218 3.5 3.6
    endloop
  endfacet
  facet normal 0.881923 -0.471394 0
    outer loop
      vertex -6.06218 3.5 2.01
      vertex -6.27811 3.09602 3.6
      vertex -6.27811 3.09602 2.01
    endloop
  endfacet
  facet normal -0.973875 -0.227085 0
    outer loop
      vertex 6.8655 1.36563 2.01
      vertex 6.76148 1.81173 3.6
      vertex 6.76148 1.81173 2.01
    endloop
  endfacet
  facet normal -0.973875 -0.227085 0
    outer loop
      vertex 6.76148 1.81173 3.6
      vertex 6.8655 1.36563 2.01
      vertex 6.8655 1.36563 3.6
    endloop
  endfacet
  facet normal 0.849202 -0.528069 0
    outer loop
      vertex -6.06218 3.5 3.6
      vertex -5.82029 3.88899 2.01
      vertex -5.82029 3.88899 3.6
    endloop
  endfacet
  facet normal 0.849202 -0.528069 0
    outer loop
      vertex -5.82029 3.88899 2.01
      vertex -6.06218 3.5 3.6
      vertex -6.06218 3.5 2.01
    endloop
  endfacet
  facet normal 0.0980206 0.995184 -0
    outer loop
      vertex -0.457822 -6.98501 2.01
      vertex -0.913683 -6.94011 3.6
      vertex -0.457822 -6.98501 3.6
    endloop
  endfacet
  facet normal 0.0980206 0.995184 0
    outer loop
      vertex -0.913683 -6.94011 3.6
      vertex -0.457822 -6.98501 2.01
      vertex -0.913683 -6.94011 2.01
    endloop
  endfacet
  facet normal 0.227085 0.973875 -0
    outer loop
      vertex -1.36563 -6.8655 2.01
      vertex -1.81173 -6.76148 3.6
      vertex -1.36563 -6.8655 3.6
    endloop
  endfacet
  facet normal 0.227085 0.973875 0
    outer loop
      vertex -1.81173 -6.76148 3.6
      vertex -1.36563 -6.8655 2.01
      vertex -1.81173 -6.76148 2.01
    endloop
  endfacet
  facet normal -0.352248 0.935907 0
    outer loop
      vertex 2.67878 -6.46716 2.01
      vertex 2.25008 -6.62851 3.6
      vertex 2.67878 -6.46716 3.6
    endloop
  endfacet
  facet normal -0.352248 0.935907 0
    outer loop
      vertex 2.25008 -6.62851 3.6
      vertex 2.67878 -6.46716 2.01
      vertex 2.25008 -6.62851 2.01
    endloop
  endfacet
  facet normal 0.995184 0.0980206 0
    outer loop
      vertex -6.94011 -0.913683 3.6
      vertex -6.98501 -0.457822 2.01
      vertex -6.98501 -0.457822 3.6
    endloop
  endfacet
  facet normal 0.995184 0.0980206 0
    outer loop
      vertex -6.98501 -0.457822 2.01
      vertex -6.94011 -0.913683 3.6
      vertex -6.94011 -0.913683 2.01
    endloop
  endfacet
  facet normal 0.935907 0.352248 0
    outer loop
      vertex -6.46716 -2.67878 3.6
      vertex -6.62851 -2.25008 2.01
      vertex -6.62851 -2.25008 3.6
    endloop
  endfacet
  facet normal 0.935907 0.352248 0
    outer loop
      vertex -6.62851 -2.25008 2.01
      vertex -6.46716 -2.67878 3.6
      vertex -6.46716 -2.67878 2.01
    endloop
  endfacet
  facet normal 0.773015 0.634388 0
    outer loop
      vertex -5.26288 -4.61542 3.6
      vertex -5.55347 -4.26133 2.01
      vertex -5.55347 -4.26133 3.6
    endloop
  endfacet
  facet normal 0.773015 0.634388 0
    outer loop
      vertex -5.55347 -4.26133 2.01
      vertex -5.26288 -4.61542 3.6
      vertex -5.26288 -4.61542 2.01
    endloop
  endfacet
  facet normal 0.812842 0.582485 0
    outer loop
      vertex -5.55347 -4.26133 3.6
      vertex -5.82029 -3.88899 2.01
      vertex -5.82029 -3.88899 3.6
    endloop
  endfacet
  facet normal 0.812842 0.582485 0
    outer loop
      vertex -5.82029 -3.88899 2.01
      vertex -5.55347 -4.26133 3.6
      vertex -5.55347 -4.26133 2.01
    endloop
  endfacet
  facet normal 0.973875 -0.227085 0
    outer loop
      vertex -6.8655 1.36563 3.6
      vertex -6.76148 1.81173 2.01
      vertex -6.76148 1.81173 3.6
    endloop
  endfacet
  facet normal 0.973875 -0.227085 0
    outer loop
      vertex -6.76148 1.81173 2.01
      vertex -6.8655 1.36563 3.6
      vertex -6.8655 1.36563 2.01
    endloop
  endfacet
  facet normal 0.412709 0.910863 -0
    outer loop
      vertex -2.67878 -6.46716 2.01
      vertex -3.09602 -6.27811 3.6
      vertex -2.67878 -6.46716 3.6
    endloop
  endfacet
  facet normal 0.412709 0.910863 0
    outer loop
      vertex -3.09602 -6.27811 3.6
      vertex -2.67878 -6.46716 2.01
      vertex -3.09602 -6.27811 2.01
    endloop
  endfacet
  facet normal 0.773015 -0.634388 0
    outer loop
      vertex -5.55347 4.26133 3.6
      vertex -5.26288 4.61542 2.01
      vertex -5.26288 4.61542 3.6
    endloop
  endfacet
  facet normal 0.773015 -0.634388 0
    outer loop
      vertex -5.26288 4.61542 2.01
      vertex -5.55347 4.26133 3.6
      vertex -5.55347 4.26133 2.01
    endloop
  endfacet
  facet normal -0.995184 -0.0980206 0
    outer loop
      vertex 6.98501 0.457822 2.01
      vertex 6.94011 0.913683 3.6
      vertex 6.94011 0.913683 2.01
    endloop
  endfacet
  facet normal -0.995184 -0.0980206 0
    outer loop
      vertex 6.94011 0.913683 3.6
      vertex 6.98501 0.457822 2.01
      vertex 6.98501 0.457822 3.6
    endloop
  endfacet
  facet normal 0.956942 -0.290281 0
    outer loop
      vertex -6.76148 1.81173 3.6
      vertex -6.62851 2.25008 2.01
      vertex -6.62851 2.25008 3.6
    endloop
  endfacet
  facet normal 0.956942 -0.290281 0
    outer loop
      vertex -6.62851 2.25008 2.01
      vertex -6.76148 1.81173 3.6
      vertex -6.76148 1.81173 2.01
    endloop
  endfacet
  facet normal 0.910863 0.412709 0
    outer loop
      vertex -6.27811 -3.09602 3.6
      vertex -6.46716 -2.67878 2.01
      vertex -6.46716 -2.67878 3.6
    endloop
  endfacet
  facet normal 0.910863 0.412709 0
    outer loop
      vertex -6.46716 -2.67878 2.01
      vertex -6.27811 -3.09602 3.6
      vertex -6.27811 -3.09602 2.01
    endloop
  endfacet
  facet normal 0.290281 0.956942 -0
    outer loop
      vertex -1.81173 -6.76148 2.01
      vertex -2.25008 -6.62851 3.6
      vertex -1.81173 -6.76148 3.6
    endloop
  endfacet
  facet normal 0.290281 0.956942 0
    outer loop
      vertex -2.25008 -6.62851 3.6
      vertex -1.81173 -6.76148 2.01
      vertex -2.25008 -6.62851 2.01
    endloop
  endfacet
  facet normal -0.773015 -0.634388 0
    outer loop
      vertex 5.55347 4.26133 2.01
      vertex 5.26288 4.61542 3.6
      vertex 5.26288 4.61542 2.01
    endloop
  endfacet
  facet normal -0.773015 -0.634388 0
    outer loop
      vertex 5.26288 4.61542 3.6
      vertex 5.55347 4.26133 2.01
      vertex 5.55347 4.26133 3.6
    endloop
  endfacet
  facet normal -0.935907 -0.352248 0
    outer loop
      vertex 6.62851 2.25008 2.01
      vertex 6.46716 2.67878 3.6
      vertex 6.46716 2.67878 2.01
    endloop
  endfacet
  facet normal -0.935907 -0.352248 0
    outer loop
      vertex 6.46716 2.67878 3.6
      vertex 6.62851 2.25008 2.01
      vertex 6.62851 2.25008 3.6
    endloop
  endfacet
  facet normal 0.582485 0.812842 -0
    outer loop
      vertex -3.88899 -5.82029 2.01
      vertex -4.26133 -5.55347 3.6
      vertex -3.88899 -5.82029 3.6
    endloop
  endfacet
  facet normal 0.582485 0.812842 0
    outer loop
      vertex -4.26133 -5.55347 3.6
      vertex -3.88899 -5.82029 2.01
      vertex -4.26133 -5.55347 2.01
    endloop
  endfacet
  facet normal 0.412709 -0.910863 0
    outer loop
      vertex -3.09602 6.27811 2.01
      vertex -2.67878 6.46716 3.6
      vertex -3.09602 6.27811 3.6
    endloop
  endfacet
  facet normal 0.412709 -0.910863 0
    outer loop
      vertex -2.67878 6.46716 3.6
      vertex -3.09602 6.27811 2.01
      vertex -2.67878 6.46716 2.01
    endloop
  endfacet
  facet normal 0.634388 0.773015 -0
    outer loop
      vertex -4.26133 -5.55347 2.01
      vertex -4.61542 -5.26288 3.6
      vertex -4.26133 -5.55347 3.6
    endloop
  endfacet
  facet normal 0.634388 0.773015 0
    outer loop
      vertex -4.61542 -5.26288 3.6
      vertex -4.26133 -5.55347 2.01
      vertex -4.61542 -5.26288 2.01
    endloop
  endfacet
  facet normal -0.935907 0.352248 0
    outer loop
      vertex 6.46716 -2.67878 2.01
      vertex 6.62851 -2.25008 3.6
      vertex 6.62851 -2.25008 2.01
    endloop
  endfacet
  facet normal -0.935907 0.352248 0
    outer loop
      vertex 6.62851 -2.25008 3.6
      vertex 6.46716 -2.67878 2.01
      vertex 6.46716 -2.67878 3.6
    endloop
  endfacet
  facet normal -0.986646 0.162881 0
    outer loop
      vertex 6.8655 -1.36563 2.01
      vertex 6.94011 -0.913683 3.6
      vertex 6.94011 -0.913683 2.01
    endloop
  endfacet
  facet normal -0.986646 0.162881 0
    outer loop
      vertex 6.94011 -0.913683 3.6
      vertex 6.8655 -1.36563 2.01
      vertex 6.8655 -1.36563 3.6
    endloop
  endfacet
  facet normal 0.986646 0.162881 0
    outer loop
      vertex -6.8655 -1.36563 3.6
      vertex -6.94011 -0.913683 2.01
      vertex -6.94011 -0.913683 3.6
    endloop
  endfacet
  facet normal 0.986646 0.162881 0
    outer loop
      vertex -6.94011 -0.913683 2.01
      vertex -6.8655 -1.36563 3.6
      vertex -6.8655 -1.36563 2.01
    endloop
  endfacet
  facet normal 0.995184 -0.0980206 0
    outer loop
      vertex -6.98501 0.457822 3.6
      vertex -6.94011 0.913683 2.01
      vertex -6.94011 0.913683 3.6
    endloop
  endfacet
  facet normal 0.995184 -0.0980206 0
    outer loop
      vertex -6.94011 0.913683 2.01
      vertex -6.98501 0.457822 3.6
      vertex -6.98501 0.457822 2.01
    endloop
  endfacet
  facet normal 0.290281 -0.956942 0
    outer loop
      vertex -2.25008 6.62851 2.01
      vertex -1.81173 6.76148 3.6
      vertex -2.25008 6.62851 3.6
    endloop
  endfacet
  facet normal 0.290281 -0.956942 0
    outer loop
      vertex -1.81173 6.76148 3.6
      vertex -2.25008 6.62851 2.01
      vertex -1.81173 6.76148 2.01
    endloop
  endfacet
  facet normal 0.683587 -0.729869 0
    outer loop
      vertex -4.94975 4.94975 2.01
      vertex -4.61542 5.26288 3.6
      vertex -4.94975 4.94975 3.6
    endloop
  endfacet
  facet normal 0.683587 -0.729869 0
    outer loop
      vertex -4.61542 5.26288 3.6
      vertex -4.94975 4.94975 2.01
      vertex -4.61542 5.26288 2.01
    endloop
  endfacet
  facet normal 0.956942 0.290281 0
    outer loop
      vertex -6.62851 -2.25008 3.6
      vertex -6.76148 -1.81173 2.01
      vertex -6.76148 -1.81173 3.6
    endloop
  endfacet
  facet normal 0.956942 0.290281 0
    outer loop
      vertex -6.76148 -1.81173 2.01
      vertex -6.62851 -2.25008 3.6
      vertex -6.62851 -2.25008 2.01
    endloop
  endfacet
  facet normal 0.999464 -0.0327244 0
    outer loop
      vertex -7 0 3.6
      vertex -6.98501 0.457822 2.01
      vertex -6.98501 0.457822 3.6
    endloop
  endfacet
  facet normal 0.999464 -0.0327244 0
    outer loop
      vertex -6.98501 0.457822 2.01
      vertex -7 0 3.6
      vertex -7 0 2.01
    endloop
  endfacet
  facet normal 0.162881 -0.986646 0
    outer loop
      vertex -1.36563 6.8655 2.01
      vertex -0.913683 6.94011 3.6
      vertex -1.36563 6.8655 3.6
    endloop
  endfacet
  facet normal 0.162881 -0.986646 0
    outer loop
      vertex -0.913683 6.94011 3.6
      vertex -1.36563 6.8655 2.01
      vertex -0.913683 6.94011 2.01
    endloop
  endfacet
  facet normal 0.0980206 -0.995184 0
    outer loop
      vertex -0.913683 6.94011 2.01
      vertex -0.457822 6.98501 3.6
      vertex -0.913683 6.94011 3.6
    endloop
  endfacet
  facet normal 0.0980206 -0.995184 0
    outer loop
      vertex -0.457822 6.98501 3.6
      vertex -0.913683 6.94011 2.01
      vertex -0.457822 6.98501 2.01
    endloop
  endfacet
  facet normal -0.986646 -0.162881 0
    outer loop
      vertex 6.94011 0.913683 2.01
      vertex 6.8655 1.36563 3.6
      vertex 6.8655 1.36563 2.01
    endloop
  endfacet
  facet normal -0.986646 -0.162881 0
    outer loop
      vertex 6.8655 1.36563 3.6
      vertex 6.94011 0.913683 2.01
      vertex 6.94011 0.913683 3.6
    endloop
  endfacet
  facet normal 0.471394 0.881923 -0
    outer loop
      vertex -3.09602 -6.27811 2.01
      vertex -3.5 -6.06218 3.6
      vertex -3.09602 -6.27811 3.6
    endloop
  endfacet
  facet normal 0.471394 0.881923 0
    outer loop
      vertex -3.5 -6.06218 3.6
      vertex -3.09602 -6.27811 2.01
      vertex -3.5 -6.06218 2.01
    endloop
  endfacet
  facet normal 0.881923 0.471394 0
    outer loop
      vertex -6.06218 -3.5 3.6
      vertex -6.27811 -3.09602 2.01
      vertex -6.27811 -3.09602 3.6
    endloop
  endfacet
  facet normal 0.881923 0.471394 0
    outer loop
      vertex -6.27811 -3.09602 2.01
      vertex -6.06218 -3.5 3.6
      vertex -6.06218 -3.5 2.01
    endloop
  endfacet
  facet normal -0.910863 -0.412709 0
    outer loop
      vertex 6.46716 2.67878 2.01
      vertex 6.27811 3.09602 3.6
      vertex 6.27811 3.09602 2.01
    endloop
  endfacet
  facet normal -0.910863 -0.412709 0
    outer loop
      vertex 6.27811 3.09602 3.6
      vertex 6.46716 2.67878 2.01
      vertex 6.46716 2.67878 3.6
    endloop
  endfacet
  facet normal -0.290281 0.956942 0
    outer loop
      vertex 2.25008 -6.62851 2.01
      vertex 1.81173 -6.76148 3.6
      vertex 2.25008 -6.62851 3.6
    endloop
  endfacet
  facet normal -0.290281 0.956942 0
    outer loop
      vertex 1.81173 -6.76148 3.6
      vertex 2.25008 -6.62851 2.01
      vertex 1.81173 -6.76148 2.01
    endloop
  endfacet
  facet normal 0.0327244 -0.999464 0
    outer loop
      vertex -0.457822 6.98501 2.01
      vertex 0 7 3.6
      vertex -0.457822 6.98501 3.6
    endloop
  endfacet
  facet normal 0.0327244 -0.999464 0
    outer loop
      vertex 0 7 3.6
      vertex -0.457822 6.98501 2.01
      vertex 0 7 2.01
    endloop
  endfacet
  facet normal 0.634388 -0.773015 0
    outer loop
      vertex -4.61542 5.26288 2.01
      vertex -4.26133 5.55347 3.6
      vertex -4.61542 5.26288 3.6
    endloop
  endfacet
  facet normal 0.634388 -0.773015 0
    outer loop
      vertex -4.26133 5.55347 3.6
      vertex -4.61542 5.26288 2.01
      vertex -4.26133 5.55347 2.01
    endloop
  endfacet
  facet normal 0.812842 -0.582485 0
    outer loop
      vertex -5.82029 3.88899 3.6
      vertex -5.55347 4.26133 2.01
      vertex -5.55347 4.26133 3.6
    endloop
  endfacet
  facet normal 0.812842 -0.582485 0
    outer loop
      vertex -5.55347 4.26133 2.01
      vertex -5.82029 3.88899 3.6
      vertex -5.82029 3.88899 2.01
    endloop
  endfacet
  facet normal 0.849202 0.528069 0
    outer loop
      vertex -5.82029 -3.88899 3.6
      vertex -6.06218 -3.5 2.01
      vertex -6.06218 -3.5 3.6
    endloop
  endfacet
  facet normal 0.849202 0.528069 0
    outer loop
      vertex -6.06218 -3.5 2.01
      vertex -5.82029 -3.88899 3.6
      vertex -5.82029 -3.88899 2.01
    endloop
  endfacet
  facet normal -0.683587 -0.729869 0
    outer loop
      vertex 4.61542 5.26288 2.01
      vertex 4.94975 4.94975 3.6
      vertex 4.61542 5.26288 3.6
    endloop
  endfacet
  facet normal -0.683587 -0.729869 -0
    outer loop
      vertex 4.94975 4.94975 3.6
      vertex 4.61542 5.26288 2.01
      vertex 4.94975 4.94975 2.01
    endloop
  endfacet
  facet normal 0.999464 0.0327244 0
    outer loop
      vertex -6.98501 -0.457822 3.6
      vertex -7 0 2.01
      vertex -7 0 3.6
    endloop
  endfacet
  facet normal 0.999464 0.0327244 0
    outer loop
      vertex -7 0 2.01
      vertex -6.98501 -0.457822 3.6
      vertex -6.98501 -0.457822 2.01
    endloop
  endfacet
  facet normal -0.729869 -0.683587 0
    outer loop
      vertex 5.26288 4.61542 2.01
      vertex 4.94975 4.94975 3.6
      vertex 4.94975 4.94975 2.01
    endloop
  endfacet
  facet normal -0.729869 -0.683587 0
    outer loop
      vertex 4.94975 4.94975 3.6
      vertex 5.26288 4.61542 2.01
      vertex 5.26288 4.61542 3.6
    endloop
  endfacet
  facet normal 0.582485 -0.812842 0
    outer loop
      vertex -4.26133 5.55347 2.01
      vertex -3.88899 5.82029 3.6
      vertex -4.26133 5.55347 3.6
    endloop
  endfacet
  facet normal 0.582485 -0.812842 0
    outer loop
      vertex -3.88899 5.82029 3.6
      vertex -4.26133 5.55347 2.01
      vertex -3.88899 5.82029 2.01
    endloop
  endfacet
endsolid OpenSCAD_Model
