solid OpenSCAD_Model
  facet normal 0.707112 0.707101 -1.85725e-06
    outer loop
      vertex 10.967 -0.815513 24
      vertex 10.7828 -0.631371 0.799999
      vertex 10.1515 0 24
    endloop
  endfacet
  facet normal 0.706995 0.707218 -0
    outer loop
      vertex 10.967 -0.815513 0
      vertex 10.7828 -0.631371 0.799999
      vertex 10.967 -0.815513 24
    endloop
  endfacet
  facet normal 0.706995 0.707218 0
    outer loop
      vertex 10.7828 -0.631371 0.799999
      vertex 10.967 -0.815513 0
      vertex 10.7828 -0.631371 0
    endloop
  endfacet
  facet normal 0.707147 0.707067 0
    outer loop
      vertex 10.1515 0 24
      vertex 10.7828 -0.631371 0.799999
      vertex 10.1515 0 0.799999
    endloop
  endfacet
  facet normal 0.707112 -0.707101 0
    outer loop
      vertex 10.1515 0 0.799999
      vertex 10.967 0.815513 24
      vertex 10.1515 0 24
    endloop
  endfacet
  facet normal 0.707147 -0.707067 -2.39904e-06
    outer loop
      vertex 10.7828 0.631371 0.799999
      vertex 10.967 0.815513 24
      vertex 10.1515 0 0.799999
    endloop
  endfacet
  facet normal 0.706995 -0.707218 0
    outer loop
      vertex 10.967 0.815513 0
      vertex 10.7828 0.631371 0.799999
      vertex 10.7828 0.631371 0
    endloop
  endfacet
  facet normal 0.706995 -0.707218 0
    outer loop
      vertex 10.7828 0.631371 0.799999
      vertex 10.967 0.815513 0
      vertex 10.967 0.815513 24
    endloop
  endfacet
  facet normal -0.707112 0.707101 0
    outer loop
      vertex -10.1515 0 0
      vertex -10.967 -0.815513 24
      vertex -10.1515 0 24
    endloop
  endfacet
  facet normal -0.707112 0.707101 0
    outer loop
      vertex -10.967 -0.815513 24
      vertex -10.1515 0 0
      vertex -10.967 -0.815513 0
    endloop
  endfacet
  facet normal -0.707112 -0.707101 0
    outer loop
      vertex -10.967 0.815513 0
      vertex -10.1515 0 24
      vertex -10.967 0.815513 24
    endloop
  endfacet
  facet normal -0.707112 -0.707101 -0
    outer loop
      vertex -10.1515 0 24
      vertex -10.967 0.815513 0
      vertex -10.1515 0 0
    endloop
  endfacet
  facet normal 0.995183 0.0980299 0
    outer loop
      vertex 10.967 0.815513 24
      vertex 10.9059 1.43579 0
      vertex 10.9059 1.43579 24
    endloop
  endfacet
  facet normal 0.995183 0.0980299 0
    outer loop
      vertex 10.9059 1.43579 0
      vertex 10.967 0.815513 24
      vertex 10.967 0.815513 0
    endloop
  endfacet
  facet normal -0.973894 -0.227004 0
    outer loop
      vertex -10.6252 -2.84701 0
      vertex -10.7886 -2.14599 24
      vertex -10.7886 -2.14599 0
    endloop
  endfacet
  facet normal -0.973894 -0.227004 0
    outer loop
      vertex -10.7886 -2.14599 24
      vertex -10.6252 -2.84701 0
      vertex -10.6252 -2.84701 24
    endloop
  endfacet
  facet normal -0.956922 -0.290347 0
    outer loop
      vertex -10.4162 -3.53583 0
      vertex -10.6252 -2.84701 24
      vertex -10.6252 -2.84701 0
    endloop
  endfacet
  facet normal -0.956922 -0.290347 0
    outer loop
      vertex -10.6252 -2.84701 24
      vertex -10.4162 -3.53583 0
      vertex -10.4162 -3.53583 24
    endloop
  endfacet
  facet normal 0.634393 -0.773011 0
    outer loop
      vertex 6.69637 -8.72689 0
      vertex 7.2528 -8.27024 24
      vertex 6.69637 -8.72689 24
    endloop
  endfacet
  facet normal 0.634393 -0.773011 0
    outer loop
      vertex 7.2528 -8.27024 24
      vertex 6.69637 -8.72689 0
      vertex 7.2528 -8.27024 0
    endloop
  endfacet
  facet normal 0.0327463 -0.999464 0
    outer loop
      vertex 0.0915642 -10.997 18.397
      vertex 0 -11 24
      vertex 0 -11 18.4
    endloop
  endfacet
  facet normal 0.0327859 -0.999462 6.47909e-07
    outer loop
      vertex 0 -11 24
      vertex 0.0915642 -10.997 18.397
      vertex 0.719434 -10.9764 24
    endloop
  endfacet
  facet normal 0.0328861 -0.999459 -1.05857e-05
    outer loop
      vertex 0.182736 -10.994 18.388
      vertex 0.719434 -10.9764 24
      vertex 0.0915642 -10.997 18.397
    endloop
  endfacet
  facet normal 0.0320777 -0.999485 6.68045e-05
    outer loop
      vertex 0.273126 -10.9911 18.3731
      vertex 0.719434 -10.9764 24
      vertex 0.182736 -10.994 18.388
    endloop
  endfacet
  facet normal 0.0335929 -0.999436 -5.35082e-05
    outer loop
      vertex 0.362347 -10.9881 18.3523
      vertex 0.719434 -10.9764 24
      vertex 0.273126 -10.9911 18.3731
    endloop
  endfacet
  facet normal 0.0319379 -0.99949 5.1244e-05
    outer loop
      vertex 0.450015 -10.9853 18.3257
      vertex 0.719434 -10.9764 24
      vertex 0.362347 -10.9881 18.3523
    endloop
  endfacet
  facet normal 0.0326457 -0.999467 1.76023e-05
    outer loop
      vertex 0.535756 -10.9825 18.2934
      vertex 0.719434 -10.9764 24
      vertex 0.450015 -10.9853 18.3257
    endloop
  endfacet
  facet normal 0.03353 -0.999438 -1.08924e-05
    outer loop
      vertex 0.619204 -10.9797 18.2556
      vertex 0.719434 -10.9764 24
      vertex 0.535756 -10.9825 18.2934
    endloop
  endfacet
  facet normal 0.03217 -0.999482 1.28629e-05
    outer loop
      vertex 0.7 -10.9771 18.2124
      vertex 0.719434 -10.9764 24
      vertex 0.619204 -10.9797 18.2556
    endloop
  endfacet
  facet normal 0.035996 -0.999352 0
    outer loop
      vertex 0.719434 -10.9764 24
      vertex 0.7 -10.9771 18.2124
      vertex 0.719434 -10.9764 18.2003
    endloop
  endfacet
  facet normal 0.0327463 -0.999464 0
    outer loop
      vertex 0 -11 0
      vertex 0.0915642 -10.997 15.603
      vertex 0 -11 15.6
    endloop
  endfacet
  facet normal 0.0327859 -0.999462 -2.32663e-07
    outer loop
      vertex 0.719434 -10.9764 0
      vertex 0.0915642 -10.997 15.603
      vertex 0 -11 0
    endloop
  endfacet
  facet normal 0.0328867 -0.999459 3.82814e-06
    outer loop
      vertex 0.0915642 -10.997 15.603
      vertex 0.719434 -10.9764 0
      vertex 0.182736 -10.994 15.612
    endloop
  endfacet
  facet normal 0.0320707 -0.999486 -2.42552e-05
    outer loop
      vertex 0.182736 -10.994 15.612
      vertex 0.719434 -10.9764 0
      vertex 0.273126 -10.9911 15.6269
    endloop
  endfacet
  facet normal 0.0336008 -0.999435 1.94936e-05
    outer loop
      vertex 0.273126 -10.9911 15.6269
      vertex 0.719434 -10.9764 0
      vertex 0.362347 -10.9881 15.6477
    endloop
  endfacet
  facet normal 0.0319281 -0.99949 -1.87206e-05
    outer loop
      vertex 0.362347 -10.9881 15.6477
      vertex 0.719434 -10.9764 0
      vertex 0.450015 -10.9853 15.6743
    endloop
  endfacet
  facet normal 0.0326415 -0.999467 -6.44451e-06
    outer loop
      vertex 0.450015 -10.9853 15.6743
      vertex 0.719434 -10.9764 0
      vertex 0.535756 -10.9825 15.7066
    endloop
  endfacet
  facet normal 0.0335332 -0.999438 3.99403e-06
    outer loop
      vertex 0.535756 -10.9825 15.7066
      vertex 0.719434 -10.9764 0
      vertex 0.619204 -10.9797 15.7444
    endloop
  endfacet
  facet normal 0.0321657 -0.999483 -4.72079e-06
    outer loop
      vertex 0.619204 -10.9797 15.7444
      vertex 0.719434 -10.9764 0
      vertex 0.7 -10.9771 15.7876
    endloop
  endfacet
  facet normal 0.035996 -0.999352 0
    outer loop
      vertex 0.7 -10.9771 15.7876
      vertex 0.719434 -10.9764 0
      vertex 0.719434 -10.9764 15.7996
    endloop
  endfacet
  facet normal -0.582472 0.812851 0
    outer loop
      vertex -6.11127 9.14616 0
      vertex -6.69637 8.72689 24
      vertex -6.11127 9.14616 24
    endloop
  endfacet
  facet normal -0.582472 0.812851 0
    outer loop
      vertex -6.69637 8.72689 24
      vertex -6.11127 9.14616 0
      vertex -6.69637 8.72689 0
    endloop
  endfacet
  facet normal -0.812851 -0.582472 0
    outer loop
      vertex -8.72689 -6.69637 0
      vertex -9.14616 -6.11127 24
      vertex -9.14616 -6.11127 0
    endloop
  endfacet
  facet normal -0.812851 -0.582472 0
    outer loop
      vertex -9.14616 -6.11127 24
      vertex -8.72689 -6.69637 0
      vertex -8.72689 -6.69637 24
    endloop
  endfacet
  facet normal -0.729859 -0.683598 0
    outer loop
      vertex -7.77817 -7.77817 0
      vertex -8.27024 -7.2528 24
      vertex -8.27024 -7.2528 0
    endloop
  endfacet
  facet normal -0.729859 -0.683598 0
    outer loop
      vertex -8.27024 -7.2528 24
      vertex -7.77817 -7.77817 0
      vertex -7.77817 -7.77817 24
    endloop
  endfacet
  facet normal 0.634393 0.773011 -0
    outer loop
      vertex 7.2528 8.27024 0
      vertex 6.69637 8.72689 24
      vertex 7.2528 8.27024 24
    endloop
  endfacet
  facet normal 0.634393 0.773011 0
    outer loop
      vertex 6.69637 8.72689 24
      vertex 7.2528 8.27024 0
      vertex 6.69637 8.72689 0
    endloop
  endfacet
  facet normal -0.683598 0.729859 0
    outer loop
      vertex -7.2528 8.27024 0
      vertex -7.77817 7.77817 24
      vertex -7.2528 8.27024 24
    endloop
  endfacet
  facet normal -0.683598 0.729859 0
    outer loop
      vertex -7.77817 7.77817 24
      vertex -7.2528 8.27024 0
      vertex -7.77817 7.77817 0
    endloop
  endfacet
  facet normal -0.986633 -0.162957 0
    outer loop
      vertex -10.7886 -2.14599 0
      vertex -10.9059 -1.43579 24
      vertex -10.9059 -1.43579 0
    endloop
  endfacet
  facet normal -0.986633 -0.162957 0
    outer loop
      vertex -10.9059 -1.43579 24
      vertex -10.7886 -2.14599 0
      vertex -10.7886 -2.14599 24
    endloop
  endfacet
  facet normal 0.812851 -0.582472 0
    outer loop
      vertex 8.72689 -6.69637 24
      vertex 9.14616 -6.11127 0
      vertex 9.14616 -6.11127 24
    endloop
  endfacet
  facet normal 0.812851 -0.582472 0
    outer loop
      vertex 9.14616 -6.11127 0
      vertex 8.72689 -6.69637 24
      vertex 8.72689 -6.69637 0
    endloop
  endfacet
  facet normal -0.812851 0.582472 0
    outer loop
      vertex -9.14616 6.11127 0
      vertex -8.72689 6.69637 24
      vertex -8.72689 6.69637 0
    endloop
  endfacet
  facet normal -0.812851 0.582472 0
    outer loop
      vertex -8.72689 6.69637 24
      vertex -9.14616 6.11127 0
      vertex -9.14616 6.11127 24
    endloop
  endfacet
  facet normal 0.162957 -0.986633 0
    outer loop
      vertex 1.43579 -10.9059 0
      vertex 2.14599 -10.7886 24
      vertex 1.43579 -10.9059 24
    endloop
  endfacet
  facet normal 0.162957 -0.986633 0
    outer loop
      vertex 2.14599 -10.7886 24
      vertex 1.43579 -10.9059 0
      vertex 2.14599 -10.7886 0
    endloop
  endfacet
  facet normal 0.162957 0.986633 -7.58854e-06
    outer loop
      vertex 1.43579 10.9059 0
      vertex 1.59156 10.8802 3.603
      vertex 2.14599 10.7886 0
    endloop
  endfacet
  facet normal 0.163376 0.986564 5.85873e-05
    outer loop
      vertex 1.68274 10.8651 3.61198
      vertex 2.14599 10.7886 0
      vertex 1.59156 10.8802 3.603
    endloop
  endfacet
  facet normal 0.162652 0.986683 -3.6727e-05
    outer loop
      vertex 1.77313 10.8502 3.6269
      vertex 2.14599 10.7886 0
      vertex 1.68274 10.8651 3.61198
    endloop
  endfacet
  facet normal 0.16258 0.986695 -4.43994e-05
    outer loop
      vertex 1.86235 10.8355 3.6477
      vertex 2.14599 10.7886 0
      vertex 1.77313 10.8502 3.6269
    endloop
  endfacet
  facet normal 0.163175 0.986597 3.18579e-06
    outer loop
      vertex 1.95002 10.821 3.6743
      vertex 2.14599 10.7886 0
      vertex 1.86235 10.8355 3.6477
    endloop
  endfacet
  facet normal 0.163386 0.986562 1.47297e-05
    outer loop
      vertex 2.03576 10.8068 3.70657
      vertex 2.14599 10.7886 0
      vertex 1.95002 10.821 3.6743
    endloop
  endfacet
  facet normal 0.162032 0.986785 -2.66244e-05
    outer loop
      vertex 2.1192 10.7931 3.74438
      vertex 2.14599 10.7886 0
      vertex 2.03576 10.8068 3.70657
    endloop
  endfacet
  facet normal 0.165652 0.986184 -0
    outer loop
      vertex 2.14599 10.7886 0
      vertex 2.1192 10.7931 3.74438
      vertex 2.14599 10.7886 3.7587
    endloop
  endfacet
  facet normal 0.162721 0.986672 2.89032e-06
    outer loop
      vertex 1.59156 10.8802 3.603
      vertex 1.43579 10.9059 0
      vertex 1.5 10.8953 3.6
    endloop
  endfacet
  facet normal 0.162879 0.986646 0
    outer loop
      vertex 1.5 10.8953 3.6
      vertex 1.43579 10.9059 0
      vertex 1.43579 10.9059 3.6021
    endloop
  endfacet
  facet normal 0.162957 0.986633 2.93081e-07
    outer loop
      vertex 2.14599 10.7886 24
      vertex 1.5 10.8953 6.4
      vertex 1.43579 10.9059 24
    endloop
  endfacet
  facet normal 0.162721 0.986672 9.17509e-06
    outer loop
      vertex 2.14599 10.7886 24
      vertex 1.59156 10.8802 6.397
      vertex 1.5 10.8953 6.4
    endloop
  endfacet
  facet normal 0.16338 0.986563 -1.21358e-05
    outer loop
      vertex 2.14599 10.7886 24
      vertex 1.68274 10.8651 6.38802
      vertex 1.59156 10.8802 6.397
    endloop
  endfacet
  facet normal 0.162648 0.986684 7.65843e-06
    outer loop
      vertex 2.14599 10.7886 24
      vertex 1.77313 10.8502 6.3731
      vertex 1.68274 10.8651 6.38802
    endloop
  endfacet
  facet normal 0.162572 0.986697 9.30865e-06
    outer loop
      vertex 2.14599 10.7886 24
      vertex 1.86235 10.8355 6.3523
      vertex 1.77313 10.8502 6.3731
    endloop
  endfacet
  facet normal 0.163176 0.986597 -6.70754e-07
    outer loop
      vertex 2.14599 10.7886 24
      vertex 1.95002 10.821 6.3257
      vertex 1.86235 10.8355 6.3523
    endloop
  endfacet
  facet normal 0.16339 0.986562 -3.11064e-06
    outer loop
      vertex 2.14599 10.7886 24
      vertex 2.03576 10.8068 6.29343
      vertex 1.95002 10.821 6.3257
    endloop
  endfacet
  facet normal 0.162023 0.986787 5.63258e-06
    outer loop
      vertex 2.14599 10.7886 24
      vertex 2.1192 10.7931 6.25562
      vertex 2.03576 10.8068 6.29343
    endloop
  endfacet
  facet normal 0.165652 0.986184 0
    outer loop
      vertex 2.1192 10.7931 6.25562
      vertex 2.14599 10.7886 24
      vertex 2.14599 10.7886 6.2413
    endloop
  endfacet
  facet normal 0.162879 0.986646 0
    outer loop
      vertex 1.43579 10.9059 24
      vertex 1.5 10.8953 6.4
      vertex 1.43579 10.9059 6.3979
    endloop
  endfacet
  facet normal -0.973894 0.227004 0
    outer loop
      vertex -10.7886 2.14599 0
      vertex -10.6252 2.84701 24
      vertex -10.6252 2.84701 0
    endloop
  endfacet
  facet normal -0.973894 0.227004 0
    outer loop
      vertex -10.6252 2.84701 24
      vertex -10.7886 2.14599 0
      vertex -10.7886 2.14599 24
    endloop
  endfacet
  facet normal 0.910851 0.412735 0
    outer loop
      vertex 10.1627 4.20952 24
      vertex 9.8656 4.86518 0
      vertex 9.8656 4.86518 24
    endloop
  endfacet
  facet normal 0.910851 0.412735 0
    outer loop
      vertex 9.8656 4.86518 0
      vertex 10.1627 4.20952 24
      vertex 10.1627 4.20952 0
    endloop
  endfacet
  facet normal -0.935933 0.352178 0
    outer loop
      vertex -10.4162 3.53583 0
      vertex -10.1627 4.20952 24
      vertex -10.1627 4.20952 0
    endloop
  endfacet
  facet normal -0.935933 0.352178 0
    outer loop
      vertex -10.1627 4.20952 24
      vertex -10.4162 3.53583 0
      vertex -10.4162 3.53583 24
    endloop
  endfacet
  facet normal -0.227004 0.973894 0
    outer loop
      vertex -2.14599 10.7886 0
      vertex -2.84701 10.6252 24
      vertex -2.14599 10.7886 24
    endloop
  endfacet
  facet normal -0.227004 0.973894 0
    outer loop
      vertex -2.84701 10.6252 24
      vertex -2.14599 10.7886 0
      vertex -2.84701 10.6252 0
    endloop
  endfacet
  facet normal -0.634393 -0.773011 0
    outer loop
      vertex -7.2528 -8.27024 0
      vertex -6.69637 -8.72689 24
      vertex -7.2528 -8.27024 24
    endloop
  endfacet
  facet normal -0.634393 -0.773011 -0
    outer loop
      vertex -6.69637 -8.72689 24
      vertex -7.2528 -8.27024 0
      vertex -6.69637 -8.72689 0
    endloop
  endfacet
  facet normal 0.935933 0.352178 0
    outer loop
      vertex 10.4162 3.53583 24
      vertex 10.1627 4.20952 0
      vertex 10.1627 4.20952 24
    endloop
  endfacet
  facet normal 0.935933 0.352178 0
    outer loop
      vertex 10.1627 4.20952 0
      vertex 10.4162 3.53583 24
      vertex 10.4162 3.53583 0
    endloop
  endfacet
  facet normal -0.352178 0.935933 0
    outer loop
      vertex -3.53583 10.4162 0
      vertex -4.20952 10.1627 24
      vertex -3.53583 10.4162 24
    endloop
  endfacet
  facet normal -0.352178 0.935933 0
    outer loop
      vertex -4.20952 10.1627 24
      vertex -3.53583 10.4162 0
      vertex -4.20952 10.1627 0
    endloop
  endfacet
  facet normal 0.0979416 -0.995192 0
    outer loop
      vertex 0.719434 -10.9764 18.2003
      vertex 1.43579 -10.9059 24
      vertex 0.719434 -10.9764 24
    endloop
  endfacet
  facet normal 0.0972532 -0.99526 8.58441e-05
    outer loop
      vertex 0.777798 -10.9707 18.1641
      vertex 1.43579 -10.9059 24
      vertex 0.719434 -10.9764 18.2003
    endloop
  endfacet
  facet normal 0.0975956 -0.995226 4.68672e-05
    outer loop
      vertex 0.852265 -10.9634 18.1107
      vertex 1.43579 -10.9059 24
      vertex 0.777798 -10.9707 18.1641
    endloop
  endfacet
  facet normal 0.0983429 -0.995153 -2.78925e-05
    outer loop
      vertex 0.923083 -10.9564 18.0526
      vertex 1.43579 -10.9059 24
      vertex 0.852265 -10.9634 18.1107
    endloop
  endfacet
  facet normal 0.0982122 -0.995165 -1.65153e-05
    outer loop
      vertex 0.989949 -10.9498 17.9899
      vertex 1.43579 -10.9059 24
      vertex 0.923083 -10.9564 18.0526
    endloop
  endfacet
  facet normal 0.0984729 -0.99514 -3.60457e-05
    outer loop
      vertex 1.05258 -10.9436 17.9231
      vertex 1.43579 -10.9059 24
      vertex 0.989949 -10.9498 17.9899
    endloop
  endfacet
  facet normal 0.0976417 -0.995222 1.6881e-05
    outer loop
      vertex 1.11069 -10.9379 17.8523
      vertex 1.43579 -10.9059 24
      vertex 1.05258 -10.9436 17.9231
    endloop
  endfacet
  facet normal 0.0970415 -0.99528 4.89275e-05
    outer loop
      vertex 1.16406 -10.9327 17.7778
      vertex 1.43579 -10.9059 24
      vertex 1.11069 -10.9379 17.8523
    endloop
  endfacet
  facet normal 0.0987107 -0.995116 -2.4678e-05
    outer loop
      vertex 1.21243 -10.9279 17.7
      vertex 1.43579 -10.9059 24
      vertex 1.16406 -10.9327 17.7778
    endloop
  endfacet
  facet normal 0.0990051 -0.995087 -3.52154e-05
    outer loop
      vertex 1.25562 -10.9236 17.6192
      vertex 1.43579 -10.9059 24
      vertex 1.21243 -10.9279 17.7
    endloop
  endfacet
  facet normal 0.0974146 -0.995244 1.01278e-05
    outer loop
      vertex 1.29343 -10.9199 17.5358
      vertex 1.43579 -10.9059 24
      vertex 1.25562 -10.9236 17.6192
    endloop
  endfacet
  facet normal 0.0986346 -0.995124 -1.69989e-05
    outer loop
      vertex 1.3257 -10.9167 17.45
      vertex 1.43579 -10.9059 24
      vertex 1.29343 -10.9199 17.5358
    endloop
  endfacet
  facet normal 0.0972992 -0.995255 5.66135e-06
    outer loop
      vertex 1.3523 -10.9141 17.3623
      vertex 1.43579 -10.9059 24
      vertex 1.3257 -10.9167 17.45
    endloop
  endfacet
  facet normal 0.0958165 -0.995399 2.44897e-05
    outer loop
      vertex 1.3731 -10.9121 17.2731
      vertex 1.43579 -10.9059 24
      vertex 1.3523 -10.9141 17.3623
    endloop
  endfacet
  facet normal 0.0999457 -0.994993 -1.43667e-05
    outer loop
      vertex 1.38802 -10.9106 17.1827
      vertex 1.43579 -10.9059 24
      vertex 1.3731 -10.9121 17.2731
    endloop
  endfacet
  facet normal 0.0996032 -0.995027 -1.19425e-05
    outer loop
      vertex 1.397 -10.9097 17.0916
      vertex 1.43579 -10.9059 24
      vertex 1.38802 -10.9106 17.1827
    endloop
  endfacet
  facet normal 0.0992101 -0.995067 -9.71362e-06
    outer loop
      vertex 1.4 -10.9094 17
      vertex 1.43579 -10.9059 24
      vertex 1.397 -10.9097 17.0916
    endloop
  endfacet
  facet normal 0.0979416 -0.995192 0
    outer loop
      vertex 1.43579 -10.9059 0
      vertex 0.719434 -10.9764 15.7996
      vertex 0.719434 -10.9764 0
    endloop
  endfacet
  facet normal 0.0972208 -0.995263 -3.29953e-05
    outer loop
      vertex 0.719434 -10.9764 15.7996
      vertex 1.43579 -10.9059 0
      vertex 0.777798 -10.9707 15.8359
    endloop
  endfacet
  facet normal 0.0975752 -0.995228 -1.8128e-05
    outer loop
      vertex 0.777798 -10.9707 15.8359
      vertex 1.43579 -10.9059 0
      vertex 0.852265 -10.9634 15.8893
    endloop
  endfacet
  facet normal 0.0983567 -0.995151 1.08517e-05
    outer loop
      vertex 0.852265 -10.9634 15.8893
      vertex 1.43579 -10.9059 0
      vertex 0.923083 -10.9564 15.9474
    endloop
  endfacet
  facet normal 0.0982215 -0.995165 6.46257e-06
    outer loop
      vertex 0.923083 -10.9564 15.9474
      vertex 1.43579 -10.9059 0
      vertex 0.989949 -10.9498 16.01
    endloop
  endfacet
  facet normal 0.098496 -0.995137 1.41802e-05
    outer loop
      vertex 0.989949 -10.9498 16.01
      vertex 1.43579 -10.9059 0
      vertex 1.05258 -10.9436 16.0769
    endloop
  endfacet
  facet normal 0.0976294 -0.995223 -6.67719e-06
    outer loop
      vertex 1.05258 -10.9436 16.0769
      vertex 1.43579 -10.9059 0
      vertex 1.11069 -10.9379 16.1477
    endloop
  endfacet
  facet normal 0.0970007 -0.995284 -1.94558e-05
    outer loop
      vertex 1.11069 -10.9379 16.1477
      vertex 1.43579 -10.9059 0
      vertex 1.16406 -10.9327 16.2222
    endloop
  endfacet
  facet normal 0.0987343 -0.995114 9.86459e-06
    outer loop
      vertex 1.16406 -10.9327 16.2222
      vertex 1.43579 -10.9059 0
      vertex 1.21243 -10.9279 16.3
    endloop
  endfacet
  facet normal 0.0990441 -0.995083 1.41508e-05
    outer loop
      vertex 1.21243 -10.9279 16.3
      vertex 1.43579 -10.9059 0
      vertex 1.25562 -10.9236 16.3808
    endloop
  endfacet
  facet normal 0.0974014 -0.995245 -4.09153e-06
    outer loop
      vertex 1.25562 -10.9236 16.3808
      vertex 1.43579 -10.9059 0
      vertex 1.29343 -10.9199 16.4642
    endloop
  endfacet
  facet normal 0.0986611 -0.995121 6.90616e-06
    outer loop
      vertex 1.29343 -10.9199 16.4642
      vertex 1.43579 -10.9059 0
      vertex 1.3257 -10.9167 16.55
    endloop
  endfacet
  facet normal 0.0972883 -0.995256 -2.31401e-06
    outer loop
      vertex 1.3257 -10.9167 16.55
      vertex 1.43579 -10.9059 0
      vertex 1.3523 -10.9141 16.6377
    endloop
  endfacet
  facet normal 0.0957552 -0.995405 -1.00804e-05
    outer loop
      vertex 1.3523 -10.9141 16.6377
      vertex 1.43579 -10.9059 0
      vertex 1.3731 -10.9121 16.7269
    endloop
  endfacet
  facet normal 0.0999961 -0.994988 5.96839e-06
    outer loop
      vertex 1.3731 -10.9121 16.7269
      vertex 1.43579 -10.9059 0
      vertex 1.38802 -10.9106 16.8173
    endloop
  endfacet
  facet normal 0.0973284 -0.995252 0
    outer loop
      vertex 1.4 -10.9094 17
      vertex 1.43579 -10.9059 0
      vertex 1.43579 -10.9059 24
    endloop
  endfacet
  facet normal 0.0993724 -0.99505 4.34477e-06
    outer loop
      vertex 1.397 -10.9097 16.9084
      vertex 1.43579 -10.9059 0
      vertex 1.4 -10.9094 17
    endloop
  endfacet
  facet normal 0.0996725 -0.99502 5.04007e-06
    outer loop
      vertex 1.38802 -10.9106 16.8173
      vertex 1.43579 -10.9059 0
      vertex 1.397 -10.9097 16.9084
    endloop
  endfacet
  facet normal -0.729859 0.683598 0
    outer loop
      vertex -8.27024 7.2528 0
      vertex -7.77817 7.77817 24
      vertex -7.77817 7.77817 0
    endloop
  endfacet
  facet normal -0.729859 0.683598 0
    outer loop
      vertex -7.77817 7.77817 24
      vertex -8.27024 7.2528 0
      vertex -8.27024 7.2528 24
    endloop
  endfacet
  facet normal -0.773011 0.634393 0
    outer loop
      vertex -8.72689 6.69637 0
      vertex -8.27024 7.2528 24
      vertex -8.27024 7.2528 0
    endloop
  endfacet
  facet normal -0.773011 0.634393 0
    outer loop
      vertex -8.27024 7.2528 24
      vertex -8.72689 6.69637 0
      vertex -8.72689 6.69637 24
    endloop
  endfacet
  facet normal -0.88192 0.471399 0
    outer loop
      vertex -9.8656 4.86518 0
      vertex -9.52628 5.5 24
      vertex -9.52628 5.5 0
    endloop
  endfacet
  facet normal -0.88192 0.471399 0
    outer loop
      vertex -9.52628 5.5 24
      vertex -9.8656 4.86518 0
      vertex -9.8656 4.86518 24
    endloop
  endfacet
  facet normal 0.528076 -0.849197 0
    outer loop
      vertex 5.5 -9.52628 0
      vertex 6.11127 -9.14616 24
      vertex 5.5 -9.52628 24
    endloop
  endfacet
  facet normal 0.528076 -0.849197 0
    outer loop
      vertex 6.11127 -9.14616 24
      vertex 5.5 -9.52628 0
      vertex 6.11127 -9.14616 0
    endloop
  endfacet
  facet normal -0.0327859 -0.999462 6.47909e-07
    outer loop
      vertex -0.0915642 -10.997 18.397
      vertex 0 -11 24
      vertex -0.719434 -10.9764 24
    endloop
  endfacet
  facet normal -0.0327463 -0.999464 -0
    outer loop
      vertex 0 -11 24
      vertex -0.0915642 -10.997 18.397
      vertex 0 -11 18.4
    endloop
  endfacet
  facet normal -0.0328861 -0.999459 -1.05857e-05
    outer loop
      vertex -0.719434 -10.9764 24
      vertex -0.182736 -10.994 18.388
      vertex -0.0915642 -10.997 18.397
    endloop
  endfacet
  facet normal -0.0320777 -0.999485 6.68045e-05
    outer loop
      vertex -0.719434 -10.9764 24
      vertex -0.273126 -10.9911 18.3731
      vertex -0.182736 -10.994 18.388
    endloop
  endfacet
  facet normal -0.0335929 -0.999436 -5.35082e-05
    outer loop
      vertex -0.719434 -10.9764 24
      vertex -0.362347 -10.9881 18.3523
      vertex -0.273126 -10.9911 18.3731
    endloop
  endfacet
  facet normal -0.0319379 -0.99949 5.1244e-05
    outer loop
      vertex -0.719434 -10.9764 24
      vertex -0.450015 -10.9853 18.3257
      vertex -0.362347 -10.9881 18.3523
    endloop
  endfacet
  facet normal -0.0326457 -0.999467 1.76023e-05
    outer loop
      vertex -0.719434 -10.9764 24
      vertex -0.535756 -10.9825 18.2934
      vertex -0.450015 -10.9853 18.3257
    endloop
  endfacet
  facet normal -0.03353 -0.999438 -1.08924e-05
    outer loop
      vertex -0.719434 -10.9764 24
      vertex -0.619204 -10.9797 18.2556
      vertex -0.535756 -10.9825 18.2934
    endloop
  endfacet
  facet normal -0.03217 -0.999482 1.28629e-05
    outer loop
      vertex -0.719434 -10.9764 24
      vertex -0.7 -10.9771 18.2124
      vertex -0.619204 -10.9797 18.2556
    endloop
  endfacet
  facet normal -0.035996 -0.999352 0
    outer loop
      vertex -0.7 -10.9771 18.2124
      vertex -0.719434 -10.9764 24
      vertex -0.719434 -10.9764 18.2003
    endloop
  endfacet
  facet normal -0.035996 -0.999352 0
    outer loop
      vertex -0.719434 -10.9764 0
      vertex -0.7 -10.9771 15.7876
      vertex -0.719434 -10.9764 15.7996
    endloop
  endfacet
  facet normal -0.0321657 -0.999483 -4.72079e-06
    outer loop
      vertex -0.719434 -10.9764 0
      vertex -0.619204 -10.9797 15.7444
      vertex -0.7 -10.9771 15.7876
    endloop
  endfacet
  facet normal -0.0335332 -0.999438 3.99403e-06
    outer loop
      vertex -0.719434 -10.9764 0
      vertex -0.535756 -10.9825 15.7066
      vertex -0.619204 -10.9797 15.7444
    endloop
  endfacet
  facet normal -0.0326415 -0.999467 -6.44451e-06
    outer loop
      vertex -0.719434 -10.9764 0
      vertex -0.450015 -10.9853 15.6743
      vertex -0.535756 -10.9825 15.7066
    endloop
  endfacet
  facet normal -0.0319281 -0.99949 -1.87206e-05
    outer loop
      vertex -0.719434 -10.9764 0
      vertex -0.362347 -10.9881 15.6477
      vertex -0.450015 -10.9853 15.6743
    endloop
  endfacet
  facet normal -0.0336008 -0.999435 1.94936e-05
    outer loop
      vertex -0.719434 -10.9764 0
      vertex -0.273126 -10.9911 15.6269
      vertex -0.362347 -10.9881 15.6477
    endloop
  endfacet
  facet normal -0.0320707 -0.999486 -2.42552e-05
    outer loop
      vertex -0.719434 -10.9764 0
      vertex -0.182736 -10.994 15.612
      vertex -0.273126 -10.9911 15.6269
    endloop
  endfacet
  facet normal -0.0328867 -0.999459 3.82814e-06
    outer loop
      vertex -0.719434 -10.9764 0
      vertex -0.0915642 -10.997 15.603
      vertex -0.182736 -10.994 15.612
    endloop
  endfacet
  facet normal -0.0327464 -0.999464 -1.82566e-06
    outer loop
      vertex -0.719434 -10.9764 0
      vertex 0 -11 15.6
      vertex -0.0915642 -10.997 15.603
    endloop
  endfacet
  facet normal -0.0327859 -0.999462 -0
    outer loop
      vertex 0 -11 15.6
      vertex -0.719434 -10.9764 0
      vertex 0 -11 0
    endloop
  endfacet
  facet normal -0.849197 -0.528076 0
    outer loop
      vertex -9.14616 -6.11127 0
      vertex -9.52628 -5.5 24
      vertex -9.52628 -5.5 0
    endloop
  endfacet
  facet normal -0.849197 -0.528076 0
    outer loop
      vertex -9.52628 -5.5 24
      vertex -9.14616 -6.11127 0
      vertex -9.14616 -6.11127 24
    endloop
  endfacet
  facet normal -0.412735 -0.910851 0
    outer loop
      vertex -4.86518 -9.8656 0
      vertex -4.20952 -10.1627 24
      vertex -4.86518 -9.8656 24
    endloop
  endfacet
  facet normal -0.412735 -0.910851 -0
    outer loop
      vertex -4.20952 -10.1627 24
      vertex -4.86518 -9.8656 0
      vertex -4.20952 -10.1627 0
    endloop
  endfacet
  facet normal -0.995183 0.0980299 0
    outer loop
      vertex -10.967 0.815513 0
      vertex -10.9059 1.43579 24
      vertex -10.9059 1.43579 0
    endloop
  endfacet
  facet normal -0.995183 0.0980299 0
    outer loop
      vertex -10.9059 1.43579 24
      vertex -10.967 0.815513 0
      vertex -10.967 0.815513 24
    endloop
  endfacet
  facet normal -0.910851 0.412735 0
    outer loop
      vertex -10.1627 4.20952 0
      vertex -9.8656 4.86518 24
      vertex -9.8656 4.86518 0
    endloop
  endfacet
  facet normal -0.910851 0.412735 0
    outer loop
      vertex -9.8656 4.86518 24
      vertex -10.1627 4.20952 0
      vertex -10.1627 4.20952 24
    endloop
  endfacet
  facet normal -0.849197 0.528076 0
    outer loop
      vertex -9.52628 5.5 0
      vertex -9.14616 6.11127 24
      vertex -9.14616 6.11127 0
    endloop
  endfacet
  facet normal -0.849197 0.528076 0
    outer loop
      vertex -9.14616 6.11127 24
      vertex -9.52628 5.5 0
      vertex -9.52628 5.5 24
    endloop
  endfacet
  facet normal -0.986633 0.162957 0
    outer loop
      vertex -10.9059 1.43579 0
      vertex -10.7886 2.14599 24
      vertex -10.7886 2.14599 0
    endloop
  endfacet
  facet normal -0.986633 0.162957 0
    outer loop
      vertex -10.7886 2.14599 24
      vertex -10.9059 1.43579 0
      vertex -10.9059 1.43579 24
    endloop
  endfacet
  facet normal 0.812851 0.582472 0
    outer loop
      vertex 9.14616 6.11127 24
      vertex 8.72689 6.69637 0
      vertex 8.72689 6.69637 24
    endloop
  endfacet
  facet normal 0.812851 0.582472 0
    outer loop
      vertex 8.72689 6.69637 0
      vertex 9.14616 6.11127 24
      vertex 9.14616 6.11127 0
    endloop
  endfacet
  facet normal 0 0 1
    outer loop
      vertex 10.1515 0 24
      vertex 10.9059 1.43579 24
      vertex 10.7886 2.14599 24
    endloop
  endfacet
  facet normal 0 0 1
    outer loop
      vertex 6.6203 1.31686 24
      vertex 10.7886 2.14599 24
      vertex 10.6252 2.84701 24
    endloop
  endfacet
  facet normal 0 0 1
    outer loop
      vertex 6.52 1.74703 24
      vertex 10.6252 2.84701 24
      vertex 10.4162 3.53583 24
    endloop
  endfacet
  facet normal 0 0 1
    outer loop
      vertex 6.39178 2.16972 24
      vertex 10.4162 3.53583 24
      vertex 10.1627 4.20952 24
    endloop
  endfacet
  facet normal 0 0 1
    outer loop
      vertex 10.6252 2.84701 24
      vertex 6.52 1.74703 24
      vertex 6.6203 1.31686 24
    endloop
  endfacet
  facet normal 0 0 1
    outer loop
      vertex 6.23619 2.58311 24
      vertex 10.1627 4.20952 24
      vertex 9.8656 4.86518 24
    endloop
  endfacet
  facet normal 0 0 1
    outer loop
      vertex 10.1515 0 24
      vertex 10.9059 -1.43579 24
      vertex 10.967 -0.815513 24
    endloop
  endfacet
  facet normal 0 0 1
    outer loop
      vertex 10.9059 -1.43579 24
      vertex 10.1515 0 24
      vertex 10.7886 -2.14599 24
    endloop
  endfacet
  facet normal -0 0 1
    outer loop
      vertex 6.6203 -1.31686 24
      vertex 10.7886 -2.14599 24
      vertex 10.1515 0 24
    endloop
  endfacet
  facet normal 0 0 1
    outer loop
      vertex 10.7886 -2.14599 24
      vertex 6.6203 -1.31686 24
      vertex 10.6252 -2.84701 24
    endloop
  endfacet
  facet normal -0 0 1
    outer loop
      vertex 6.52 -1.74703 24
      vertex 10.6252 -2.84701 24
      vertex 6.6203 -1.31686 24
    endloop
  endfacet
  facet normal 0 0 1
    outer loop
      vertex 10.9059 1.43579 24
      vertex 10.1515 0 24
      vertex 10.967 0.815513 24
    endloop
  endfacet
  facet normal 0 0 1
    outer loop
      vertex 6.73555 -0.441471 24
      vertex 10.1515 0 24
      vertex 6.75 0 24
    endloop
  endfacet
  facet normal 0 0 1
    outer loop
      vertex 6.05389 2.98545 24
      vertex 9.8656 4.86518 24
      vertex 9.52628 5.5 24
    endloop
  endfacet
  facet normal 0 0 1
    outer loop
      vertex 6.69225 -0.881051 24
      vertex 10.1515 0 24
      vertex 6.73555 -0.441471 24
    endloop
  endfacet
  facet normal 0 0 1
    outer loop
      vertex 5.84567 3.375 24
      vertex 9.52628 5.5 24
      vertex 9.14616 6.11127 24
    endloop
  endfacet
  facet normal 0 0 1
    outer loop
      vertex 6.6203 -1.31686 24
      vertex 10.1515 0 24
      vertex 6.69225 -0.881051 24
    endloop
  endfacet
  facet normal 0 0 1
    outer loop
      vertex 5.61242 3.7501 24
      vertex 9.14616 6.11127 24
      vertex 8.72689 6.69637 24
    endloop
  endfacet
  facet normal 0 0 1
    outer loop
      vertex 10.6252 -2.84701 24
      vertex 6.52 -1.74703 24
      vertex 10.4162 -3.53583 24
    endloop
  endfacet
  facet normal 0 0 1
    outer loop
      vertex 5.35513 4.10914 24
      vertex 8.72689 6.69637 24
      vertex 8.27024 7.2528 24
    endloop
  endfacet
  facet normal -0 0 1
    outer loop
      vertex 6.39178 -2.16972 24
      vertex 10.4162 -3.53583 24
      vertex 6.52 -1.74703 24
    endloop
  endfacet
  facet normal 0 0 1
    outer loop
      vertex 5.07492 4.45058 24
      vertex 8.27024 7.2528 24
      vertex 7.77817 7.77817 24
    endloop
  endfacet
  facet normal 0 0 1
    outer loop
      vertex 10.4162 -3.53583 24
      vertex 6.39178 -2.16972 24
      vertex 10.1627 -4.20952 24
    endloop
  endfacet
  facet normal 0 0 1
    outer loop
      vertex 4.77297 4.77297 24
      vertex 7.77817 7.77817 24
      vertex 7.2528 8.27024 24
    endloop
  endfacet
  facet normal -0 0 1
    outer loop
      vertex 6.23619 -2.58311 24
      vertex 10.1627 -4.20952 24
      vertex 6.39178 -2.16972 24
    endloop
  endfacet
  facet normal 0 0 1
    outer loop
      vertex 10.1627 -4.20952 24
      vertex 6.23619 -2.58311 24
      vertex 9.8656 -4.86518 24
    endloop
  endfacet
  facet normal 0 0 1
    outer loop
      vertex 10.1515 0 24
      vertex 6.73555 0.441471 24
      vertex 6.75 0 24
    endloop
  endfacet
  facet normal 0 0 1
    outer loop
      vertex 4.45058 5.07492 24
      vertex 7.2528 8.27024 24
      vertex 6.69637 8.72689 24
    endloop
  endfacet
  facet normal 0 0 1
    outer loop
      vertex 10.1515 0 24
      vertex 6.69225 0.881051 24
      vertex 6.73555 0.441471 24
    endloop
  endfacet
  facet normal 0 0 1
    outer loop
      vertex 10.1515 0 24
      vertex 6.6203 1.31686 24
      vertex 6.69225 0.881051 24
    endloop
  endfacet
  facet normal 0 0 1
    outer loop
      vertex 10.7886 2.14599 24
      vertex 6.6203 1.31686 24
      vertex 10.1515 0 24
    endloop
  endfacet
  facet normal 0 0 1
    outer loop
      vertex 10.4162 3.53583 24
      vertex 6.39178 2.16972 24
      vertex 6.52 1.74703 24
    endloop
  endfacet
  facet normal 0 0 1
    outer loop
      vertex 10.1627 4.20952 24
      vertex 6.23619 2.58311 24
      vertex 6.39178 2.16972 24
    endloop
  endfacet
  facet normal 0 0 1
    outer loop
      vertex 4.10914 5.35513 24
      vertex 6.69637 8.72689 24
      vertex 6.11127 9.14616 24
    endloop
  endfacet
  facet normal 0 0 1
    outer loop
      vertex 9.8656 4.86518 24
      vertex 6.05389 2.98545 24
      vertex 6.23619 2.58311 24
    endloop
  endfacet
  facet normal 0 0 1
    outer loop
      vertex 9.52628 5.5 24
      vertex 5.84567 3.375 24
      vertex 6.05389 2.98545 24
    endloop
  endfacet
  facet normal 0 0 1
    outer loop
      vertex 9.14616 6.11127 24
      vertex 5.61242 3.7501 24
      vertex 5.84567 3.375 24
    endloop
  endfacet
  facet normal 0 0 1
    outer loop
      vertex 3.7501 5.61242 24
      vertex 6.11127 9.14616 24
      vertex 5.5 9.52628 24
    endloop
  endfacet
  facet normal 0 0 1
    outer loop
      vertex 8.72689 6.69637 24
      vertex 5.35513 4.10914 24
      vertex 5.61242 3.7501 24
    endloop
  endfacet
  facet normal 0 0 1
    outer loop
      vertex 8.27024 7.2528 24
      vertex 5.07492 4.45058 24
      vertex 5.35513 4.10914 24
    endloop
  endfacet
  facet normal 0 0 1
    outer loop
      vertex 3.375 5.84567 24
      vertex 5.5 9.52628 24
      vertex 4.86518 9.8656 24
    endloop
  endfacet
  facet normal 0 0 1
    outer loop
      vertex 7.77817 7.77817 24
      vertex 4.77297 4.77297 24
      vertex 5.07492 4.45058 24
    endloop
  endfacet
  facet normal 0 0 1
    outer loop
      vertex 7.2528 8.27024 24
      vertex 4.45058 5.07492 24
      vertex 4.77297 4.77297 24
    endloop
  endfacet
  facet normal 0 0 1
    outer loop
      vertex 2.98545 6.05389 24
      vertex 4.86518 9.8656 24
      vertex 4.20952 10.1627 24
    endloop
  endfacet
  facet normal 0 0 1
    outer loop
      vertex 6.69637 8.72689 24
      vertex 4.10914 5.35513 24
      vertex 4.45058 5.07492 24
    endloop
  endfacet
  facet normal 0 0 1
    outer loop
      vertex 6.11127 9.14616 24
      vertex 3.7501 5.61242 24
      vertex 4.10914 5.35513 24
    endloop
  endfacet
  facet normal 0 0 1
    outer loop
      vertex 2.58311 6.23619 24
      vertex 4.20952 10.1627 24
      vertex 3.53583 10.4162 24
    endloop
  endfacet
  facet normal 0 0 1
    outer loop
      vertex 5.5 9.52628 24
      vertex 3.375 5.84567 24
      vertex 3.7501 5.61242 24
    endloop
  endfacet
  facet normal 0 0 1
    outer loop
      vertex 4.86518 9.8656 24
      vertex 2.98545 6.05389 24
      vertex 3.375 5.84567 24
    endloop
  endfacet
  facet normal 0 0 1
    outer loop
      vertex 2.16972 6.39178 24
      vertex 3.53583 10.4162 24
      vertex 2.84701 10.6252 24
    endloop
  endfacet
  facet normal 0 0 1
    outer loop
      vertex 4.20952 10.1627 24
      vertex 2.58311 6.23619 24
      vertex 2.98545 6.05389 24
    endloop
  endfacet
  facet normal 0 0 1
    outer loop
      vertex 3.53583 10.4162 24
      vertex 2.16972 6.39178 24
      vertex 2.58311 6.23619 24
    endloop
  endfacet
  facet normal 0 0 1
    outer loop
      vertex 1.74703 6.52 24
      vertex 2.84701 10.6252 24
      vertex 2.14599 10.7886 24
    endloop
  endfacet
  facet normal 0 0 1
    outer loop
      vertex 2.84701 10.6252 24
      vertex 1.74703 6.52 24
      vertex 2.16972 6.39178 24
    endloop
  endfacet
  facet normal 0 0 1
    outer loop
      vertex 1.31686 6.6203 24
      vertex 2.14599 10.7886 24
      vertex 1.43579 10.9059 24
    endloop
  endfacet
  facet normal 0 0 1
    outer loop
      vertex 2.14599 10.7886 24
      vertex 1.31686 6.6203 24
      vertex 1.74703 6.52 24
    endloop
  endfacet
  facet normal 0 0 1
    outer loop
      vertex 1.43579 10.9059 24
      vertex 0.881051 6.69225 24
      vertex 1.31686 6.6203 24
    endloop
  endfacet
  facet normal 0 0 1
    outer loop
      vertex 0.719434 10.9764 24
      vertex 0.881051 6.69225 24
      vertex 1.43579 10.9059 24
    endloop
  endfacet
  facet normal 0 0 1
    outer loop
      vertex 0.719434 10.9764 24
      vertex 0.441471 6.73555 24
      vertex 0.881051 6.69225 24
    endloop
  endfacet
  facet normal 0 0 1
    outer loop
      vertex 0 11 24
      vertex 0.441471 6.73555 24
      vertex 0.719434 10.9764 24
    endloop
  endfacet
  facet normal 0 0 1
    outer loop
      vertex 0 11 24
      vertex 0 6.75 24
      vertex 0.441471 6.73555 24
    endloop
  endfacet
  facet normal 0 0 1
    outer loop
      vertex 0 11 24
      vertex -0.441471 6.73555 24
      vertex 0 6.75 24
    endloop
  endfacet
  facet normal -0 0 1
    outer loop
      vertex -0.719434 10.9764 24
      vertex -0.441471 6.73555 24
      vertex 0 11 24
    endloop
  endfacet
  facet normal 0 0 1
    outer loop
      vertex -0.719434 10.9764 24
      vertex -0.881051 6.69225 24
      vertex -0.441471 6.73555 24
    endloop
  endfacet
  facet normal -0 0 1
    outer loop
      vertex -1.43579 10.9059 24
      vertex -0.881051 6.69225 24
      vertex -0.719434 10.9764 24
    endloop
  endfacet
  facet normal 0 0 1
    outer loop
      vertex -0.881051 6.69225 24
      vertex -1.43579 10.9059 24
      vertex -1.31686 6.6203 24
    endloop
  endfacet
  facet normal -0 0 1
    outer loop
      vertex -2.14599 10.7886 24
      vertex -1.31686 6.6203 24
      vertex -1.43579 10.9059 24
    endloop
  endfacet
  facet normal 0 0 1
    outer loop
      vertex -1.31686 6.6203 24
      vertex -2.14599 10.7886 24
      vertex -1.74703 6.52 24
    endloop
  endfacet
  facet normal -0 0 1
    outer loop
      vertex -2.84701 10.6252 24
      vertex -1.74703 6.52 24
      vertex -2.14599 10.7886 24
    endloop
  endfacet
  facet normal 0 0 1
    outer loop
      vertex -1.74703 6.52 24
      vertex -2.84701 10.6252 24
      vertex -2.16972 6.39178 24
    endloop
  endfacet
  facet normal -0 0 1
    outer loop
      vertex -3.53583 10.4162 24
      vertex -2.16972 6.39178 24
      vertex -2.84701 10.6252 24
    endloop
  endfacet
  facet normal 0 0 1
    outer loop
      vertex -2.16972 6.39178 24
      vertex -3.53583 10.4162 24
      vertex -2.58311 6.23619 24
    endloop
  endfacet
  facet normal -0 0 1
    outer loop
      vertex -4.20952 10.1627 24
      vertex -2.58311 6.23619 24
      vertex -3.53583 10.4162 24
    endloop
  endfacet
  facet normal 0 0 1
    outer loop
      vertex -2.58311 6.23619 24
      vertex -4.20952 10.1627 24
      vertex -2.98545 6.05389 24
    endloop
  endfacet
  facet normal -0 0 1
    outer loop
      vertex -4.86518 9.8656 24
      vertex -2.98545 6.05389 24
      vertex -4.20952 10.1627 24
    endloop
  endfacet
  facet normal 0 0 1
    outer loop
      vertex -2.98545 6.05389 24
      vertex -4.86518 9.8656 24
      vertex -3.375 5.84567 24
    endloop
  endfacet
  facet normal -0 0 1
    outer loop
      vertex -5.5 9.52628 24
      vertex -3.375 5.84567 24
      vertex -4.86518 9.8656 24
    endloop
  endfacet
  facet normal 0 0 1
    outer loop
      vertex -3.375 5.84567 24
      vertex -5.5 9.52628 24
      vertex -3.7501 5.61242 24
    endloop
  endfacet
  facet normal -0 0 1
    outer loop
      vertex -6.11127 9.14616 24
      vertex -3.7501 5.61242 24
      vertex -5.5 9.52628 24
    endloop
  endfacet
  facet normal 0 0 1
    outer loop
      vertex -3.7501 5.61242 24
      vertex -6.11127 9.14616 24
      vertex -4.10914 5.35513 24
    endloop
  endfacet
  facet normal -0 0 1
    outer loop
      vertex -6.69637 8.72689 24
      vertex -4.10914 5.35513 24
      vertex -6.11127 9.14616 24
    endloop
  endfacet
  facet normal 0 0 1
    outer loop
      vertex -4.10914 5.35513 24
      vertex -6.69637 8.72689 24
      vertex -4.45058 5.07492 24
    endloop
  endfacet
  facet normal -0 0 1
    outer loop
      vertex -7.2528 8.27024 24
      vertex -4.45058 5.07492 24
      vertex -6.69637 8.72689 24
    endloop
  endfacet
  facet normal 0 0 1
    outer loop
      vertex -4.45058 5.07492 24
      vertex -7.2528 8.27024 24
      vertex -4.77297 4.77297 24
    endloop
  endfacet
  facet normal -0 0 1
    outer loop
      vertex -7.77817 7.77817 24
      vertex -4.77297 4.77297 24
      vertex -7.2528 8.27024 24
    endloop
  endfacet
  facet normal 0 0 1
    outer loop
      vertex -4.77297 4.77297 24
      vertex -7.77817 7.77817 24
      vertex -5.07492 4.45058 24
    endloop
  endfacet
  facet normal -0 0 1
    outer loop
      vertex -8.27024 7.2528 24
      vertex -5.07492 4.45058 24
      vertex -7.77817 7.77817 24
    endloop
  endfacet
  facet normal 0 0 1
    outer loop
      vertex -5.07492 4.45058 24
      vertex -8.27024 7.2528 24
      vertex -5.35513 4.10914 24
    endloop
  endfacet
  facet normal -0 0 1
    outer loop
      vertex -8.72689 6.69637 24
      vertex -5.35513 4.10914 24
      vertex -8.27024 7.2528 24
    endloop
  endfacet
  facet normal 0 0 1
    outer loop
      vertex -5.35513 4.10914 24
      vertex -8.72689 6.69637 24
      vertex -5.61242 3.7501 24
    endloop
  endfacet
  facet normal -0 0 1
    outer loop
      vertex -9.14616 6.11127 24
      vertex -5.61242 3.7501 24
      vertex -8.72689 6.69637 24
    endloop
  endfacet
  facet normal 0 0 1
    outer loop
      vertex -5.61242 3.7501 24
      vertex -9.14616 6.11127 24
      vertex -5.84567 3.375 24
    endloop
  endfacet
  facet normal -0 0 1
    outer loop
      vertex -9.52628 5.5 24
      vertex -5.84567 3.375 24
      vertex -9.14616 6.11127 24
    endloop
  endfacet
  facet normal 0 0 1
    outer loop
      vertex -5.84567 3.375 24
      vertex -9.52628 5.5 24
      vertex -6.05389 2.98545 24
    endloop
  endfacet
  facet normal -0 0 1
    outer loop
      vertex -9.8656 4.86518 24
      vertex -6.05389 2.98545 24
      vertex -9.52628 5.5 24
    endloop
  endfacet
  facet normal 0 0 1
    outer loop
      vertex -6.05389 2.98545 24
      vertex -9.8656 4.86518 24
      vertex -6.23619 2.58311 24
    endloop
  endfacet
  facet normal 0 0 1
    outer loop
      vertex -6.23619 -2.58311 24
      vertex -10.1627 -4.20952 24
      vertex -9.8656 -4.86518 24
    endloop
  endfacet
  facet normal 0 0 1
    outer loop
      vertex -6.52 -1.74703 24
      vertex -10.4162 -3.53583 24
      vertex -10.1627 -4.20952 24
    endloop
  endfacet
  facet normal 0 0 1
    outer loop
      vertex -6.52 -1.74703 24
      vertex -10.6252 -2.84701 24
      vertex -10.4162 -3.53583 24
    endloop
  endfacet
  facet normal 0 0 1
    outer loop
      vertex -6.52 -1.74703 24
      vertex -10.7886 -2.14599 24
      vertex -10.6252 -2.84701 24
    endloop
  endfacet
  facet normal 0 0 1
    outer loop
      vertex -10.1515 0 24
      vertex -10.9059 -1.43579 24
      vertex -10.7886 -2.14599 24
    endloop
  endfacet
  facet normal 0 -0 1
    outer loop
      vertex -10.9059 -1.43579 24
      vertex -10.1515 0 24
      vertex -10.967 -0.815513 24
    endloop
  endfacet
  facet normal -0 0 1
    outer loop
      vertex 6.05389 -2.98545 24
      vertex 9.8656 -4.86518 24
      vertex 6.23619 -2.58311 24
    endloop
  endfacet
  facet normal 0 0 1
    outer loop
      vertex 9.8656 -4.86518 24
      vertex 6.05389 -2.98545 24
      vertex 9.52628 -5.5 24
    endloop
  endfacet
  facet normal -0 0 1
    outer loop
      vertex 5.84567 -3.375 24
      vertex 9.52628 -5.5 24
      vertex 6.05389 -2.98545 24
    endloop
  endfacet
  facet normal 0 0 1
    outer loop
      vertex 9.52628 -5.5 24
      vertex 5.84567 -3.375 24
      vertex 9.14616 -6.11127 24
    endloop
  endfacet
  facet normal -0 0 1
    outer loop
      vertex 5.61242 -3.7501 24
      vertex 9.14616 -6.11127 24
      vertex 5.84567 -3.375 24
    endloop
  endfacet
  facet normal 0 0 1
    outer loop
      vertex 9.14616 -6.11127 24
      vertex 5.61242 -3.7501 24
      vertex 8.72689 -6.69637 24
    endloop
  endfacet
  facet normal -0 0 1
    outer loop
      vertex 5.35513 -4.10914 24
      vertex 8.72689 -6.69637 24
      vertex 5.61242 -3.7501 24
    endloop
  endfacet
  facet normal 0 0 1
    outer loop
      vertex 8.72689 -6.69637 24
      vertex 5.35513 -4.10914 24
      vertex 8.27024 -7.2528 24
    endloop
  endfacet
  facet normal -0 0 1
    outer loop
      vertex 5.07492 -4.45058 24
      vertex 8.27024 -7.2528 24
      vertex 5.35513 -4.10914 24
    endloop
  endfacet
  facet normal 0 0 1
    outer loop
      vertex 8.27024 -7.2528 24
      vertex 5.07492 -4.45058 24
      vertex 7.77817 -7.77817 24
    endloop
  endfacet
  facet normal -0 0 1
    outer loop
      vertex 4.77297 -4.77297 24
      vertex 7.77817 -7.77817 24
      vertex 5.07492 -4.45058 24
    endloop
  endfacet
  facet normal 0 0 1
    outer loop
      vertex 7.77817 -7.77817 24
      vertex 4.77297 -4.77297 24
      vertex 7.2528 -8.27024 24
    endloop
  endfacet
  facet normal -0 0 1
    outer loop
      vertex 4.45058 -5.07492 24
      vertex 7.2528 -8.27024 24
      vertex 4.77297 -4.77297 24
    endloop
  endfacet
  facet normal 0 0 1
    outer loop
      vertex 7.2528 -8.27024 24
      vertex 4.45058 -5.07492 24
      vertex 6.69637 -8.72689 24
    endloop
  endfacet
  facet normal -0 0 1
    outer loop
      vertex 4.10914 -5.35513 24
      vertex 6.69637 -8.72689 24
      vertex 4.45058 -5.07492 24
    endloop
  endfacet
  facet normal 0 0 1
    outer loop
      vertex 6.69637 -8.72689 24
      vertex 4.10914 -5.35513 24
      vertex 6.11127 -9.14616 24
    endloop
  endfacet
  facet normal -0 0 1
    outer loop
      vertex 3.7501 -5.61242 24
      vertex 6.11127 -9.14616 24
      vertex 4.10914 -5.35513 24
    endloop
  endfacet
  facet normal 0 0 1
    outer loop
      vertex 6.11127 -9.14616 24
      vertex 3.7501 -5.61242 24
      vertex 5.5 -9.52628 24
    endloop
  endfacet
  facet normal -0 0 1
    outer loop
      vertex 3.375 -5.84567 24
      vertex 5.5 -9.52628 24
      vertex 3.7501 -5.61242 24
    endloop
  endfacet
  facet normal 0 0 1
    outer loop
      vertex 5.5 -9.52628 24
      vertex 3.375 -5.84567 24
      vertex 4.86518 -9.8656 24
    endloop
  endfacet
  facet normal -0 0 1
    outer loop
      vertex 2.98545 -6.05389 24
      vertex 4.86518 -9.8656 24
      vertex 3.375 -5.84567 24
    endloop
  endfacet
  facet normal 0 0 1
    outer loop
      vertex 4.86518 -9.8656 24
      vertex 2.98545 -6.05389 24
      vertex 4.20952 -10.1627 24
    endloop
  endfacet
  facet normal -0 0 1
    outer loop
      vertex 2.58311 -6.23619 24
      vertex 4.20952 -10.1627 24
      vertex 2.98545 -6.05389 24
    endloop
  endfacet
  facet normal 0 0 1
    outer loop
      vertex 4.20952 -10.1627 24
      vertex 2.58311 -6.23619 24
      vertex 3.53583 -10.4162 24
    endloop
  endfacet
  facet normal -0 0 1
    outer loop
      vertex 2.16972 -6.39178 24
      vertex 3.53583 -10.4162 24
      vertex 2.58311 -6.23619 24
    endloop
  endfacet
  facet normal 0 0 1
    outer loop
      vertex 3.53583 -10.4162 24
      vertex 2.16972 -6.39178 24
      vertex 2.84701 -10.6252 24
    endloop
  endfacet
  facet normal -0 0 1
    outer loop
      vertex 1.74703 -6.52 24
      vertex 2.84701 -10.6252 24
      vertex 2.16972 -6.39178 24
    endloop
  endfacet
  facet normal 0 0 1
    outer loop
      vertex 2.84701 -10.6252 24
      vertex 1.74703 -6.52 24
      vertex 2.14599 -10.7886 24
    endloop
  endfacet
  facet normal -0 0 1
    outer loop
      vertex 1.31686 -6.6203 24
      vertex 2.14599 -10.7886 24
      vertex 1.74703 -6.52 24
    endloop
  endfacet
  facet normal 0 0 1
    outer loop
      vertex 2.14599 -10.7886 24
      vertex 1.31686 -6.6203 24
      vertex 1.43579 -10.9059 24
    endloop
  endfacet
  facet normal -0 0 1
    outer loop
      vertex 0.881051 -6.69225 24
      vertex 1.43579 -10.9059 24
      vertex 1.31686 -6.6203 24
    endloop
  endfacet
  facet normal 0 0 1
    outer loop
      vertex 0.881051 -6.69225 24
      vertex 0.719434 -10.9764 24
      vertex 1.43579 -10.9059 24
    endloop
  endfacet
  facet normal -0 0 1
    outer loop
      vertex 0.441471 -6.73555 24
      vertex 0.719434 -10.9764 24
      vertex 0.881051 -6.69225 24
    endloop
  endfacet
  facet normal -0 0 1
    outer loop
      vertex 0 -6.75 24
      vertex 0.719434 -10.9764 24
      vertex 0.441471 -6.73555 24
    endloop
  endfacet
  facet normal 0 0 1
    outer loop
      vertex 0 -6.75 24
      vertex 0 -11 24
      vertex 0.719434 -10.9764 24
    endloop
  endfacet
  facet normal 0 0 1
    outer loop
      vertex -0.441471 -6.73555 24
      vertex 0 -11 24
      vertex 0 -6.75 24
    endloop
  endfacet
  facet normal 0 0 1
    outer loop
      vertex -0.441471 -6.73555 24
      vertex -0.719434 -10.9764 24
      vertex 0 -11 24
    endloop
  endfacet
  facet normal 0 0 1
    outer loop
      vertex -0.881051 -6.69225 24
      vertex -0.719434 -10.9764 24
      vertex -0.441471 -6.73555 24
    endloop
  endfacet
  facet normal 0 0 1
    outer loop
      vertex -1.43579 -10.9059 24
      vertex -0.881051 -6.69225 24
      vertex -1.31686 -6.6203 24
    endloop
  endfacet
  facet normal 0 0 1
    outer loop
      vertex -0.881051 -6.69225 24
      vertex -1.43579 -10.9059 24
      vertex -0.719434 -10.9764 24
    endloop
  endfacet
  facet normal 0 0 1
    outer loop
      vertex -2.14599 -10.7886 24
      vertex -1.31686 -6.6203 24
      vertex -1.74703 -6.52 24
    endloop
  endfacet
  facet normal 0 0 1
    outer loop
      vertex -1.31686 -6.6203 24
      vertex -2.14599 -10.7886 24
      vertex -1.43579 -10.9059 24
    endloop
  endfacet
  facet normal 0 0 1
    outer loop
      vertex -2.84701 -10.6252 24
      vertex -1.74703 -6.52 24
      vertex -2.16972 -6.39178 24
    endloop
  endfacet
  facet normal 0 0 1
    outer loop
      vertex -3.53583 -10.4162 24
      vertex -2.16972 -6.39178 24
      vertex -2.58311 -6.23619 24
    endloop
  endfacet
  facet normal 0 0 1
    outer loop
      vertex -1.74703 -6.52 24
      vertex -2.84701 -10.6252 24
      vertex -2.14599 -10.7886 24
    endloop
  endfacet
  facet normal 0 0 1
    outer loop
      vertex -4.20952 -10.1627 24
      vertex -2.58311 -6.23619 24
      vertex -2.98545 -6.05389 24
    endloop
  endfacet
  facet normal 0 0 1
    outer loop
      vertex -4.86518 -9.8656 24
      vertex -2.98545 -6.05389 24
      vertex -3.375 -5.84567 24
    endloop
  endfacet
  facet normal 0 0 1
    outer loop
      vertex -2.16972 -6.39178 24
      vertex -3.53583 -10.4162 24
      vertex -2.84701 -10.6252 24
    endloop
  endfacet
  facet normal 0 0 1
    outer loop
      vertex -5.5 -9.52628 24
      vertex -3.375 -5.84567 24
      vertex -3.7501 -5.61242 24
    endloop
  endfacet
  facet normal 0 0 1
    outer loop
      vertex -6.11127 -9.14616 24
      vertex -3.7501 -5.61242 24
      vertex -4.10914 -5.35513 24
    endloop
  endfacet
  facet normal 0 0 1
    outer loop
      vertex -2.58311 -6.23619 24
      vertex -4.20952 -10.1627 24
      vertex -3.53583 -10.4162 24
    endloop
  endfacet
  facet normal 0 0 1
    outer loop
      vertex -6.69637 -8.72689 24
      vertex -4.10914 -5.35513 24
      vertex -4.45058 -5.07492 24
    endloop
  endfacet
  facet normal 0 0 1
    outer loop
      vertex -7.2528 -8.27024 24
      vertex -4.45058 -5.07492 24
      vertex -4.77297 -4.77297 24
    endloop
  endfacet
  facet normal 0 0 1
    outer loop
      vertex -2.98545 -6.05389 24
      vertex -4.86518 -9.8656 24
      vertex -4.20952 -10.1627 24
    endloop
  endfacet
  facet normal 0 0 1
    outer loop
      vertex -7.77817 -7.77817 24
      vertex -4.77297 -4.77297 24
      vertex -5.07492 -4.45058 24
    endloop
  endfacet
  facet normal 0 0 1
    outer loop
      vertex -8.27024 -7.2528 24
      vertex -5.07492 -4.45058 24
      vertex -5.35513 -4.10914 24
    endloop
  endfacet
  facet normal 0 0 1
    outer loop
      vertex -3.375 -5.84567 24
      vertex -5.5 -9.52628 24
      vertex -4.86518 -9.8656 24
    endloop
  endfacet
  facet normal 0 0 1
    outer loop
      vertex -8.72689 -6.69637 24
      vertex -5.35513 -4.10914 24
      vertex -5.61242 -3.7501 24
    endloop
  endfacet
  facet normal 0 0 1
    outer loop
      vertex -9.14616 -6.11127 24
      vertex -5.61242 -3.7501 24
      vertex -5.84567 -3.375 24
    endloop
  endfacet
  facet normal 0 0 1
    outer loop
      vertex -9.52628 -5.5 24
      vertex -5.84567 -3.375 24
      vertex -6.05389 -2.98545 24
    endloop
  endfacet
  facet normal 0 0 1
    outer loop
      vertex -3.7501 -5.61242 24
      vertex -6.11127 -9.14616 24
      vertex -5.5 -9.52628 24
    endloop
  endfacet
  facet normal 0 0 1
    outer loop
      vertex -9.8656 -4.86518 24
      vertex -6.05389 -2.98545 24
      vertex -6.23619 -2.58311 24
    endloop
  endfacet
  facet normal 0 0 1
    outer loop
      vertex -10.1627 -4.20952 24
      vertex -6.23619 -2.58311 24
      vertex -6.39178 -2.16972 24
    endloop
  endfacet
  facet normal 0 0 1
    outer loop
      vertex -10.1627 -4.20952 24
      vertex -6.39178 -2.16972 24
      vertex -6.52 -1.74703 24
    endloop
  endfacet
  facet normal 0 0 1
    outer loop
      vertex -10.7886 -2.14599 24
      vertex -6.6203 -1.31686 24
      vertex -10.1515 0 24
    endloop
  endfacet
  facet normal 0 0 1
    outer loop
      vertex -10.1515 0 24
      vertex -6.6203 -1.31686 24
      vertex -6.69225 -0.881051 24
    endloop
  endfacet
  facet normal 0 0 1
    outer loop
      vertex -4.10914 -5.35513 24
      vertex -6.69637 -8.72689 24
      vertex -6.11127 -9.14616 24
    endloop
  endfacet
  facet normal 0 0 1
    outer loop
      vertex -10.1515 0 24
      vertex -6.69225 -0.881051 24
      vertex -6.73555 -0.441471 24
    endloop
  endfacet
  facet normal -0 0 1
    outer loop
      vertex -10.1515 0 24
      vertex -6.73555 -0.441471 24
      vertex -6.75 0 24
    endloop
  endfacet
  facet normal -0 0 1
    outer loop
      vertex -10.1627 4.20952 24
      vertex -6.23619 2.58311 24
      vertex -9.8656 4.86518 24
    endloop
  endfacet
  facet normal 0 0 1
    outer loop
      vertex -6.6203 -1.31686 24
      vertex -10.7886 -2.14599 24
      vertex -6.52 -1.74703 24
    endloop
  endfacet
  facet normal 0 0 1
    outer loop
      vertex -6.23619 2.58311 24
      vertex -10.1627 4.20952 24
      vertex -6.39178 2.16972 24
    endloop
  endfacet
  facet normal 0 0 1
    outer loop
      vertex -4.45058 -5.07492 24
      vertex -7.2528 -8.27024 24
      vertex -6.69637 -8.72689 24
    endloop
  endfacet
  facet normal -0 0 1
    outer loop
      vertex -10.4162 3.53583 24
      vertex -6.39178 2.16972 24
      vertex -10.1627 4.20952 24
    endloop
  endfacet
  facet normal 0 0 1
    outer loop
      vertex -4.77297 -4.77297 24
      vertex -7.77817 -7.77817 24
      vertex -7.2528 -8.27024 24
    endloop
  endfacet
  facet normal 0 0 1
    outer loop
      vertex -6.39178 2.16972 24
      vertex -10.4162 3.53583 24
      vertex -6.52 1.74703 24
    endloop
  endfacet
  facet normal 0 0 1
    outer loop
      vertex -5.07492 -4.45058 24
      vertex -8.27024 -7.2528 24
      vertex -7.77817 -7.77817 24
    endloop
  endfacet
  facet normal -0 0 1
    outer loop
      vertex -10.6252 2.84701 24
      vertex -6.52 1.74703 24
      vertex -10.4162 3.53583 24
    endloop
  endfacet
  facet normal 0 0 1
    outer loop
      vertex -5.35513 -4.10914 24
      vertex -8.72689 -6.69637 24
      vertex -8.27024 -7.2528 24
    endloop
  endfacet
  facet normal 0 0 1
    outer loop
      vertex -6.52 1.74703 24
      vertex -10.6252 2.84701 24
      vertex -6.6203 1.31686 24
    endloop
  endfacet
  facet normal 0 0 1
    outer loop
      vertex -5.61242 -3.7501 24
      vertex -9.14616 -6.11127 24
      vertex -8.72689 -6.69637 24
    endloop
  endfacet
  facet normal -0 0 1
    outer loop
      vertex -10.7886 2.14599 24
      vertex -6.6203 1.31686 24
      vertex -10.6252 2.84701 24
    endloop
  endfacet
  facet normal 0 0 1
    outer loop
      vertex -5.84567 -3.375 24
      vertex -9.52628 -5.5 24
      vertex -9.14616 -6.11127 24
    endloop
  endfacet
  facet normal 0 0 1
    outer loop
      vertex -6.05389 -2.98545 24
      vertex -9.8656 -4.86518 24
      vertex -9.52628 -5.5 24
    endloop
  endfacet
  facet normal 0 -0 1
    outer loop
      vertex -10.1515 0 24
      vertex -6.6203 1.31686 24
      vertex -10.7886 2.14599 24
    endloop
  endfacet
  facet normal 0 0 1
    outer loop
      vertex -6.6203 1.31686 24
      vertex -10.1515 0 24
      vertex -6.69225 0.881051 24
    endloop
  endfacet
  facet normal 0 0 1
    outer loop
      vertex -6.69225 0.881051 24
      vertex -10.1515 0 24
      vertex -6.73555 0.441471 24
    endloop
  endfacet
  facet normal 0 0 1
    outer loop
      vertex -6.73555 0.441471 24
      vertex -10.1515 0 24
      vertex -6.75 0 24
    endloop
  endfacet
  facet normal -0 0 1
    outer loop
      vertex -10.9059 1.43579 24
      vertex -10.1515 0 24
      vertex -10.7886 2.14599 24
    endloop
  endfacet
  facet normal 0 0 1
    outer loop
      vertex -10.1515 0 24
      vertex -10.9059 1.43579 24
      vertex -10.967 0.815513 24
    endloop
  endfacet
  facet normal 0.412735 -0.910851 0
    outer loop
      vertex 4.20952 -10.1627 0
      vertex 4.86518 -9.8656 24
      vertex 4.20952 -10.1627 24
    endloop
  endfacet
  facet normal 0.412735 -0.910851 0
    outer loop
      vertex 4.86518 -9.8656 24
      vertex 4.20952 -10.1627 0
      vertex 4.86518 -9.8656 0
    endloop
  endfacet
  facet normal 0.956922 -0.290347 0
    outer loop
      vertex 10.4162 -3.53583 24
      vertex 10.6252 -2.84701 0
      vertex 10.6252 -2.84701 24
    endloop
  endfacet
  facet normal 0.956922 -0.290347 0
    outer loop
      vertex 10.6252 -2.84701 0
      vertex 10.4162 -3.53583 24
      vertex 10.4162 -3.53583 0
    endloop
  endfacet
  facet normal -0.227004 -0.973894 0
    outer loop
      vertex -2.84701 -10.6252 0
      vertex -2.14599 -10.7886 24
      vertex -2.84701 -10.6252 24
    endloop
  endfacet
  facet normal -0.227004 -0.973894 -0
    outer loop
      vertex -2.14599 -10.7886 24
      vertex -2.84701 -10.6252 0
      vertex -2.14599 -10.7886 0
    endloop
  endfacet
  facet normal -0.88192 -0.471399 0
    outer loop
      vertex -9.52628 -5.5 0
      vertex -9.8656 -4.86518 24
      vertex -9.8656 -4.86518 0
    endloop
  endfacet
  facet normal -0.88192 -0.471399 0
    outer loop
      vertex -9.8656 -4.86518 24
      vertex -9.52628 -5.5 0
      vertex -9.52628 -5.5 24
    endloop
  endfacet
  facet normal 0.995183 -0.0980299 0
    outer loop
      vertex 10.9059 -1.43579 24
      vertex 10.967 -0.815513 0
      vertex 10.967 -0.815513 24
    endloop
  endfacet
  facet normal 0.995183 -0.0980299 0
    outer loop
      vertex 10.967 -0.815513 0
      vertex 10.9059 -1.43579 24
      vertex 10.9059 -1.43579 0
    endloop
  endfacet
  facet normal 0.412735 0.910851 -0
    outer loop
      vertex 4.86518 9.8656 0
      vertex 4.20952 10.1627 24
      vertex 4.86518 9.8656 24
    endloop
  endfacet
  facet normal 0.412735 0.910851 0
    outer loop
      vertex 4.20952 10.1627 24
      vertex 4.86518 9.8656 0
      vertex 4.20952 10.1627 0
    endloop
  endfacet
  facet normal 0.683598 0.729859 -0
    outer loop
      vertex 7.77817 7.77817 0
      vertex 7.2528 8.27024 24
      vertex 7.77817 7.77817 24
    endloop
  endfacet
  facet normal 0.683598 0.729859 0
    outer loop
      vertex 7.2528 8.27024 24
      vertex 7.77817 7.77817 0
      vertex 7.2528 8.27024 0
    endloop
  endfacet
  facet normal -0.0979416 0.995192 0
    outer loop
      vertex -0.719434 10.9764 0
      vertex -1.43579 10.9059 24
      vertex -0.719434 10.9764 24
    endloop
  endfacet
  facet normal -0.0979416 0.995192 0
    outer loop
      vertex -1.43579 10.9059 24
      vertex -0.719434 10.9764 0
      vertex -1.43579 10.9059 0
    endloop
  endfacet
  facet normal -0.528076 0.849197 0
    outer loop
      vertex -5.5 9.52628 0
      vertex -6.11127 9.14616 24
      vertex -5.5 9.52628 24
    endloop
  endfacet
  facet normal -0.528076 0.849197 0
    outer loop
      vertex -6.11127 9.14616 24
      vertex -5.5 9.52628 0
      vertex -6.11127 9.14616 0
    endloop
  endfacet
  facet normal 0.973894 -0.227004 0
    outer loop
      vertex 10.6252 -2.84701 24
      vertex 10.7886 -2.14599 0
      vertex 10.7886 -2.14599 24
    endloop
  endfacet
  facet normal 0.973894 -0.227004 0
    outer loop
      vertex 10.7886 -2.14599 0
      vertex 10.6252 -2.84701 24
      vertex 10.6252 -2.84701 0
    endloop
  endfacet
  facet normal -0.910851 -0.412735 0
    outer loop
      vertex -9.8656 -4.86518 0
      vertex -10.1627 -4.20952 24
      vertex -10.1627 -4.20952 0
    endloop
  endfacet
  facet normal -0.910851 -0.412735 0
    outer loop
      vertex -10.1627 -4.20952 24
      vertex -9.8656 -4.86518 0
      vertex -9.8656 -4.86518 24
    endloop
  endfacet
  facet normal 0.849197 0.528076 0
    outer loop
      vertex 9.52628 5.5 24
      vertex 9.14616 6.11127 0
      vertex 9.14616 6.11127 24
    endloop
  endfacet
  facet normal 0.849197 0.528076 0
    outer loop
      vertex 9.14616 6.11127 0
      vertex 9.52628 5.5 24
      vertex 9.52628 5.5 0
    endloop
  endfacet
  facet normal 0.0982072 0.995166 -0
    outer loop
      vertex 1.43579 10.9059 0
      vertex 1.40843 10.9086 3.603
      vertex 1.43579 10.9059 3.6021
    endloop
  endfacet
  facet normal 0.0982392 0.995163 2.45577e-07
    outer loop
      vertex 1.43579 10.9059 0
      vertex 1.31726 10.9176 3.61198
      vertex 1.40843 10.9086 3.603
    endloop
  endfacet
  facet normal 0.0979416 0.995192 -9.6156e-06
    outer loop
      vertex 0.719434 10.9764 0
      vertex 1.31726 10.9176 3.61198
      vertex 1.43579 10.9059 0
    endloop
  endfacet
  facet normal 0.0979856 0.995188 -1.69701e-05
    outer loop
      vertex 1.31726 10.9176 3.61198
      vertex 0.719434 10.9764 0
      vertex 1.22687 10.9265 3.6269
    endloop
  endfacet
  facet normal 0.0981471 0.995172 -3.97858e-05
    outer loop
      vertex 1.22687 10.9265 3.6269
      vertex 0.719434 10.9764 0
      vertex 1.13765 10.9353 3.6477
    endloop
  endfacet
  facet normal 0.0976325 0.995223 1.97873e-05
    outer loop
      vertex 1.13765 10.9353 3.6477
      vertex 0.719434 10.9764 0
      vertex 1.04998 10.9439 3.6743
    endloop
  endfacet
  facet normal 0.0975184 0.995234 3.01485e-05
    outer loop
      vertex 1.04998 10.9439 3.6743
      vertex 0.719434 10.9764 0
      vertex 0.964243 10.9523 3.70657
    endloop
  endfacet
  facet normal 0.0989456 0.995093 -6.50289e-05
    outer loop
      vertex 0.964243 10.9523 3.70657
      vertex 0.719434 10.9764 0
      vertex 0.880795 10.9606 3.74438
    endloop
  endfacet
  facet normal 0.0973162 0.995254 5.86833e-06
    outer loop
      vertex 0.880795 10.9606 3.74438
      vertex 0.719434 10.9764 0
      vertex 0.799999 10.9685 3.78756
    endloop
  endfacet
  facet normal 0.0984812 0.995139 -1.9153e-05
    outer loop
      vertex 0.799999 10.9685 3.78756
      vertex 0.719434 10.9764 0
      vertex 0.722201 10.9762 3.83594
    endloop
  endfacet
  facet normal 0.0720924 0.997398 0
    outer loop
      vertex 0.722201 10.9762 3.83594
      vertex 0.719434 10.9764 0
      vertex 0.719434 10.9764 3.83793
    endloop
  endfacet
  facet normal 0.0979416 0.995192 -0
    outer loop
      vertex 1.43579 10.9059 6.3979
      vertex 0.719434 10.9764 24
      vertex 1.43579 10.9059 24
    endloop
  endfacet
  facet normal 0.0982068 0.995166 1.08985e-05
    outer loop
      vertex 1.40843 10.9086 6.397
      vertex 0.719434 10.9764 24
      vertex 1.43579 10.9059 6.3979
    endloop
  endfacet
  facet normal 0.098238 0.995163 1.21306e-05
    outer loop
      vertex 1.31726 10.9176 6.38802
      vertex 0.719434 10.9764 24
      vertex 1.40843 10.9086 6.397
    endloop
  endfacet
  facet normal 0.0979878 0.995188 3.5555e-06
    outer loop
      vertex 1.22687 10.9265 6.3731
      vertex 0.719434 10.9764 24
      vertex 1.31726 10.9176 6.38802
    endloop
  endfacet
  facet normal 0.0981544 0.995171 8.39696e-06
    outer loop
      vertex 1.13765 10.9353 6.3523
      vertex 0.719434 10.9764 24
      vertex 1.22687 10.9265 6.3731
    endloop
  endfacet
  facet normal 0.0976278 0.995223 -4.202e-06
    outer loop
      vertex 1.04998 10.9439 6.3257
      vertex 0.719434 10.9764 24
      vertex 1.13765 10.9353 6.3523
    endloop
  endfacet
  facet normal 0.0975096 0.995235 -6.43449e-06
    outer loop
      vertex 0.964243 10.9523 6.29343
      vertex 0.719434 10.9764 24
      vertex 1.04998 10.9439 6.3257
    endloop
  endfacet
  facet normal 0.0989685 0.995091 1.39328e-05
    outer loop
      vertex 0.880795 10.9606 6.25562
      vertex 0.719434 10.9764 24
      vertex 0.964243 10.9523 6.29343
    endloop
  endfacet
  facet normal 0.0973137 0.995254 -1.26071e-06
    outer loop
      vertex 0.799999 10.9685 6.21243
      vertex 0.719434 10.9764 24
      vertex 0.880795 10.9606 6.25562
    endloop
  endfacet
  facet normal 0.0984905 0.995138 4.12065e-06
    outer loop
      vertex 0.722201 10.9762 6.16406
      vertex 0.719434 10.9764 24
      vertex 0.799999 10.9685 6.21243
    endloop
  endfacet
  facet normal 0.0720924 0.997398 0
    outer loop
      vertex 0.719434 10.9764 24
      vertex 0.722201 10.9762 6.16406
      vertex 0.719434 10.9764 6.16207
    endloop
  endfacet
  facet normal 0.290347 -0.956922 0
    outer loop
      vertex 2.84701 -10.6252 0
      vertex 3.53583 -10.4162 24
      vertex 2.84701 -10.6252 24
    endloop
  endfacet
  facet normal 0.290347 -0.956922 0
    outer loop
      vertex 3.53583 -10.4162 24
      vertex 2.84701 -10.6252 0
      vertex 3.53583 -10.4162 0
    endloop
  endfacet
  facet normal 0.956922 0.290347 0
    outer loop
      vertex 10.6252 2.84701 24
      vertex 10.4162 3.53583 0
      vertex 10.4162 3.53583 24
    endloop
  endfacet
  facet normal 0.956922 0.290347 0
    outer loop
      vertex 10.4162 3.53583 0
      vertex 10.6252 2.84701 24
      vertex 10.6252 2.84701 0
    endloop
  endfacet
  facet normal 0.88192 0.471399 0
    outer loop
      vertex 9.8656 4.86518 24
      vertex 9.52628 5.5 0
      vertex 9.52628 5.5 24
    endloop
  endfacet
  facet normal 0.88192 0.471399 0
    outer loop
      vertex 9.52628 5.5 0
      vertex 9.8656 4.86518 24
      vertex 9.8656 4.86518 0
    endloop
  endfacet
  facet normal 0.773011 -0.634393 0
    outer loop
      vertex 8.27024 -7.2528 24
      vertex 8.72689 -6.69637 0
      vertex 8.72689 -6.69637 24
    endloop
  endfacet
  facet normal 0.773011 -0.634393 0
    outer loop
      vertex 8.72689 -6.69637 0
      vertex 8.27024 -7.2528 24
      vertex 8.27024 -7.2528 0
    endloop
  endfacet
  facet normal -0.0979416 -0.995192 0
    outer loop
      vertex -1.43579 -10.9059 24
      vertex -0.719434 -10.9764 18.2003
      vertex -0.719434 -10.9764 24
    endloop
  endfacet
  facet normal -0.0972532 -0.99526 8.58441e-05
    outer loop
      vertex -1.43579 -10.9059 24
      vertex -0.777798 -10.9707 18.1641
      vertex -0.719434 -10.9764 18.2003
    endloop
  endfacet
  facet normal -0.0975956 -0.995226 4.68672e-05
    outer loop
      vertex -1.43579 -10.9059 24
      vertex -0.852265 -10.9634 18.1107
      vertex -0.777798 -10.9707 18.1641
    endloop
  endfacet
  facet normal -0.0983429 -0.995153 -2.78925e-05
    outer loop
      vertex -1.43579 -10.9059 24
      vertex -0.923083 -10.9564 18.0526
      vertex -0.852265 -10.9634 18.1107
    endloop
  endfacet
  facet normal -0.0982122 -0.995165 -1.65153e-05
    outer loop
      vertex -1.43579 -10.9059 24
      vertex -0.989949 -10.9498 17.9899
      vertex -0.923083 -10.9564 18.0526
    endloop
  endfacet
  facet normal -0.0984729 -0.99514 -3.60457e-05
    outer loop
      vertex -1.43579 -10.9059 24
      vertex -1.05258 -10.9436 17.9231
      vertex -0.989949 -10.9498 17.9899
    endloop
  endfacet
  facet normal -0.0976417 -0.995222 1.6881e-05
    outer loop
      vertex -1.43579 -10.9059 24
      vertex -1.11069 -10.9379 17.8523
      vertex -1.05258 -10.9436 17.9231
    endloop
  endfacet
  facet normal -0.0970415 -0.99528 4.89275e-05
    outer loop
      vertex -1.43579 -10.9059 24
      vertex -1.16406 -10.9327 17.7778
      vertex -1.11069 -10.9379 17.8523
    endloop
  endfacet
  facet normal -0.0987107 -0.995116 -2.4678e-05
    outer loop
      vertex -1.43579 -10.9059 24
      vertex -1.21243 -10.9279 17.7
      vertex -1.16406 -10.9327 17.7778
    endloop
  endfacet
  facet normal -0.0990051 -0.995087 -3.52154e-05
    outer loop
      vertex -1.43579 -10.9059 24
      vertex -1.25562 -10.9236 17.6192
      vertex -1.21243 -10.9279 17.7
    endloop
  endfacet
  facet normal -0.0974146 -0.995244 1.01278e-05
    outer loop
      vertex -1.43579 -10.9059 24
      vertex -1.29343 -10.9199 17.5358
      vertex -1.25562 -10.9236 17.6192
    endloop
  endfacet
  facet normal -0.0986346 -0.995124 -1.69989e-05
    outer loop
      vertex -1.43579 -10.9059 24
      vertex -1.3257 -10.9167 17.45
      vertex -1.29343 -10.9199 17.5358
    endloop
  endfacet
  facet normal -0.0972992 -0.995255 5.66135e-06
    outer loop
      vertex -1.43579 -10.9059 24
      vertex -1.3523 -10.9141 17.3623
      vertex -1.3257 -10.9167 17.45
    endloop
  endfacet
  facet normal -0.0958165 -0.995399 2.44897e-05
    outer loop
      vertex -1.43579 -10.9059 24
      vertex -1.3731 -10.9121 17.2731
      vertex -1.3523 -10.9141 17.3623
    endloop
  endfacet
  facet normal -0.0999457 -0.994993 -1.43667e-05
    outer loop
      vertex -1.43579 -10.9059 24
      vertex -1.38802 -10.9106 17.1827
      vertex -1.3731 -10.9121 17.2731
    endloop
  endfacet
  facet normal -0.0996032 -0.995027 -1.19425e-05
    outer loop
      vertex -1.43579 -10.9059 24
      vertex -1.397 -10.9097 17.0916
      vertex -1.38802 -10.9106 17.1827
    endloop
  endfacet
  facet normal -0.0992101 -0.995067 -9.71362e-06
    outer loop
      vertex -1.43579 -10.9059 24
      vertex -1.4 -10.9094 17
      vertex -1.397 -10.9097 17.0916
    endloop
  endfacet
  facet normal -0.0973284 -0.995252 0
    outer loop
      vertex -1.43579 -10.9059 0
      vertex -1.4 -10.9094 17
      vertex -1.43579 -10.9059 24
    endloop
  endfacet
  facet normal -0.0993724 -0.99505 4.34477e-06
    outer loop
      vertex -1.43579 -10.9059 0
      vertex -1.397 -10.9097 16.9084
      vertex -1.4 -10.9094 17
    endloop
  endfacet
  facet normal -0.0996725 -0.99502 5.04007e-06
    outer loop
      vertex -1.43579 -10.9059 0
      vertex -1.38802 -10.9106 16.8173
      vertex -1.397 -10.9097 16.9084
    endloop
  endfacet
  facet normal -0.0999961 -0.994988 5.96839e-06
    outer loop
      vertex -1.43579 -10.9059 0
      vertex -1.3731 -10.9121 16.7269
      vertex -1.38802 -10.9106 16.8173
    endloop
  endfacet
  facet normal -0.0957552 -0.995405 -1.00804e-05
    outer loop
      vertex -1.43579 -10.9059 0
      vertex -1.3523 -10.9141 16.6377
      vertex -1.3731 -10.9121 16.7269
    endloop
  endfacet
  facet normal -0.0972883 -0.995256 -2.31401e-06
    outer loop
      vertex -1.43579 -10.9059 0
      vertex -1.3257 -10.9167 16.55
      vertex -1.3523 -10.9141 16.6377
    endloop
  endfacet
  facet normal -0.0986611 -0.995121 6.90616e-06
    outer loop
      vertex -1.43579 -10.9059 0
      vertex -1.29343 -10.9199 16.4642
      vertex -1.3257 -10.9167 16.55
    endloop
  endfacet
  facet normal -0.0974014 -0.995245 -4.09153e-06
    outer loop
      vertex -1.43579 -10.9059 0
      vertex -1.25562 -10.9236 16.3808
      vertex -1.29343 -10.9199 16.4642
    endloop
  endfacet
  facet normal -0.0990441 -0.995083 1.41508e-05
    outer loop
      vertex -1.43579 -10.9059 0
      vertex -1.21243 -10.9279 16.3
      vertex -1.25562 -10.9236 16.3808
    endloop
  endfacet
  facet normal -0.0987343 -0.995114 9.86459e-06
    outer loop
      vertex -1.43579 -10.9059 0
      vertex -1.16406 -10.9327 16.2222
      vertex -1.21243 -10.9279 16.3
    endloop
  endfacet
  facet normal -0.0970007 -0.995284 -1.94558e-05
    outer loop
      vertex -1.43579 -10.9059 0
      vertex -1.11069 -10.9379 16.1477
      vertex -1.16406 -10.9327 16.2222
    endloop
  endfacet
  facet normal -0.0976294 -0.995223 -6.67719e-06
    outer loop
      vertex -1.43579 -10.9059 0
      vertex -1.05258 -10.9436 16.0769
      vertex -1.11069 -10.9379 16.1477
    endloop
  endfacet
  facet normal -0.098496 -0.995137 1.41802e-05
    outer loop
      vertex -1.43579 -10.9059 0
      vertex -0.989949 -10.9498 16.01
      vertex -1.05258 -10.9436 16.0769
    endloop
  endfacet
  facet normal -0.0982215 -0.995165 6.46257e-06
    outer loop
      vertex -1.43579 -10.9059 0
      vertex -0.923083 -10.9564 15.9474
      vertex -0.989949 -10.9498 16.01
    endloop
  endfacet
  facet normal -0.0983567 -0.995151 1.08517e-05
    outer loop
      vertex -1.43579 -10.9059 0
      vertex -0.852265 -10.9634 15.8893
      vertex -0.923083 -10.9564 15.9474
    endloop
  endfacet
  facet normal -0.0975752 -0.995228 -1.8128e-05
    outer loop
      vertex -1.43579 -10.9059 0
      vertex -0.777798 -10.9707 15.8359
      vertex -0.852265 -10.9634 15.8893
    endloop
  endfacet
  facet normal -0.0972208 -0.995263 -3.29953e-05
    outer loop
      vertex -1.43579 -10.9059 0
      vertex -0.719434 -10.9764 15.7996
      vertex -0.777798 -10.9707 15.8359
    endloop
  endfacet
  facet normal -0.0979416 -0.995192 -0
    outer loop
      vertex -0.719434 -10.9764 15.7996
      vertex -1.43579 -10.9059 0
      vertex -0.719434 -10.9764 0
    endloop
  endfacet
  facet normal -0.471399 -0.88192 0
    outer loop
      vertex -5.5 -9.52628 0
      vertex -4.86518 -9.8656 24
      vertex -5.5 -9.52628 24
    endloop
  endfacet
  facet normal -0.471399 -0.88192 -0
    outer loop
      vertex -4.86518 -9.8656 24
      vertex -5.5 -9.52628 0
      vertex -4.86518 -9.8656 0
    endloop
  endfacet
  facet normal 0.986633 -0.162957 0
    outer loop
      vertex 10.7886 -2.14599 24
      vertex 10.9059 -1.43579 0
      vertex 10.9059 -1.43579 24
    endloop
  endfacet
  facet normal 0.986633 -0.162957 0
    outer loop
      vertex 10.9059 -1.43579 0
      vertex 10.7886 -2.14599 24
      vertex 10.7886 -2.14599 0
    endloop
  endfacet
  facet normal 0.227004 -0.973894 0
    outer loop
      vertex 2.14599 -10.7886 0
      vertex 2.84701 -10.6252 24
      vertex 2.14599 -10.7886 24
    endloop
  endfacet
  facet normal 0.227004 -0.973894 0
    outer loop
      vertex 2.84701 -10.6252 24
      vertex 2.14599 -10.7886 0
      vertex 2.84701 -10.6252 0
    endloop
  endfacet
  facet normal -0.956922 0.290347 0
    outer loop
      vertex -10.6252 2.84701 0
      vertex -10.4162 3.53583 24
      vertex -10.4162 3.53583 0
    endloop
  endfacet
  facet normal -0.956922 0.290347 0
    outer loop
      vertex -10.4162 3.53583 24
      vertex -10.6252 2.84701 0
      vertex -10.6252 2.84701 24
    endloop
  endfacet
  facet normal -0.412735 0.910851 0
    outer loop
      vertex -4.20952 10.1627 0
      vertex -4.86518 9.8656 24
      vertex -4.20952 10.1627 24
    endloop
  endfacet
  facet normal -0.412735 0.910851 0
    outer loop
      vertex -4.86518 9.8656 24
      vertex -4.20952 10.1627 0
      vertex -4.86518 9.8656 0
    endloop
  endfacet
  facet normal 0.228428 0.973561 -0
    outer loop
      vertex 2.84701 10.6252 0
      vertex 2.8257 10.6302 4.54998
      vertex 2.84701 10.6252 4.62022
    endloop
  endfacet
  facet normal 0.226405 0.974033 -9.99227e-06
    outer loop
      vertex 2.84701 10.6252 0
      vertex 2.79343 10.6377 4.46424
      vertex 2.8257 10.6302 4.54998
    endloop
  endfacet
  facet normal 0.226697 0.973965 -6.30147e-06
    outer loop
      vertex 2.84701 10.6252 0
      vertex 2.75562 10.6465 4.3808
      vertex 2.79343 10.6377 4.46424
    endloop
  endfacet
  facet normal 0.22768 0.973736 1.5315e-05
    outer loop
      vertex 2.84701 10.6252 0
      vertex 2.71243 10.6566 4.3
      vertex 2.75562 10.6465 4.3808
    endloop
  endfacet
  facet normal 0.225659 0.974206 -5.13812e-05
    outer loop
      vertex 2.84701 10.6252 0
      vertex 2.66406 10.6678 4.2222
      vertex 2.71243 10.6566 4.3
    endloop
  endfacet
  facet normal 0.227971 0.973668 5.42445e-05
    outer loop
      vertex 2.84701 10.6252 0
      vertex 2.61069 10.6803 4.14773
      vertex 2.66406 10.6678 4.2222
    endloop
  endfacet
  facet normal 0.226342 0.974048 -4.36125e-05
    outer loop
      vertex 2.84701 10.6252 0
      vertex 2.55258 10.6938 4.07692
      vertex 2.61069 10.6803 4.14773
    endloop
  endfacet
  facet normal 0.22702 0.97389 8.00285e-06
    outer loop
      vertex 2.84701 10.6252 0
      vertex 2.48995 10.7084 4.01005
      vertex 2.55258 10.6938 4.07692
    endloop
  endfacet
  facet normal 0.227169 0.973855 2.19634e-05
    outer loop
      vertex 2.84701 10.6252 0
      vertex 2.42308 10.724 3.94742
      vertex 2.48995 10.7084 4.01005
    endloop
  endfacet
  facet normal 0.226941 0.973908 -3.78803e-06
    outer loop
      vertex 2.84701 10.6252 0
      vertex 2.35227 10.7405 3.88931
      vertex 2.42308 10.724 3.94742
    endloop
  endfacet
  facet normal 0.227477 0.973783 6.80481e-05
    outer loop
      vertex 2.84701 10.6252 0
      vertex 2.2778 10.7579 3.83594
      vertex 2.35227 10.7405 3.88931
    endloop
  endfacet
  facet normal 0.226634 0.97398 -6.38186e-05
    outer loop
      vertex 2.84701 10.6252 0
      vertex 2.2 10.776 3.78756
      vertex 2.2778 10.7579 3.83594
    endloop
  endfacet
  facet normal 0.227173 0.973854 3.32327e-05
    outer loop
      vertex 2.84701 10.6252 0
      vertex 2.14599 10.7886 3.7587
      vertex 2.2 10.776 3.78756
    endloop
  endfacet
  facet normal 0.227004 0.973894 0
    outer loop
      vertex 2.14599 10.7886 3.7587
      vertex 2.84701 10.6252 0
      vertex 2.14599 10.7886 0
    endloop
  endfacet
  facet normal 0.227004 0.973894 0
    outer loop
      vertex 2.84701 10.6252 24
      vertex 2.14599 10.7886 6.2413
      vertex 2.14599 10.7886 24
    endloop
  endfacet
  facet normal 0.227186 0.973851 -7.57495e-06
    outer loop
      vertex 2.84701 10.6252 24
      vertex 2.2 10.776 6.21243
      vertex 2.14599 10.7886 6.2413
    endloop
  endfacet
  facet normal 0.226605 0.973987 1.47003e-05
    outer loop
      vertex 2.84701 10.6252 24
      vertex 2.2778 10.7579 6.16406
      vertex 2.2 10.776 6.21243
    endloop
  endfacet
  facet normal 0.227512 0.973775 -1.58292e-05
    outer loop
      vertex 2.84701 10.6252 24
      vertex 2.35227 10.7405 6.11069
      vertex 2.2778 10.7579 6.16406
    endloop
  endfacet
  facet normal 0.226939 0.973909 8.89342e-07
    outer loop
      vertex 2.84701 10.6252 24
      vertex 2.42308 10.724 6.05258
      vertex 2.35227 10.7405 6.11069
    endloop
  endfacet
  facet normal 0.227184 0.973852 -5.20152e-06
    outer loop
      vertex 2.84701 10.6252 24
      vertex 2.48995 10.7084 5.98995
      vertex 2.42308 10.724 6.05258
    endloop
  endfacet
  facet normal 0.227026 0.973889 -1.91084e-06
    outer loop
      vertex 2.84701 10.6252 24
      vertex 2.55258 10.6938 5.92308
      vertex 2.48995 10.7084 5.98995
    endloop
  endfacet
  facet normal 0.226304 0.974057 1.04934e-05
    outer loop
      vertex 2.84701 10.6252 24
      vertex 2.61069 10.6803 5.85227
      vertex 2.55258 10.6938 5.92308
    endloop
  endfacet
  facet normal 0.228025 0.973655 -1.31444e-05
    outer loop
      vertex 2.84701 10.6252 24
      vertex 2.66406 10.6678 5.7778
      vertex 2.61069 10.6803 5.85227
    endloop
  endfacet
  facet normal 0.225599 0.97422 1.25329e-05
    outer loop
      vertex 2.84701 10.6252 24
      vertex 2.71243 10.6566 5.7
      vertex 2.66406 10.6678 5.7778
    endloop
  endfacet
  facet normal 0.2277 0.973731 -3.75759e-06
    outer loop
      vertex 2.84701 10.6252 24
      vertex 2.75562 10.6465 5.6192
      vertex 2.71243 10.6566 5.7
    endloop
  endfacet
  facet normal 0.226687 0.973968 1.55396e-06
    outer loop
      vertex 2.84701 10.6252 24
      vertex 2.79343 10.6377 5.53576
      vertex 2.75562 10.6465 5.6192
    endloop
  endfacet
  facet normal 0.226387 0.974038 2.47389e-06
    outer loop
      vertex 2.84701 10.6252 24
      vertex 2.8257 10.6302 5.45002
      vertex 2.79343 10.6377 5.53576
    endloop
  endfacet
  facet normal 0.228428 0.973561 0
    outer loop
      vertex 2.8257 10.6302 5.45002
      vertex 2.84701 10.6252 24
      vertex 2.84701 10.6252 5.37978
    endloop
  endfacet
  facet normal -0.162957 0.986633 0
    outer loop
      vertex -1.43579 10.9059 0
      vertex -2.14599 10.7886 24
      vertex -1.43579 10.9059 24
    endloop
  endfacet
  facet normal -0.162957 0.986633 0
    outer loop
      vertex -2.14599 10.7886 24
      vertex -1.43579 10.9059 0
      vertex -2.14599 10.7886 0
    endloop
  endfacet
  facet normal -0.471399 0.88192 0
    outer loop
      vertex -4.86518 9.8656 0
      vertex -5.5 9.52628 24
      vertex -4.86518 9.8656 24
    endloop
  endfacet
  facet normal -0.471399 0.88192 0
    outer loop
      vertex -5.5 9.52628 24
      vertex -4.86518 9.8656 0
      vertex -5.5 9.52628 0
    endloop
  endfacet
  facet normal 0.88192 -0.471399 0
    outer loop
      vertex 9.52628 -5.5 24
      vertex 9.8656 -4.86518 0
      vertex 9.8656 -4.86518 24
    endloop
  endfacet
  facet normal 0.88192 -0.471399 0
    outer loop
      vertex 9.8656 -4.86518 0
      vertex 9.52628 -5.5 24
      vertex 9.52628 -5.5 0
    endloop
  endfacet
  facet normal 0.582472 0.812851 -0
    outer loop
      vertex 6.69637 8.72689 0
      vertex 6.11127 9.14616 24
      vertex 6.69637 8.72689 24
    endloop
  endfacet
  facet normal 0.582472 0.812851 0
    outer loop
      vertex 6.11127 9.14616 24
      vertex 6.69637 8.72689 0
      vertex 6.11127 9.14616 0
    endloop
  endfacet
  facet normal 0.729859 -0.683598 0
    outer loop
      vertex 7.77817 -7.77817 24
      vertex 8.27024 -7.2528 0
      vertex 8.27024 -7.2528 24
    endloop
  endfacet
  facet normal 0.729859 -0.683598 0
    outer loop
      vertex 8.27024 -7.2528 0
      vertex 7.77817 -7.77817 24
      vertex 7.77817 -7.77817 0
    endloop
  endfacet
  facet normal 0.471399 -0.88192 0
    outer loop
      vertex 4.86518 -9.8656 0
      vertex 5.5 -9.52628 24
      vertex 4.86518 -9.8656 24
    endloop
  endfacet
  facet normal 0.471399 -0.88192 0
    outer loop
      vertex 5.5 -9.52628 24
      vertex 4.86518 -9.8656 0
      vertex 5.5 -9.52628 0
    endloop
  endfacet
  facet normal 0.352178 -0.935933 0
    outer loop
      vertex 3.53583 -10.4162 0
      vertex 4.20952 -10.1627 24
      vertex 3.53583 -10.4162 24
    endloop
  endfacet
  facet normal 0.352178 -0.935933 0
    outer loop
      vertex 4.20952 -10.1627 24
      vertex 3.53583 -10.4162 0
      vertex 4.20952 -10.1627 0
    endloop
  endfacet
  facet normal -0.582472 -0.812851 0
    outer loop
      vertex -6.69637 -8.72689 0
      vertex -6.11127 -9.14616 24
      vertex -6.69637 -8.72689 24
    endloop
  endfacet
  facet normal -0.582472 -0.812851 -0
    outer loop
      vertex -6.11127 -9.14616 24
      vertex -6.69637 -8.72689 0
      vertex -6.11127 -9.14616 0
    endloop
  endfacet
  facet normal 0.729859 0.683598 0
    outer loop
      vertex 8.27024 7.2528 24
      vertex 7.77817 7.77817 0
      vertex 7.77817 7.77817 24
    endloop
  endfacet
  facet normal 0.729859 0.683598 0
    outer loop
      vertex 7.77817 7.77817 0
      vertex 8.27024 7.2528 24
      vertex 8.27024 7.2528 0
    endloop
  endfacet
  facet normal 0.773011 0.634393 0
    outer loop
      vertex 8.72689 6.69637 24
      vertex 8.27024 7.2528 0
      vertex 8.27024 7.2528 24
    endloop
  endfacet
  facet normal 0.773011 0.634393 0
    outer loop
      vertex 8.27024 7.2528 0
      vertex 8.72689 6.69637 24
      vertex 8.72689 6.69637 0
    endloop
  endfacet
  facet normal -0.290347 0.956922 0
    outer loop
      vertex -2.84701 10.6252 0
      vertex -3.53583 10.4162 24
      vertex -2.84701 10.6252 24
    endloop
  endfacet
  facet normal -0.290347 0.956922 0
    outer loop
      vertex -3.53583 10.4162 24
      vertex -2.84701 10.6252 0
      vertex -3.53583 10.4162 0
    endloop
  endfacet
  facet normal -0.773011 -0.634393 0
    outer loop
      vertex -8.27024 -7.2528 0
      vertex -8.72689 -6.69637 24
      vertex -8.72689 -6.69637 0
    endloop
  endfacet
  facet normal -0.773011 -0.634393 0
    outer loop
      vertex -8.72689 -6.69637 24
      vertex -8.27024 -7.2528 0
      vertex -8.27024 -7.2528 24
    endloop
  endfacet
  facet normal 0.528076 0.849197 -0
    outer loop
      vertex 6.11127 9.14616 0
      vertex 5.5 9.52628 24
      vertex 6.11127 9.14616 24
    endloop
  endfacet
  facet normal 0.528076 0.849197 0
    outer loop
      vertex 5.5 9.52628 24
      vertex 6.11127 9.14616 0
      vertex 5.5 9.52628 0
    endloop
  endfacet
  facet normal 0.352178 0.935933 -0
    outer loop
      vertex 4.20952 10.1627 0
      vertex 3.53583 10.4162 24
      vertex 4.20952 10.1627 24
    endloop
  endfacet
  facet normal 0.352178 0.935933 0
    outer loop
      vertex 3.53583 10.4162 24
      vertex 4.20952 10.1627 0
      vertex 3.53583 10.4162 0
    endloop
  endfacet
  facet normal 0.973894 0.227004 0
    outer loop
      vertex 10.7886 2.14599 24
      vertex 10.6252 2.84701 0
      vertex 10.6252 2.84701 24
    endloop
  endfacet
  facet normal 0.973894 0.227004 0
    outer loop
      vertex 10.6252 2.84701 0
      vertex 10.7886 2.14599 24
      vertex 10.7886 2.14599 0
    endloop
  endfacet
  facet normal 0.986633 0.162957 0
    outer loop
      vertex 10.9059 1.43579 24
      vertex 10.7886 2.14599 0
      vertex 10.7886 2.14599 24
    endloop
  endfacet
  facet normal 0.986633 0.162957 0
    outer loop
      vertex 10.7886 2.14599 0
      vertex 10.9059 1.43579 24
      vertex 10.9059 1.43579 0
    endloop
  endfacet
  facet normal -0.995183 -0.0980299 0
    outer loop
      vertex -10.9059 -1.43579 0
      vertex -10.967 -0.815513 24
      vertex -10.967 -0.815513 0
    endloop
  endfacet
  facet normal -0.995183 -0.0980299 0
    outer loop
      vertex -10.967 -0.815513 24
      vertex -10.9059 -1.43579 0
      vertex -10.9059 -1.43579 24
    endloop
  endfacet
  facet normal 0.0327859 0.999462 -0
    outer loop
      vertex 0.719434 10.9764 6.16207
      vertex 0 11 24
      vertex 0.719434 10.9764 24
    endloop
  endfacet
  facet normal 0.0334353 0.999441 2.62187e-05
    outer loop
      vertex 0.647734 10.9788 6.11069
      vertex 0 11 24
      vertex 0.719434 10.9764 6.16207
    endloop
  endfacet
  facet normal 0.0324678 0.999473 -8.85173e-06
    outer loop
      vertex 0.576916 10.9811 6.05258
      vertex 0 11 24
      vertex 0.647734 10.9788 6.11069
    endloop
  endfacet
  facet normal 0.0328797 0.999459 4.40449e-06
    outer loop
      vertex 0.51005 10.9833 5.98995
      vertex 0 11 24
      vertex 0.576916 10.9811 6.05258
    endloop
  endfacet
  facet normal 0.0334904 0.999439 2.17182e-05
    outer loop
      vertex 0.447424 10.9854 5.92308
      vertex 0 11 24
      vertex 0.51005 10.9833 5.98995
    endloop
  endfacet
  facet normal 0.0326723 0.999466 1.44818e-06
    outer loop
      vertex 0.389305 10.9873 5.85227
      vertex 0 11 24
      vertex 0.447424 10.9854 5.92308
    endloop
  endfacet
  facet normal 0.0318633 0.999492 -1.59248e-05
    outer loop
      vertex 0.335942 10.989 5.7778
      vertex 0 11 24
      vertex 0.389305 10.9873 5.85227
    endloop
  endfacet
  facet normal 0.0330453 0.999454 5.88998e-06
    outer loop
      vertex 0.287564 10.9906 5.7
      vertex 0 11 24
      vertex 0.335942 10.989 5.7778
    endloop
  endfacet
  facet normal 0.0324086 0.999475 -4.12646e-06
    outer loop
      vertex 0.244378 10.992 5.6192
      vertex 0 11 24
      vertex 0.287564 10.9906 5.7
    endloop
  endfacet
  facet normal 0.0317501 0.999496 -1.28909e-05
    outer loop
      vertex 0.206568 10.9932 5.53576
      vertex 0 11 24
      vertex 0.244378 10.992 5.6192
    endloop
  endfacet
  facet normal 0.0340329 0.999421 1.26758e-05
    outer loop
      vertex 0.174297 10.9943 5.45002
      vertex 0 11 24
      vertex 0.206568 10.9932 5.53576
    endloop
  endfacet
  facet normal 0.0337887 0.999429 1.03785e-05
    outer loop
      vertex 0.147703 10.9952 5.36235
      vertex 0 11 24
      vertex 0.174297 10.9943 5.45002
    endloop
  endfacet
  facet normal 0.02895 0.999581 -2.80069e-05
    outer loop
      vertex 0.1269 10.9958 5.27313
      vertex 0 11 24
      vertex 0.147703 10.9952 5.36235
    endloop
  endfacet
  facet normal 0.0334705 0.99944 2.65687e-06
    outer loop
      vertex 0.111977 10.9963 5.18274
      vertex 0 11 24
      vertex 0.1269 10.9958 5.27313
    endloop
  endfacet
  facet normal 0.0333682 0.999443 2.04753e-06
    outer loop
      vertex 0.102997 10.9966 5.09156
      vertex 0 11 24
      vertex 0.111977 10.9963 5.18274
    endloop
  endfacet
  facet normal 0.0332917 0.999446 1.63061e-06
    outer loop
      vertex 0.0999994 10.9967 5
      vertex 0 11 24
      vertex 0.102997 10.9966 5.09156
    endloop
  endfacet
  facet normal 0.0327859 0.999462 0
    outer loop
      vertex 0 11 0
      vertex 0.719434 10.9764 3.83793
      vertex 0.719434 10.9764 0
    endloop
  endfacet
  facet normal 0.0333749 0.999443 -0.000110533
    outer loop
      vertex 0.719434 10.9764 3.83793
      vertex 0 11 0
      vertex 0.647734 10.9788 3.88931
    endloop
  endfacet
  facet normal 0.0324907 0.999472 3.68837e-05
    outer loop
      vertex 0.647734 10.9788 3.88931
      vertex 0 11 0
      vertex 0.576916 10.9811 3.94742
    endloop
  endfacet
  facet normal 0.0328669 0.99946 -1.81447e-05
    outer loop
      vertex 0.576916 10.9811 3.94742
      vertex 0 11 0
      vertex 0.51005 10.9833 4.01005
    endloop
  endfacet
  facet normal 0.0334192 0.999441 -8.84752e-05
    outer loop
      vertex 0.51005 10.9833 4.01005
      vertex 0 11 0
      vertex 0.447424 10.9854 4.07692
    endloop
  endfacet
  facet normal 0.032667 0.999466 -5.83468e-06
    outer loop
      vertex 0.447424 10.9854 4.07692
      vertex 0 11 0
      vertex 0.389305 10.9873 4.14773
    endloop
  endfacet
  facet normal 0.0319296 0.99949 6.3451e-05
    outer loop
      vertex 0.389305 10.9873 4.14773
      vertex 0 11 0
      vertex 0.335942 10.989 4.2222
    endloop
  endfacet
  facet normal 0.0330175 0.999455 -2.32046e-05
    outer loop
      vertex 0.335942 10.989 4.2222
      vertex 0 11 0
      vertex 0.287564 10.9906 4.3
    endloop
  endfacet
  facet normal 0.0324309 0.999474 1.60674e-05
    outer loop
      vertex 0.287564 10.9906 4.3
      vertex 0 11 0
      vertex 0.244378 10.992 4.3808
    endloop
  endfacet
  facet normal 0.0318309 0.999493 4.95714e-05
    outer loop
      vertex 0.244378 10.992 4.3808
      vertex 0 11 0
      vertex 0.206568 10.9932 4.46424
    endloop
  endfacet
  facet normal 0.033939 0.999424 -4.80757e-05
    outer loop
      vertex 0.206568 10.9932 4.46424
      vertex 0 11 0
      vertex 0.174297 10.9943 4.54998
    endloop
  endfacet
  facet normal 0.0336953 0.999432 -3.8732e-05
    outer loop
      vertex 0.174297 10.9943 4.54998
      vertex 0 11 0
      vertex 0.147703 10.9952 4.63765
    endloop
  endfacet
  facet normal 0.0292688 0.999572 0.000102392
    outer loop
      vertex 0.147703 10.9952 4.63765
      vertex 0 11 0
      vertex 0.1269 10.9958 4.72687
    endloop
  endfacet
  facet normal 0.0329822 0.999456 0
    outer loop
      vertex 0.0999994 10.9967 5
      vertex 0 11 0
      vertex 0 11 24
    endloop
  endfacet
  facet normal 0.0332052 0.999449 -4.46472e-06
    outer loop
      vertex 0.102997 10.9966 4.90843
      vertex 0 11 0
      vertex 0.0999994 10.9967 5
    endloop
  endfacet
  facet normal 0.0333194 0.999445 -6.86198e-06
    outer loop
      vertex 0.111977 10.9963 4.81726
      vertex 0 11 0
      vertex 0.102997 10.9966 4.90843
    endloop
  endfacet
  facet normal 0.0334295 0.999441 -9.42534e-06
    outer loop
      vertex 0.1269 10.9958 4.72687
      vertex 0 11 0
      vertex 0.111977 10.9963 4.81726
    endloop
  endfacet
  facet normal -0.634393 0.773011 0
    outer loop
      vertex -6.69637 8.72689 0
      vertex -7.2528 8.27024 24
      vertex -6.69637 8.72689 24
    endloop
  endfacet
  facet normal -0.634393 0.773011 0
    outer loop
      vertex -7.2528 8.27024 24
      vertex -6.69637 8.72689 0
      vertex -7.2528 8.27024 0
    endloop
  endfacet
  facet normal 0.935933 -0.352178 0
    outer loop
      vertex 10.1627 -4.20952 24
      vertex 10.4162 -3.53583 0
      vertex 10.4162 -3.53583 24
    endloop
  endfacet
  facet normal 0.935933 -0.352178 0
    outer loop
      vertex 10.4162 -3.53583 0
      vertex 10.1627 -4.20952 24
      vertex 10.1627 -4.20952 0
    endloop
  endfacet
  facet normal -0.935933 -0.352178 0
    outer loop
      vertex -10.1627 -4.20952 0
      vertex -10.4162 -3.53583 24
      vertex -10.4162 -3.53583 0
    endloop
  endfacet
  facet normal -0.935933 -0.352178 0
    outer loop
      vertex -10.4162 -3.53583 24
      vertex -10.1627 -4.20952 0
      vertex -10.1627 -4.20952 24
    endloop
  endfacet
  facet normal 0.582472 -0.812851 0
    outer loop
      vertex 6.11127 -9.14616 0
      vertex 6.69637 -8.72689 24
      vertex 6.11127 -9.14616 24
    endloop
  endfacet
  facet normal 0.582472 -0.812851 0
    outer loop
      vertex 6.69637 -8.72689 24
      vertex 6.11127 -9.14616 0
      vertex 6.69637 -8.72689 0
    endloop
  endfacet
  facet normal -0.0327859 0.999462 0
    outer loop
      vertex 0 11 0
      vertex -0.719434 10.9764 24
      vertex 0 11 24
    endloop
  endfacet
  facet normal -0.0327859 0.999462 0
    outer loop
      vertex -0.719434 10.9764 24
      vertex 0 11 0
      vertex -0.719434 10.9764 0
    endloop
  endfacet
  facet normal 0.683598 -0.729859 0
    outer loop
      vertex 7.2528 -8.27024 0
      vertex 7.77817 -7.77817 24
      vertex 7.2528 -8.27024 24
    endloop
  endfacet
  facet normal 0.683598 -0.729859 0
    outer loop
      vertex 7.77817 -7.77817 24
      vertex 7.2528 -8.27024 0
      vertex 7.77817 -7.77817 0
    endloop
  endfacet
  facet normal 0.290347 0.956922 0
    outer loop
      vertex 3.53583 10.4162 24
      vertex 2.84701 10.6252 5.37978
      vertex 2.84701 10.6252 24
    endloop
  endfacet
  facet normal 0.289597 0.957149 3.02977e-05
    outer loop
      vertex 3.53583 10.4162 24
      vertex 2.8523 10.6236 5.36235
      vertex 2.84701 10.6252 5.37978
    endloop
  endfacet
  facet normal 0.289944 0.957044 1.63849e-05
    outer loop
      vertex 3.53583 10.4162 24
      vertex 2.8731 10.6173 5.27313
      vertex 2.8523 10.6236 5.36235
    endloop
  endfacet
  facet normal 0.293875 0.955844 -0.000135629
    outer loop
      vertex 3.53583 10.4162 24
      vertex 2.88802 10.6127 5.18274
      vertex 2.8731 10.6173 5.27313
    endloop
  endfacet
  facet normal 0.28854 0.957468 6.50064e-05
    outer loop
      vertex 3.53583 10.4162 24
      vertex 2.897 10.61 5.09156
      vertex 2.88802 10.6127 5.18274
    endloop
  endfacet
  facet normal 0.290303 0.956935 -0
    outer loop
      vertex 3.53583 10.4162 0
      vertex 2.897 10.61 5.09156
      vertex 3.53583 10.4162 24
    endloop
  endfacet
  facet normal 0.291345 0.956618 0.00014284
    outer loop
      vertex 2.897 10.61 5.09156
      vertex 3.53583 10.4162 0
      vertex 2.9 10.6091 5
    endloop
  endfacet
  facet normal 0.289709 0.957115 -8.43487e-05
    outer loop
      vertex 2.9 10.6091 5
      vertex 3.53583 10.4162 0
      vertex 2.897 10.61 4.90843
    endloop
  endfacet
  facet normal 0.289283 0.957244 -0.00014485
    outer loop
      vertex 3.53583 10.4162 0
      vertex 2.88802 10.6127 4.81726
      vertex 2.897 10.61 4.90843
    endloop
  endfacet
  facet normal 0.292672 0.956213 0.000352972
    outer loop
      vertex 3.53583 10.4162 0
      vertex 2.8731 10.6173 4.72687
      vertex 2.88802 10.6127 4.81726
    endloop
  endfacet
  facet normal 0.290063 0.957008 -4.66871e-05
    outer loop
      vertex 3.53583 10.4162 0
      vertex 2.8523 10.6236 4.63765
      vertex 2.8731 10.6173 4.72687
    endloop
  endfacet
  facet normal 0.289782 0.957093 -9.18567e-05
    outer loop
      vertex 3.53583 10.4162 0
      vertex 2.84701 10.6252 4.62022
      vertex 2.8523 10.6236 4.63765
    endloop
  endfacet
  facet normal 0.290347 0.956922 0
    outer loop
      vertex 2.84701 10.6252 4.62022
      vertex 3.53583 10.4162 0
      vertex 2.84701 10.6252 0
    endloop
  endfacet
  facet normal -0.162957 -0.986633 0
    outer loop
      vertex -2.14599 -10.7886 0
      vertex -1.43579 -10.9059 24
      vertex -2.14599 -10.7886 24
    endloop
  endfacet
  facet normal -0.162957 -0.986633 -0
    outer loop
      vertex -1.43579 -10.9059 24
      vertex -2.14599 -10.7886 0
      vertex -1.43579 -10.9059 0
    endloop
  endfacet
  facet normal 0.471399 0.88192 -0
    outer loop
      vertex 5.5 9.52628 0
      vertex 4.86518 9.8656 24
      vertex 5.5 9.52628 24
    endloop
  endfacet
  facet normal 0.471399 0.88192 0
    outer loop
      vertex 4.86518 9.8656 24
      vertex 5.5 9.52628 0
      vertex 4.86518 9.8656 0
    endloop
  endfacet
  facet normal 0.849197 -0.528076 0
    outer loop
      vertex 9.14616 -6.11127 24
      vertex 9.52628 -5.5 0
      vertex 9.52628 -5.5 24
    endloop
  endfacet
  facet normal 0.849197 -0.528076 0
    outer loop
      vertex 9.52628 -5.5 0
      vertex 9.14616 -6.11127 24
      vertex 9.14616 -6.11127 0
    endloop
  endfacet
  facet normal -0.528076 -0.849197 0
    outer loop
      vertex -6.11127 -9.14616 0
      vertex -5.5 -9.52628 24
      vertex -6.11127 -9.14616 24
    endloop
  endfacet
  facet normal -0.528076 -0.849197 -0
    outer loop
      vertex -5.5 -9.52628 24
      vertex -6.11127 -9.14616 0
      vertex -5.5 -9.52628 0
    endloop
  endfacet
  facet normal -0.683598 -0.729859 0
    outer loop
      vertex -7.77817 -7.77817 0
      vertex -7.2528 -8.27024 24
      vertex -7.77817 -7.77817 24
    endloop
  endfacet
  facet normal -0.683598 -0.729859 -0
    outer loop
      vertex -7.2528 -8.27024 24
      vertex -7.77817 -7.77817 0
      vertex -7.2528 -8.27024 0
    endloop
  endfacet
  facet normal -0.290347 -0.956922 0
    outer loop
      vertex -3.53583 -10.4162 0
      vertex -2.84701 -10.6252 24
      vertex -3.53583 -10.4162 24
    endloop
  endfacet
  facet normal -0.290347 -0.956922 -0
    outer loop
      vertex -2.84701 -10.6252 24
      vertex -3.53583 -10.4162 0
      vertex -2.84701 -10.6252 0
    endloop
  endfacet
  facet normal -0.352178 -0.935933 0
    outer loop
      vertex -4.20952 -10.1627 0
      vertex -3.53583 -10.4162 24
      vertex -4.20952 -10.1627 24
    endloop
  endfacet
  facet normal -0.352178 -0.935933 -0
    outer loop
      vertex -3.53583 -10.4162 24
      vertex -4.20952 -10.1627 0
      vertex -3.53583 -10.4162 0
    endloop
  endfacet
  facet normal 0.910851 -0.412735 0
    outer loop
      vertex 9.8656 -4.86518 24
      vertex 10.1627 -4.20952 0
      vertex 10.1627 -4.20952 24
    endloop
  endfacet
  facet normal 0.910851 -0.412735 0
    outer loop
      vertex 10.1627 -4.20952 0
      vertex 9.8656 -4.86518 24
      vertex 9.8656 -4.86518 0
    endloop
  endfacet
  facet normal 0 0 -1
    outer loop
      vertex 10 -1.41421 0
      vertex 10.9059 -1.43579 0
      vertex 10.7886 -2.14599 0
    endloop
  endfacet
  facet normal 0 -0 -1
    outer loop
      vertex 10.7828 -0.631371 0
      vertex 10.9059 -1.43579 0
      vertex 10 -1.41421 0
    endloop
  endfacet
  facet normal 0 0 -1
    outer loop
      vertex 10 -1.41421 0
      vertex 10.7886 -2.14599 0
      vertex 10.6252 -2.84701 0
    endloop
  endfacet
  facet normal 0 0 -1
    outer loop
      vertex 10 -1.41421 0
      vertex 10.6252 -2.84701 0
      vertex 10.4162 -3.53583 0
    endloop
  endfacet
  facet normal 0 0 -1
    outer loop
      vertex 10 -1.41421 0
      vertex 10.4162 -3.53583 0
      vertex 10.1627 -4.20952 0
    endloop
  endfacet
  facet normal 0 0 -1
    outer loop
      vertex 10.9059 -1.43579 0
      vertex 10.7828 -0.631371 0
      vertex 10.967 -0.815513 0
    endloop
  endfacet
  facet normal 0 0 -1
    outer loop
      vertex 4.70429 -1.85 0
      vertex 10.1627 -4.20952 0
      vertex 9.8656 -4.86518 0
    endloop
  endfacet
  facet normal 0 0 -1
    outer loop
      vertex 4.57644 -2.05561 0
      vertex 9.8656 -4.86518 0
      vertex 9.52628 -5.5 0
    endloop
  endfacet
  facet normal 0 0 -1
    outer loop
      vertex 4.43541 -2.25242 0
      vertex 9.52628 -5.5 0
      vertex 9.14616 -6.11127 0
    endloop
  endfacet
  facet normal 0 0 -1
    outer loop
      vertex 4.28181 -2.43958 0
      vertex 9.14616 -6.11127 0
      vertex 8.72689 -6.69637 0
    endloop
  endfacet
  facet normal 0 0 -1
    outer loop
      vertex 10.1627 -4.20952 0
      vertex 4.70429 -1.85 0
      vertex 4.81843 -1.63647 0
    endloop
  endfacet
  facet normal 0 0 -1
    outer loop
      vertex 3.93958 -2.78181 0
      vertex 8.72689 -6.69637 0
      vertex 8.27024 -7.2528 0
    endloop
  endfacet
  facet normal 0 0 -1
    outer loop
      vertex 10.7828 0.631371 0
      vertex 10.9059 1.43579 0
      vertex 10.967 0.815513 0
    endloop
  endfacet
  facet normal 0 0 -1
    outer loop
      vertex 10.9059 1.43579 0
      vertex 10.7828 0.631371 0
      vertex 10 1.41421 0
    endloop
  endfacet
  facet normal -0 0 -1
    outer loop
      vertex 10.9059 1.43579 0
      vertex 10 1.41421 0
      vertex 10.7886 2.14599 0
    endloop
  endfacet
  facet normal -0 0 -1
    outer loop
      vertex 10.7886 2.14599 0
      vertex 10 1.41421 0
      vertex 10.6252 2.84701 0
    endloop
  endfacet
  facet normal -0 0 -1
    outer loop
      vertex 10.6252 2.84701 0
      vertex 10 1.41421 0
      vertex 10.4162 3.53583 0
    endloop
  endfacet
  facet normal -0 0 -1
    outer loop
      vertex 10.4162 3.53583 0
      vertex 10 1.41421 0
      vertex 10.1627 4.20952 0
    endloop
  endfacet
  facet normal 0 0 -1
    outer loop
      vertex 4.81843 1.63647 0
      vertex 10.1627 4.20952 0
      vertex 10 1.41421 0
    endloop
  endfacet
  facet normal 0 0 -1
    outer loop
      vertex 4.70429 1.85 0
      vertex 10.1627 4.20952 0
      vertex 4.81843 1.63647 0
    endloop
  endfacet
  facet normal 0 0 -1
    outer loop
      vertex 4.57644 2.05561 0
      vertex 9.8656 4.86518 0
      vertex 4.70429 1.85 0
    endloop
  endfacet
  facet normal -0 0 -1
    outer loop
      vertex 9.8656 4.86518 0
      vertex 4.57644 2.05561 0
      vertex 9.52628 5.5 0
    endloop
  endfacet
  facet normal 0 0 -1
    outer loop
      vertex 4.91835 1.41593 0
      vertex 10 1.41421 0
      vertex 8.58579 0 0
    endloop
  endfacet
  facet normal 0 0 -1
    outer loop
      vertex 10.1627 -4.20952 0
      vertex 4.81843 -1.63647 0
      vertex 10 -1.41421 0
    endloop
  endfacet
  facet normal 0 0 -1
    outer loop
      vertex 5.19208 0.241991 0
      vertex 8.58579 0 0
      vertex 5.2 0 0
    endloop
  endfacet
  facet normal 0 0 -1
    outer loop
      vertex 3.75242 -2.93541 0
      vertex 8.27024 -7.2528 0
      vertex 7.77817 -7.77817 0
    endloop
  endfacet
  facet normal 0 0 -1
    outer loop
      vertex 5.16835 0.482946 0
      vertex 8.58579 0 0
      vertex 5.19208 0.241991 0
    endloop
  endfacet
  facet normal 0 0 -1
    outer loop
      vertex 3.55561 -3.07644 0
      vertex 7.77817 -7.77817 0
      vertex 7.2528 -8.27024 0
    endloop
  endfacet
  facet normal 0 0 -1
    outer loop
      vertex 5.12891 0.721834 0
      vertex 8.58579 0 0
      vertex 5.16835 0.482946 0
    endloop
  endfacet
  facet normal 0 0 -1
    outer loop
      vertex 3.35 -3.20429 0
      vertex 7.2528 -8.27024 0
      vertex 6.69637 -8.72689 0
    endloop
  endfacet
  facet normal 0 0 -1
    outer loop
      vertex 5.07393 0.95763 0
      vertex 8.58579 0 0
      vertex 5.12891 0.721834 0
    endloop
  endfacet
  facet normal 0 0 -1
    outer loop
      vertex 3.13647 -3.31843 0
      vertex 6.69637 -8.72689 0
      vertex 6.11127 -9.14616 0
    endloop
  endfacet
  facet normal 0 0 -1
    outer loop
      vertex 5.00364 1.18933 0
      vertex 8.58579 0 0
      vertex 5.07393 0.95763 0
    endloop
  endfacet
  facet normal 0 0 -1
    outer loop
      vertex 2.91593 -3.41835 0
      vertex 6.11127 -9.14616 0
      vertex 5.5 -9.52628 0
    endloop
  endfacet
  facet normal 0 0 -1
    outer loop
      vertex 4.91835 1.41593 0
      vertex 8.58579 0 0
      vertex 5.00364 1.18933 0
    endloop
  endfacet
  facet normal 0 0 -1
    outer loop
      vertex 10 1.41421 0
      vertex 4.91835 1.41593 0
      vertex 4.81843 1.63647 0
    endloop
  endfacet
  facet normal -0 0 -1
    outer loop
      vertex 8.58579 0 0
      vertex 5.19208 -0.241991 0
      vertex 5.2 0 0
    endloop
  endfacet
  facet normal 0 0 -1
    outer loop
      vertex 8.58579 0 0
      vertex 5.16835 -0.482946 0
      vertex 5.19208 -0.241991 0
    endloop
  endfacet
  facet normal 0 0 -1
    outer loop
      vertex 8.58579 0 0
      vertex 5.12891 -0.721834 0
      vertex 5.16835 -0.482946 0
    endloop
  endfacet
  facet normal 0 0 -1
    outer loop
      vertex 8.58579 0 0
      vertex 5.07393 -0.95763 0
      vertex 5.12891 -0.721834 0
    endloop
  endfacet
  facet normal 0 0 -1
    outer loop
      vertex 8.58579 0 0
      vertex 5.00364 -1.18933 0
      vertex 5.07393 -0.95763 0
    endloop
  endfacet
  facet normal 0 0 -1
    outer loop
      vertex 8.58579 0 0
      vertex 4.91835 -1.41593 0
      vertex 5.00364 -1.18933 0
    endloop
  endfacet
  facet normal 0 0 -1
    outer loop
      vertex 2.68933 -3.50364 0
      vertex 5.5 -9.52628 0
      vertex 4.86518 -9.8656 0
    endloop
  endfacet
  facet normal -0 0 -1
    outer loop
      vertex 10 -1.41421 0
      vertex 4.91835 -1.41593 0
      vertex 8.58579 0 0
    endloop
  endfacet
  facet normal 0 -0 -1
    outer loop
      vertex 4.91835 -1.41593 0
      vertex 10 -1.41421 0
      vertex 4.81843 -1.63647 0
    endloop
  endfacet
  facet normal 0 0 -1
    outer loop
      vertex 9.8656 -4.86518 0
      vertex 4.57644 -2.05561 0
      vertex 4.70429 -1.85 0
    endloop
  endfacet
  facet normal 0 0 -1
    outer loop
      vertex 9.52628 -5.5 0
      vertex 4.43541 -2.25242 0
      vertex 4.57644 -2.05561 0
    endloop
  endfacet
  facet normal 0 0 -1
    outer loop
      vertex 9.14616 -6.11127 0
      vertex 4.28181 -2.43958 0
      vertex 4.43541 -2.25242 0
    endloop
  endfacet
  facet normal 0 0 -1
    outer loop
      vertex 2.45763 -3.57393 0
      vertex 4.86518 -9.8656 0
      vertex 4.20952 -10.1627 0
    endloop
  endfacet
  facet normal 0 0 -1
    outer loop
      vertex 8.72689 -6.69637 0
      vertex 4.11629 -2.61629 0
      vertex 4.28181 -2.43958 0
    endloop
  endfacet
  facet normal 0 0 -1
    outer loop
      vertex 8.72689 -6.69637 0
      vertex 3.93958 -2.78181 0
      vertex 4.11629 -2.61629 0
    endloop
  endfacet
  facet normal 0 0 -1
    outer loop
      vertex 8.27024 -7.2528 0
      vertex 3.75242 -2.93541 0
      vertex 3.93958 -2.78181 0
    endloop
  endfacet
  facet normal 0 0 -1
    outer loop
      vertex 7.77817 -7.77817 0
      vertex 3.55561 -3.07644 0
      vertex 3.75242 -2.93541 0
    endloop
  endfacet
  facet normal 0 0 -1
    outer loop
      vertex 2.22183 -3.62891 0
      vertex 4.20952 -10.1627 0
      vertex 3.53583 -10.4162 0
    endloop
  endfacet
  facet normal 0 0 -1
    outer loop
      vertex 7.2528 -8.27024 0
      vertex 3.35 -3.20429 0
      vertex 3.55561 -3.07644 0
    endloop
  endfacet
  facet normal 0 0 -1
    outer loop
      vertex 6.69637 -8.72689 0
      vertex 3.13647 -3.31843 0
      vertex 3.35 -3.20429 0
    endloop
  endfacet
  facet normal 0 0 -1
    outer loop
      vertex 6.11127 -9.14616 0
      vertex 2.91593 -3.41835 0
      vertex 3.13647 -3.31843 0
    endloop
  endfacet
  facet normal 0 0 -1
    outer loop
      vertex 1.98295 -3.66835 0
      vertex 3.53583 -10.4162 0
      vertex 2.84701 -10.6252 0
    endloop
  endfacet
  facet normal 0 0 -1
    outer loop
      vertex 5.5 -9.52628 0
      vertex 2.68933 -3.50364 0
      vertex 2.91593 -3.41835 0
    endloop
  endfacet
  facet normal 0 0 -1
    outer loop
      vertex 4.86518 -9.8656 0
      vertex 2.45763 -3.57393 0
      vertex 2.68933 -3.50364 0
    endloop
  endfacet
  facet normal 0 0 -1
    outer loop
      vertex 4.20952 -10.1627 0
      vertex 2.22183 -3.62891 0
      vertex 2.45763 -3.57393 0
    endloop
  endfacet
  facet normal 0 0 -1
    outer loop
      vertex 1.5 -3.7 0
      vertex 2.84701 -10.6252 0
      vertex 2.14599 -10.7886 0
    endloop
  endfacet
  facet normal 0 0 -1
    outer loop
      vertex 3.53583 -10.4162 0
      vertex 1.98295 -3.66835 0
      vertex 2.22183 -3.62891 0
    endloop
  endfacet
  facet normal 0 0 -1
    outer loop
      vertex 2.84701 -10.6252 0
      vertex 1.74199 -3.69208 0
      vertex 1.98295 -3.66835 0
    endloop
  endfacet
  facet normal 0 0 -1
    outer loop
      vertex 2.84701 -10.6252 0
      vertex 1.5 -3.7 0
      vertex 1.74199 -3.69208 0
    endloop
  endfacet
  facet normal 0 0 -1
    outer loop
      vertex 1.25801 -3.69208 0
      vertex 2.14599 -10.7886 0
      vertex 1.43579 -10.9059 0
    endloop
  endfacet
  facet normal 0 0 -1
    outer loop
      vertex 2.14599 -10.7886 0
      vertex 1.25801 -3.69208 0
      vertex 1.5 -3.7 0
    endloop
  endfacet
  facet normal 0 0 -1
    outer loop
      vertex 1.43579 -10.9059 0
      vertex 1.01705 -3.66835 0
      vertex 1.25801 -3.69208 0
    endloop
  endfacet
  facet normal 0 0 -1
    outer loop
      vertex 0.719434 -10.9764 0
      vertex 1.01705 -3.66835 0
      vertex 1.43579 -10.9059 0
    endloop
  endfacet
  facet normal -0 0 -1
    outer loop
      vertex 1.01705 -3.66835 0
      vertex 0.719434 -10.9764 0
      vertex 0.778165 -3.62891 0
    endloop
  endfacet
  facet normal 0 0 -1
    outer loop
      vertex 0 -11 0
      vertex 0.778165 -3.62891 0
      vertex 0.719434 -10.9764 0
    endloop
  endfacet
  facet normal -0 0 -1
    outer loop
      vertex 0.778165 -3.62891 0
      vertex 0 -11 0
      vertex 0.542369 -3.57393 0
    endloop
  endfacet
  facet normal 0 0 -1
    outer loop
      vertex -0.719434 -10.9764 0
      vertex 0.542369 -3.57393 0
      vertex 0 -11 0
    endloop
  endfacet
  facet normal -0 0 -1
    outer loop
      vertex 0.542369 -3.57393 0
      vertex -0.719434 -10.9764 0
      vertex 0.310674 -3.50364 0
    endloop
  endfacet
  facet normal 0 0 -1
    outer loop
      vertex -1.43579 -10.9059 0
      vertex 0.310674 -3.50364 0
      vertex -0.719434 -10.9764 0
    endloop
  endfacet
  facet normal -0 0 -1
    outer loop
      vertex 0.310674 -3.50364 0
      vertex -1.43579 -10.9059 0
      vertex 0.0840712 -3.41835 0
    endloop
  endfacet
  facet normal 0 0 -1
    outer loop
      vertex -2.14599 -10.7886 0
      vertex 0.0840712 -3.41835 0
      vertex -1.43579 -10.9059 0
    endloop
  endfacet
  facet normal -0 0 -1
    outer loop
      vertex 0.0840712 -3.41835 0
      vertex -2.14599 -10.7886 0
      vertex -0.136468 -3.31843 0
    endloop
  endfacet
  facet normal 0 0 -1
    outer loop
      vertex -2.84701 -10.6252 0
      vertex -0.136468 -3.31843 0
      vertex -2.14599 -10.7886 0
    endloop
  endfacet
  facet normal 0 0 -1
    outer loop
      vertex -3.53583 -10.4162 0
      vertex -0.136468 -3.31843 0
      vertex -2.84701 -10.6252 0
    endloop
  endfacet
  facet normal -0 0 -1
    outer loop
      vertex -0.136468 -3.31843 0
      vertex -3.53583 -10.4162 0
      vertex -0.349999 -3.20429 0
    endloop
  endfacet
  facet normal 0 0 -1
    outer loop
      vertex -4.20952 -10.1627 0
      vertex -0.349999 -3.20429 0
      vertex -3.53583 -10.4162 0
    endloop
  endfacet
  facet normal -0 0 -1
    outer loop
      vertex -0.349999 -3.20429 0
      vertex -4.20952 -10.1627 0
      vertex -0.55561 -3.07644 0
    endloop
  endfacet
  facet normal 0 0 -1
    outer loop
      vertex -4.86518 -9.8656 0
      vertex -0.55561 -3.07644 0
      vertex -4.20952 -10.1627 0
    endloop
  endfacet
  facet normal -0 0 -1
    outer loop
      vertex -0.55561 -3.07644 0
      vertex -4.86518 -9.8656 0
      vertex -0.752417 -2.93541 0
    endloop
  endfacet
  facet normal 0 0 -1
    outer loop
      vertex -5.5 -9.52628 0
      vertex -0.752417 -2.93541 0
      vertex -4.86518 -9.8656 0
    endloop
  endfacet
  facet normal -0 0 -1
    outer loop
      vertex -0.752417 -2.93541 0
      vertex -5.5 -9.52628 0
      vertex -0.939579 -2.78181 0
    endloop
  endfacet
  facet normal 0 0 -1
    outer loop
      vertex -6.11127 -9.14616 0
      vertex -0.939579 -2.78181 0
      vertex -5.5 -9.52628 0
    endloop
  endfacet
  facet normal -0 0 -1
    outer loop
      vertex -0.939579 -2.78181 0
      vertex -6.11127 -9.14616 0
      vertex -1.11629 -2.61629 0
    endloop
  endfacet
  facet normal 0 0 -1
    outer loop
      vertex -6.69637 -8.72689 0
      vertex -1.11629 -2.61629 0
      vertex -6.11127 -9.14616 0
    endloop
  endfacet
  facet normal -0 0 -1
    outer loop
      vertex -1.11629 -2.61629 0
      vertex -6.69637 -8.72689 0
      vertex -1.28181 -2.43958 0
    endloop
  endfacet
  facet normal 0 0 -1
    outer loop
      vertex -7.2528 -8.27024 0
      vertex -1.28181 -2.43958 0
      vertex -6.69637 -8.72689 0
    endloop
  endfacet
  facet normal -0 0 -1
    outer loop
      vertex -1.28181 -2.43958 0
      vertex -7.2528 -8.27024 0
      vertex -1.43541 -2.25242 0
    endloop
  endfacet
  facet normal 0 0 -1
    outer loop
      vertex -7.77817 -7.77817 0
      vertex -1.43541 -2.25242 0
      vertex -7.2528 -8.27024 0
    endloop
  endfacet
  facet normal -0 0 -1
    outer loop
      vertex -1.43541 -2.25242 0
      vertex -7.77817 -7.77817 0
      vertex -1.57644 -2.05561 0
    endloop
  endfacet
  facet normal 0 0 -1
    outer loop
      vertex -8.27024 -7.2528 0
      vertex -1.57644 -2.05561 0
      vertex -7.77817 -7.77817 0
    endloop
  endfacet
  facet normal 0 0 -1
    outer loop
      vertex -2.00364 1.18933 0
      vertex -10.1627 4.20952 0
      vertex -9.8656 4.86518 0
    endloop
  endfacet
  facet normal 0 0 -1
    outer loop
      vertex -2.07393 0.95763 0
      vertex -10.4162 3.53583 0
      vertex -10.1627 4.20952 0
    endloop
  endfacet
  facet normal 0 0 -1
    outer loop
      vertex -10.1515 0 0
      vertex -10.6252 2.84701 0
      vertex -10.4162 3.53583 0
    endloop
  endfacet
  facet normal 0 0 -1
    outer loop
      vertex -10.1515 0 0
      vertex -10.7886 2.14599 0
      vertex -10.6252 2.84701 0
    endloop
  endfacet
  facet normal 0 0 -1
    outer loop
      vertex -10.1515 0 0
      vertex -10.9059 1.43579 0
      vertex -10.7886 2.14599 0
    endloop
  endfacet
  facet normal 0 -0 -1
    outer loop
      vertex -10.9059 1.43579 0
      vertex -10.1515 0 0
      vertex -10.967 0.815513 0
    endloop
  endfacet
  facet normal -0 0 -1
    outer loop
      vertex 10.1627 4.20952 0
      vertex 4.70429 1.85 0
      vertex 9.8656 4.86518 0
    endloop
  endfacet
  facet normal 0 0 -1
    outer loop
      vertex 4.43541 2.25242 0
      vertex 9.52628 5.5 0
      vertex 4.57644 2.05561 0
    endloop
  endfacet
  facet normal -0 0 -1
    outer loop
      vertex 9.52628 5.5 0
      vertex 4.43541 2.25242 0
      vertex 9.14616 6.11127 0
    endloop
  endfacet
  facet normal 0 0 -1
    outer loop
      vertex 4.28181 2.43958 0
      vertex 9.14616 6.11127 0
      vertex 4.43541 2.25242 0
    endloop
  endfacet
  facet normal -0 0 -1
    outer loop
      vertex 9.14616 6.11127 0
      vertex 4.28181 2.43958 0
      vertex 8.72689 6.69637 0
    endloop
  endfacet
  facet normal 0 0 -1
    outer loop
      vertex 4.11629 2.61629 0
      vertex 8.72689 6.69637 0
      vertex 4.28181 2.43958 0
    endloop
  endfacet
  facet normal 0 0 -1
    outer loop
      vertex 3.93958 2.78181 0
      vertex 8.72689 6.69637 0
      vertex 4.11629 2.61629 0
    endloop
  endfacet
  facet normal -0 0 -1
    outer loop
      vertex 8.72689 6.69637 0
      vertex 3.93958 2.78181 0
      vertex 8.27024 7.2528 0
    endloop
  endfacet
  facet normal 0 0 -1
    outer loop
      vertex 3.75242 2.93541 0
      vertex 8.27024 7.2528 0
      vertex 3.93958 2.78181 0
    endloop
  endfacet
  facet normal -0 0 -1
    outer loop
      vertex 8.27024 7.2528 0
      vertex 3.75242 2.93541 0
      vertex 7.77817 7.77817 0
    endloop
  endfacet
  facet normal 0 0 -1
    outer loop
      vertex 3.55561 3.07644 0
      vertex 7.77817 7.77817 0
      vertex 3.75242 2.93541 0
    endloop
  endfacet
  facet normal -0 0 -1
    outer loop
      vertex 7.77817 7.77817 0
      vertex 3.55561 3.07644 0
      vertex 7.2528 8.27024 0
    endloop
  endfacet
  facet normal 0 0 -1
    outer loop
      vertex 3.35 3.20429 0
      vertex 7.2528 8.27024 0
      vertex 3.55561 3.07644 0
    endloop
  endfacet
  facet normal -0 0 -1
    outer loop
      vertex 7.2528 8.27024 0
      vertex 3.35 3.20429 0
      vertex 6.69637 8.72689 0
    endloop
  endfacet
  facet normal 0 0 -1
    outer loop
      vertex 3.13647 3.31843 0
      vertex 6.69637 8.72689 0
      vertex 3.35 3.20429 0
    endloop
  endfacet
  facet normal -0 0 -1
    outer loop
      vertex 6.69637 8.72689 0
      vertex 3.13647 3.31843 0
      vertex 6.11127 9.14616 0
    endloop
  endfacet
  facet normal 0 0 -1
    outer loop
      vertex 2.91593 3.41835 0
      vertex 6.11127 9.14616 0
      vertex 3.13647 3.31843 0
    endloop
  endfacet
  facet normal -0 0 -1
    outer loop
      vertex 6.11127 9.14616 0
      vertex 2.91593 3.41835 0
      vertex 5.5 9.52628 0
    endloop
  endfacet
  facet normal 0 0 -1
    outer loop
      vertex 2.68933 3.50364 0
      vertex 5.5 9.52628 0
      vertex 2.91593 3.41835 0
    endloop
  endfacet
  facet normal -0 0 -1
    outer loop
      vertex 5.5 9.52628 0
      vertex 2.68933 3.50364 0
      vertex 4.86518 9.8656 0
    endloop
  endfacet
  facet normal 0 0 -1
    outer loop
      vertex 2.45763 3.57393 0
      vertex 4.86518 9.8656 0
      vertex 2.68933 3.50364 0
    endloop
  endfacet
  facet normal -0 0 -1
    outer loop
      vertex 4.86518 9.8656 0
      vertex 2.45763 3.57393 0
      vertex 4.20952 10.1627 0
    endloop
  endfacet
  facet normal 0 0 -1
    outer loop
      vertex 2.22183 3.62891 0
      vertex 4.20952 10.1627 0
      vertex 2.45763 3.57393 0
    endloop
  endfacet
  facet normal -0 0 -1
    outer loop
      vertex 4.20952 10.1627 0
      vertex 2.22183 3.62891 0
      vertex 3.53583 10.4162 0
    endloop
  endfacet
  facet normal 0 0 -1
    outer loop
      vertex 1.98295 3.66835 0
      vertex 3.53583 10.4162 0
      vertex 2.22183 3.62891 0
    endloop
  endfacet
  facet normal -0 0 -1
    outer loop
      vertex 3.53583 10.4162 0
      vertex 1.98295 3.66835 0
      vertex 2.84701 10.6252 0
    endloop
  endfacet
  facet normal 0 0 -1
    outer loop
      vertex 1.74199 3.69208 0
      vertex 2.84701 10.6252 0
      vertex 1.98295 3.66835 0
    endloop
  endfacet
  facet normal 0 0 -1
    outer loop
      vertex 1.5 3.7 0
      vertex 2.84701 10.6252 0
      vertex 1.74199 3.69208 0
    endloop
  endfacet
  facet normal -0 0 -1
    outer loop
      vertex 2.84701 10.6252 0
      vertex 1.5 3.7 0
      vertex 2.14599 10.7886 0
    endloop
  endfacet
  facet normal 0 0 -1
    outer loop
      vertex 1.25801 3.69208 0
      vertex 2.14599 10.7886 0
      vertex 1.5 3.7 0
    endloop
  endfacet
  facet normal -0 0 -1
    outer loop
      vertex 2.14599 10.7886 0
      vertex 1.25801 3.69208 0
      vertex 1.43579 10.9059 0
    endloop
  endfacet
  facet normal 0 0 -1
    outer loop
      vertex 1.01705 3.66835 0
      vertex 1.43579 10.9059 0
      vertex 1.25801 3.69208 0
    endloop
  endfacet
  facet normal 0 0 -1
    outer loop
      vertex 0.719434 10.9764 0
      vertex 1.01705 3.66835 0
      vertex 0.778165 3.62891 0
    endloop
  endfacet
  facet normal 0 0 -1
    outer loop
      vertex 1.01705 3.66835 0
      vertex 0.719434 10.9764 0
      vertex 1.43579 10.9059 0
    endloop
  endfacet
  facet normal 0 0 -1
    outer loop
      vertex 0 11 0
      vertex 0.778165 3.62891 0
      vertex 0.542369 3.57393 0
    endloop
  endfacet
  facet normal 0 0 -1
    outer loop
      vertex -0.719434 10.9764 0
      vertex 0.542369 3.57393 0
      vertex 0.310674 3.50364 0
    endloop
  endfacet
  facet normal 0 0 -1
    outer loop
      vertex -1.43579 10.9059 0
      vertex 0.310674 3.50364 0
      vertex 0.0840712 3.41835 0
    endloop
  endfacet
  facet normal 0 0 -1
    outer loop
      vertex 0.778165 3.62891 0
      vertex 0 11 0
      vertex 0.719434 10.9764 0
    endloop
  endfacet
  facet normal 0 0 -1
    outer loop
      vertex -2.14599 10.7886 0
      vertex 0.0840712 3.41835 0
      vertex -0.136468 3.31843 0
    endloop
  endfacet
  facet normal 0 0 -1
    outer loop
      vertex -3.53583 10.4162 0
      vertex -0.136468 3.31843 0
      vertex -0.349999 3.20429 0
    endloop
  endfacet
  facet normal 0 0 -1
    outer loop
      vertex -4.20952 10.1627 0
      vertex -0.349999 3.20429 0
      vertex -0.55561 3.07644 0
    endloop
  endfacet
  facet normal 0 0 -1
    outer loop
      vertex 0.542369 3.57393 0
      vertex -0.719434 10.9764 0
      vertex 0 11 0
    endloop
  endfacet
  facet normal 0 0 -1
    outer loop
      vertex -4.86518 9.8656 0
      vertex -0.55561 3.07644 0
      vertex -0.752417 2.93541 0
    endloop
  endfacet
  facet normal 0 0 -1
    outer loop
      vertex -5.5 9.52628 0
      vertex -0.752417 2.93541 0
      vertex -0.939579 2.78181 0
    endloop
  endfacet
  facet normal 0 0 -1
    outer loop
      vertex -6.11127 9.14616 0
      vertex -0.939579 2.78181 0
      vertex -1.11629 2.61629 0
    endloop
  endfacet
  facet normal 0 0 -1
    outer loop
      vertex -6.69637 8.72689 0
      vertex -1.11629 2.61629 0
      vertex -1.28181 2.43958 0
    endloop
  endfacet
  facet normal 0 0 -1
    outer loop
      vertex -7.2528 8.27024 0
      vertex -1.28181 2.43958 0
      vertex -1.43541 2.25242 0
    endloop
  endfacet
  facet normal 0 0 -1
    outer loop
      vertex 0.310674 3.50364 0
      vertex -1.43579 10.9059 0
      vertex -0.719434 10.9764 0
    endloop
  endfacet
  facet normal 0 0 -1
    outer loop
      vertex -7.77817 7.77817 0
      vertex -1.43541 2.25242 0
      vertex -1.57644 2.05561 0
    endloop
  endfacet
  facet normal 0 0 -1
    outer loop
      vertex -8.72689 6.69637 0
      vertex -1.57644 2.05561 0
      vertex -1.70429 1.85 0
    endloop
  endfacet
  facet normal 0 0 -1
    outer loop
      vertex -9.14616 6.11127 0
      vertex -1.70429 1.85 0
      vertex -1.81843 1.63647 0
    endloop
  endfacet
  facet normal 0 0 -1
    outer loop
      vertex -9.52628 5.5 0
      vertex -1.81843 1.63647 0
      vertex -1.91835 1.41593 0
    endloop
  endfacet
  facet normal 0 0 -1
    outer loop
      vertex -9.8656 4.86518 0
      vertex -1.91835 1.41593 0
      vertex -2.00364 1.18933 0
    endloop
  endfacet
  facet normal 0 0 -1
    outer loop
      vertex -10.1627 4.20952 0
      vertex -2.00364 1.18933 0
      vertex -2.07393 0.95763 0
    endloop
  endfacet
  facet normal 0 0 -1
    outer loop
      vertex -10.1515 0 0
      vertex -2.07393 0.95763 0
      vertex -2.12891 0.721834 0
    endloop
  endfacet
  facet normal 0 0 -1
    outer loop
      vertex 0.0840712 3.41835 0
      vertex -2.14599 10.7886 0
      vertex -1.43579 10.9059 0
    endloop
  endfacet
  facet normal 0 0 -1
    outer loop
      vertex -10.1515 0 0
      vertex -2.12891 0.721834 0
      vertex -2.16835 0.482946 0
    endloop
  endfacet
  facet normal 0 0 -1
    outer loop
      vertex -10.1515 0 0
      vertex -2.16835 0.482946 0
      vertex -2.19208 0.241991 0
    endloop
  endfacet
  facet normal 0 0 -1
    outer loop
      vertex -10.1515 0 0
      vertex -2.19208 0.241991 0
      vertex -2.2 0 0
    endloop
  endfacet
  facet normal 0 0 -1
    outer loop
      vertex -8.72689 -6.69637 0
      vertex -1.57644 -2.05561 0
      vertex -8.27024 -7.2528 0
    endloop
  endfacet
  facet normal 0 0 -1
    outer loop
      vertex -10.4162 3.53583 0
      vertex -2.07393 0.95763 0
      vertex -10.1515 0 0
    endloop
  endfacet
  facet normal -0 0 -1
    outer loop
      vertex -1.57644 -2.05561 0
      vertex -8.72689 -6.69637 0
      vertex -1.70429 -1.85 0
    endloop
  endfacet
  facet normal 0 0 -1
    outer loop
      vertex -0.136468 3.31843 0
      vertex -2.84701 10.6252 0
      vertex -2.14599 10.7886 0
    endloop
  endfacet
  facet normal 0 0 -1
    outer loop
      vertex -9.14616 -6.11127 0
      vertex -1.70429 -1.85 0
      vertex -8.72689 -6.69637 0
    endloop
  endfacet
  facet normal 0 0 -1
    outer loop
      vertex -0.136468 3.31843 0
      vertex -3.53583 10.4162 0
      vertex -2.84701 10.6252 0
    endloop
  endfacet
  facet normal -0 0 -1
    outer loop
      vertex -1.70429 -1.85 0
      vertex -9.14616 -6.11127 0
      vertex -1.81843 -1.63647 0
    endloop
  endfacet
  facet normal 0 0 -1
    outer loop
      vertex -0.349999 3.20429 0
      vertex -4.20952 10.1627 0
      vertex -3.53583 10.4162 0
    endloop
  endfacet
  facet normal 0 0 -1
    outer loop
      vertex -9.52628 -5.5 0
      vertex -1.81843 -1.63647 0
      vertex -9.14616 -6.11127 0
    endloop
  endfacet
  facet normal 0 0 -1
    outer loop
      vertex -0.55561 3.07644 0
      vertex -4.86518 9.8656 0
      vertex -4.20952 10.1627 0
    endloop
  endfacet
  facet normal -0 0 -1
    outer loop
      vertex -1.81843 -1.63647 0
      vertex -9.52628 -5.5 0
      vertex -1.91835 -1.41593 0
    endloop
  endfacet
  facet normal 0 0 -1
    outer loop
      vertex -0.752417 2.93541 0
      vertex -5.5 9.52628 0
      vertex -4.86518 9.8656 0
    endloop
  endfacet
  facet normal 0 0 -1
    outer loop
      vertex -9.8656 -4.86518 0
      vertex -1.91835 -1.41593 0
      vertex -9.52628 -5.5 0
    endloop
  endfacet
  facet normal 0 0 -1
    outer loop
      vertex -0.939579 2.78181 0
      vertex -6.11127 9.14616 0
      vertex -5.5 9.52628 0
    endloop
  endfacet
  facet normal -0 0 -1
    outer loop
      vertex -1.91835 -1.41593 0
      vertex -9.8656 -4.86518 0
      vertex -2.00364 -1.18933 0
    endloop
  endfacet
  facet normal 0 0 -1
    outer loop
      vertex -1.11629 2.61629 0
      vertex -6.69637 8.72689 0
      vertex -6.11127 9.14616 0
    endloop
  endfacet
  facet normal 0 0 -1
    outer loop
      vertex -10.1627 -4.20952 0
      vertex -2.00364 -1.18933 0
      vertex -9.8656 -4.86518 0
    endloop
  endfacet
  facet normal 0 0 -1
    outer loop
      vertex -1.28181 2.43958 0
      vertex -7.2528 8.27024 0
      vertex -6.69637 8.72689 0
    endloop
  endfacet
  facet normal -0 0 -1
    outer loop
      vertex -2.00364 -1.18933 0
      vertex -10.1627 -4.20952 0
      vertex -2.07393 -0.95763 0
    endloop
  endfacet
  facet normal 0 0 -1
    outer loop
      vertex -1.43541 2.25242 0
      vertex -7.77817 7.77817 0
      vertex -7.2528 8.27024 0
    endloop
  endfacet
  facet normal 0 0 -1
    outer loop
      vertex -10.4162 -3.53583 0
      vertex -2.07393 -0.95763 0
      vertex -10.1627 -4.20952 0
    endloop
  endfacet
  facet normal 0 0 -1
    outer loop
      vertex -1.57644 2.05561 0
      vertex -8.27024 7.2528 0
      vertex -7.77817 7.77817 0
    endloop
  endfacet
  facet normal 0 -0 -1
    outer loop
      vertex -10.1515 0 0
      vertex -2.07393 -0.95763 0
      vertex -10.4162 -3.53583 0
    endloop
  endfacet
  facet normal 0 0 -1
    outer loop
      vertex -1.57644 2.05561 0
      vertex -8.72689 6.69637 0
      vertex -8.27024 7.2528 0
    endloop
  endfacet
  facet normal 0 0 -1
    outer loop
      vertex -2.07393 -0.95763 0
      vertex -10.1515 0 0
      vertex -2.12891 -0.721834 0
    endloop
  endfacet
  facet normal 0 0 -1
    outer loop
      vertex -1.70429 1.85 0
      vertex -9.14616 6.11127 0
      vertex -8.72689 6.69637 0
    endloop
  endfacet
  facet normal 0 0 -1
    outer loop
      vertex -2.12891 -0.721834 0
      vertex -10.1515 0 0
      vertex -2.16835 -0.482946 0
    endloop
  endfacet
  facet normal 0 0 -1
    outer loop
      vertex -1.81843 1.63647 0
      vertex -9.52628 5.5 0
      vertex -9.14616 6.11127 0
    endloop
  endfacet
  facet normal 0 0 -1
    outer loop
      vertex -1.91835 1.41593 0
      vertex -9.8656 4.86518 0
      vertex -9.52628 5.5 0
    endloop
  endfacet
  facet normal 0 0 -1
    outer loop
      vertex -2.16835 -0.482946 0
      vertex -10.1515 0 0
      vertex -2.19208 -0.241991 0
    endloop
  endfacet
  facet normal 0 0 -1
    outer loop
      vertex -2.19208 -0.241991 0
      vertex -10.1515 0 0
      vertex -2.2 0 0
    endloop
  endfacet
  facet normal 0 0 -1
    outer loop
      vertex -10.6252 -2.84701 0
      vertex -10.1515 0 0
      vertex -10.4162 -3.53583 0
    endloop
  endfacet
  facet normal 0 0 -1
    outer loop
      vertex -10.7886 -2.14599 0
      vertex -10.1515 0 0
      vertex -10.6252 -2.84701 0
    endloop
  endfacet
  facet normal 0 0 -1
    outer loop
      vertex -10.9059 -1.43579 0
      vertex -10.1515 0 0
      vertex -10.7886 -2.14599 0
    endloop
  endfacet
  facet normal 0 0 -1
    outer loop
      vertex -10.1515 0 0
      vertex -10.9059 -1.43579 0
      vertex -10.967 -0.815513 0
    endloop
  endfacet
  facet normal -0.935915 0.352226 0
    outer loop
      vertex 3.78791 -1.569 12
      vertex 3.88241 -1.3179 22
      vertex 3.88241 -1.3179 12
    endloop
  endfacet
  facet normal -0.935915 0.352226 0
    outer loop
      vertex 3.88241 -1.3179 22
      vertex 3.78791 -1.569 12
      vertex 3.78791 -1.569 22
    endloop
  endfacet
  facet normal -0.729874 0.683581 0
    outer loop
      vertex 2.89914 -2.89914 12
      vertex 3.08254 -2.70332 22
      vertex 3.08254 -2.70332 12
    endloop
  endfacet
  facet normal -0.729874 0.683581 0
    outer loop
      vertex 3.08254 -2.70332 22
      vertex 2.89914 -2.89914 12
      vertex 2.89914 -2.89914 22
    endloop
  endfacet
  facet normal -0.995184 -0.0980256 0
    outer loop
      vertex 4.09122 0.268152 12
      vertex 4.06492 0.535157 22
      vertex 4.06492 0.535157 12
    endloop
  endfacet
  facet normal -0.995184 -0.0980256 0
    outer loop
      vertex 4.06492 0.535157 22
      vertex 4.09122 0.268152 12
      vertex 4.09122 0.268152 22
    endloop
  endfacet
  facet normal 0.812836 -0.582493 0
    outer loop
      vertex -3.40903 2.27784 22
      vertex -3.25275 2.49592 12
      vertex -3.25275 2.49592 22
    endloop
  endfacet
  facet normal 0.812836 -0.582493 0
    outer loop
      vertex -3.25275 2.49592 12
      vertex -3.40903 2.27784 22
      vertex -3.40903 2.27784 12
    endloop
  endfacet
  facet normal 0.0980256 0.995184 0
    outer loop
      vertex -0.535157 -4.06492 12
      vertex -0.268152 -4.09122 15.6261
      vertex -0.268152 -4.09122 12
    endloop
  endfacet
  facet normal 0.0980376 0.995183 -8.8613e-07
    outer loop
      vertex -0.268152 -4.09122 15.6261
      vertex -0.535157 -4.06492 12
      vertex -0.273126 -4.09073 15.6269
    endloop
  endfacet
  facet normal 0.0980444 0.995182 -1.38665e-06
    outer loop
      vertex -0.273126 -4.09073 15.6269
      vertex -0.535157 -4.06492 12
      vertex -0.362347 -4.08194 15.6477
    endloop
  endfacet
  facet normal 0.0979667 0.99519 2.32875e-06
    outer loop
      vertex -0.362347 -4.08194 15.6477
      vertex -0.535157 -4.06492 12
      vertex -0.450015 -4.07331 15.6743
    endloop
  endfacet
  facet normal 0.0980663 0.99518 0
    outer loop
      vertex -0.450015 -4.07331 15.6743
      vertex -0.535157 -4.06492 12
      vertex -0.535157 -4.06492 15.7063
    endloop
  endfacet
  facet normal 0.0980256 0.995184 -0
    outer loop
      vertex -0.268152 -4.09122 18.3739
      vertex -0.535157 -4.06492 22
      vertex -0.268152 -4.09122 22
    endloop
  endfacet
  facet normal 0.0980376 0.995183 8.8613e-07
    outer loop
      vertex -0.273126 -4.09073 18.3731
      vertex -0.535157 -4.06492 22
      vertex -0.268152 -4.09122 18.3739
    endloop
  endfacet
  facet normal 0.0980444 0.995182 1.38665e-06
    outer loop
      vertex -0.362347 -4.08194 18.3523
      vertex -0.535157 -4.06492 22
      vertex -0.273126 -4.09073 18.3731
    endloop
  endfacet
  facet normal 0.0979667 0.99519 -2.32875e-06
    outer loop
      vertex -0.450015 -4.07331 18.3257
      vertex -0.535157 -4.06492 22
      vertex -0.362347 -4.08194 18.3523
    endloop
  endfacet
  facet normal 0.0980663 0.99518 0
    outer loop
      vertex -0.535157 -4.06492 22
      vertex -0.450015 -4.07331 18.3257
      vertex -0.535157 -4.06492 18.2937
    endloop
  endfacet
  facet normal 0.973881 -0.227061 0
    outer loop
      vertex -4.02122 0.79987 22
      vertex -3.9603 1.06116 12
      vertex -3.9603 1.06116 22
    endloop
  endfacet
  facet normal 0.973881 -0.227061 0
    outer loop
      vertex -3.9603 1.06116 12
      vertex -4.02122 0.79987 22
      vertex -4.02122 0.79987 12
    endloop
  endfacet
  facet normal -0.412716 -0.91086 0
    outer loop
      vertex 1.569 3.78791 12
      vertex 1.81338 3.67718 22
      vertex 1.569 3.78791 22
    endloop
  endfacet
  facet normal -0.412716 -0.91086 -0
    outer loop
      vertex 1.81338 3.67718 22
      vertex 1.569 3.78791 12
      vertex 1.81338 3.67718 12
    endloop
  endfacet
  facet normal -0.582493 -0.812836 0
    outer loop
      vertex 2.27784 3.40903 12
      vertex 2.49592 3.25275 22
      vertex 2.27784 3.40903 22
    endloop
  endfacet
  facet normal -0.582493 -0.812836 -0
    outer loop
      vertex 2.49592 3.25275 22
      vertex 2.27784 3.40903 12
      vertex 2.49592 3.25275 12
    endloop
  endfacet
  facet normal -0.812836 0.582493 0
    outer loop
      vertex 3.25275 -2.49592 12
      vertex 3.40903 -2.27784 22
      vertex 3.40903 -2.27784 12
    endloop
  endfacet
  facet normal -0.812836 0.582493 0
    outer loop
      vertex 3.40903 -2.27784 22
      vertex 3.25275 -2.49592 12
      vertex 3.25275 -2.49592 22
    endloop
  endfacet
  facet normal 0.683581 0.729874 -0
    outer loop
      vertex -2.70332 -3.08254 12
      vertex -2.89914 -2.89914 22
      vertex -2.70332 -3.08254 22
    endloop
  endfacet
  facet normal 0.683581 0.729874 0
    outer loop
      vertex -2.89914 -2.89914 22
      vertex -2.70332 -3.08254 12
      vertex -2.89914 -2.89914 12
    endloop
  endfacet
  facet normal 0.935915 0.352226 0
    outer loop
      vertex -3.78791 -1.569 22
      vertex -3.88241 -1.3179 12
      vertex -3.88241 -1.3179 22
    endloop
  endfacet
  facet normal 0.935915 0.352226 0
    outer loop
      vertex -3.88241 -1.3179 12
      vertex -3.78791 -1.569 22
      vertex -3.78791 -1.569 12
    endloop
  endfacet
  facet normal 0.290315 -0.956931 0
    outer loop
      vertex -1.3179 3.88241 12
      vertex -1.06116 3.9603 22
      vertex -1.3179 3.88241 22
    endloop
  endfacet
  facet normal 0.290315 -0.956931 0
    outer loop
      vertex -1.06116 3.9603 22
      vertex -1.3179 3.88241 12
      vertex -1.06116 3.9603 12
    endloop
  endfacet
  facet normal -0.471408 0.881915 0
    outer loop
      vertex 2.05 -3.5507 12
      vertex 1.81338 -3.67718 22
      vertex 2.05 -3.5507 22
    endloop
  endfacet
  facet normal -0.471408 0.881915 0
    outer loop
      vertex 1.81338 -3.67718 22
      vertex 2.05 -3.5507 12
      vertex 1.81338 -3.67718 12
    endloop
  endfacet
  facet normal 0.471408 -0.881915 0
    outer loop
      vertex -2.05 3.5507 12
      vertex -1.81338 3.67718 22
      vertex -2.05 3.5507 22
    endloop
  endfacet
  facet normal 0.471408 -0.881915 0
    outer loop
      vertex -1.81338 3.67718 22
      vertex -2.05 3.5507 12
      vertex -1.81338 3.67718 12
    endloop
  endfacet
  facet normal 0.683581 -0.729874 0
    outer loop
      vertex -2.89914 2.89914 12
      vertex -2.70332 3.08254 22
      vertex -2.89914 2.89914 22
    endloop
  endfacet
  facet normal 0.683581 -0.729874 0
    outer loop
      vertex -2.70332 3.08254 22
      vertex -2.89914 2.89914 12
      vertex -2.70332 3.08254 12
    endloop
  endfacet
  facet normal -0.881915 0.471408 0
    outer loop
      vertex 3.5507 -2.05 12
      vertex 3.67718 -1.81338 22
      vertex 3.67718 -1.81338 12
    endloop
  endfacet
  facet normal -0.881915 0.471408 0
    outer loop
      vertex 3.67718 -1.81338 22
      vertex 3.5507 -2.05 12
      vertex 3.5507 -2.05 22
    endloop
  endfacet
  facet normal -0.999464 -0.0327251 0
    outer loop
      vertex 4.1 0 12
      vertex 4.09122 0.268152 22
      vertex 4.09122 0.268152 12
    endloop
  endfacet
  facet normal -0.999464 -0.0327251 0
    outer loop
      vertex 4.09122 0.268152 22
      vertex 4.1 0 12
      vertex 4.1 0 22
    endloop
  endfacet
  facet normal 0.995184 -0.0980256 0
    outer loop
      vertex -4.09122 0.268152 22
      vertex -4.06492 0.535157 12
      vertex -4.06492 0.535157 22
    endloop
  endfacet
  facet normal 0.995184 -0.0980256 0
    outer loop
      vertex -4.06492 0.535157 12
      vertex -4.09122 0.268152 22
      vertex -4.09122 0.268152 12
    endloop
  endfacet
  facet normal -0.0980663 0.99518 0
    outer loop
      vertex 0.535157 -4.06492 12
      vertex 0.450015 -4.07331 15.6743
      vertex 0.535157 -4.06492 15.7063
    endloop
  endfacet
  facet normal -0.0979667 0.99519 2.32875e-06
    outer loop
      vertex 0.535157 -4.06492 12
      vertex 0.362347 -4.08194 15.6477
      vertex 0.450015 -4.07331 15.6743
    endloop
  endfacet
  facet normal -0.0980444 0.995182 -1.38665e-06
    outer loop
      vertex 0.535157 -4.06492 12
      vertex 0.273126 -4.09073 15.6269
      vertex 0.362347 -4.08194 15.6477
    endloop
  endfacet
  facet normal -0.0980376 0.995183 -8.8613e-07
    outer loop
      vertex 0.535157 -4.06492 12
      vertex 0.268152 -4.09122 15.6261
      vertex 0.273126 -4.09073 15.6269
    endloop
  endfacet
  facet normal -0.0980256 0.995184 0
    outer loop
      vertex 0.268152 -4.09122 15.6261
      vertex 0.535157 -4.06492 12
      vertex 0.268152 -4.09122 12
    endloop
  endfacet
  facet normal -0.0980256 0.995184 0
    outer loop
      vertex 0.535157 -4.06492 22
      vertex 0.268152 -4.09122 18.3739
      vertex 0.268152 -4.09122 22
    endloop
  endfacet
  facet normal -0.0980376 0.995183 8.8613e-07
    outer loop
      vertex 0.535157 -4.06492 22
      vertex 0.273126 -4.09073 18.3731
      vertex 0.268152 -4.09122 18.3739
    endloop
  endfacet
  facet normal -0.0980444 0.995182 1.38665e-06
    outer loop
      vertex 0.535157 -4.06492 22
      vertex 0.362347 -4.08194 18.3523
      vertex 0.273126 -4.09073 18.3731
    endloop
  endfacet
  facet normal -0.0979667 0.99519 -2.32875e-06
    outer loop
      vertex 0.535157 -4.06492 22
      vertex 0.450015 -4.07331 18.3257
      vertex 0.362347 -4.08194 18.3523
    endloop
  endfacet
  facet normal -0.0980663 0.99518 0
    outer loop
      vertex 0.450015 -4.07331 18.3257
      vertex 0.535157 -4.06492 22
      vertex 0.535157 -4.06492 18.2937
    endloop
  endfacet
  facet normal 0.973881 0.227061 0
    outer loop
      vertex -3.9603 -1.06116 22
      vertex -4.02122 -0.79987 12
      vertex -4.02122 -0.79987 22
    endloop
  endfacet
  facet normal 0.973881 0.227061 0
    outer loop
      vertex -4.02122 -0.79987 12
      vertex -3.9603 -1.06116 22
      vertex -3.9603 -1.06116 12
    endloop
  endfacet
  facet normal 0.16288 -0.986646 0
    outer loop
      vertex -0.79987 4.02122 12
      vertex -0.535157 4.06492 22
      vertex -0.79987 4.02122 22
    endloop
  endfacet
  facet normal 0.16288 -0.986646 0
    outer loop
      vertex -0.535157 4.06492 22
      vertex -0.79987 4.02122 12
      vertex -0.535157 4.06492 12
    endloop
  endfacet
  facet normal 0.729874 -0.683581 0
    outer loop
      vertex -3.08254 2.70332 22
      vertex -2.89914 2.89914 12
      vertex -2.89914 2.89914 22
    endloop
  endfacet
  facet normal 0.729874 -0.683581 0
    outer loop
      vertex -2.89914 2.89914 12
      vertex -3.08254 2.70332 22
      vertex -3.08254 2.70332 12
    endloop
  endfacet
  facet normal -0.683581 -0.729874 0
    outer loop
      vertex 2.70332 3.08254 12
      vertex 2.89914 2.89914 22
      vertex 2.70332 3.08254 22
    endloop
  endfacet
  facet normal -0.683581 -0.729874 -0
    outer loop
      vertex 2.89914 2.89914 22
      vertex 2.70332 3.08254 12
      vertex 2.89914 2.89914 12
    endloop
  endfacet
  facet normal -0.812836 -0.582493 0
    outer loop
      vertex 3.40903 2.27784 12
      vertex 3.25275 2.49592 22
      vertex 3.25275 2.49592 12
    endloop
  endfacet
  facet normal -0.812836 -0.582493 0
    outer loop
      vertex 3.25275 2.49592 22
      vertex 3.40903 2.27784 12
      vertex 3.40903 2.27784 22
    endloop
  endfacet
  facet normal 0.582493 -0.812836 0
    outer loop
      vertex -2.49592 3.25275 12
      vertex -2.27784 3.40903 22
      vertex -2.49592 3.25275 22
    endloop
  endfacet
  facet normal 0.582493 -0.812836 0
    outer loop
      vertex -2.27784 3.40903 22
      vertex -2.49592 3.25275 12
      vertex -2.27784 3.40903 12
    endloop
  endfacet
  facet normal -0.956931 0.290315 0
    outer loop
      vertex 3.88241 -1.3179 12
      vertex 3.9603 -1.06116 22
      vertex 3.9603 -1.06116 12
    endloop
  endfacet
  facet normal -0.956931 0.290315 0
    outer loop
      vertex 3.9603 -1.06116 22
      vertex 3.88241 -1.3179 12
      vertex 3.88241 -1.3179 22
    endloop
  endfacet
  facet normal 0.290315 0.956931 0
    outer loop
      vertex -1.3179 -3.88241 12
      vertex -1.06116 -3.9603 16.0874
      vertex -1.06116 -3.9603 12
    endloop
  endfacet
  facet normal 0.290373 0.956914 -3.99793e-06
    outer loop
      vertex -1.06116 -3.9603 16.0874
      vertex -1.3179 -3.88241 12
      vertex -1.11069 -3.94527 16.1477
    endloop
  endfacet
  facet normal 0.290292 0.956938 4.37654e-07
    outer loop
      vertex -1.11069 -3.94527 16.1477
      vertex -1.3179 -3.88241 12
      vertex -1.16406 -3.92908 16.2222
    endloop
  endfacet
  facet normal 0.290236 0.956955 2.6341e-06
    outer loop
      vertex -1.16406 -3.92908 16.2222
      vertex -1.3179 -3.88241 12
      vertex -1.21243 -3.91441 16.3
    endloop
  endfacet
  facet normal 0.290257 0.956949 2.08398e-06
    outer loop
      vertex -1.21243 -3.91441 16.3
      vertex -1.3179 -3.88241 12
      vertex -1.25562 -3.90131 16.3808
    endloop
  endfacet
  facet normal 0.290298 0.956936 1.44186e-06
    outer loop
      vertex -1.25562 -3.90131 16.3808
      vertex -1.3179 -3.88241 12
      vertex -1.29343 -3.88984 16.4642
    endloop
  endfacet
  facet normal 0.290539 0.956863 0
    outer loop
      vertex -1.29343 -3.88984 16.4642
      vertex -1.3179 -3.88241 12
      vertex -1.3179 -3.88241 16.5293
    endloop
  endfacet
  facet normal 0.290315 0.956931 -0
    outer loop
      vertex -1.06116 -3.9603 17.9126
      vertex -1.3179 -3.88241 22
      vertex -1.06116 -3.9603 22
    endloop
  endfacet
  facet normal 0.290373 0.956914 3.99793e-06
    outer loop
      vertex -1.11069 -3.94527 17.8523
      vertex -1.3179 -3.88241 22
      vertex -1.06116 -3.9603 17.9126
    endloop
  endfacet
  facet normal 0.290292 0.956938 -4.37654e-07
    outer loop
      vertex -1.16406 -3.92908 17.7778
      vertex -1.3179 -3.88241 22
      vertex -1.11069 -3.94527 17.8523
    endloop
  endfacet
  facet normal 0.290236 0.956955 -2.6341e-06
    outer loop
      vertex -1.21243 -3.91441 17.7
      vertex -1.3179 -3.88241 22
      vertex -1.16406 -3.92908 17.7778
    endloop
  endfacet
  facet normal 0.290257 0.956949 -2.08398e-06
    outer loop
      vertex -1.25562 -3.90131 17.6192
      vertex -1.3179 -3.88241 22
      vertex -1.21243 -3.91441 17.7
    endloop
  endfacet
  facet normal 0.290298 0.956936 -1.44186e-06
    outer loop
      vertex -1.29343 -3.88984 17.5358
      vertex -1.3179 -3.88241 22
      vertex -1.25562 -3.90131 17.6192
    endloop
  endfacet
  facet normal 0.290539 0.956863 0
    outer loop
      vertex -1.3179 -3.88241 22
      vertex -1.29343 -3.88984 17.5358
      vertex -1.3179 -3.88241 17.4707
    endloop
  endfacet
  facet normal -0.0327251 -0.999464 0
    outer loop
      vertex 0 4.1 12
      vertex 0.268152 4.09122 22
      vertex 0 4.1 22
    endloop
  endfacet
  facet normal -0.0327251 -0.999464 -0
    outer loop
      vertex 0.268152 4.09122 22
      vertex 0 4.1 12
      vertex 0.268152 4.09122 12
    endloop
  endfacet
  facet normal -0.986646 -0.16288 0
    outer loop
      vertex 4.06492 0.535157 12
      vertex 4.02122 0.79987 22
      vertex 4.02122 0.79987 12
    endloop
  endfacet
  facet normal -0.986646 -0.16288 0
    outer loop
      vertex 4.02122 0.79987 22
      vertex 4.06492 0.535157 12
      vertex 4.06492 0.535157 22
    endloop
  endfacet
  facet normal -0.634396 -0.773008 0
    outer loop
      vertex 2.49592 3.25275 12
      vertex 2.70332 3.08254 22
      vertex 2.49592 3.25275 22
    endloop
  endfacet
  facet normal -0.634396 -0.773008 -0
    outer loop
      vertex 2.70332 3.08254 22
      vertex 2.49592 3.25275 12
      vertex 2.70332 3.08254 12
    endloop
  endfacet
  facet normal -0.973881 -0.227061 0
    outer loop
      vertex 4.02122 0.79987 12
      vertex 3.9603 1.06116 22
      vertex 3.9603 1.06116 12
    endloop
  endfacet
  facet normal -0.973881 -0.227061 0
    outer loop
      vertex 3.9603 1.06116 22
      vertex 4.02122 0.79987 12
      vertex 4.02122 0.79987 22
    endloop
  endfacet
  facet normal 0.729874 0.683581 0
    outer loop
      vertex -2.89914 -2.89914 22
      vertex -3.08254 -2.70332 12
      vertex -3.08254 -2.70332 22
    endloop
  endfacet
  facet normal 0.729874 0.683581 0
    outer loop
      vertex -3.08254 -2.70332 12
      vertex -2.89914 -2.89914 22
      vertex -2.89914 -2.89914 12
    endloop
  endfacet
  facet normal 0.881915 -0.471408 0
    outer loop
      vertex -3.67718 1.81338 22
      vertex -3.5507 2.05 12
      vertex -3.5507 2.05 22
    endloop
  endfacet
  facet normal 0.881915 -0.471408 0
    outer loop
      vertex -3.5507 2.05 12
      vertex -3.67718 1.81338 22
      vertex -3.67718 1.81338 12
    endloop
  endfacet
  facet normal -0.935915 -0.352226 0
    outer loop
      vertex 3.88241 1.3179 12
      vertex 3.78791 1.569 22
      vertex 3.78791 1.569 12
    endloop
  endfacet
  facet normal -0.935915 -0.352226 0
    outer loop
      vertex 3.78791 1.569 22
      vertex 3.88241 1.3179 12
      vertex 3.88241 1.3179 22
    endloop
  endfacet
  facet normal 0.986646 0.16288 0
    outer loop
      vertex -4.02122 -0.79987 22
      vertex -4.06492 -0.535157 12
      vertex -4.06492 -0.535157 22
    endloop
  endfacet
  facet normal 0.986646 0.16288 0
    outer loop
      vertex -4.06492 -0.535157 12
      vertex -4.02122 -0.79987 22
      vertex -4.02122 -0.79987 12
    endloop
  endfacet
  facet normal -0.528041 0.849219 0
    outer loop
      vertex 2.27784 -3.40903 12
      vertex 2.05 -3.5507 22
      vertex 2.27784 -3.40903 22
    endloop
  endfacet
  facet normal -0.528041 0.849219 0
    outer loop
      vertex 2.05 -3.5507 22
      vertex 2.27784 -3.40903 12
      vertex 2.05 -3.5507 12
    endloop
  endfacet
  facet normal -0.849219 0.528041 0
    outer loop
      vertex 3.40903 -2.27784 12
      vertex 3.5507 -2.05 22
      vertex 3.5507 -2.05 12
    endloop
  endfacet
  facet normal -0.849219 0.528041 0
    outer loop
      vertex 3.5507 -2.05 22
      vertex 3.40903 -2.27784 12
      vertex 3.40903 -2.27784 22
    endloop
  endfacet
  facet normal 0.812836 0.582493 0
    outer loop
      vertex -3.25275 -2.49592 22
      vertex -3.40903 -2.27784 12
      vertex -3.40903 -2.27784 22
    endloop
  endfacet
  facet normal 0.812836 0.582493 0
    outer loop
      vertex -3.40903 -2.27784 12
      vertex -3.25275 -2.49592 22
      vertex -3.25275 -2.49592 12
    endloop
  endfacet
  facet normal -0.227014 0.973891 0
    outer loop
      vertex 1.06116 -3.9603 12
      vertex 1.05258 -3.9623 16.0769
      vertex 1.06116 -3.9603 16.0874
    endloop
  endfacet
  facet normal -0.227025 0.973889 -2.28332e-08
    outer loop
      vertex 1.06116 -3.9603 12
      vertex 0.989949 -3.9769 16.01
      vertex 1.05258 -3.9623 16.0769
    endloop
  endfacet
  facet normal -0.227062 0.97388 -7.28435e-07
    outer loop
      vertex 1.06116 -3.9603 12
      vertex 0.923083 -3.99249 15.9474
      vertex 0.989949 -3.9769 16.01
    endloop
  endfacet
  facet normal -0.227044 0.973884 -6.72242e-08
    outer loop
      vertex 1.06116 -3.9603 12
      vertex 0.852265 -4.009 15.8893
      vertex 0.923083 -3.99249 15.9474
    endloop
  endfacet
  facet normal -0.227129 0.973865 -4.88006e-06
    outer loop
      vertex 1.06116 -3.9603 12
      vertex 0.79987 -4.02122 15.8518
      vertex 0.852265 -4.009 15.8893
    endloop
  endfacet
  facet normal -0.227061 0.973881 0
    outer loop
      vertex 0.79987 -4.02122 15.8518
      vertex 1.06116 -3.9603 12
      vertex 0.79987 -4.02122 12
    endloop
  endfacet
  facet normal -0.227061 0.973881 0
    outer loop
      vertex 1.06116 -3.9603 22
      vertex 0.79987 -4.02122 18.1482
      vertex 0.79987 -4.02122 22
    endloop
  endfacet
  facet normal -0.227129 0.973865 4.88006e-06
    outer loop
      vertex 1.06116 -3.9603 22
      vertex 0.852265 -4.009 18.1107
      vertex 0.79987 -4.02122 18.1482
    endloop
  endfacet
  facet normal -0.227044 0.973884 6.72242e-08
    outer loop
      vertex 1.06116 -3.9603 22
      vertex 0.923083 -3.99249 18.0526
      vertex 0.852265 -4.009 18.1107
    endloop
  endfacet
  facet normal -0.227062 0.97388 7.28398e-07
    outer loop
      vertex 1.06116 -3.9603 22
      vertex 0.989949 -3.9769 17.9899
      vertex 0.923083 -3.99249 18.0526
    endloop
  endfacet
  facet normal -0.227025 0.973889 2.28332e-08
    outer loop
      vertex 1.06116 -3.9603 22
      vertex 1.05258 -3.9623 17.9231
      vertex 0.989949 -3.9769 17.9899
    endloop
  endfacet
  facet normal -0.227014 0.973891 0
    outer loop
      vertex 1.05258 -3.9623 17.9231
      vertex 1.06116 -3.9603 22
      vertex 1.06116 -3.9603 17.9126
    endloop
  endfacet
  facet normal -0.956931 -0.290315 0
    outer loop
      vertex 3.9603 1.06116 12
      vertex 3.88241 1.3179 22
      vertex 3.88241 1.3179 12
    endloop
  endfacet
  facet normal -0.956931 -0.290315 0
    outer loop
      vertex 3.88241 1.3179 22
      vertex 3.9603 1.06116 12
      vertex 3.9603 1.06116 22
    endloop
  endfacet
  facet normal 0.849219 0.528041 0
    outer loop
      vertex -3.40903 -2.27784 22
      vertex -3.5507 -2.05 12
      vertex -3.5507 -2.05 22
    endloop
  endfacet
  facet normal 0.849219 0.528041 0
    outer loop
      vertex -3.5507 -2.05 12
      vertex -3.40903 -2.27784 22
      vertex -3.40903 -2.27784 12
    endloop
  endfacet
  facet normal -0.995184 0.0980256 0
    outer loop
      vertex 4.06492 -0.535157 12
      vertex 4.09122 -0.268152 22
      vertex 4.09122 -0.268152 12
    endloop
  endfacet
  facet normal -0.995184 0.0980256 0
    outer loop
      vertex 4.09122 -0.268152 22
      vertex 4.06492 -0.535157 12
      vertex 4.06492 -0.535157 22
    endloop
  endfacet
  facet normal 0.352226 -0.935915 0
    outer loop
      vertex -1.569 3.78791 12
      vertex -1.3179 3.88241 22
      vertex -1.569 3.78791 22
    endloop
  endfacet
  facet normal 0.352226 -0.935915 0
    outer loop
      vertex -1.3179 3.88241 22
      vertex -1.569 3.78791 12
      vertex -1.3179 3.88241 12
    endloop
  endfacet
  facet normal -0.528041 -0.849219 0
    outer loop
      vertex 2.05 3.5507 12
      vertex 2.27784 3.40903 22
      vertex 2.05 3.5507 22
    endloop
  endfacet
  facet normal -0.528041 -0.849219 -0
    outer loop
      vertex 2.27784 3.40903 22
      vertex 2.05 3.5507 12
      vertex 2.27784 3.40903 12
    endloop
  endfacet
  facet normal 0.0327251 -0.999464 0
    outer loop
      vertex -0.268152 4.09122 12
      vertex 0 4.1 22
      vertex -0.268152 4.09122 22
    endloop
  endfacet
  facet normal 0.0327251 -0.999464 0
    outer loop
      vertex 0 4.1 22
      vertex -0.268152 4.09122 12
      vertex 0 4.1 12
    endloop
  endfacet
  facet normal -0.162717 0.986673 0
    outer loop
      vertex 0.79987 -4.02122 12
      vertex 0.777798 -4.02486 15.8359
      vertex 0.79987 -4.02122 15.8518
    endloop
  endfacet
  facet normal -0.162962 0.986632 -1.4511e-06
    outer loop
      vertex 0.79987 -4.02122 12
      vertex 0.7 -4.03771 15.7876
      vertex 0.777798 -4.02486 15.8359
    endloop
  endfacet
  facet normal -0.162902 0.986642 1.91518e-07
    outer loop
      vertex 0.79987 -4.02122 12
      vertex 0.619204 -4.05105 15.7444
      vertex 0.7 -4.03771 15.7876
    endloop
  endfacet
  facet normal -0.162813 0.986657 4.58274e-06
    outer loop
      vertex 0.79987 -4.02122 12
      vertex 0.535756 -4.06482 15.7066
      vertex 0.619204 -4.05105 15.7444
    endloop
  endfacet
  facet normal -0.164604 0.98636 -0.00012654
    outer loop
      vertex 0.79987 -4.02122 12
      vertex 0.535157 -4.06492 15.7063
      vertex 0.535756 -4.06482 15.7066
    endloop
  endfacet
  facet normal -0.16288 0.986646 0
    outer loop
      vertex 0.535157 -4.06492 15.7063
      vertex 0.79987 -4.02122 12
      vertex 0.535157 -4.06492 12
    endloop
  endfacet
  facet normal -0.16288 0.986646 0
    outer loop
      vertex 0.79987 -4.02122 22
      vertex 0.535157 -4.06492 18.2937
      vertex 0.535157 -4.06492 22
    endloop
  endfacet
  facet normal -0.164604 0.98636 0.00012654
    outer loop
      vertex 0.79987 -4.02122 22
      vertex 0.535756 -4.06482 18.2934
      vertex 0.535157 -4.06492 18.2937
    endloop
  endfacet
  facet normal -0.162813 0.986657 -4.58274e-06
    outer loop
      vertex 0.79987 -4.02122 22
      vertex 0.619204 -4.05105 18.2556
      vertex 0.535756 -4.06482 18.2934
    endloop
  endfacet
  facet normal -0.162902 0.986642 -1.91518e-07
    outer loop
      vertex 0.79987 -4.02122 22
      vertex 0.7 -4.03771 18.2124
      vertex 0.619204 -4.05105 18.2556
    endloop
  endfacet
  facet normal -0.162962 0.986632 1.4511e-06
    outer loop
      vertex 0.79987 -4.02122 22
      vertex 0.777798 -4.02486 18.1641
      vertex 0.7 -4.03771 18.2124
    endloop
  endfacet
  facet normal -0.162717 0.986673 0
    outer loop
      vertex 0.777798 -4.02486 18.1641
      vertex 0.79987 -4.02122 22
      vertex 0.79987 -4.02122 18.1482
    endloop
  endfacet
  facet normal 0.773008 0.634396 0
    outer loop
      vertex -3.08254 -2.70332 22
      vertex -3.25275 -2.49592 12
      vertex -3.25275 -2.49592 22
    endloop
  endfacet
  facet normal 0.773008 0.634396 0
    outer loop
      vertex -3.25275 -2.49592 12
      vertex -3.08254 -2.70332 22
      vertex -3.08254 -2.70332 12
    endloop
  endfacet
  facet normal -0.881915 -0.471408 0
    outer loop
      vertex 3.67718 1.81338 12
      vertex 3.5507 2.05 22
      vertex 3.5507 2.05 12
    endloop
  endfacet
  facet normal -0.881915 -0.471408 0
    outer loop
      vertex 3.5507 2.05 22
      vertex 3.67718 1.81338 12
      vertex 3.67718 1.81338 22
    endloop
  endfacet
  facet normal -0.849219 -0.528041 0
    outer loop
      vertex 3.5507 2.05 12
      vertex 3.40903 2.27784 22
      vertex 3.40903 2.27784 12
    endloop
  endfacet
  facet normal -0.849219 -0.528041 0
    outer loop
      vertex 3.40903 2.27784 22
      vertex 3.5507 2.05 12
      vertex 3.5507 2.05 22
    endloop
  endfacet
  facet normal 0.412716 -0.91086 0
    outer loop
      vertex -1.81338 3.67718 12
      vertex -1.569 3.78791 22
      vertex -1.81338 3.67718 22
    endloop
  endfacet
  facet normal 0.412716 -0.91086 0
    outer loop
      vertex -1.569 3.78791 22
      vertex -1.81338 3.67718 12
      vertex -1.569 3.78791 12
    endloop
  endfacet
  facet normal 0.227061 -0.973881 0
    outer loop
      vertex -1.06116 3.9603 12
      vertex -0.79987 4.02122 22
      vertex -1.06116 3.9603 22
    endloop
  endfacet
  facet normal 0.227061 -0.973881 0
    outer loop
      vertex -0.79987 4.02122 22
      vertex -1.06116 3.9603 12
      vertex -0.79987 4.02122 12
    endloop
  endfacet
  facet normal -0.986646 0.16288 0
    outer loop
      vertex 4.02122 -0.79987 12
      vertex 4.06492 -0.535157 22
      vertex 4.06492 -0.535157 12
    endloop
  endfacet
  facet normal -0.986646 0.16288 0
    outer loop
      vertex 4.06492 -0.535157 22
      vertex 4.02122 -0.79987 12
      vertex 4.02122 -0.79987 22
    endloop
  endfacet
  facet normal -0.729874 -0.683581 0
    outer loop
      vertex 3.08254 2.70332 12
      vertex 2.89914 2.89914 22
      vertex 2.89914 2.89914 12
    endloop
  endfacet
  facet normal -0.729874 -0.683581 0
    outer loop
      vertex 2.89914 2.89914 22
      vertex 3.08254 2.70332 12
      vertex 3.08254 2.70332 22
    endloop
  endfacet
  facet normal 0.849219 -0.528041 0
    outer loop
      vertex -3.5507 2.05 22
      vertex -3.40903 2.27784 12
      vertex -3.40903 2.27784 22
    endloop
  endfacet
  facet normal 0.849219 -0.528041 0
    outer loop
      vertex -3.40903 2.27784 12
      vertex -3.5507 2.05 22
      vertex -3.5507 2.05 12
    endloop
  endfacet
  facet normal -0.91086 0.412716 0
    outer loop
      vertex 3.67718 -1.81338 12
      vertex 3.78791 -1.569 22
      vertex 3.78791 -1.569 12
    endloop
  endfacet
  facet normal -0.91086 0.412716 0
    outer loop
      vertex 3.78791 -1.569 22
      vertex 3.67718 -1.81338 12
      vertex 3.67718 -1.81338 22
    endloop
  endfacet
  facet normal 0.986646 -0.16288 0
    outer loop
      vertex -4.06492 0.535157 22
      vertex -4.02122 0.79987 12
      vertex -4.02122 0.79987 22
    endloop
  endfacet
  facet normal 0.986646 -0.16288 0
    outer loop
      vertex -4.02122 0.79987 12
      vertex -4.06492 0.535157 22
      vertex -4.06492 0.535157 12
    endloop
  endfacet
  facet normal 0.227061 0.973881 0
    outer loop
      vertex -1.06116 -3.9603 12
      vertex -0.79987 -4.02122 15.8518
      vertex -0.79987 -4.02122 12
    endloop
  endfacet
  facet normal 0.227129 0.973865 -4.88006e-06
    outer loop
      vertex -0.79987 -4.02122 15.8518
      vertex -1.06116 -3.9603 12
      vertex -0.852265 -4.009 15.8893
    endloop
  endfacet
  facet normal 0.227044 0.973884 -6.72242e-08
    outer loop
      vertex -0.852265 -4.009 15.8893
      vertex -1.06116 -3.9603 12
      vertex -0.923083 -3.99249 15.9474
    endloop
  endfacet
  facet normal 0.227062 0.97388 -7.28435e-07
    outer loop
      vertex -0.923083 -3.99249 15.9474
      vertex -1.06116 -3.9603 12
      vertex -0.989949 -3.9769 16.01
    endloop
  endfacet
  facet normal 0.227025 0.973889 -2.28332e-08
    outer loop
      vertex -0.989949 -3.9769 16.01
      vertex -1.06116 -3.9603 12
      vertex -1.05258 -3.9623 16.0769
    endloop
  endfacet
  facet normal 0.227014 0.973891 0
    outer loop
      vertex -1.05258 -3.9623 16.0769
      vertex -1.06116 -3.9603 12
      vertex -1.06116 -3.9603 16.0874
    endloop
  endfacet
  facet normal 0.227061 0.973881 -0
    outer loop
      vertex -0.79987 -4.02122 18.1482
      vertex -1.06116 -3.9603 22
      vertex -0.79987 -4.02122 22
    endloop
  endfacet
  facet normal 0.227129 0.973865 4.88006e-06
    outer loop
      vertex -0.852265 -4.009 18.1107
      vertex -1.06116 -3.9603 22
      vertex -0.79987 -4.02122 18.1482
    endloop
  endfacet
  facet normal 0.227044 0.973884 6.72242e-08
    outer loop
      vertex -0.923083 -3.99249 18.0526
      vertex -1.06116 -3.9603 22
      vertex -0.852265 -4.009 18.1107
    endloop
  endfacet
  facet normal 0.227062 0.97388 7.28398e-07
    outer loop
      vertex -0.989949 -3.9769 17.9899
      vertex -1.06116 -3.9603 22
      vertex -0.923083 -3.99249 18.0526
    endloop
  endfacet
  facet normal 0.227025 0.973889 2.28332e-08
    outer loop
      vertex -1.05258 -3.9623 17.9231
      vertex -1.06116 -3.9603 22
      vertex -0.989949 -3.9769 17.9899
    endloop
  endfacet
  facet normal 0.227014 0.973891 0
    outer loop
      vertex -1.06116 -3.9603 22
      vertex -1.05258 -3.9623 17.9231
      vertex -1.06116 -3.9603 17.9126
    endloop
  endfacet
  facet normal 0.956931 0.290315 0
    outer loop
      vertex -3.88241 -1.3179 22
      vertex -3.9603 -1.06116 12
      vertex -3.9603 -1.06116 22
    endloop
  endfacet
  facet normal 0.956931 0.290315 0
    outer loop
      vertex -3.9603 -1.06116 12
      vertex -3.88241 -1.3179 22
      vertex -3.88241 -1.3179 12
    endloop
  endfacet
  facet normal -0.773008 0.634396 0
    outer loop
      vertex 3.08254 -2.70332 12
      vertex 3.25275 -2.49592 22
      vertex 3.25275 -2.49592 12
    endloop
  endfacet
  facet normal -0.773008 0.634396 0
    outer loop
      vertex 3.25275 -2.49592 22
      vertex 3.08254 -2.70332 12
      vertex 3.08254 -2.70332 22
    endloop
  endfacet
  facet normal -0.471408 -0.881915 0
    outer loop
      vertex 1.81338 3.67718 12
      vertex 2.05 3.5507 22
      vertex 1.81338 3.67718 22
    endloop
  endfacet
  facet normal -0.471408 -0.881915 -0
    outer loop
      vertex 2.05 3.5507 22
      vertex 1.81338 3.67718 12
      vertex 2.05 3.5507 12
    endloop
  endfacet
  facet normal -0.0327631 0.999463 0
    outer loop
      vertex 0.268152 -4.09122 12
      vertex 0.182736 -4.09402 15.612
      vertex 0.268152 -4.09122 15.6261
    endloop
  endfacet
  facet normal -0.0326683 0.999466 2.24479e-06
    outer loop
      vertex 0.268152 -4.09122 12
      vertex 0.0915642 -4.097 15.603
      vertex 0.182736 -4.09402 15.612
    endloop
  endfacet
  facet normal -0.0327251 0.999464 -5.40334e-07
    outer loop
      vertex 0 -4.1 12
      vertex 0.0915642 -4.097 15.603
      vertex 0.268152 -4.09122 12
    endloop
  endfacet
  facet normal -0.0327463 0.999464 0
    outer loop
      vertex 0.0915642 -4.097 15.603
      vertex 0 -4.1 12
      vertex 0 -4.1 15.6
    endloop
  endfacet
  facet normal -0.0327251 0.999464 5.40334e-07
    outer loop
      vertex 0.0915642 -4.097 18.397
      vertex 0 -4.1 22
      vertex 0.268152 -4.09122 22
    endloop
  endfacet
  facet normal -0.0327463 0.999464 0
    outer loop
      vertex 0 -4.1 22
      vertex 0.0915642 -4.097 18.397
      vertex 0 -4.1 18.4
    endloop
  endfacet
  facet normal -0.0326683 0.999466 -2.24479e-06
    outer loop
      vertex 0.268152 -4.09122 22
      vertex 0.182736 -4.09402 18.388
      vertex 0.0915642 -4.097 18.397
    endloop
  endfacet
  facet normal -0.0327631 0.999463 0
    outer loop
      vertex 0.182736 -4.09402 18.388
      vertex 0.268152 -4.09122 22
      vertex 0.268152 -4.09122 18.3739
    endloop
  endfacet
  facet normal 0.16288 0.986646 0
    outer loop
      vertex -0.79987 -4.02122 12
      vertex -0.535157 -4.06492 15.7063
      vertex -0.535157 -4.06492 12
    endloop
  endfacet
  facet normal 0.164604 0.98636 -0.00012654
    outer loop
      vertex -0.535157 -4.06492 15.7063
      vertex -0.79987 -4.02122 12
      vertex -0.535756 -4.06482 15.7066
    endloop
  endfacet
  facet normal 0.162813 0.986657 4.58274e-06
    outer loop
      vertex -0.535756 -4.06482 15.7066
      vertex -0.79987 -4.02122 12
      vertex -0.619204 -4.05105 15.7444
    endloop
  endfacet
  facet normal 0.162902 0.986642 1.91518e-07
    outer loop
      vertex -0.619204 -4.05105 15.7444
      vertex -0.79987 -4.02122 12
      vertex -0.7 -4.03771 15.7876
    endloop
  endfacet
  facet normal 0.162962 0.986632 -1.4511e-06
    outer loop
      vertex -0.7 -4.03771 15.7876
      vertex -0.79987 -4.02122 12
      vertex -0.777798 -4.02486 15.8359
    endloop
  endfacet
  facet normal 0.162717 0.986673 0
    outer loop
      vertex -0.777798 -4.02486 15.8359
      vertex -0.79987 -4.02122 12
      vertex -0.79987 -4.02122 15.8518
    endloop
  endfacet
  facet normal 0.16288 0.986646 -0
    outer loop
      vertex -0.535157 -4.06492 18.2937
      vertex -0.79987 -4.02122 22
      vertex -0.535157 -4.06492 22
    endloop
  endfacet
  facet normal 0.164604 0.98636 0.00012654
    outer loop
      vertex -0.535756 -4.06482 18.2934
      vertex -0.79987 -4.02122 22
      vertex -0.535157 -4.06492 18.2937
    endloop
  endfacet
  facet normal 0.162813 0.986657 -4.58274e-06
    outer loop
      vertex -0.619204 -4.05105 18.2556
      vertex -0.79987 -4.02122 22
      vertex -0.535756 -4.06482 18.2934
    endloop
  endfacet
  facet normal 0.162902 0.986642 -1.91518e-07
    outer loop
      vertex -0.7 -4.03771 18.2124
      vertex -0.79987 -4.02122 22
      vertex -0.619204 -4.05105 18.2556
    endloop
  endfacet
  facet normal 0.162962 0.986632 1.4511e-06
    outer loop
      vertex -0.777798 -4.02486 18.1641
      vertex -0.79987 -4.02122 22
      vertex -0.7 -4.03771 18.2124
    endloop
  endfacet
  facet normal 0.162717 0.986673 0
    outer loop
      vertex -0.79987 -4.02122 22
      vertex -0.777798 -4.02486 18.1641
      vertex -0.79987 -4.02122 18.1482
    endloop
  endfacet
  facet normal -0.91086 -0.412716 0
    outer loop
      vertex 3.78791 1.569 12
      vertex 3.67718 1.81338 22
      vertex 3.67718 1.81338 12
    endloop
  endfacet
  facet normal -0.91086 -0.412716 0
    outer loop
      vertex 3.67718 1.81338 22
      vertex 3.78791 1.569 12
      vertex 3.78791 1.569 22
    endloop
  endfacet
  facet normal 0.995184 0.0980256 0
    outer loop
      vertex -4.06492 -0.535157 22
      vertex -4.09122 -0.268152 12
      vertex -4.09122 -0.268152 22
    endloop
  endfacet
  facet normal 0.995184 0.0980256 0
    outer loop
      vertex -4.09122 -0.268152 12
      vertex -4.06492 -0.535157 22
      vertex -4.06492 -0.535157 12
    endloop
  endfacet
  facet normal -0.999464 0.0327251 0
    outer loop
      vertex 4.09122 -0.268152 12
      vertex 4.1 0 22
      vertex 4.1 0 12
    endloop
  endfacet
  facet normal -0.999464 0.0327251 0
    outer loop
      vertex 4.1 0 22
      vertex 4.09122 -0.268152 12
      vertex 4.09122 -0.268152 22
    endloop
  endfacet
  facet normal -0.582493 0.812836 0
    outer loop
      vertex 2.49592 -3.25275 12
      vertex 2.27784 -3.40903 22
      vertex 2.49592 -3.25275 22
    endloop
  endfacet
  facet normal -0.582493 0.812836 0
    outer loop
      vertex 2.27784 -3.40903 22
      vertex 2.49592 -3.25275 12
      vertex 2.27784 -3.40903 12
    endloop
  endfacet
  facet normal -0.773008 -0.634396 0
    outer loop
      vertex 3.25275 2.49592 12
      vertex 3.08254 2.70332 22
      vertex 3.08254 2.70332 12
    endloop
  endfacet
  facet normal -0.773008 -0.634396 0
    outer loop
      vertex 3.08254 2.70332 22
      vertex 3.25275 2.49592 12
      vertex 3.25275 2.49592 22
    endloop
  endfacet
  facet normal -0.16288 -0.986646 0
    outer loop
      vertex 0.535157 4.06492 12
      vertex 0.79987 4.02122 22
      vertex 0.535157 4.06492 22
    endloop
  endfacet
  facet normal -0.16288 -0.986646 -0
    outer loop
      vertex 0.79987 4.02122 22
      vertex 0.535157 4.06492 12
      vertex 0.79987 4.02122 12
    endloop
  endfacet
  facet normal 0.935915 -0.352226 0
    outer loop
      vertex -3.88241 1.3179 22
      vertex -3.78791 1.569 12
      vertex -3.78791 1.569 22
    endloop
  endfacet
  facet normal 0.935915 -0.352226 0
    outer loop
      vertex -3.78791 1.569 12
      vertex -3.88241 1.3179 22
      vertex -3.88241 1.3179 12
    endloop
  endfacet
  facet normal 0.999464 -0.0327251 0
    outer loop
      vertex -4.1 0 22
      vertex -4.09122 0.268152 12
      vertex -4.09122 0.268152 22
    endloop
  endfacet
  facet normal 0.999464 -0.0327251 0
    outer loop
      vertex -4.09122 0.268152 12
      vertex -4.1 0 22
      vertex -4.1 0 12
    endloop
  endfacet
  facet normal 0.0327463 0.999464 -0
    outer loop
      vertex 0 -4.1 12
      vertex -0.0915642 -4.097 15.603
      vertex 0 -4.1 15.6
    endloop
  endfacet
  facet normal 0.0327251 0.999464 -5.40334e-07
    outer loop
      vertex -0.268152 -4.09122 12
      vertex -0.0915642 -4.097 15.603
      vertex 0 -4.1 12
    endloop
  endfacet
  facet normal 0.0326683 0.999466 2.24479e-06
    outer loop
      vertex -0.0915642 -4.097 15.603
      vertex -0.268152 -4.09122 12
      vertex -0.182736 -4.09402 15.612
    endloop
  endfacet
  facet normal 0.0327631 0.999463 0
    outer loop
      vertex -0.182736 -4.09402 15.612
      vertex -0.268152 -4.09122 12
      vertex -0.268152 -4.09122 15.6261
    endloop
  endfacet
  facet normal 0.0327463 0.999464 0
    outer loop
      vertex -0.0915642 -4.097 18.397
      vertex 0 -4.1 22
      vertex 0 -4.1 18.4
    endloop
  endfacet
  facet normal 0.0327251 0.999464 5.40334e-07
    outer loop
      vertex 0 -4.1 22
      vertex -0.0915642 -4.097 18.397
      vertex -0.268152 -4.09122 22
    endloop
  endfacet
  facet normal 0.0326683 0.999466 -2.24479e-06
    outer loop
      vertex -0.182736 -4.09402 18.388
      vertex -0.268152 -4.09122 22
      vertex -0.0915642 -4.097 18.397
    endloop
  endfacet
  facet normal 0.0327631 0.999463 0
    outer loop
      vertex -0.268152 -4.09122 22
      vertex -0.182736 -4.09402 18.388
      vertex -0.268152 -4.09122 18.3739
    endloop
  endfacet
  facet normal 0.528041 -0.849219 0
    outer loop
      vertex -2.27784 3.40903 12
      vertex -2.05 3.5507 22
      vertex -2.27784 3.40903 22
    endloop
  endfacet
  facet normal 0.528041 -0.849219 0
    outer loop
      vertex -2.05 3.5507 22
      vertex -2.27784 3.40903 12
      vertex -2.05 3.5507 12
    endloop
  endfacet
  facet normal 0.956931 -0.290315 0
    outer loop
      vertex -3.9603 1.06116 22
      vertex -3.88241 1.3179 12
      vertex -3.88241 1.3179 22
    endloop
  endfacet
  facet normal 0.956931 -0.290315 0
    outer loop
      vertex -3.88241 1.3179 12
      vertex -3.9603 1.06116 22
      vertex -3.9603 1.06116 12
    endloop
  endfacet
  facet normal 0.0980256 -0.995184 0
    outer loop
      vertex -0.535157 4.06492 12
      vertex -0.268152 4.09122 22
      vertex -0.535157 4.06492 22
    endloop
  endfacet
  facet normal 0.0980256 -0.995184 0
    outer loop
      vertex -0.268152 4.09122 22
      vertex -0.535157 4.06492 12
      vertex -0.268152 4.09122 12
    endloop
  endfacet
  facet normal 0.634396 -0.773008 0
    outer loop
      vertex -2.70332 3.08254 12
      vertex -2.49592 3.25275 22
      vertex -2.70332 3.08254 22
    endloop
  endfacet
  facet normal 0.634396 -0.773008 0
    outer loop
      vertex -2.49592 3.25275 22
      vertex -2.70332 3.08254 12
      vertex -2.49592 3.25275 12
    endloop
  endfacet
  facet normal 0.634396 0.773008 -0
    outer loop
      vertex -2.49592 -3.25275 12
      vertex -2.70332 -3.08254 22
      vertex -2.49592 -3.25275 22
    endloop
  endfacet
  facet normal 0.634396 0.773008 0
    outer loop
      vertex -2.70332 -3.08254 22
      vertex -2.49592 -3.25275 12
      vertex -2.70332 -3.08254 12
    endloop
  endfacet
  facet normal 0 0 1
    outer loop
      vertex 4.09122 0.268152 12
      vertex 4.09122 -0.268152 12
      vertex 4.1 0 12
    endloop
  endfacet
  facet normal 0 0 1
    outer loop
      vertex 4.06492 0.535157 12
      vertex 4.09122 -0.268152 12
      vertex 4.09122 0.268152 12
    endloop
  endfacet
  facet normal 0 0 1
    outer loop
      vertex 4.06492 0.535157 12
      vertex 4.06492 -0.535157 12
      vertex 4.09122 -0.268152 12
    endloop
  endfacet
  facet normal 0 0 1
    outer loop
      vertex 4.02122 0.79987 12
      vertex 4.06492 -0.535157 12
      vertex 4.06492 0.535157 12
    endloop
  endfacet
  facet normal 0 0 1
    outer loop
      vertex 4.02122 0.79987 12
      vertex 4.02122 -0.79987 12
      vertex 4.06492 -0.535157 12
    endloop
  endfacet
  facet normal 0 0 1
    outer loop
      vertex 3.9603 1.06116 12
      vertex 4.02122 -0.79987 12
      vertex 4.02122 0.79987 12
    endloop
  endfacet
  facet normal 0 0 1
    outer loop
      vertex 3.9603 1.06116 12
      vertex 3.9603 -1.06116 12
      vertex 4.02122 -0.79987 12
    endloop
  endfacet
  facet normal 0 0 1
    outer loop
      vertex 3.88241 1.3179 12
      vertex 3.9603 -1.06116 12
      vertex 3.9603 1.06116 12
    endloop
  endfacet
  facet normal 0 0 1
    outer loop
      vertex 3.88241 1.3179 12
      vertex 3.88241 -1.3179 12
      vertex 3.9603 -1.06116 12
    endloop
  endfacet
  facet normal 0 0 1
    outer loop
      vertex 3.78791 1.569 12
      vertex 3.88241 -1.3179 12
      vertex 3.88241 1.3179 12
    endloop
  endfacet
  facet normal 0 0 1
    outer loop
      vertex 3.78791 1.569 12
      vertex 3.78791 -1.569 12
      vertex 3.88241 -1.3179 12
    endloop
  endfacet
  facet normal 0 0 1
    outer loop
      vertex 3.67718 1.81338 12
      vertex 3.78791 -1.569 12
      vertex 3.78791 1.569 12
    endloop
  endfacet
  facet normal 0 0 1
    outer loop
      vertex 3.67718 1.81338 12
      vertex 3.67718 -1.81338 12
      vertex 3.78791 -1.569 12
    endloop
  endfacet
  facet normal 0 0 1
    outer loop
      vertex 3.5507 2.05 12
      vertex 3.67718 -1.81338 12
      vertex 3.67718 1.81338 12
    endloop
  endfacet
  facet normal 0 0 1
    outer loop
      vertex 3.5507 2.05 12
      vertex 3.5507 -2.05 12
      vertex 3.67718 -1.81338 12
    endloop
  endfacet
  facet normal 0 0 1
    outer loop
      vertex 3.40903 2.27784 12
      vertex 3.5507 -2.05 12
      vertex 3.5507 2.05 12
    endloop
  endfacet
  facet normal 0 0 1
    outer loop
      vertex 3.40903 2.27784 12
      vertex 3.40903 -2.27784 12
      vertex 3.5507 -2.05 12
    endloop
  endfacet
  facet normal 0 0 1
    outer loop
      vertex 3.25275 2.49592 12
      vertex 3.40903 -2.27784 12
      vertex 3.40903 2.27784 12
    endloop
  endfacet
  facet normal 0 0 1
    outer loop
      vertex 3.25275 2.49592 12
      vertex 3.25275 -2.49592 12
      vertex 3.40903 -2.27784 12
    endloop
  endfacet
  facet normal 0 0 1
    outer loop
      vertex 3.08254 2.70332 12
      vertex 3.25275 -2.49592 12
      vertex 3.25275 2.49592 12
    endloop
  endfacet
  facet normal 0 0 1
    outer loop
      vertex 3.08254 2.70332 12
      vertex 3.08254 -2.70332 12
      vertex 3.25275 -2.49592 12
    endloop
  endfacet
  facet normal 0 0 1
    outer loop
      vertex 2.89914 2.89914 12
      vertex 3.08254 -2.70332 12
      vertex 3.08254 2.70332 12
    endloop
  endfacet
  facet normal 0 0 1
    outer loop
      vertex 2.89914 2.89914 12
      vertex 2.89914 -2.89914 12
      vertex 3.08254 -2.70332 12
    endloop
  endfacet
  facet normal 0 0 1
    outer loop
      vertex 2.70332 3.08254 12
      vertex 2.89914 -2.89914 12
      vertex 2.89914 2.89914 12
    endloop
  endfacet
  facet normal 0 0 1
    outer loop
      vertex 2.70332 3.08254 12
      vertex 2.70332 -3.08254 12
      vertex 2.89914 -2.89914 12
    endloop
  endfacet
  facet normal 0 0 1
    outer loop
      vertex 2.49592 3.25275 12
      vertex 2.70332 -3.08254 12
      vertex 2.70332 3.08254 12
    endloop
  endfacet
  facet normal 0 0 1
    outer loop
      vertex 2.49592 3.25275 12
      vertex 2.49592 -3.25275 12
      vertex 2.70332 -3.08254 12
    endloop
  endfacet
  facet normal 0 0 1
    outer loop
      vertex 2.27784 3.40903 12
      vertex 2.49592 -3.25275 12
      vertex 2.49592 3.25275 12
    endloop
  endfacet
  facet normal 0 0 1
    outer loop
      vertex 2.27784 3.40903 12
      vertex 2.27784 -3.40903 12
      vertex 2.49592 -3.25275 12
    endloop
  endfacet
  facet normal 0 0 1
    outer loop
      vertex 2.05 3.5507 12
      vertex 2.27784 -3.40903 12
      vertex 2.27784 3.40903 12
    endloop
  endfacet
  facet normal 0 0 1
    outer loop
      vertex 2.05 3.5507 12
      vertex 2.05 -3.5507 12
      vertex 2.27784 -3.40903 12
    endloop
  endfacet
  facet normal 0 0 1
    outer loop
      vertex 1.81338 3.67718 12
      vertex 2.05 -3.5507 12
      vertex 2.05 3.5507 12
    endloop
  endfacet
  facet normal 0 0 1
    outer loop
      vertex 1.81338 3.67718 12
      vertex 1.81338 -3.67718 12
      vertex 2.05 -3.5507 12
    endloop
  endfacet
  facet normal 0 0 1
    outer loop
      vertex 1.569 3.78791 12
      vertex 1.81338 -3.67718 12
      vertex 1.81338 3.67718 12
    endloop
  endfacet
  facet normal 0 0 1
    outer loop
      vertex 1.569 3.78791 12
      vertex 1.569 -3.78791 12
      vertex 1.81338 -3.67718 12
    endloop
  endfacet
  facet normal 0 0 1
    outer loop
      vertex 1.3179 3.88241 12
      vertex 1.569 -3.78791 12
      vertex 1.569 3.78791 12
    endloop
  endfacet
  facet normal 0 0 1
    outer loop
      vertex 1.3179 3.88241 12
      vertex 1.3179 -3.88241 12
      vertex 1.569 -3.78791 12
    endloop
  endfacet
  facet normal 0 0 1
    outer loop
      vertex 1.06116 3.9603 12
      vertex 1.3179 -3.88241 12
      vertex 1.3179 3.88241 12
    endloop
  endfacet
  facet normal 0 0 1
    outer loop
      vertex 1.06116 3.9603 12
      vertex 1.06116 -3.9603 12
      vertex 1.3179 -3.88241 12
    endloop
  endfacet
  facet normal 0 0 1
    outer loop
      vertex 0.79987 4.02122 12
      vertex 1.06116 -3.9603 12
      vertex 1.06116 3.9603 12
    endloop
  endfacet
  facet normal 0 0 1
    outer loop
      vertex 0.79987 4.02122 12
      vertex 0.79987 -4.02122 12
      vertex 1.06116 -3.9603 12
    endloop
  endfacet
  facet normal 0 0 1
    outer loop
      vertex 0.535157 4.06492 12
      vertex 0.79987 -4.02122 12
      vertex 0.79987 4.02122 12
    endloop
  endfacet
  facet normal 0 0 1
    outer loop
      vertex 0.535157 4.06492 12
      vertex 0.535157 -4.06492 12
      vertex 0.79987 -4.02122 12
    endloop
  endfacet
  facet normal 0 0 1
    outer loop
      vertex 0.268152 4.09122 12
      vertex 0.535157 -4.06492 12
      vertex 0.535157 4.06492 12
    endloop
  endfacet
  facet normal 0 0 1
    outer loop
      vertex 0.268152 4.09122 12
      vertex 0.268152 -4.09122 12
      vertex 0.535157 -4.06492 12
    endloop
  endfacet
  facet normal 0 0 1
    outer loop
      vertex 0 4.1 12
      vertex 0.268152 -4.09122 12
      vertex 0.268152 4.09122 12
    endloop
  endfacet
  facet normal 0 0 1
    outer loop
      vertex 0 4.1 12
      vertex 0 -4.1 12
      vertex 0.268152 -4.09122 12
    endloop
  endfacet
  facet normal -0 0 1
    outer loop
      vertex -0.268152 4.09122 12
      vertex 0 -4.1 12
      vertex 0 4.1 12
    endloop
  endfacet
  facet normal 0 0 1
    outer loop
      vertex -0.268152 4.09122 12
      vertex -0.268152 -4.09122 12
      vertex 0 -4.1 12
    endloop
  endfacet
  facet normal -0 0 1
    outer loop
      vertex -0.535157 4.06492 12
      vertex -0.268152 -4.09122 12
      vertex -0.268152 4.09122 12
    endloop
  endfacet
  facet normal 0 0 1
    outer loop
      vertex -0.535157 4.06492 12
      vertex -0.535157 -4.06492 12
      vertex -0.268152 -4.09122 12
    endloop
  endfacet
  facet normal -0 0 1
    outer loop
      vertex -0.79987 4.02122 12
      vertex -0.535157 -4.06492 12
      vertex -0.535157 4.06492 12
    endloop
  endfacet
  facet normal 0 0 1
    outer loop
      vertex -0.79987 4.02122 12
      vertex -0.79987 -4.02122 12
      vertex -0.535157 -4.06492 12
    endloop
  endfacet
  facet normal -0 0 1
    outer loop
      vertex -1.06116 3.9603 12
      vertex -0.79987 -4.02122 12
      vertex -0.79987 4.02122 12
    endloop
  endfacet
  facet normal 0 0 1
    outer loop
      vertex -1.06116 3.9603 12
      vertex -1.06116 -3.9603 12
      vertex -0.79987 -4.02122 12
    endloop
  endfacet
  facet normal -0 0 1
    outer loop
      vertex -1.3179 3.88241 12
      vertex -1.06116 -3.9603 12
      vertex -1.06116 3.9603 12
    endloop
  endfacet
  facet normal 0 0 1
    outer loop
      vertex -1.3179 3.88241 12
      vertex -1.3179 -3.88241 12
      vertex -1.06116 -3.9603 12
    endloop
  endfacet
  facet normal -0 0 1
    outer loop
      vertex -1.569 3.78791 12
      vertex -1.3179 -3.88241 12
      vertex -1.3179 3.88241 12
    endloop
  endfacet
  facet normal 0 0 1
    outer loop
      vertex -1.569 3.78791 12
      vertex -1.569 -3.78791 12
      vertex -1.3179 -3.88241 12
    endloop
  endfacet
  facet normal -0 0 1
    outer loop
      vertex -1.81338 3.67718 12
      vertex -1.569 -3.78791 12
      vertex -1.569 3.78791 12
    endloop
  endfacet
  facet normal 0 0 1
    outer loop
      vertex -1.81338 3.67718 12
      vertex -1.81338 -3.67718 12
      vertex -1.569 -3.78791 12
    endloop
  endfacet
  facet normal -0 0 1
    outer loop
      vertex -2.05 3.5507 12
      vertex -1.81338 -3.67718 12
      vertex -1.81338 3.67718 12
    endloop
  endfacet
  facet normal 0 0 1
    outer loop
      vertex -2.05 3.5507 12
      vertex -2.05 -3.5507 12
      vertex -1.81338 -3.67718 12
    endloop
  endfacet
  facet normal -0 0 1
    outer loop
      vertex -2.27784 3.40903 12
      vertex -2.05 -3.5507 12
      vertex -2.05 3.5507 12
    endloop
  endfacet
  facet normal 0 0 1
    outer loop
      vertex -2.27784 3.40903 12
      vertex -2.27784 -3.40903 12
      vertex -2.05 -3.5507 12
    endloop
  endfacet
  facet normal -0 0 1
    outer loop
      vertex -2.49592 3.25275 12
      vertex -2.27784 -3.40903 12
      vertex -2.27784 3.40903 12
    endloop
  endfacet
  facet normal 0 0 1
    outer loop
      vertex -2.49592 3.25275 12
      vertex -2.49592 -3.25275 12
      vertex -2.27784 -3.40903 12
    endloop
  endfacet
  facet normal -0 0 1
    outer loop
      vertex -2.70332 3.08254 12
      vertex -2.49592 -3.25275 12
      vertex -2.49592 3.25275 12
    endloop
  endfacet
  facet normal 0 0 1
    outer loop
      vertex -2.70332 3.08254 12
      vertex -2.70332 -3.08254 12
      vertex -2.49592 -3.25275 12
    endloop
  endfacet
  facet normal -0 0 1
    outer loop
      vertex -2.89914 2.89914 12
      vertex -2.70332 -3.08254 12
      vertex -2.70332 3.08254 12
    endloop
  endfacet
  facet normal 0 0 1
    outer loop
      vertex -2.89914 2.89914 12
      vertex -2.89914 -2.89914 12
      vertex -2.70332 -3.08254 12
    endloop
  endfacet
  facet normal -0 0 1
    outer loop
      vertex -3.08254 2.70332 12
      vertex -2.89914 -2.89914 12
      vertex -2.89914 2.89914 12
    endloop
  endfacet
  facet normal 0 0 1
    outer loop
      vertex -3.08254 2.70332 12
      vertex -3.08254 -2.70332 12
      vertex -2.89914 -2.89914 12
    endloop
  endfacet
  facet normal -0 0 1
    outer loop
      vertex -3.25275 2.49592 12
      vertex -3.08254 -2.70332 12
      vertex -3.08254 2.70332 12
    endloop
  endfacet
  facet normal 0 0 1
    outer loop
      vertex -3.25275 2.49592 12
      vertex -3.25275 -2.49592 12
      vertex -3.08254 -2.70332 12
    endloop
  endfacet
  facet normal -0 0 1
    outer loop
      vertex -3.40903 2.27784 12
      vertex -3.25275 -2.49592 12
      vertex -3.25275 2.49592 12
    endloop
  endfacet
  facet normal 0 0 1
    outer loop
      vertex -3.40903 2.27784 12
      vertex -3.40903 -2.27784 12
      vertex -3.25275 -2.49592 12
    endloop
  endfacet
  facet normal -0 0 1
    outer loop
      vertex -3.5507 2.05 12
      vertex -3.40903 -2.27784 12
      vertex -3.40903 2.27784 12
    endloop
  endfacet
  facet normal 0 0 1
    outer loop
      vertex -3.5507 2.05 12
      vertex -3.5507 -2.05 12
      vertex -3.40903 -2.27784 12
    endloop
  endfacet
  facet normal -0 0 1
    outer loop
      vertex -3.67718 1.81338 12
      vertex -3.5507 -2.05 12
      vertex -3.5507 2.05 12
    endloop
  endfacet
  facet normal 0 0 1
    outer loop
      vertex -3.67718 1.81338 12
      vertex -3.67718 -1.81338 12
      vertex -3.5507 -2.05 12
    endloop
  endfacet
  facet normal -0 0 1
    outer loop
      vertex -3.78791 1.569 12
      vertex -3.67718 -1.81338 12
      vertex -3.67718 1.81338 12
    endloop
  endfacet
  facet normal 0 0 1
    outer loop
      vertex -3.78791 1.569 12
      vertex -3.78791 -1.569 12
      vertex -3.67718 -1.81338 12
    endloop
  endfacet
  facet normal -0 0 1
    outer loop
      vertex -3.88241 1.3179 12
      vertex -3.78791 -1.569 12
      vertex -3.78791 1.569 12
    endloop
  endfacet
  facet normal 0 0 1
    outer loop
      vertex -3.88241 1.3179 12
      vertex -3.88241 -1.3179 12
      vertex -3.78791 -1.569 12
    endloop
  endfacet
  facet normal -0 0 1
    outer loop
      vertex -3.9603 1.06116 12
      vertex -3.88241 -1.3179 12
      vertex -3.88241 1.3179 12
    endloop
  endfacet
  facet normal 0 0 1
    outer loop
      vertex -3.9603 1.06116 12
      vertex -3.9603 -1.06116 12
      vertex -3.88241 -1.3179 12
    endloop
  endfacet
  facet normal -0 0 1
    outer loop
      vertex -4.02122 0.79987 12
      vertex -3.9603 -1.06116 12
      vertex -3.9603 1.06116 12
    endloop
  endfacet
  facet normal 0 0 1
    outer loop
      vertex -4.02122 0.79987 12
      vertex -4.02122 -0.79987 12
      vertex -3.9603 -1.06116 12
    endloop
  endfacet
  facet normal -0 0 1
    outer loop
      vertex -4.06492 0.535157 12
      vertex -4.02122 -0.79987 12
      vertex -4.02122 0.79987 12
    endloop
  endfacet
  facet normal 0 0 1
    outer loop
      vertex -4.06492 0.535157 12
      vertex -4.06492 -0.535157 12
      vertex -4.02122 -0.79987 12
    endloop
  endfacet
  facet normal -0 0 1
    outer loop
      vertex -4.09122 0.268152 12
      vertex -4.06492 -0.535157 12
      vertex -4.06492 0.535157 12
    endloop
  endfacet
  facet normal 0 0 1
    outer loop
      vertex -4.09122 0.268152 12
      vertex -4.09122 -0.268152 12
      vertex -4.06492 -0.535157 12
    endloop
  endfacet
  facet normal 0 -0 1
    outer loop
      vertex -4.09122 -0.268152 12
      vertex -4.09122 0.268152 12
      vertex -4.1 0 12
    endloop
  endfacet
  facet normal 0.999464 0.0327251 0
    outer loop
      vertex -4.09122 -0.268152 22
      vertex -4.1 0 12
      vertex -4.1 0 22
    endloop
  endfacet
  facet normal 0.999464 0.0327251 0
    outer loop
      vertex -4.1 0 12
      vertex -4.09122 -0.268152 22
      vertex -4.09122 -0.268152 12
    endloop
  endfacet
  facet normal 0.582493 0.812836 -0
    outer loop
      vertex -2.27784 -3.40903 12
      vertex -2.49592 -3.25275 22
      vertex -2.27784 -3.40903 22
    endloop
  endfacet
  facet normal 0.582493 0.812836 0
    outer loop
      vertex -2.49592 -3.25275 22
      vertex -2.27784 -3.40903 12
      vertex -2.49592 -3.25275 12
    endloop
  endfacet
  facet normal -0.0980256 -0.995184 0
    outer loop
      vertex 0.268152 4.09122 12
      vertex 0.535157 4.06492 22
      vertex 0.268152 4.09122 22
    endloop
  endfacet
  facet normal -0.0980256 -0.995184 -0
    outer loop
      vertex 0.535157 4.06492 22
      vertex 0.268152 4.09122 12
      vertex 0.535157 4.06492 12
    endloop
  endfacet
  facet normal 0.881915 0.471408 0
    outer loop
      vertex -3.5507 -2.05 22
      vertex -3.67718 -1.81338 12
      vertex -3.67718 -1.81338 22
    endloop
  endfacet
  facet normal 0.881915 0.471408 0
    outer loop
      vertex -3.67718 -1.81338 12
      vertex -3.5507 -2.05 22
      vertex -3.5507 -2.05 12
    endloop
  endfacet
  facet normal 0.471408 0.881915 -0
    outer loop
      vertex -1.81338 -3.67718 12
      vertex -2.05 -3.5507 22
      vertex -1.81338 -3.67718 22
    endloop
  endfacet
  facet normal 0.471408 0.881915 0
    outer loop
      vertex -2.05 -3.5507 22
      vertex -1.81338 -3.67718 12
      vertex -2.05 -3.5507 12
    endloop
  endfacet
  facet normal -0.227061 -0.973881 0
    outer loop
      vertex 0.79987 4.02122 12
      vertex 1.06116 3.9603 22
      vertex 0.79987 4.02122 22
    endloop
  endfacet
  facet normal -0.227061 -0.973881 -0
    outer loop
      vertex 1.06116 3.9603 22
      vertex 0.79987 4.02122 12
      vertex 1.06116 3.9603 12
    endloop
  endfacet
  facet normal -0.973881 0.227061 0
    outer loop
      vertex 3.9603 -1.06116 12
      vertex 4.02122 -0.79987 22
      vertex 4.02122 -0.79987 12
    endloop
  endfacet
  facet normal -0.973881 0.227061 0
    outer loop
      vertex 4.02122 -0.79987 22
      vertex 3.9603 -1.06116 12
      vertex 3.9603 -1.06116 22
    endloop
  endfacet
  facet normal -0.412716 0.91086 0
    outer loop
      vertex 1.81338 -3.67718 12
      vertex 1.569 -3.78791 22
      vertex 1.81338 -3.67718 22
    endloop
  endfacet
  facet normal -0.412716 0.91086 0
    outer loop
      vertex 1.569 -3.78791 22
      vertex 1.81338 -3.67718 12
      vertex 1.569 -3.78791 12
    endloop
  endfacet
  facet normal -0.352226 0.935915 0
    outer loop
      vertex 1.569 -3.78791 22
      vertex 1.3179 -3.88241 17.4707
      vertex 1.3179 -3.88241 22
    endloop
  endfacet
  facet normal -0.351723 0.936104 -3.18069e-05
    outer loop
      vertex 1.569 -3.78791 22
      vertex 1.3257 -3.87948 17.45
      vertex 1.3179 -3.88241 17.4707
    endloop
  endfacet
  facet normal -0.352209 0.935921 -2.16284e-06
    outer loop
      vertex 1.569 -3.78791 22
      vertex 1.3523 -3.86947 17.3623
      vertex 1.3257 -3.87948 17.45
    endloop
  endfacet
  facet normal -0.352297 0.935888 2.52978e-06
    outer loop
      vertex 1.569 -3.78791 22
      vertex 1.3731 -3.86164 17.2731
      vertex 1.3523 -3.86947 17.3623
    endloop
  endfacet
  facet normal -0.352447 0.935832 9.61343e-06
    outer loop
      vertex 1.569 -3.78791 22
      vertex 1.38802 -3.85602 17.1827
      vertex 1.3731 -3.86164 17.2731
    endloop
  endfacet
  facet normal -0.352254 0.935905 1.32522e-06
    outer loop
      vertex 1.569 -3.78791 22
      vertex 1.397 -3.85264 17.0916
      vertex 1.38802 -3.85602 17.1827
    endloop
  endfacet
  facet normal -0.352351 0.935868 5.21967e-06
    outer loop
      vertex 1.569 -3.78791 22
      vertex 1.4 -3.85151 17
      vertex 1.397 -3.85264 17.0916
    endloop
  endfacet
  facet normal -0.352216 0.935919 0
    outer loop
      vertex 1.569 -3.78791 12
      vertex 1.4 -3.85151 17
      vertex 1.569 -3.78791 22
    endloop
  endfacet
  facet normal -0.352351 0.935868 -5.21967e-06
    outer loop
      vertex 1.4 -3.85151 17
      vertex 1.569 -3.78791 12
      vertex 1.397 -3.85264 16.9084
    endloop
  endfacet
  facet normal -0.352254 0.935905 -1.32522e-06
    outer loop
      vertex 1.569 -3.78791 12
      vertex 1.38802 -3.85602 16.8173
      vertex 1.397 -3.85264 16.9084
    endloop
  endfacet
  facet normal -0.352447 0.935832 -9.61343e-06
    outer loop
      vertex 1.569 -3.78791 12
      vertex 1.3731 -3.86164 16.7269
      vertex 1.38802 -3.85602 16.8173
    endloop
  endfacet
  facet normal -0.352297 0.935888 -2.52978e-06
    outer loop
      vertex 1.569 -3.78791 12
      vertex 1.3523 -3.86947 16.6377
      vertex 1.3731 -3.86164 16.7269
    endloop
  endfacet
  facet normal -0.352209 0.935921 2.16284e-06
    outer loop
      vertex 1.569 -3.78791 12
      vertex 1.3257 -3.87948 16.55
      vertex 1.3523 -3.86947 16.6377
    endloop
  endfacet
  facet normal -0.351723 0.936104 3.18069e-05
    outer loop
      vertex 1.569 -3.78791 12
      vertex 1.3179 -3.88241 16.5293
      vertex 1.3257 -3.87948 16.55
    endloop
  endfacet
  facet normal -0.352226 0.935915 0
    outer loop
      vertex 1.3179 -3.88241 16.5293
      vertex 1.569 -3.78791 12
      vertex 1.3179 -3.88241 12
    endloop
  endfacet
  facet normal -0.683581 0.729874 0
    outer loop
      vertex 2.89914 -2.89914 12
      vertex 2.70332 -3.08254 22
      vertex 2.89914 -2.89914 22
    endloop
  endfacet
  facet normal -0.683581 0.729874 0
    outer loop
      vertex 2.70332 -3.08254 22
      vertex 2.89914 -2.89914 12
      vertex 2.70332 -3.08254 12
    endloop
  endfacet
  facet normal -0.290315 -0.956931 0
    outer loop
      vertex 1.06116 3.9603 12
      vertex 1.3179 3.88241 22
      vertex 1.06116 3.9603 22
    endloop
  endfacet
  facet normal -0.290315 -0.956931 -0
    outer loop
      vertex 1.3179 3.88241 22
      vertex 1.06116 3.9603 12
      vertex 1.3179 3.88241 12
    endloop
  endfacet
  facet normal -0.352226 -0.935915 0
    outer loop
      vertex 1.3179 3.88241 12
      vertex 1.569 3.78791 22
      vertex 1.3179 3.88241 22
    endloop
  endfacet
  facet normal -0.352226 -0.935915 -0
    outer loop
      vertex 1.569 3.78791 22
      vertex 1.3179 3.88241 12
      vertex 1.569 3.78791 12
    endloop
  endfacet
  facet normal 0.91086 -0.412716 0
    outer loop
      vertex -3.78791 1.569 22
      vertex -3.67718 1.81338 12
      vertex -3.67718 1.81338 22
    endloop
  endfacet
  facet normal 0.91086 -0.412716 0
    outer loop
      vertex -3.67718 1.81338 12
      vertex -3.78791 1.569 22
      vertex -3.78791 1.569 12
    endloop
  endfacet
  facet normal 0.352226 0.935915 -0
    outer loop
      vertex -1.3179 -3.88241 17.4707
      vertex -1.569 -3.78791 22
      vertex -1.3179 -3.88241 22
    endloop
  endfacet
  facet normal 0.351723 0.936104 -3.18069e-05
    outer loop
      vertex -1.3257 -3.87948 17.45
      vertex -1.569 -3.78791 22
      vertex -1.3179 -3.88241 17.4707
    endloop
  endfacet
  facet normal 0.352209 0.935921 -2.16284e-06
    outer loop
      vertex -1.3523 -3.86947 17.3623
      vertex -1.569 -3.78791 22
      vertex -1.3257 -3.87948 17.45
    endloop
  endfacet
  facet normal 0.352297 0.935888 2.52978e-06
    outer loop
      vertex -1.3731 -3.86164 17.2731
      vertex -1.569 -3.78791 22
      vertex -1.3523 -3.86947 17.3623
    endloop
  endfacet
  facet normal 0.352447 0.935832 9.61343e-06
    outer loop
      vertex -1.38802 -3.85602 17.1827
      vertex -1.569 -3.78791 22
      vertex -1.3731 -3.86164 17.2731
    endloop
  endfacet
  facet normal 0.352254 0.935905 1.32522e-06
    outer loop
      vertex -1.397 -3.85264 17.0916
      vertex -1.569 -3.78791 22
      vertex -1.38802 -3.85602 17.1827
    endloop
  endfacet
  facet normal 0.352351 0.935868 5.21967e-06
    outer loop
      vertex -1.4 -3.85151 17
      vertex -1.569 -3.78791 22
      vertex -1.397 -3.85264 17.0916
    endloop
  endfacet
  facet normal 0.352351 0.935868 -5.21967e-06
    outer loop
      vertex -1.569 -3.78791 12
      vertex -1.4 -3.85151 17
      vertex -1.397 -3.85264 16.9084
    endloop
  endfacet
  facet normal 0.352226 0.935915 0
    outer loop
      vertex -1.569 -3.78791 12
      vertex -1.3179 -3.88241 16.5293
      vertex -1.3179 -3.88241 12
    endloop
  endfacet
  facet normal 0.351723 0.936104 3.18069e-05
    outer loop
      vertex -1.3179 -3.88241 16.5293
      vertex -1.569 -3.78791 12
      vertex -1.3257 -3.87948 16.55
    endloop
  endfacet
  facet normal 0.352209 0.935921 2.16284e-06
    outer loop
      vertex -1.3257 -3.87948 16.55
      vertex -1.569 -3.78791 12
      vertex -1.3523 -3.86947 16.6377
    endloop
  endfacet
  facet normal 0.352297 0.935888 -2.52978e-06
    outer loop
      vertex -1.3523 -3.86947 16.6377
      vertex -1.569 -3.78791 12
      vertex -1.3731 -3.86164 16.7269
    endloop
  endfacet
  facet normal 0.352447 0.935832 -9.61343e-06
    outer loop
      vertex -1.3731 -3.86164 16.7269
      vertex -1.569 -3.78791 12
      vertex -1.38802 -3.85602 16.8173
    endloop
  endfacet
  facet normal 0.352254 0.935905 -1.32522e-06
    outer loop
      vertex -1.38802 -3.85602 16.8173
      vertex -1.569 -3.78791 12
      vertex -1.397 -3.85264 16.9084
    endloop
  endfacet
  facet normal 0.352216 0.935919 0
    outer loop
      vertex -1.4 -3.85151 17
      vertex -1.569 -3.78791 12
      vertex -1.569 -3.78791 22
    endloop
  endfacet
  facet normal -0.290539 0.956863 0
    outer loop
      vertex 1.3179 -3.88241 12
      vertex 1.29343 -3.88984 16.4642
      vertex 1.3179 -3.88241 16.5293
    endloop
  endfacet
  facet normal -0.290298 0.956936 1.44186e-06
    outer loop
      vertex 1.3179 -3.88241 12
      vertex 1.25562 -3.90131 16.3808
      vertex 1.29343 -3.88984 16.4642
    endloop
  endfacet
  facet normal -0.290257 0.956949 2.08398e-06
    outer loop
      vertex 1.3179 -3.88241 12
      vertex 1.21243 -3.91441 16.3
      vertex 1.25562 -3.90131 16.3808
    endloop
  endfacet
  facet normal -0.290236 0.956955 2.6341e-06
    outer loop
      vertex 1.3179 -3.88241 12
      vertex 1.16406 -3.92908 16.2222
      vertex 1.21243 -3.91441 16.3
    endloop
  endfacet
  facet normal -0.290292 0.956938 4.37654e-07
    outer loop
      vertex 1.3179 -3.88241 12
      vertex 1.11069 -3.94527 16.1477
      vertex 1.16406 -3.92908 16.2222
    endloop
  endfacet
  facet normal -0.290373 0.956914 -3.99793e-06
    outer loop
      vertex 1.3179 -3.88241 12
      vertex 1.06116 -3.9603 16.0874
      vertex 1.11069 -3.94527 16.1477
    endloop
  endfacet
  facet normal -0.290315 0.956931 0
    outer loop
      vertex 1.06116 -3.9603 16.0874
      vertex 1.3179 -3.88241 12
      vertex 1.06116 -3.9603 12
    endloop
  endfacet
  facet normal -0.290315 0.956931 0
    outer loop
      vertex 1.3179 -3.88241 22
      vertex 1.06116 -3.9603 17.9126
      vertex 1.06116 -3.9603 22
    endloop
  endfacet
  facet normal -0.290373 0.956914 3.99793e-06
    outer loop
      vertex 1.3179 -3.88241 22
      vertex 1.11069 -3.94527 17.8523
      vertex 1.06116 -3.9603 17.9126
    endloop
  endfacet
  facet normal -0.290292 0.956938 -4.37654e-07
    outer loop
      vertex 1.3179 -3.88241 22
      vertex 1.16406 -3.92908 17.7778
      vertex 1.11069 -3.94527 17.8523
    endloop
  endfacet
  facet normal -0.290236 0.956955 -2.6341e-06
    outer loop
      vertex 1.3179 -3.88241 22
      vertex 1.21243 -3.91441 17.7
      vertex 1.16406 -3.92908 17.7778
    endloop
  endfacet
  facet normal -0.290257 0.956949 -2.08398e-06
    outer loop
      vertex 1.3179 -3.88241 22
      vertex 1.25562 -3.90131 17.6192
      vertex 1.21243 -3.91441 17.7
    endloop
  endfacet
  facet normal -0.290298 0.956936 -1.44186e-06
    outer loop
      vertex 1.3179 -3.88241 22
      vertex 1.29343 -3.88984 17.5358
      vertex 1.25562 -3.90131 17.6192
    endloop
  endfacet
  facet normal -0.290539 0.956863 0
    outer loop
      vertex 1.29343 -3.88984 17.5358
      vertex 1.3179 -3.88241 22
      vertex 1.3179 -3.88241 17.4707
    endloop
  endfacet
  facet normal 0.412716 0.91086 -0
    outer loop
      vertex -1.569 -3.78791 12
      vertex -1.81338 -3.67718 22
      vertex -1.569 -3.78791 22
    endloop
  endfacet
  facet normal 0.412716 0.91086 0
    outer loop
      vertex -1.81338 -3.67718 22
      vertex -1.569 -3.78791 12
      vertex -1.81338 -3.67718 12
    endloop
  endfacet
  facet normal -0.634396 0.773008 0
    outer loop
      vertex 2.70332 -3.08254 12
      vertex 2.49592 -3.25275 22
      vertex 2.70332 -3.08254 22
    endloop
  endfacet
  facet normal -0.634396 0.773008 0
    outer loop
      vertex 2.49592 -3.25275 22
      vertex 2.70332 -3.08254 12
      vertex 2.49592 -3.25275 12
    endloop
  endfacet
  facet normal 0.773008 -0.634396 0
    outer loop
      vertex -3.25275 2.49592 22
      vertex -3.08254 2.70332 12
      vertex -3.08254 2.70332 22
    endloop
  endfacet
  facet normal 0.773008 -0.634396 0
    outer loop
      vertex -3.08254 2.70332 12
      vertex -3.25275 2.49592 22
      vertex -3.25275 2.49592 12
    endloop
  endfacet
  facet normal 0.528041 0.849219 -0
    outer loop
      vertex -2.05 -3.5507 12
      vertex -2.27784 -3.40903 22
      vertex -2.05 -3.5507 22
    endloop
  endfacet
  facet normal 0.528041 0.849219 0
    outer loop
      vertex -2.27784 -3.40903 22
      vertex -2.05 -3.5507 12
      vertex -2.27784 -3.40903 12
    endloop
  endfacet
  facet normal 0.91086 0.412716 0
    outer loop
      vertex -3.67718 -1.81338 22
      vertex -3.78791 -1.569 12
      vertex -3.78791 -1.569 22
    endloop
  endfacet
  facet normal 0.91086 0.412716 0
    outer loop
      vertex -3.78791 -1.569 12
      vertex -3.67718 -1.81338 22
      vertex -3.67718 -1.81338 12
    endloop
  endfacet
  facet normal -0.986644 0.16289 0
    outer loop
      vertex 6.6203 -1.31686 22
      vertex 6.69225 -0.881051 24
      vertex 6.69225 -0.881051 22
    endloop
  endfacet
  facet normal -0.986644 0.16289 0
    outer loop
      vertex 6.69225 -0.881051 24
      vertex 6.6203 -1.31686 22
      vertex 6.6203 -1.31686 24
    endloop
  endfacet
  facet normal -0.471399 -0.88192 0
    outer loop
      vertex 2.98545 6.05389 22
      vertex 3.375 5.84567 24
      vertex 2.98545 6.05389 24
    endloop
  endfacet
  facet normal -0.471399 -0.88192 -0
    outer loop
      vertex 3.375 5.84567 24
      vertex 2.98545 6.05389 22
      vertex 3.375 5.84567 22
    endloop
  endfacet
  facet normal 0.986644 0.16289 0
    outer loop
      vertex -6.6203 -1.31686 24
      vertex -6.69225 -0.881051 22
      vertex -6.69225 -0.881051 24
    endloop
  endfacet
  facet normal 0.986644 0.16289 0
    outer loop
      vertex -6.69225 -0.881051 22
      vertex -6.6203 -1.31686 24
      vertex -6.6203 -1.31686 22
    endloop
  endfacet
  facet normal -0.812841 -0.582486 0
    outer loop
      vertex 5.61242 3.7501 22
      vertex 5.35513 4.10914 24
      vertex 5.35513 4.10914 22
    endloop
  endfacet
  facet normal -0.812841 -0.582486 0
    outer loop
      vertex 5.35513 4.10914 24
      vertex 5.61242 3.7501 22
      vertex 5.61242 3.7501 24
    endloop
  endfacet
  facet normal -0.849204 0.528064 0
    outer loop
      vertex 5.61242 -3.7501 22
      vertex 5.84567 -3.375 24
      vertex 5.84567 -3.375 22
    endloop
  endfacet
  facet normal -0.849204 0.528064 0
    outer loop
      vertex 5.84567 -3.375 24
      vertex 5.61242 -3.7501 22
      vertex 5.61242 -3.7501 24
    endloop
  endfacet
  facet normal -0.956941 0.290281 0
    outer loop
      vertex 6.39178 -2.16972 22
      vertex 6.52 -1.74703 24
      vertex 6.52 -1.74703 22
    endloop
  endfacet
  facet normal -0.956941 0.290281 0
    outer loop
      vertex 6.52 -1.74703 24
      vertex 6.39178 -2.16972 22
      vertex 6.39178 -2.16972 24
    endloop
  endfacet
  facet normal 0.995184 -0.0980287 0
    outer loop
      vertex -6.73555 0.441471 24
      vertex -6.69225 0.881051 22
      vertex -6.69225 0.881051 24
    endloop
  endfacet
  facet normal 0.995184 -0.0980287 0
    outer loop
      vertex -6.69225 0.881051 22
      vertex -6.73555 0.441471 24
      vertex -6.73555 0.441471 22
    endloop
  endfacet
  facet normal -0.0980287 0.995184 0
    outer loop
      vertex 0.881051 -6.69225 22
      vertex 0.441471 -6.73555 24
      vertex 0.881051 -6.69225 24
    endloop
  endfacet
  facet normal -0.0980287 0.995184 0
    outer loop
      vertex 0.441471 -6.73555 24
      vertex 0.881051 -6.69225 22
      vertex 0.441471 -6.73555 22
    endloop
  endfacet
  facet normal 0.683591 -0.729865 0
    outer loop
      vertex -4.77297 4.77297 22
      vertex -4.45058 5.07492 24
      vertex -4.77297 4.77297 24
    endloop
  endfacet
  facet normal 0.683591 -0.729865 0
    outer loop
      vertex -4.45058 5.07492 24
      vertex -4.77297 4.77297 22
      vertex -4.45058 5.07492 22
    endloop
  endfacet
  facet normal 0.032714 -0.999465 0
    outer loop
      vertex -0.441471 6.73555 22
      vertex 0 6.75 24
      vertex -0.441471 6.73555 24
    endloop
  endfacet
  facet normal 0.032714 -0.999465 0
    outer loop
      vertex 0 6.75 24
      vertex -0.441471 6.73555 22
      vertex 0 6.75 22
    endloop
  endfacet
  facet normal -0.999465 0.032714 0
    outer loop
      vertex 6.73555 -0.441471 22
      vertex 6.75 0 24
      vertex 6.75 0 22
    endloop
  endfacet
  facet normal -0.999465 0.032714 0
    outer loop
      vertex 6.75 0 24
      vertex 6.73555 -0.441471 22
      vertex 6.73555 -0.441471 24
    endloop
  endfacet
  facet normal 0.995184 0.0980287 0
    outer loop
      vertex -6.69225 -0.881051 24
      vertex -6.73555 -0.441471 22
      vertex -6.73555 -0.441471 24
    endloop
  endfacet
  facet normal 0.995184 0.0980287 0
    outer loop
      vertex -6.73555 -0.441471 22
      vertex -6.69225 -0.881051 24
      vertex -6.69225 -0.881051 22
    endloop
  endfacet
  facet normal -0.16289 0.986644 0
    outer loop
      vertex 1.31686 -6.6203 22
      vertex 0.881051 -6.69225 24
      vertex 1.31686 -6.6203 24
    endloop
  endfacet
  facet normal -0.16289 0.986644 0
    outer loop
      vertex 0.881051 -6.69225 24
      vertex 1.31686 -6.6203 22
      vertex 0.881051 -6.69225 22
    endloop
  endfacet
  facet normal 0.582486 -0.812841 0
    outer loop
      vertex -4.10914 5.35513 22
      vertex -3.7501 5.61242 24
      vertex -4.10914 5.35513 24
    endloop
  endfacet
  facet normal 0.582486 -0.812841 0
    outer loop
      vertex -3.7501 5.61242 24
      vertex -4.10914 5.35513 22
      vertex -3.7501 5.61242 22
    endloop
  endfacet
  facet normal -0.412711 -0.910862 0
    outer loop
      vertex 2.58311 6.23619 22
      vertex 2.98545 6.05389 24
      vertex 2.58311 6.23619 24
    endloop
  endfacet
  facet normal -0.412711 -0.910862 -0
    outer loop
      vertex 2.98545 6.05389 24
      vertex 2.58311 6.23619 22
      vertex 2.98545 6.05389 22
    endloop
  endfacet
  facet normal 0.812841 -0.582486 0
    outer loop
      vertex -5.61242 3.7501 24
      vertex -5.35513 4.10914 22
      vertex -5.35513 4.10914 24
    endloop
  endfacet
  facet normal 0.812841 -0.582486 0
    outer loop
      vertex -5.35513 4.10914 22
      vertex -5.61242 3.7501 24
      vertex -5.61242 3.7501 22
    endloop
  endfacet
  facet normal -0.412711 0.910862 0
    outer loop
      vertex 2.98545 -6.05389 22
      vertex 2.58311 -6.23619 24
      vertex 2.98545 -6.05389 24
    endloop
  endfacet
  facet normal -0.412711 0.910862 0
    outer loop
      vertex 2.58311 -6.23619 24
      vertex 2.98545 -6.05389 22
      vertex 2.58311 -6.23619 22
    endloop
  endfacet
  facet normal -0.995184 -0.0980287 0
    outer loop
      vertex 6.73555 0.441471 22
      vertex 6.69225 0.881051 24
      vertex 6.69225 0.881051 22
    endloop
  endfacet
  facet normal -0.995184 -0.0980287 0
    outer loop
      vertex 6.69225 0.881051 24
      vertex 6.73555 0.441471 22
      vertex 6.73555 0.441471 24
    endloop
  endfacet
  facet normal -0.999465 -0.032714 0
    outer loop
      vertex 6.75 0 22
      vertex 6.73555 0.441471 24
      vertex 6.73555 0.441471 22
    endloop
  endfacet
  facet normal -0.999465 -0.032714 0
    outer loop
      vertex 6.73555 0.441471 24
      vertex 6.75 0 22
      vertex 6.75 0 24
    endloop
  endfacet
  facet normal 0.729865 -0.683591 0
    outer loop
      vertex -5.07492 4.45058 24
      vertex -4.77297 4.77297 22
      vertex -4.77297 4.77297 24
    endloop
  endfacet
  facet normal 0.729865 -0.683591 0
    outer loop
      vertex -4.77297 4.77297 22
      vertex -5.07492 4.45058 24
      vertex -5.07492 4.45058 22
    endloop
  endfacet
  facet normal -0.910862 -0.412711 0
    outer loop
      vertex 6.23619 2.58311 22
      vertex 6.05389 2.98545 24
      vertex 6.05389 2.98545 22
    endloop
  endfacet
  facet normal -0.910862 -0.412711 0
    outer loop
      vertex 6.05389 2.98545 24
      vertex 6.23619 2.58311 22
      vertex 6.23619 2.58311 24
    endloop
  endfacet
  facet normal 0.773013 0.63439 0
    outer loop
      vertex -5.07492 -4.45058 24
      vertex -5.35513 -4.10914 22
      vertex -5.35513 -4.10914 24
    endloop
  endfacet
  facet normal 0.773013 0.63439 0
    outer loop
      vertex -5.35513 -4.10914 22
      vertex -5.07492 -4.45058 24
      vertex -5.07492 -4.45058 22
    endloop
  endfacet
  facet normal -0.528064 0.849204 0
    outer loop
      vertex 3.7501 -5.61242 22
      vertex 3.375 -5.84567 24
      vertex 3.7501 -5.61242 24
    endloop
  endfacet
  facet normal -0.528064 0.849204 0
    outer loop
      vertex 3.375 -5.84567 24
      vertex 3.7501 -5.61242 22
      vertex 3.375 -5.84567 22
    endloop
  endfacet
  facet normal 0.0980287 -0.995184 0
    outer loop
      vertex -0.881051 6.69225 22
      vertex -0.441471 6.73555 24
      vertex -0.881051 6.69225 24
    endloop
  endfacet
  facet normal 0.0980287 -0.995184 0
    outer loop
      vertex -0.441471 6.73555 24
      vertex -0.881051 6.69225 22
      vertex -0.441471 6.73555 22
    endloop
  endfacet
  facet normal -0.910862 0.412711 0
    outer loop
      vertex 6.05389 -2.98545 22
      vertex 6.23619 -2.58311 24
      vertex 6.23619 -2.58311 22
    endloop
  endfacet
  facet normal -0.910862 0.412711 0
    outer loop
      vertex 6.23619 -2.58311 24
      vertex 6.05389 -2.98545 22
      vertex 6.05389 -2.98545 24
    endloop
  endfacet
  facet normal -0.63439 -0.773013 0
    outer loop
      vertex 4.10914 5.35513 22
      vertex 4.45058 5.07492 24
      vertex 4.10914 5.35513 24
    endloop
  endfacet
  facet normal -0.63439 -0.773013 -0
    outer loop
      vertex 4.45058 5.07492 24
      vertex 4.10914 5.35513 22
      vertex 4.45058 5.07492 22
    endloop
  endfacet
  facet normal -0.683591 -0.729865 0
    outer loop
      vertex 4.45058 5.07492 22
      vertex 4.77297 4.77297 24
      vertex 4.45058 5.07492 24
    endloop
  endfacet
  facet normal -0.683591 -0.729865 -0
    outer loop
      vertex 4.77297 4.77297 24
      vertex 4.45058 5.07492 22
      vertex 4.77297 4.77297 22
    endloop
  endfacet
  facet normal -0.729865 -0.683591 0
    outer loop
      vertex 5.07492 4.45058 22
      vertex 4.77297 4.77297 24
      vertex 4.77297 4.77297 22
    endloop
  endfacet
  facet normal -0.729865 -0.683591 0
    outer loop
      vertex 4.77297 4.77297 24
      vertex 5.07492 4.45058 22
      vertex 5.07492 4.45058 24
    endloop
  endfacet
  facet normal 0.412711 0.910862 -0
    outer loop
      vertex -2.58311 -6.23619 22
      vertex -2.98545 -6.05389 24
      vertex -2.58311 -6.23619 24
    endloop
  endfacet
  facet normal 0.412711 0.910862 0
    outer loop
      vertex -2.98545 -6.05389 24
      vertex -2.58311 -6.23619 22
      vertex -2.98545 -6.05389 22
    endloop
  endfacet
  facet normal 0.812841 0.582486 0
    outer loop
      vertex -5.35513 -4.10914 24
      vertex -5.61242 -3.7501 22
      vertex -5.61242 -3.7501 24
    endloop
  endfacet
  facet normal 0.812841 0.582486 0
    outer loop
      vertex -5.61242 -3.7501 22
      vertex -5.35513 -4.10914 24
      vertex -5.35513 -4.10914 22
    endloop
  endfacet
  facet normal 0.935905 -0.352252 0
    outer loop
      vertex -6.39178 2.16972 24
      vertex -6.23619 2.58311 22
      vertex -6.23619 2.58311 24
    endloop
  endfacet
  facet normal 0.935905 -0.352252 0
    outer loop
      vertex -6.23619 2.58311 22
      vertex -6.39178 2.16972 24
      vertex -6.39178 2.16972 22
    endloop
  endfacet
  facet normal -0.227073 0.973878 0
    outer loop
      vertex 1.74703 -6.52 22
      vertex 1.31686 -6.6203 24
      vertex 1.74703 -6.52 24
    endloop
  endfacet
  facet normal -0.227073 0.973878 0
    outer loop
      vertex 1.31686 -6.6203 24
      vertex 1.74703 -6.52 22
      vertex 1.31686 -6.6203 22
    endloop
  endfacet
  facet normal 0.910862 -0.412711 0
    outer loop
      vertex -6.23619 2.58311 24
      vertex -6.05389 2.98545 22
      vertex -6.05389 2.98545 24
    endloop
  endfacet
  facet normal 0.910862 -0.412711 0
    outer loop
      vertex -6.05389 2.98545 22
      vertex -6.23619 2.58311 24
      vertex -6.23619 2.58311 22
    endloop
  endfacet
  facet normal -0.812841 0.582486 0
    outer loop
      vertex 5.35513 -4.10914 22
      vertex 5.61242 -3.7501 24
      vertex 5.61242 -3.7501 22
    endloop
  endfacet
  facet normal -0.812841 0.582486 0
    outer loop
      vertex 5.61242 -3.7501 24
      vertex 5.35513 -4.10914 22
      vertex 5.35513 -4.10914 24
    endloop
  endfacet
  facet normal -0.986644 -0.16289 0
    outer loop
      vertex 6.69225 0.881051 22
      vertex 6.6203 1.31686 24
      vertex 6.6203 1.31686 22
    endloop
  endfacet
  facet normal -0.986644 -0.16289 0
    outer loop
      vertex 6.6203 1.31686 24
      vertex 6.69225 0.881051 22
      vertex 6.69225 0.881051 24
    endloop
  endfacet
  facet normal 0.999465 0.032714 0
    outer loop
      vertex -6.73555 -0.441471 24
      vertex -6.75 0 22
      vertex -6.75 0 24
    endloop
  endfacet
  facet normal 0.999465 0.032714 0
    outer loop
      vertex -6.75 0 22
      vertex -6.73555 -0.441471 24
      vertex -6.73555 -0.441471 22
    endloop
  endfacet
  facet normal 0.032714 0.999465 -0
    outer loop
      vertex 0 -6.75 22
      vertex -0.441471 -6.73555 24
      vertex 0 -6.75 24
    endloop
  endfacet
  facet normal 0.032714 0.999465 0
    outer loop
      vertex -0.441471 -6.73555 24
      vertex 0 -6.75 22
      vertex -0.441471 -6.73555 22
    endloop
  endfacet
  facet normal -0.973878 -0.227073 0
    outer loop
      vertex 6.6203 1.31686 22
      vertex 6.52 1.74703 24
      vertex 6.52 1.74703 22
    endloop
  endfacet
  facet normal -0.973878 -0.227073 0
    outer loop
      vertex 6.52 1.74703 24
      vertex 6.6203 1.31686 22
      vertex 6.6203 1.31686 24
    endloop
  endfacet
  facet normal 0.973878 -0.227073 0
    outer loop
      vertex -6.6203 1.31686 24
      vertex -6.52 1.74703 22
      vertex -6.52 1.74703 24
    endloop
  endfacet
  facet normal 0.973878 -0.227073 0
    outer loop
      vertex -6.52 1.74703 22
      vertex -6.6203 1.31686 24
      vertex -6.6203 1.31686 22
    endloop
  endfacet
  facet normal -0.471399 0.88192 0
    outer loop
      vertex 3.375 -5.84567 22
      vertex 2.98545 -6.05389 24
      vertex 3.375 -5.84567 24
    endloop
  endfacet
  facet normal -0.471399 0.88192 0
    outer loop
      vertex 2.98545 -6.05389 24
      vertex 3.375 -5.84567 22
      vertex 2.98545 -6.05389 22
    endloop
  endfacet
  facet normal 0.352252 -0.935905 0
    outer loop
      vertex -2.58311 6.23619 22
      vertex -2.16972 6.39178 24
      vertex -2.58311 6.23619 24
    endloop
  endfacet
  facet normal 0.352252 -0.935905 0
    outer loop
      vertex -2.16972 6.39178 24
      vertex -2.58311 6.23619 22
      vertex -2.16972 6.39178 22
    endloop
  endfacet
  facet normal 0.582486 0.812841 -0
    outer loop
      vertex -3.7501 -5.61242 22
      vertex -4.10914 -5.35513 24
      vertex -3.7501 -5.61242 24
    endloop
  endfacet
  facet normal 0.582486 0.812841 0
    outer loop
      vertex -4.10914 -5.35513 24
      vertex -3.7501 -5.61242 22
      vertex -4.10914 -5.35513 22
    endloop
  endfacet
  facet normal -0.935905 0.352252 0
    outer loop
      vertex 6.23619 -2.58311 22
      vertex 6.39178 -2.16972 24
      vertex 6.39178 -2.16972 22
    endloop
  endfacet
  facet normal -0.935905 0.352252 0
    outer loop
      vertex 6.39178 -2.16972 24
      vertex 6.23619 -2.58311 22
      vertex 6.23619 -2.58311 24
    endloop
  endfacet
  facet normal 0.999465 -0.032714 0
    outer loop
      vertex -6.75 0 24
      vertex -6.73555 0.441471 22
      vertex -6.73555 0.441471 24
    endloop
  endfacet
  facet normal 0.999465 -0.032714 0
    outer loop
      vertex -6.73555 0.441471 22
      vertex -6.75 0 24
      vertex -6.75 0 22
    endloop
  endfacet
  facet normal 0.773013 -0.63439 0
    outer loop
      vertex -5.35513 4.10914 24
      vertex -5.07492 4.45058 22
      vertex -5.07492 4.45058 24
    endloop
  endfacet
  facet normal 0.773013 -0.63439 0
    outer loop
      vertex -5.07492 4.45058 22
      vertex -5.35513 4.10914 24
      vertex -5.35513 4.10914 22
    endloop
  endfacet
  facet normal -0.582486 -0.812841 0
    outer loop
      vertex 3.7501 5.61242 22
      vertex 4.10914 5.35513 24
      vertex 3.7501 5.61242 24
    endloop
  endfacet
  facet normal -0.582486 -0.812841 -0
    outer loop
      vertex 4.10914 5.35513 24
      vertex 3.7501 5.61242 22
      vertex 4.10914 5.35513 22
    endloop
  endfacet
  facet normal 0 0 1
    outer loop
      vertex 4.1 0 22
      vertex 6.75 0 22
      vertex 6.73555 0.441471 22
    endloop
  endfacet
  facet normal 0 0 1
    outer loop
      vertex 4.09122 0.268152 22
      vertex 6.73555 0.441471 22
      vertex 6.69225 0.881051 22
    endloop
  endfacet
  facet normal 0 0 1
    outer loop
      vertex 6.75 0 22
      vertex 4.1 0 22
      vertex 6.73555 -0.441471 22
    endloop
  endfacet
  facet normal 0 0 1
    outer loop
      vertex 4.06492 0.535157 22
      vertex 6.69225 0.881051 22
      vertex 6.6203 1.31686 22
    endloop
  endfacet
  facet normal -0 0 1
    outer loop
      vertex 4.09122 -0.268152 22
      vertex 6.73555 -0.441471 22
      vertex 4.1 0 22
    endloop
  endfacet
  facet normal 0 0 1
    outer loop
      vertex 4.02122 0.79987 22
      vertex 6.6203 1.31686 22
      vertex 6.52 1.74703 22
    endloop
  endfacet
  facet normal 0 0 1
    outer loop
      vertex 6.73555 -0.441471 22
      vertex 4.09122 -0.268152 22
      vertex 6.69225 -0.881051 22
    endloop
  endfacet
  facet normal 0 0 1
    outer loop
      vertex 3.9603 1.06116 22
      vertex 6.52 1.74703 22
      vertex 6.39178 2.16972 22
    endloop
  endfacet
  facet normal -0 0 1
    outer loop
      vertex 4.06492 -0.535157 22
      vertex 6.69225 -0.881051 22
      vertex 4.09122 -0.268152 22
    endloop
  endfacet
  facet normal 0 0 1
    outer loop
      vertex 3.88241 1.3179 22
      vertex 6.39178 2.16972 22
      vertex 6.23619 2.58311 22
    endloop
  endfacet
  facet normal 0 0 1
    outer loop
      vertex 6.69225 -0.881051 22
      vertex 4.06492 -0.535157 22
      vertex 6.6203 -1.31686 22
    endloop
  endfacet
  facet normal 0 0 1
    outer loop
      vertex 3.78791 1.569 22
      vertex 6.23619 2.58311 22
      vertex 6.05389 2.98545 22
    endloop
  endfacet
  facet normal -0 0 1
    outer loop
      vertex 4.02122 -0.79987 22
      vertex 6.6203 -1.31686 22
      vertex 4.06492 -0.535157 22
    endloop
  endfacet
  facet normal 0 0 1
    outer loop
      vertex 3.67718 1.81338 22
      vertex 6.05389 2.98545 22
      vertex 5.84567 3.375 22
    endloop
  endfacet
  facet normal 0 0 1
    outer loop
      vertex 6.6203 -1.31686 22
      vertex 4.02122 -0.79987 22
      vertex 6.52 -1.74703 22
    endloop
  endfacet
  facet normal 0 0 1
    outer loop
      vertex 3.5507 2.05 22
      vertex 5.84567 3.375 22
      vertex 5.61242 3.7501 22
    endloop
  endfacet
  facet normal -0 0 1
    outer loop
      vertex 3.9603 -1.06116 22
      vertex 6.52 -1.74703 22
      vertex 4.02122 -0.79987 22
    endloop
  endfacet
  facet normal 0 0 1
    outer loop
      vertex 3.40903 2.27784 22
      vertex 5.61242 3.7501 22
      vertex 5.35513 4.10914 22
    endloop
  endfacet
  facet normal 0 0 1
    outer loop
      vertex 6.52 -1.74703 22
      vertex 3.9603 -1.06116 22
      vertex 6.39178 -2.16972 22
    endloop
  endfacet
  facet normal 0 0 1
    outer loop
      vertex 3.25275 2.49592 22
      vertex 5.35513 4.10914 22
      vertex 5.07492 4.45058 22
    endloop
  endfacet
  facet normal -0 0 1
    outer loop
      vertex 3.88241 -1.3179 22
      vertex 6.39178 -2.16972 22
      vertex 3.9603 -1.06116 22
    endloop
  endfacet
  facet normal 0 0 1
    outer loop
      vertex 3.08254 2.70332 22
      vertex 5.07492 4.45058 22
      vertex 4.77297 4.77297 22
    endloop
  endfacet
  facet normal 0 0 1
    outer loop
      vertex 6.39178 -2.16972 22
      vertex 3.88241 -1.3179 22
      vertex 6.23619 -2.58311 22
    endloop
  endfacet
  facet normal 0 0 1
    outer loop
      vertex 2.89914 2.89914 22
      vertex 4.77297 4.77297 22
      vertex 4.45058 5.07492 22
    endloop
  endfacet
  facet normal -0 0 1
    outer loop
      vertex 3.78791 -1.569 22
      vertex 6.23619 -2.58311 22
      vertex 3.88241 -1.3179 22
    endloop
  endfacet
  facet normal 0 0 1
    outer loop
      vertex 2.70332 3.08254 22
      vertex 4.45058 5.07492 22
      vertex 4.10914 5.35513 22
    endloop
  endfacet
  facet normal 0 0 1
    outer loop
      vertex 6.23619 -2.58311 22
      vertex 3.78791 -1.569 22
      vertex 6.05389 -2.98545 22
    endloop
  endfacet
  facet normal -0 0 1
    outer loop
      vertex 3.67718 -1.81338 22
      vertex 6.05389 -2.98545 22
      vertex 3.78791 -1.569 22
    endloop
  endfacet
  facet normal 0 0 1
    outer loop
      vertex 6.73555 0.441471 22
      vertex 4.09122 0.268152 22
      vertex 4.1 0 22
    endloop
  endfacet
  facet normal 0 0 1
    outer loop
      vertex 6.69225 0.881051 22
      vertex 4.06492 0.535157 22
      vertex 4.09122 0.268152 22
    endloop
  endfacet
  facet normal 0 0 1
    outer loop
      vertex 6.6203 1.31686 22
      vertex 4.02122 0.79987 22
      vertex 4.06492 0.535157 22
    endloop
  endfacet
  facet normal 0 0 1
    outer loop
      vertex 6.52 1.74703 22
      vertex 3.9603 1.06116 22
      vertex 4.02122 0.79987 22
    endloop
  endfacet
  facet normal 0 0 1
    outer loop
      vertex 6.39178 2.16972 22
      vertex 3.88241 1.3179 22
      vertex 3.9603 1.06116 22
    endloop
  endfacet
  facet normal 0 0 1
    outer loop
      vertex 6.23619 2.58311 22
      vertex 3.78791 1.569 22
      vertex 3.88241 1.3179 22
    endloop
  endfacet
  facet normal 0 0 1
    outer loop
      vertex 2.49592 3.25275 22
      vertex 4.10914 5.35513 22
      vertex 3.7501 5.61242 22
    endloop
  endfacet
  facet normal 0 0 1
    outer loop
      vertex 6.05389 2.98545 22
      vertex 3.67718 1.81338 22
      vertex 3.78791 1.569 22
    endloop
  endfacet
  facet normal 0 0 1
    outer loop
      vertex 5.84567 3.375 22
      vertex 3.5507 2.05 22
      vertex 3.67718 1.81338 22
    endloop
  endfacet
  facet normal 0 0 1
    outer loop
      vertex 5.61242 3.7501 22
      vertex 3.40903 2.27784 22
      vertex 3.5507 2.05 22
    endloop
  endfacet
  facet normal 0 0 1
    outer loop
      vertex 2.27784 3.40903 22
      vertex 3.7501 5.61242 22
      vertex 3.375 5.84567 22
    endloop
  endfacet
  facet normal 0 0 1
    outer loop
      vertex 5.35513 4.10914 22
      vertex 3.25275 2.49592 22
      vertex 3.40903 2.27784 22
    endloop
  endfacet
  facet normal 0 0 1
    outer loop
      vertex 5.07492 4.45058 22
      vertex 3.08254 2.70332 22
      vertex 3.25275 2.49592 22
    endloop
  endfacet
  facet normal 0 0 1
    outer loop
      vertex 2.05 3.5507 22
      vertex 3.375 5.84567 22
      vertex 2.98545 6.05389 22
    endloop
  endfacet
  facet normal 0 0 1
    outer loop
      vertex 4.77297 4.77297 22
      vertex 2.89914 2.89914 22
      vertex 3.08254 2.70332 22
    endloop
  endfacet
  facet normal 0 0 1
    outer loop
      vertex 4.45058 5.07492 22
      vertex 2.70332 3.08254 22
      vertex 2.89914 2.89914 22
    endloop
  endfacet
  facet normal 0 0 1
    outer loop
      vertex 1.81338 3.67718 22
      vertex 2.98545 6.05389 22
      vertex 2.58311 6.23619 22
    endloop
  endfacet
  facet normal 0 0 1
    outer loop
      vertex 4.10914 5.35513 22
      vertex 2.49592 3.25275 22
      vertex 2.70332 3.08254 22
    endloop
  endfacet
  facet normal 0 0 1
    outer loop
      vertex 3.7501 5.61242 22
      vertex 2.27784 3.40903 22
      vertex 2.49592 3.25275 22
    endloop
  endfacet
  facet normal 0 0 1
    outer loop
      vertex 1.569 3.78791 22
      vertex 2.58311 6.23619 22
      vertex 2.16972 6.39178 22
    endloop
  endfacet
  facet normal 0 0 1
    outer loop
      vertex 3.375 5.84567 22
      vertex 2.05 3.5507 22
      vertex 2.27784 3.40903 22
    endloop
  endfacet
  facet normal 0 0 1
    outer loop
      vertex 2.98545 6.05389 22
      vertex 1.81338 3.67718 22
      vertex 2.05 3.5507 22
    endloop
  endfacet
  facet normal 0 0 1
    outer loop
      vertex 1.3179 3.88241 22
      vertex 2.16972 6.39178 22
      vertex 1.74703 6.52 22
    endloop
  endfacet
  facet normal 0 0 1
    outer loop
      vertex 2.58311 6.23619 22
      vertex 1.569 3.78791 22
      vertex 1.81338 3.67718 22
    endloop
  endfacet
  facet normal 0 0 1
    outer loop
      vertex 2.16972 6.39178 22
      vertex 1.3179 3.88241 22
      vertex 1.569 3.78791 22
    endloop
  endfacet
  facet normal 0 0 1
    outer loop
      vertex 1.06116 3.9603 22
      vertex 1.74703 6.52 22
      vertex 1.31686 6.6203 22
    endloop
  endfacet
  facet normal 0 0 1
    outer loop
      vertex 1.74703 6.52 22
      vertex 1.06116 3.9603 22
      vertex 1.3179 3.88241 22
    endloop
  endfacet
  facet normal 0 0 1
    outer loop
      vertex 0.79987 4.02122 22
      vertex 1.31686 6.6203 22
      vertex 0.881051 6.69225 22
    endloop
  endfacet
  facet normal 0 0 1
    outer loop
      vertex 1.31686 6.6203 22
      vertex 0.79987 4.02122 22
      vertex 1.06116 3.9603 22
    endloop
  endfacet
  facet normal 0 0 1
    outer loop
      vertex 0.881051 6.69225 22
      vertex 0.535157 4.06492 22
      vertex 0.79987 4.02122 22
    endloop
  endfacet
  facet normal 0 0 1
    outer loop
      vertex 0.441471 6.73555 22
      vertex 0.535157 4.06492 22
      vertex 0.881051 6.69225 22
    endloop
  endfacet
  facet normal 0 0 1
    outer loop
      vertex 0.441471 6.73555 22
      vertex 0.268152 4.09122 22
      vertex 0.535157 4.06492 22
    endloop
  endfacet
  facet normal 0 0 1
    outer loop
      vertex 0 6.75 22
      vertex 0.268152 4.09122 22
      vertex 0.441471 6.73555 22
    endloop
  endfacet
  facet normal 0 0 1
    outer loop
      vertex 0 6.75 22
      vertex 0 4.1 22
      vertex 0.268152 4.09122 22
    endloop
  endfacet
  facet normal 0 0 1
    outer loop
      vertex 0 6.75 22
      vertex -0.268152 4.09122 22
      vertex 0 4.1 22
    endloop
  endfacet
  facet normal -0 0 1
    outer loop
      vertex -0.441471 6.73555 22
      vertex -0.268152 4.09122 22
      vertex 0 6.75 22
    endloop
  endfacet
  facet normal 0 0 1
    outer loop
      vertex -0.441471 6.73555 22
      vertex -0.535157 4.06492 22
      vertex -0.268152 4.09122 22
    endloop
  endfacet
  facet normal -0 0 1
    outer loop
      vertex -0.881051 6.69225 22
      vertex -0.535157 4.06492 22
      vertex -0.441471 6.73555 22
    endloop
  endfacet
  facet normal 0 0 1
    outer loop
      vertex -0.535157 4.06492 22
      vertex -0.881051 6.69225 22
      vertex -0.79987 4.02122 22
    endloop
  endfacet
  facet normal -0 0 1
    outer loop
      vertex -1.31686 6.6203 22
      vertex -0.79987 4.02122 22
      vertex -0.881051 6.69225 22
    endloop
  endfacet
  facet normal 0 0 1
    outer loop
      vertex -0.79987 4.02122 22
      vertex -1.31686 6.6203 22
      vertex -1.06116 3.9603 22
    endloop
  endfacet
  facet normal -0 0 1
    outer loop
      vertex -1.74703 6.52 22
      vertex -1.06116 3.9603 22
      vertex -1.31686 6.6203 22
    endloop
  endfacet
  facet normal 0 0 1
    outer loop
      vertex -1.06116 3.9603 22
      vertex -1.74703 6.52 22
      vertex -1.3179 3.88241 22
    endloop
  endfacet
  facet normal -0 0 1
    outer loop
      vertex -2.16972 6.39178 22
      vertex -1.3179 3.88241 22
      vertex -1.74703 6.52 22
    endloop
  endfacet
  facet normal 0 0 1
    outer loop
      vertex -1.3179 3.88241 22
      vertex -2.16972 6.39178 22
      vertex -1.569 3.78791 22
    endloop
  endfacet
  facet normal -0 0 1
    outer loop
      vertex -2.58311 6.23619 22
      vertex -1.569 3.78791 22
      vertex -2.16972 6.39178 22
    endloop
  endfacet
  facet normal 0 0 1
    outer loop
      vertex -1.569 3.78791 22
      vertex -2.58311 6.23619 22
      vertex -1.81338 3.67718 22
    endloop
  endfacet
  facet normal -0 0 1
    outer loop
      vertex -2.98545 6.05389 22
      vertex -1.81338 3.67718 22
      vertex -2.58311 6.23619 22
    endloop
  endfacet
  facet normal 0 0 1
    outer loop
      vertex -1.81338 3.67718 22
      vertex -2.98545 6.05389 22
      vertex -2.05 3.5507 22
    endloop
  endfacet
  facet normal -0 0 1
    outer loop
      vertex -3.375 5.84567 22
      vertex -2.05 3.5507 22
      vertex -2.98545 6.05389 22
    endloop
  endfacet
  facet normal 0 0 1
    outer loop
      vertex -2.05 3.5507 22
      vertex -3.375 5.84567 22
      vertex -2.27784 3.40903 22
    endloop
  endfacet
  facet normal -0 0 1
    outer loop
      vertex -3.7501 5.61242 22
      vertex -2.27784 3.40903 22
      vertex -3.375 5.84567 22
    endloop
  endfacet
  facet normal 0 0 1
    outer loop
      vertex -2.27784 3.40903 22
      vertex -3.7501 5.61242 22
      vertex -2.49592 3.25275 22
    endloop
  endfacet
  facet normal -0 0 1
    outer loop
      vertex -4.10914 5.35513 22
      vertex -2.49592 3.25275 22
      vertex -3.7501 5.61242 22
    endloop
  endfacet
  facet normal 0 0 1
    outer loop
      vertex -2.49592 3.25275 22
      vertex -4.10914 5.35513 22
      vertex -2.70332 3.08254 22
    endloop
  endfacet
  facet normal -0 0 1
    outer loop
      vertex -4.45058 5.07492 22
      vertex -2.70332 3.08254 22
      vertex -4.10914 5.35513 22
    endloop
  endfacet
  facet normal 0 0 1
    outer loop
      vertex -2.70332 3.08254 22
      vertex -4.45058 5.07492 22
      vertex -2.89914 2.89914 22
    endloop
  endfacet
  facet normal -0 0 1
    outer loop
      vertex -4.77297 4.77297 22
      vertex -2.89914 2.89914 22
      vertex -4.45058 5.07492 22
    endloop
  endfacet
  facet normal 0 0 1
    outer loop
      vertex -2.89914 2.89914 22
      vertex -4.77297 4.77297 22
      vertex -3.08254 2.70332 22
    endloop
  endfacet
  facet normal -0 0 1
    outer loop
      vertex -5.07492 4.45058 22
      vertex -3.08254 2.70332 22
      vertex -4.77297 4.77297 22
    endloop
  endfacet
  facet normal 0 0 1
    outer loop
      vertex -3.08254 2.70332 22
      vertex -5.07492 4.45058 22
      vertex -3.25275 2.49592 22
    endloop
  endfacet
  facet normal -0 0 1
    outer loop
      vertex -5.35513 4.10914 22
      vertex -3.25275 2.49592 22
      vertex -5.07492 4.45058 22
    endloop
  endfacet
  facet normal 0 0 1
    outer loop
      vertex -3.25275 2.49592 22
      vertex -5.35513 4.10914 22
      vertex -3.40903 2.27784 22
    endloop
  endfacet
  facet normal -0 0 1
    outer loop
      vertex -5.61242 3.7501 22
      vertex -3.40903 2.27784 22
      vertex -5.35513 4.10914 22
    endloop
  endfacet
  facet normal 0 0 1
    outer loop
      vertex -3.40903 2.27784 22
      vertex -5.61242 3.7501 22
      vertex -3.5507 2.05 22
    endloop
  endfacet
  facet normal -0 0 1
    outer loop
      vertex -5.84567 3.375 22
      vertex -3.5507 2.05 22
      vertex -5.61242 3.7501 22
    endloop
  endfacet
  facet normal -0 0 1
    outer loop
      vertex -6.05389 2.98545 22
      vertex -3.67718 1.81338 22
      vertex -5.84567 3.375 22
    endloop
  endfacet
  facet normal 0 0 1
    outer loop
      vertex -3.5507 2.05 22
      vertex -5.84567 3.375 22
      vertex -3.67718 1.81338 22
    endloop
  endfacet
  facet normal 0 0 1
    outer loop
      vertex 6.05389 -2.98545 22
      vertex 3.67718 -1.81338 22
      vertex 5.84567 -3.375 22
    endloop
  endfacet
  facet normal -0 0 1
    outer loop
      vertex 3.5507 -2.05 22
      vertex 5.84567 -3.375 22
      vertex 3.67718 -1.81338 22
    endloop
  endfacet
  facet normal 0 0 1
    outer loop
      vertex 5.84567 -3.375 22
      vertex 3.5507 -2.05 22
      vertex 5.61242 -3.7501 22
    endloop
  endfacet
  facet normal -0 0 1
    outer loop
      vertex 3.40903 -2.27784 22
      vertex 5.61242 -3.7501 22
      vertex 3.5507 -2.05 22
    endloop
  endfacet
  facet normal 0 0 1
    outer loop
      vertex 5.61242 -3.7501 22
      vertex 3.40903 -2.27784 22
      vertex 5.35513 -4.10914 22
    endloop
  endfacet
  facet normal -0 0 1
    outer loop
      vertex 3.25275 -2.49592 22
      vertex 5.35513 -4.10914 22
      vertex 3.40903 -2.27784 22
    endloop
  endfacet
  facet normal 0 0 1
    outer loop
      vertex 5.35513 -4.10914 22
      vertex 3.25275 -2.49592 22
      vertex 5.07492 -4.45058 22
    endloop
  endfacet
  facet normal -0 0 1
    outer loop
      vertex 3.08254 -2.70332 22
      vertex 5.07492 -4.45058 22
      vertex 3.25275 -2.49592 22
    endloop
  endfacet
  facet normal 0 0 1
    outer loop
      vertex 5.07492 -4.45058 22
      vertex 3.08254 -2.70332 22
      vertex 4.77297 -4.77297 22
    endloop
  endfacet
  facet normal -0 0 1
    outer loop
      vertex 2.89914 -2.89914 22
      vertex 4.77297 -4.77297 22
      vertex 3.08254 -2.70332 22
    endloop
  endfacet
  facet normal 0 0 1
    outer loop
      vertex 4.77297 -4.77297 22
      vertex 2.89914 -2.89914 22
      vertex 4.45058 -5.07492 22
    endloop
  endfacet
  facet normal -0 0 1
    outer loop
      vertex 2.70332 -3.08254 22
      vertex 4.45058 -5.07492 22
      vertex 2.89914 -2.89914 22
    endloop
  endfacet
  facet normal 0 0 1
    outer loop
      vertex 4.45058 -5.07492 22
      vertex 2.70332 -3.08254 22
      vertex 4.10914 -5.35513 22
    endloop
  endfacet
  facet normal -0 0 1
    outer loop
      vertex 2.49592 -3.25275 22
      vertex 4.10914 -5.35513 22
      vertex 2.70332 -3.08254 22
    endloop
  endfacet
  facet normal 0 0 1
    outer loop
      vertex 4.10914 -5.35513 22
      vertex 2.49592 -3.25275 22
      vertex 3.7501 -5.61242 22
    endloop
  endfacet
  facet normal -0 0 1
    outer loop
      vertex 2.27784 -3.40903 22
      vertex 3.7501 -5.61242 22
      vertex 2.49592 -3.25275 22
    endloop
  endfacet
  facet normal 0 0 1
    outer loop
      vertex 3.7501 -5.61242 22
      vertex 2.27784 -3.40903 22
      vertex 3.375 -5.84567 22
    endloop
  endfacet
  facet normal -0 0 1
    outer loop
      vertex 2.05 -3.5507 22
      vertex 3.375 -5.84567 22
      vertex 2.27784 -3.40903 22
    endloop
  endfacet
  facet normal 0 0 1
    outer loop
      vertex 3.375 -5.84567 22
      vertex 2.05 -3.5507 22
      vertex 2.98545 -6.05389 22
    endloop
  endfacet
  facet normal -0 0 1
    outer loop
      vertex 1.81338 -3.67718 22
      vertex 2.98545 -6.05389 22
      vertex 2.05 -3.5507 22
    endloop
  endfacet
  facet normal 0 0 1
    outer loop
      vertex 2.98545 -6.05389 22
      vertex 1.81338 -3.67718 22
      vertex 2.58311 -6.23619 22
    endloop
  endfacet
  facet normal -0 0 1
    outer loop
      vertex 1.569 -3.78791 22
      vertex 2.58311 -6.23619 22
      vertex 1.81338 -3.67718 22
    endloop
  endfacet
  facet normal 0 0 1
    outer loop
      vertex 2.58311 -6.23619 22
      vertex 1.569 -3.78791 22
      vertex 2.16972 -6.39178 22
    endloop
  endfacet
  facet normal -0 0 1
    outer loop
      vertex 1.3179 -3.88241 22
      vertex 2.16972 -6.39178 22
      vertex 1.569 -3.78791 22
    endloop
  endfacet
  facet normal 0 0 1
    outer loop
      vertex 2.16972 -6.39178 22
      vertex 1.3179 -3.88241 22
      vertex 1.74703 -6.52 22
    endloop
  endfacet
  facet normal -0 0 1
    outer loop
      vertex 1.06116 -3.9603 22
      vertex 1.74703 -6.52 22
      vertex 1.3179 -3.88241 22
    endloop
  endfacet
  facet normal 0 0 1
    outer loop
      vertex 1.74703 -6.52 22
      vertex 1.06116 -3.9603 22
      vertex 1.31686 -6.6203 22
    endloop
  endfacet
  facet normal -0 0 1
    outer loop
      vertex 0.79987 -4.02122 22
      vertex 1.31686 -6.6203 22
      vertex 1.06116 -3.9603 22
    endloop
  endfacet
  facet normal 0 0 1
    outer loop
      vertex 1.31686 -6.6203 22
      vertex 0.79987 -4.02122 22
      vertex 0.881051 -6.69225 22
    endloop
  endfacet
  facet normal -0 0 1
    outer loop
      vertex 0.535157 -4.06492 22
      vertex 0.881051 -6.69225 22
      vertex 0.79987 -4.02122 22
    endloop
  endfacet
  facet normal 0 0 1
    outer loop
      vertex 0.535157 -4.06492 22
      vertex 0.441471 -6.73555 22
      vertex 0.881051 -6.69225 22
    endloop
  endfacet
  facet normal -0 0 1
    outer loop
      vertex 0.268152 -4.09122 22
      vertex 0.441471 -6.73555 22
      vertex 0.535157 -4.06492 22
    endloop
  endfacet
  facet normal -0 0 1
    outer loop
      vertex 0 -4.1 22
      vertex 0.441471 -6.73555 22
      vertex 0.268152 -4.09122 22
    endloop
  endfacet
  facet normal 0 0 1
    outer loop
      vertex 0 -4.1 22
      vertex 0 -6.75 22
      vertex 0.441471 -6.73555 22
    endloop
  endfacet
  facet normal 0 0 1
    outer loop
      vertex -0.268152 -4.09122 22
      vertex 0 -6.75 22
      vertex 0 -4.1 22
    endloop
  endfacet
  facet normal 0 0 1
    outer loop
      vertex -0.268152 -4.09122 22
      vertex -0.441471 -6.73555 22
      vertex 0 -6.75 22
    endloop
  endfacet
  facet normal 0 0 1
    outer loop
      vertex -0.535157 -4.06492 22
      vertex -0.441471 -6.73555 22
      vertex -0.268152 -4.09122 22
    endloop
  endfacet
  facet normal 0 0 1
    outer loop
      vertex -0.881051 -6.69225 22
      vertex -0.535157 -4.06492 22
      vertex -0.79987 -4.02122 22
    endloop
  endfacet
  facet normal 0 0 1
    outer loop
      vertex -0.535157 -4.06492 22
      vertex -0.881051 -6.69225 22
      vertex -0.441471 -6.73555 22
    endloop
  endfacet
  facet normal 0 0 1
    outer loop
      vertex -1.31686 -6.6203 22
      vertex -0.79987 -4.02122 22
      vertex -1.06116 -3.9603 22
    endloop
  endfacet
  facet normal 0 0 1
    outer loop
      vertex -0.79987 -4.02122 22
      vertex -1.31686 -6.6203 22
      vertex -0.881051 -6.69225 22
    endloop
  endfacet
  facet normal 0 0 1
    outer loop
      vertex -1.74703 -6.52 22
      vertex -1.06116 -3.9603 22
      vertex -1.3179 -3.88241 22
    endloop
  endfacet
  facet normal 0 0 1
    outer loop
      vertex -2.16972 -6.39178 22
      vertex -1.3179 -3.88241 22
      vertex -1.569 -3.78791 22
    endloop
  endfacet
  facet normal 0 0 1
    outer loop
      vertex -1.06116 -3.9603 22
      vertex -1.74703 -6.52 22
      vertex -1.31686 -6.6203 22
    endloop
  endfacet
  facet normal 0 0 1
    outer loop
      vertex -2.58311 -6.23619 22
      vertex -1.569 -3.78791 22
      vertex -1.81338 -3.67718 22
    endloop
  endfacet
  facet normal 0 0 1
    outer loop
      vertex -2.98545 -6.05389 22
      vertex -1.81338 -3.67718 22
      vertex -2.05 -3.5507 22
    endloop
  endfacet
  facet normal 0 0 1
    outer loop
      vertex -1.3179 -3.88241 22
      vertex -2.16972 -6.39178 22
      vertex -1.74703 -6.52 22
    endloop
  endfacet
  facet normal 0 0 1
    outer loop
      vertex -3.375 -5.84567 22
      vertex -2.05 -3.5507 22
      vertex -2.27784 -3.40903 22
    endloop
  endfacet
  facet normal 0 0 1
    outer loop
      vertex -3.7501 -5.61242 22
      vertex -2.27784 -3.40903 22
      vertex -2.49592 -3.25275 22
    endloop
  endfacet
  facet normal 0 0 1
    outer loop
      vertex -1.569 -3.78791 22
      vertex -2.58311 -6.23619 22
      vertex -2.16972 -6.39178 22
    endloop
  endfacet
  facet normal 0 0 1
    outer loop
      vertex -4.10914 -5.35513 22
      vertex -2.49592 -3.25275 22
      vertex -2.70332 -3.08254 22
    endloop
  endfacet
  facet normal 0 0 1
    outer loop
      vertex -4.45058 -5.07492 22
      vertex -2.70332 -3.08254 22
      vertex -2.89914 -2.89914 22
    endloop
  endfacet
  facet normal 0 0 1
    outer loop
      vertex -1.81338 -3.67718 22
      vertex -2.98545 -6.05389 22
      vertex -2.58311 -6.23619 22
    endloop
  endfacet
  facet normal 0 0 1
    outer loop
      vertex -4.77297 -4.77297 22
      vertex -2.89914 -2.89914 22
      vertex -3.08254 -2.70332 22
    endloop
  endfacet
  facet normal 0 0 1
    outer loop
      vertex -5.07492 -4.45058 22
      vertex -3.08254 -2.70332 22
      vertex -3.25275 -2.49592 22
    endloop
  endfacet
  facet normal 0 0 1
    outer loop
      vertex -2.05 -3.5507 22
      vertex -3.375 -5.84567 22
      vertex -2.98545 -6.05389 22
    endloop
  endfacet
  facet normal 0 0 1
    outer loop
      vertex -5.35513 -4.10914 22
      vertex -3.25275 -2.49592 22
      vertex -3.40903 -2.27784 22
    endloop
  endfacet
  facet normal 0 0 1
    outer loop
      vertex -5.61242 -3.7501 22
      vertex -3.40903 -2.27784 22
      vertex -3.5507 -2.05 22
    endloop
  endfacet
  facet normal 0 0 1
    outer loop
      vertex -5.84567 -3.375 22
      vertex -3.5507 -2.05 22
      vertex -3.67718 -1.81338 22
    endloop
  endfacet
  facet normal 0 0 1
    outer loop
      vertex -2.27784 -3.40903 22
      vertex -3.7501 -5.61242 22
      vertex -3.375 -5.84567 22
    endloop
  endfacet
  facet normal 0 0 1
    outer loop
      vertex -6.05389 -2.98545 22
      vertex -3.67718 -1.81338 22
      vertex -3.78791 -1.569 22
    endloop
  endfacet
  facet normal 0 0 1
    outer loop
      vertex -6.23619 -2.58311 22
      vertex -3.78791 -1.569 22
      vertex -3.88241 -1.3179 22
    endloop
  endfacet
  facet normal 0 0 1
    outer loop
      vertex -6.39178 -2.16972 22
      vertex -3.88241 -1.3179 22
      vertex -3.9603 -1.06116 22
    endloop
  endfacet
  facet normal 0 0 1
    outer loop
      vertex -6.52 -1.74703 22
      vertex -3.9603 -1.06116 22
      vertex -4.02122 -0.79987 22
    endloop
  endfacet
  facet normal 0 0 1
    outer loop
      vertex -6.6203 -1.31686 22
      vertex -4.02122 -0.79987 22
      vertex -4.06492 -0.535157 22
    endloop
  endfacet
  facet normal 0 0 1
    outer loop
      vertex -6.69225 -0.881051 22
      vertex -4.06492 -0.535157 22
      vertex -4.09122 -0.268152 22
    endloop
  endfacet
  facet normal 0 0 1
    outer loop
      vertex -2.49592 -3.25275 22
      vertex -4.10914 -5.35513 22
      vertex -3.7501 -5.61242 22
    endloop
  endfacet
  facet normal 0 0 1
    outer loop
      vertex -6.73555 -0.441471 22
      vertex -4.09122 -0.268152 22
      vertex -4.1 0 22
    endloop
  endfacet
  facet normal 0 0 1
    outer loop
      vertex -3.67718 1.81338 22
      vertex -6.05389 2.98545 22
      vertex -3.78791 1.569 22
    endloop
  endfacet
  facet normal -0 0 1
    outer loop
      vertex -6.23619 2.58311 22
      vertex -3.78791 1.569 22
      vertex -6.05389 2.98545 22
    endloop
  endfacet
  facet normal 0 0 1
    outer loop
      vertex -2.70332 -3.08254 22
      vertex -4.45058 -5.07492 22
      vertex -4.10914 -5.35513 22
    endloop
  endfacet
  facet normal 0 0 1
    outer loop
      vertex -3.78791 1.569 22
      vertex -6.23619 2.58311 22
      vertex -3.88241 1.3179 22
    endloop
  endfacet
  facet normal 0 0 1
    outer loop
      vertex -2.89914 -2.89914 22
      vertex -4.77297 -4.77297 22
      vertex -4.45058 -5.07492 22
    endloop
  endfacet
  facet normal -0 0 1
    outer loop
      vertex -6.39178 2.16972 22
      vertex -3.88241 1.3179 22
      vertex -6.23619 2.58311 22
    endloop
  endfacet
  facet normal 0 0 1
    outer loop
      vertex -3.08254 -2.70332 22
      vertex -5.07492 -4.45058 22
      vertex -4.77297 -4.77297 22
    endloop
  endfacet
  facet normal 0 0 1
    outer loop
      vertex -3.88241 1.3179 22
      vertex -6.39178 2.16972 22
      vertex -3.9603 1.06116 22
    endloop
  endfacet
  facet normal 0 0 1
    outer loop
      vertex -3.25275 -2.49592 22
      vertex -5.35513 -4.10914 22
      vertex -5.07492 -4.45058 22
    endloop
  endfacet
  facet normal -0 0 1
    outer loop
      vertex -6.52 1.74703 22
      vertex -3.9603 1.06116 22
      vertex -6.39178 2.16972 22
    endloop
  endfacet
  facet normal 0 0 1
    outer loop
      vertex -3.40903 -2.27784 22
      vertex -5.61242 -3.7501 22
      vertex -5.35513 -4.10914 22
    endloop
  endfacet
  facet normal 0 0 1
    outer loop
      vertex -3.9603 1.06116 22
      vertex -6.52 1.74703 22
      vertex -4.02122 0.79987 22
    endloop
  endfacet
  facet normal 0 0 1
    outer loop
      vertex -3.5507 -2.05 22
      vertex -5.84567 -3.375 22
      vertex -5.61242 -3.7501 22
    endloop
  endfacet
  facet normal -0 0 1
    outer loop
      vertex -6.6203 1.31686 22
      vertex -4.02122 0.79987 22
      vertex -6.52 1.74703 22
    endloop
  endfacet
  facet normal 0 0 1
    outer loop
      vertex -3.67718 -1.81338 22
      vertex -6.05389 -2.98545 22
      vertex -5.84567 -3.375 22
    endloop
  endfacet
  facet normal 0 0 1
    outer loop
      vertex -4.02122 0.79987 22
      vertex -6.6203 1.31686 22
      vertex -4.06492 0.535157 22
    endloop
  endfacet
  facet normal 0 0 1
    outer loop
      vertex -3.78791 -1.569 22
      vertex -6.23619 -2.58311 22
      vertex -6.05389 -2.98545 22
    endloop
  endfacet
  facet normal -0 0 1
    outer loop
      vertex -6.69225 0.881051 22
      vertex -4.06492 0.535157 22
      vertex -6.6203 1.31686 22
    endloop
  endfacet
  facet normal 0 0 1
    outer loop
      vertex -3.88241 -1.3179 22
      vertex -6.39178 -2.16972 22
      vertex -6.23619 -2.58311 22
    endloop
  endfacet
  facet normal 0 0 1
    outer loop
      vertex -4.06492 0.535157 22
      vertex -6.69225 0.881051 22
      vertex -4.09122 0.268152 22
    endloop
  endfacet
  facet normal 0 0 1
    outer loop
      vertex -3.9603 -1.06116 22
      vertex -6.52 -1.74703 22
      vertex -6.39178 -2.16972 22
    endloop
  endfacet
  facet normal -0 0 1
    outer loop
      vertex -6.73555 0.441471 22
      vertex -4.09122 0.268152 22
      vertex -6.69225 0.881051 22
    endloop
  endfacet
  facet normal 0 0 1
    outer loop
      vertex -4.02122 -0.79987 22
      vertex -6.6203 -1.31686 22
      vertex -6.52 -1.74703 22
    endloop
  endfacet
  facet normal 0 0 1
    outer loop
      vertex -4.09122 0.268152 22
      vertex -6.73555 0.441471 22
      vertex -4.1 0 22
    endloop
  endfacet
  facet normal 0 0 1
    outer loop
      vertex -4.06492 -0.535157 22
      vertex -6.69225 -0.881051 22
      vertex -6.6203 -1.31686 22
    endloop
  endfacet
  facet normal 0 0 1
    outer loop
      vertex -6.75 0 22
      vertex -4.1 0 22
      vertex -6.73555 0.441471 22
    endloop
  endfacet
  facet normal 0 0 1
    outer loop
      vertex -4.09122 -0.268152 22
      vertex -6.73555 -0.441471 22
      vertex -6.69225 -0.881051 22
    endloop
  endfacet
  facet normal 0 0 1
    outer loop
      vertex -4.1 0 22
      vertex -6.75 0 22
      vertex -6.73555 -0.441471 22
    endloop
  endfacet
  facet normal -0.528064 -0.849204 0
    outer loop
      vertex 3.375 5.84567 22
      vertex 3.7501 5.61242 24
      vertex 3.375 5.84567 24
    endloop
  endfacet
  facet normal -0.528064 -0.849204 -0
    outer loop
      vertex 3.7501 5.61242 24
      vertex 3.375 5.84567 22
      vertex 3.7501 5.61242 22
    endloop
  endfacet
  facet normal -0.290281 0.956941 0
    outer loop
      vertex 2.16972 -6.39178 22
      vertex 1.74703 -6.52 24
      vertex 2.16972 -6.39178 24
    endloop
  endfacet
  facet normal -0.290281 0.956941 0
    outer loop
      vertex 1.74703 -6.52 24
      vertex 2.16972 -6.39178 22
      vertex 1.74703 -6.52 22
    endloop
  endfacet
  facet normal 0.16289 -0.986644 0
    outer loop
      vertex -1.31686 6.6203 22
      vertex -0.881051 6.69225 24
      vertex -1.31686 6.6203 24
    endloop
  endfacet
  facet normal 0.16289 -0.986644 0
    outer loop
      vertex -0.881051 6.69225 24
      vertex -1.31686 6.6203 22
      vertex -0.881051 6.69225 22
    endloop
  endfacet
  facet normal -0.995184 0.0980287 0
    outer loop
      vertex 6.69225 -0.881051 22
      vertex 6.73555 -0.441471 24
      vertex 6.73555 -0.441471 22
    endloop
  endfacet
  facet normal -0.995184 0.0980287 0
    outer loop
      vertex 6.73555 -0.441471 24
      vertex 6.69225 -0.881051 22
      vertex 6.69225 -0.881051 24
    endloop
  endfacet
  facet normal -0.773013 -0.63439 0
    outer loop
      vertex 5.35513 4.10914 22
      vertex 5.07492 4.45058 24
      vertex 5.07492 4.45058 22
    endloop
  endfacet
  facet normal -0.773013 -0.63439 0
    outer loop
      vertex 5.07492 4.45058 24
      vertex 5.35513 4.10914 22
      vertex 5.35513 4.10914 24
    endloop
  endfacet
  facet normal 0.986644 -0.16289 0
    outer loop
      vertex -6.69225 0.881051 24
      vertex -6.6203 1.31686 22
      vertex -6.6203 1.31686 24
    endloop
  endfacet
  facet normal 0.986644 -0.16289 0
    outer loop
      vertex -6.6203 1.31686 22
      vertex -6.69225 0.881051 24
      vertex -6.69225 0.881051 22
    endloop
  endfacet
  facet normal 0.528064 -0.849204 0
    outer loop
      vertex -3.7501 5.61242 22
      vertex -3.375 5.84567 24
      vertex -3.7501 5.61242 24
    endloop
  endfacet
  facet normal 0.528064 -0.849204 0
    outer loop
      vertex -3.375 5.84567 24
      vertex -3.7501 5.61242 22
      vertex -3.375 5.84567 22
    endloop
  endfacet
  facet normal -0.16289 -0.986644 0
    outer loop
      vertex 0.881051 6.69225 22
      vertex 1.31686 6.6203 24
      vertex 0.881051 6.69225 24
    endloop
  endfacet
  facet normal -0.16289 -0.986644 -0
    outer loop
      vertex 1.31686 6.6203 24
      vertex 0.881051 6.69225 22
      vertex 1.31686 6.6203 22
    endloop
  endfacet
  facet normal 0.290281 -0.956941 0
    outer loop
      vertex -2.16972 6.39178 22
      vertex -1.74703 6.52 24
      vertex -2.16972 6.39178 24
    endloop
  endfacet
  facet normal 0.290281 -0.956941 0
    outer loop
      vertex -1.74703 6.52 24
      vertex -2.16972 6.39178 22
      vertex -1.74703 6.52 22
    endloop
  endfacet
  facet normal -0.935905 -0.352252 0
    outer loop
      vertex 6.39178 2.16972 22
      vertex 6.23619 2.58311 24
      vertex 6.23619 2.58311 22
    endloop
  endfacet
  facet normal -0.935905 -0.352252 0
    outer loop
      vertex 6.23619 2.58311 24
      vertex 6.39178 2.16972 22
      vertex 6.39178 2.16972 24
    endloop
  endfacet
  facet normal -0.849204 -0.528064 0
    outer loop
      vertex 5.84567 3.375 22
      vertex 5.61242 3.7501 24
      vertex 5.61242 3.7501 22
    endloop
  endfacet
  facet normal -0.849204 -0.528064 0
    outer loop
      vertex 5.61242 3.7501 24
      vertex 5.84567 3.375 22
      vertex 5.84567 3.375 24
    endloop
  endfacet
  facet normal -0.88192 0.471399 0
    outer loop
      vertex 5.84567 -3.375 22
      vertex 6.05389 -2.98545 24
      vertex 6.05389 -2.98545 22
    endloop
  endfacet
  facet normal -0.88192 0.471399 0
    outer loop
      vertex 6.05389 -2.98545 24
      vertex 5.84567 -3.375 22
      vertex 5.84567 -3.375 24
    endloop
  endfacet
  facet normal -0.63439 0.773013 0
    outer loop
      vertex 4.45058 -5.07492 22
      vertex 4.10914 -5.35513 24
      vertex 4.45058 -5.07492 24
    endloop
  endfacet
  facet normal -0.63439 0.773013 0
    outer loop
      vertex 4.10914 -5.35513 24
      vertex 4.45058 -5.07492 22
      vertex 4.10914 -5.35513 22
    endloop
  endfacet
  facet normal 0.352252 0.935905 -0
    outer loop
      vertex -2.16972 -6.39178 22
      vertex -2.58311 -6.23619 24
      vertex -2.16972 -6.39178 24
    endloop
  endfacet
  facet normal 0.352252 0.935905 0
    outer loop
      vertex -2.58311 -6.23619 24
      vertex -2.16972 -6.39178 22
      vertex -2.58311 -6.23619 22
    endloop
  endfacet
  facet normal -0.582486 0.812841 0
    outer loop
      vertex 4.10914 -5.35513 22
      vertex 3.7501 -5.61242 24
      vertex 4.10914 -5.35513 24
    endloop
  endfacet
  facet normal -0.582486 0.812841 0
    outer loop
      vertex 3.7501 -5.61242 24
      vertex 4.10914 -5.35513 22
      vertex 3.7501 -5.61242 22
    endloop
  endfacet
  facet normal -0.729865 0.683591 0
    outer loop
      vertex 4.77297 -4.77297 22
      vertex 5.07492 -4.45058 24
      vertex 5.07492 -4.45058 22
    endloop
  endfacet
  facet normal -0.729865 0.683591 0
    outer loop
      vertex 5.07492 -4.45058 24
      vertex 4.77297 -4.77297 22
      vertex 4.77297 -4.77297 24
    endloop
  endfacet
  facet normal -0.352252 -0.935905 0
    outer loop
      vertex 2.16972 6.39178 22
      vertex 2.58311 6.23619 24
      vertex 2.16972 6.39178 24
    endloop
  endfacet
  facet normal -0.352252 -0.935905 -0
    outer loop
      vertex 2.58311 6.23619 24
      vertex 2.16972 6.39178 22
      vertex 2.58311 6.23619 22
    endloop
  endfacet
  facet normal 0.528064 0.849204 -0
    outer loop
      vertex -3.375 -5.84567 22
      vertex -3.7501 -5.61242 24
      vertex -3.375 -5.84567 24
    endloop
  endfacet
  facet normal 0.528064 0.849204 0
    outer loop
      vertex -3.7501 -5.61242 24
      vertex -3.375 -5.84567 22
      vertex -3.7501 -5.61242 22
    endloop
  endfacet
  facet normal 0.88192 0.471399 0
    outer loop
      vertex -5.84567 -3.375 24
      vertex -6.05389 -2.98545 22
      vertex -6.05389 -2.98545 24
    endloop
  endfacet
  facet normal 0.88192 0.471399 0
    outer loop
      vertex -6.05389 -2.98545 22
      vertex -5.84567 -3.375 24
      vertex -5.84567 -3.375 22
    endloop
  endfacet
  facet normal 0.16289 0.986644 -0
    outer loop
      vertex -0.881051 -6.69225 22
      vertex -1.31686 -6.6203 24
      vertex -0.881051 -6.69225 24
    endloop
  endfacet
  facet normal 0.16289 0.986644 0
    outer loop
      vertex -1.31686 -6.6203 24
      vertex -0.881051 -6.69225 22
      vertex -1.31686 -6.6203 22
    endloop
  endfacet
  facet normal 0.935905 0.352252 0
    outer loop
      vertex -6.23619 -2.58311 24
      vertex -6.39178 -2.16972 22
      vertex -6.39178 -2.16972 24
    endloop
  endfacet
  facet normal 0.935905 0.352252 0
    outer loop
      vertex -6.39178 -2.16972 22
      vertex -6.23619 -2.58311 24
      vertex -6.23619 -2.58311 22
    endloop
  endfacet
  facet normal -0.032714 0.999465 0
    outer loop
      vertex 0.441471 -6.73555 22
      vertex 0 -6.75 24
      vertex 0.441471 -6.73555 24
    endloop
  endfacet
  facet normal -0.032714 0.999465 0
    outer loop
      vertex 0 -6.75 24
      vertex 0.441471 -6.73555 22
      vertex 0 -6.75 22
    endloop
  endfacet
  facet normal -0.352252 0.935905 0
    outer loop
      vertex 2.58311 -6.23619 22
      vertex 2.16972 -6.39178 24
      vertex 2.58311 -6.23619 24
    endloop
  endfacet
  facet normal -0.352252 0.935905 0
    outer loop
      vertex 2.16972 -6.39178 24
      vertex 2.58311 -6.23619 22
      vertex 2.16972 -6.39178 22
    endloop
  endfacet
  facet normal -0.973878 0.227073 0
    outer loop
      vertex 6.52 -1.74703 22
      vertex 6.6203 -1.31686 24
      vertex 6.6203 -1.31686 22
    endloop
  endfacet
  facet normal -0.973878 0.227073 0
    outer loop
      vertex 6.6203 -1.31686 24
      vertex 6.52 -1.74703 22
      vertex 6.52 -1.74703 24
    endloop
  endfacet
  facet normal 0.683591 0.729865 -0
    outer loop
      vertex -4.45058 -5.07492 22
      vertex -4.77297 -4.77297 24
      vertex -4.45058 -5.07492 24
    endloop
  endfacet
  facet normal 0.683591 0.729865 0
    outer loop
      vertex -4.77297 -4.77297 24
      vertex -4.45058 -5.07492 22
      vertex -4.77297 -4.77297 22
    endloop
  endfacet
  facet normal 0.973878 0.227073 0
    outer loop
      vertex -6.52 -1.74703 24
      vertex -6.6203 -1.31686 22
      vertex -6.6203 -1.31686 24
    endloop
  endfacet
  facet normal 0.973878 0.227073 0
    outer loop
      vertex -6.6203 -1.31686 22
      vertex -6.52 -1.74703 24
      vertex -6.52 -1.74703 22
    endloop
  endfacet
  facet normal 0.63439 -0.773013 0
    outer loop
      vertex -4.45058 5.07492 22
      vertex -4.10914 5.35513 24
      vertex -4.45058 5.07492 24
    endloop
  endfacet
  facet normal 0.63439 -0.773013 0
    outer loop
      vertex -4.10914 5.35513 24
      vertex -4.45058 5.07492 22
      vertex -4.10914 5.35513 22
    endloop
  endfacet
  facet normal -0.290281 -0.956941 0
    outer loop
      vertex 1.74703 6.52 22
      vertex 2.16972 6.39178 24
      vertex 1.74703 6.52 24
    endloop
  endfacet
  facet normal -0.290281 -0.956941 -0
    outer loop
      vertex 2.16972 6.39178 24
      vertex 1.74703 6.52 22
      vertex 2.16972 6.39178 22
    endloop
  endfacet
  facet normal -0.956941 -0.290281 0
    outer loop
      vertex 6.52 1.74703 22
      vertex 6.39178 2.16972 24
      vertex 6.39178 2.16972 22
    endloop
  endfacet
  facet normal -0.956941 -0.290281 0
    outer loop
      vertex 6.39178 2.16972 24
      vertex 6.52 1.74703 22
      vertex 6.52 1.74703 24
    endloop
  endfacet
  facet normal -0.88192 -0.471399 0
    outer loop
      vertex 6.05389 2.98545 22
      vertex 5.84567 3.375 24
      vertex 5.84567 3.375 22
    endloop
  endfacet
  facet normal -0.88192 -0.471399 0
    outer loop
      vertex 5.84567 3.375 24
      vertex 6.05389 2.98545 22
      vertex 6.05389 2.98545 24
    endloop
  endfacet
  facet normal 0.849204 0.528064 0
    outer loop
      vertex -5.61242 -3.7501 24
      vertex -5.84567 -3.375 22
      vertex -5.84567 -3.375 24
    endloop
  endfacet
  facet normal 0.849204 0.528064 0
    outer loop
      vertex -5.84567 -3.375 22
      vertex -5.61242 -3.7501 24
      vertex -5.61242 -3.7501 22
    endloop
  endfacet
  facet normal 0.0980287 0.995184 -0
    outer loop
      vertex -0.441471 -6.73555 22
      vertex -0.881051 -6.69225 24
      vertex -0.441471 -6.73555 24
    endloop
  endfacet
  facet normal 0.0980287 0.995184 0
    outer loop
      vertex -0.881051 -6.69225 24
      vertex -0.441471 -6.73555 22
      vertex -0.881051 -6.69225 22
    endloop
  endfacet
  facet normal -0.227073 -0.973878 0
    outer loop
      vertex 1.31686 6.6203 22
      vertex 1.74703 6.52 24
      vertex 1.31686 6.6203 24
    endloop
  endfacet
  facet normal -0.227073 -0.973878 -0
    outer loop
      vertex 1.74703 6.52 24
      vertex 1.31686 6.6203 22
      vertex 1.74703 6.52 22
    endloop
  endfacet
  facet normal 0.290281 0.956941 -0
    outer loop
      vertex -1.74703 -6.52 22
      vertex -2.16972 -6.39178 24
      vertex -1.74703 -6.52 24
    endloop
  endfacet
  facet normal 0.290281 0.956941 0
    outer loop
      vertex -2.16972 -6.39178 24
      vertex -1.74703 -6.52 22
      vertex -2.16972 -6.39178 22
    endloop
  endfacet
  facet normal 0.412711 -0.910862 0
    outer loop
      vertex -2.98545 6.05389 22
      vertex -2.58311 6.23619 24
      vertex -2.98545 6.05389 24
    endloop
  endfacet
  facet normal 0.412711 -0.910862 0
    outer loop
      vertex -2.58311 6.23619 24
      vertex -2.98545 6.05389 22
      vertex -2.58311 6.23619 22
    endloop
  endfacet
  facet normal 0.729865 0.683591 0
    outer loop
      vertex -4.77297 -4.77297 24
      vertex -5.07492 -4.45058 22
      vertex -5.07492 -4.45058 24
    endloop
  endfacet
  facet normal 0.729865 0.683591 0
    outer loop
      vertex -5.07492 -4.45058 22
      vertex -4.77297 -4.77297 24
      vertex -4.77297 -4.77297 22
    endloop
  endfacet
  facet normal 0.956941 0.290281 0
    outer loop
      vertex -6.39178 -2.16972 24
      vertex -6.52 -1.74703 22
      vertex -6.52 -1.74703 24
    endloop
  endfacet
  facet normal 0.956941 0.290281 0
    outer loop
      vertex -6.52 -1.74703 22
      vertex -6.39178 -2.16972 24
      vertex -6.39178 -2.16972 22
    endloop
  endfacet
  facet normal -0.032714 -0.999465 0
    outer loop
      vertex 0 6.75 22
      vertex 0.441471 6.73555 24
      vertex 0 6.75 24
    endloop
  endfacet
  facet normal -0.032714 -0.999465 -0
    outer loop
      vertex 0.441471 6.73555 24
      vertex 0 6.75 22
      vertex 0.441471 6.73555 22
    endloop
  endfacet
  facet normal 0.227073 0.973878 -0
    outer loop
      vertex -1.31686 -6.6203 22
      vertex -1.74703 -6.52 24
      vertex -1.31686 -6.6203 24
    endloop
  endfacet
  facet normal 0.227073 0.973878 0
    outer loop
      vertex -1.74703 -6.52 24
      vertex -1.31686 -6.6203 22
      vertex -1.74703 -6.52 22
    endloop
  endfacet
  facet normal -0.0980287 -0.995184 0
    outer loop
      vertex 0.441471 6.73555 22
      vertex 0.881051 6.69225 24
      vertex 0.441471 6.73555 24
    endloop
  endfacet
  facet normal -0.0980287 -0.995184 -0
    outer loop
      vertex 0.881051 6.69225 24
      vertex 0.441471 6.73555 22
      vertex 0.881051 6.69225 22
    endloop
  endfacet
  facet normal 0.956941 -0.290281 0
    outer loop
      vertex -6.52 1.74703 24
      vertex -6.39178 2.16972 22
      vertex -6.39178 2.16972 24
    endloop
  endfacet
  facet normal 0.956941 -0.290281 0
    outer loop
      vertex -6.39178 2.16972 22
      vertex -6.52 1.74703 24
      vertex -6.52 1.74703 22
    endloop
  endfacet
  facet normal 0.227073 -0.973878 0
    outer loop
      vertex -1.74703 6.52 22
      vertex -1.31686 6.6203 24
      vertex -1.74703 6.52 24
    endloop
  endfacet
  facet normal 0.227073 -0.973878 0
    outer loop
      vertex -1.31686 6.6203 24
      vertex -1.74703 6.52 22
      vertex -1.31686 6.6203 22
    endloop
  endfacet
  facet normal -0.683591 0.729865 0
    outer loop
      vertex 4.77297 -4.77297 22
      vertex 4.45058 -5.07492 24
      vertex 4.77297 -4.77297 24
    endloop
  endfacet
  facet normal -0.683591 0.729865 0
    outer loop
      vertex 4.45058 -5.07492 24
      vertex 4.77297 -4.77297 22
      vertex 4.45058 -5.07492 22
    endloop
  endfacet
  facet normal 0.849204 -0.528064 0
    outer loop
      vertex -5.84567 3.375 24
      vertex -5.61242 3.7501 22
      vertex -5.61242 3.7501 24
    endloop
  endfacet
  facet normal 0.849204 -0.528064 0
    outer loop
      vertex -5.61242 3.7501 22
      vertex -5.84567 3.375 24
      vertex -5.84567 3.375 22
    endloop
  endfacet
  facet normal 0.88192 -0.471399 0
    outer loop
      vertex -6.05389 2.98545 24
      vertex -5.84567 3.375 22
      vertex -5.84567 3.375 24
    endloop
  endfacet
  facet normal 0.88192 -0.471399 0
    outer loop
      vertex -5.84567 3.375 22
      vertex -6.05389 2.98545 24
      vertex -6.05389 2.98545 22
    endloop
  endfacet
  facet normal -0.773013 0.63439 0
    outer loop
      vertex 5.07492 -4.45058 22
      vertex 5.35513 -4.10914 24
      vertex 5.35513 -4.10914 22
    endloop
  endfacet
  facet normal -0.773013 0.63439 0
    outer loop
      vertex 5.35513 -4.10914 24
      vertex 5.07492 -4.45058 22
      vertex 5.07492 -4.45058 24
    endloop
  endfacet
  facet normal 0.471399 -0.88192 0
    outer loop
      vertex -3.375 5.84567 22
      vertex -2.98545 6.05389 24
      vertex -3.375 5.84567 24
    endloop
  endfacet
  facet normal 0.471399 -0.88192 0
    outer loop
      vertex -2.98545 6.05389 24
      vertex -3.375 5.84567 22
      vertex -2.98545 6.05389 22
    endloop
  endfacet
  facet normal 0.910862 0.412711 0
    outer loop
      vertex -6.05389 -2.98545 24
      vertex -6.23619 -2.58311 22
      vertex -6.23619 -2.58311 24
    endloop
  endfacet
  facet normal 0.910862 0.412711 0
    outer loop
      vertex -6.23619 -2.58311 22
      vertex -6.05389 -2.98545 24
      vertex -6.05389 -2.98545 22
    endloop
  endfacet
  facet normal 0.63439 0.773013 -0
    outer loop
      vertex -4.10914 -5.35513 22
      vertex -4.45058 -5.07492 24
      vertex -4.10914 -5.35513 24
    endloop
  endfacet
  facet normal 0.63439 0.773013 0
    outer loop
      vertex -4.45058 -5.07492 24
      vertex -4.10914 -5.35513 22
      vertex -4.45058 -5.07492 22
    endloop
  endfacet
  facet normal 0.471399 0.88192 -0
    outer loop
      vertex -2.98545 -6.05389 22
      vertex -3.375 -5.84567 24
      vertex -2.98545 -6.05389 24
    endloop
  endfacet
  facet normal 0.471399 0.88192 0
    outer loop
      vertex -3.375 -5.84567 24
      vertex -2.98545 -6.05389 22
      vertex -3.375 -5.84567 22
    endloop
  endfacet
  facet normal -0.986652 0 0.162841
    outer loop
      vertex 1.3731 -3.86164 16.7269
      vertex 1.38802 -10.9106 16.8173
      vertex 1.38802 -3.85602 16.8173
    endloop
  endfacet
  facet normal -0.986652 0 0.162841
    outer loop
      vertex 1.38802 -10.9106 16.8173
      vertex 1.3731 -3.86164 16.7269
      vertex 1.3731 -10.9121 16.7269
    endloop
  endfacet
  facet normal -0.0982373 0 0.995163
    outer loop
      vertex 0.0915642 -4.097 15.603
      vertex 0.182736 -10.994 15.612
      vertex 0.182736 -4.09402 15.612
    endloop
  endfacet
  facet normal -0.0982373 0 0.995163
    outer loop
      vertex 0.182736 -10.994 15.612
      vertex 0.0915642 -4.097 15.603
      vertex 0.0915642 -10.997 15.603
    endloop
  endfacet
  facet normal -0.910774 0 0.412906
    outer loop
      vertex 1.25562 -3.90131 16.3808
      vertex 1.29343 -10.9199 16.4642
      vertex 1.29343 -3.88984 16.4642
    endloop
  endfacet
  facet normal -0.910774 0 0.412906
    outer loop
      vertex 1.29343 -10.9199 16.4642
      vertex 1.25562 -3.90131 16.3808
      vertex 1.25562 -10.9236 16.3808
    endloop
  endfacet
  facet normal -0.0982373 -0 -0.995163
    outer loop
      vertex 0.0915642 -4.097 18.397
      vertex 0.182736 -10.994 18.388
      vertex 0.0915642 -10.997 18.397
    endloop
  endfacet
  facet normal -0.0982373 0 -0.995163
    outer loop
      vertex 0.182736 -10.994 18.388
      vertex 0.0915642 -4.097 18.397
      vertex 0.182736 -4.09402 18.388
    endloop
  endfacet
  facet normal -0.973873 0 -0.227092
    outer loop
      vertex 1.3731 -10.9121 17.2731
      vertex 1.3523 -3.86947 17.3623
      vertex 1.3731 -3.86164 17.2731
    endloop
  endfacet
  facet normal -0.973873 -0 -0.227092
    outer loop
      vertex 1.3523 -3.86947 17.3623
      vertex 1.3731 -10.9121 17.2731
      vertex 1.3523 -10.9141 17.3623
    endloop
  endfacet
  facet normal 0.973873 -0 0.227092
    outer loop
      vertex -1.3731 -10.9121 16.7269
      vertex -1.3523 -3.86947 16.6377
      vertex -1.3731 -3.86164 16.7269
    endloop
  endfacet
  facet normal 0.973873 0 0.227092
    outer loop
      vertex -1.3523 -3.86947 16.6377
      vertex -1.3731 -10.9121 16.7269
      vertex -1.3523 -10.9141 16.6377
    endloop
  endfacet
  facet normal -0.77274 0 0.634723
    outer loop
      vertex 1.06116 -3.9603 16.0874
      vertex 1.11069 -10.9379 16.1477
      vertex 1.11069 -3.94527 16.1477
    endloop
  endfacet
  facet normal -0.774349 -2.83949e-05 0.632759
    outer loop
      vertex 1.05258 -3.9623 16.0769
      vertex 1.11069 -10.9379 16.1477
      vertex 1.06116 -3.9603 16.0874
    endloop
  endfacet
  facet normal -0.772979 0 0.634432
    outer loop
      vertex 1.11069 -10.9379 16.1477
      vertex 1.05258 -3.9623 16.0769
      vertex 1.05258 -10.9436 16.0769
    endloop
  endfacet
  facet normal -0.995177 0 -0.0980976
    outer loop
      vertex 1.397 -10.9097 17.0916
      vertex 1.38802 -3.85602 17.1827
      vertex 1.397 -3.85264 17.0916
    endloop
  endfacet
  facet normal -0.995177 -0 -0.0980976
    outer loop
      vertex 1.38802 -3.85602 17.1827
      vertex 1.397 -10.9097 17.0916
      vertex 1.38802 -10.9106 17.1827
    endloop
  endfacet
  facet normal -0.881914 0 -0.471409
    outer loop
      vertex 1.25562 -10.9236 17.6192
      vertex 1.21243 -3.91441 17.7
      vertex 1.25562 -3.90131 17.6192
    endloop
  endfacet
  facet normal -0.881914 -0 -0.471409
    outer loop
      vertex 1.21243 -3.91441 17.7
      vertex 1.25562 -10.9236 17.6192
      vertex 1.21243 -10.9279 17.7
    endloop
  endfacet
  facet normal 0.995177 0 -0.0980976
    outer loop
      vertex -1.38802 -3.85602 17.1827
      vertex -1.397 -10.9097 17.0916
      vertex -1.397 -3.85264 17.0916
    endloop
  endfacet
  facet normal 0.995177 0 -0.0980976
    outer loop
      vertex -1.397 -10.9097 17.0916
      vertex -1.38802 -3.85602 17.1827
      vertex -1.38802 -10.9106 17.1827
    endloop
  endfacet
  facet normal -0.999464 0 -0.0327335
    outer loop
      vertex 1.4 -10.9094 17
      vertex 1.397 -3.85264 17.0916
      vertex 1.4 -3.85151 17
    endloop
  endfacet
  facet normal -0.999464 -0 -0.0327335
    outer loop
      vertex 1.397 -3.85264 17.0916
      vertex 1.4 -10.9094 17
      vertex 1.397 -10.9097 17.0916
    endloop
  endfacet
  facet normal 0.584499 -2.84562e-05 0.811394
    outer loop
      vertex -0.852265 -10.9634 15.8893
      vertex -0.777798 -4.02486 15.8359
      vertex -0.79987 -4.02122 15.8518
    endloop
  endfacet
  facet normal 0.582009 -0 0.813183
    outer loop
      vertex -0.852265 -10.9634 15.8893
      vertex -0.79987 -4.02122 15.8518
      vertex -0.852265 -4.009 15.8893
    endloop
  endfacet
  facet normal 0.58275 0 0.812652
    outer loop
      vertex -0.777798 -4.02486 15.8359
      vertex -0.852265 -10.9634 15.8893
      vertex -0.777798 -10.9707 15.8359
    endloop
  endfacet
  facet normal 0.471513 -0 0.881859
    outer loop
      vertex -0.7 -10.9771 15.7876
      vertex -0.619204 -4.05105 15.7444
      vertex -0.7 -4.03771 15.7876
    endloop
  endfacet
  facet normal 0.471513 0 0.881859
    outer loop
      vertex -0.619204 -4.05105 15.7444
      vertex -0.7 -10.9771 15.7876
      vertex -0.619204 -10.9797 15.7444
    endloop
  endfacet
  facet normal -0.63427 -0 -0.773111
    outer loop
      vertex 0.852265 -4.009 18.1107
      vertex 0.923083 -10.9564 18.0526
      vertex 0.852265 -10.9634 18.1107
    endloop
  endfacet
  facet normal -0.63427 0 -0.773111
    outer loop
      vertex 0.923083 -10.9564 18.0526
      vertex 0.852265 -4.009 18.1107
      vertex 0.923083 -3.99249 18.0526
    endloop
  endfacet
  facet normal 0.0327463 0 -0.999464
    outer loop
      vertex -0.0915642 -10.997 18.397
      vertex 0 -4.1 18.4
      vertex 0 -11 18.4
    endloop
  endfacet
  facet normal 0.0327463 0 -0.999464
    outer loop
      vertex 0 -4.1 18.4
      vertex -0.0915642 -10.997 18.397
      vertex -0.0915642 -4.097 18.397
    endloop
  endfacet
  facet normal -0.227041 0 0.973885
    outer loop
      vertex 0.273126 -4.09073 15.6269
      vertex 0.362347 -10.9881 15.6477
      vertex 0.362347 -4.08194 15.6477
    endloop
  endfacet
  facet normal -0.227041 0 0.973885
    outer loop
      vertex 0.362347 -10.9881 15.6477
      vertex 0.273126 -4.09073 15.6269
      vertex 0.273126 -10.9911 15.6269
    endloop
  endfacet
  facet normal 0.849247 0 -0.527996
    outer loop
      vertex -1.16406 -3.92908 17.7778
      vertex -1.21243 -10.9279 17.7
      vertex -1.21243 -3.91441 17.7
    endloop
  endfacet
  facet normal 0.849247 0 -0.527996
    outer loop
      vertex -1.21243 -10.9279 17.7
      vertex -1.16406 -3.92908 17.7778
      vertex -1.16406 -10.9327 17.7778
    endloop
  endfacet
  facet normal -0.812929 0 0.582363
    outer loop
      vertex 1.11069 -3.94527 16.1477
      vertex 1.16406 -10.9327 16.2222
      vertex 1.16406 -3.92908 16.2222
    endloop
  endfacet
  facet normal -0.812929 0 0.582363
    outer loop
      vertex 1.16406 -10.9327 16.2222
      vertex 1.11069 -3.94527 16.1477
      vertex 1.11069 -10.9379 16.1477
    endloop
  endfacet
  facet normal -0.290347 0 0.956922
    outer loop
      vertex 0.362347 -4.08194 15.6477
      vertex 0.450015 -10.9853 15.6743
      vertex 0.450015 -4.07331 15.6743
    endloop
  endfacet
  facet normal -0.290347 0 0.956922
    outer loop
      vertex 0.450015 -10.9853 15.6743
      vertex 0.362347 -4.08194 15.6477
      vertex 0.362347 -10.9881 15.6477
    endloop
  endfacet
  facet normal -0.471513 -0 -0.881859
    outer loop
      vertex 0.619204 -4.05105 18.2556
      vertex 0.7 -10.9771 18.2124
      vertex 0.619204 -10.9797 18.2556
    endloop
  endfacet
  facet normal -0.471513 0 -0.881859
    outer loop
      vertex 0.7 -10.9771 18.2124
      vertex 0.619204 -4.05105 18.2556
      vertex 0.7 -4.03771 18.2124
    endloop
  endfacet
  facet normal 0.995177 -0 0.0980976
    outer loop
      vertex -1.397 -10.9097 16.9084
      vertex -1.38802 -3.85602 16.8173
      vertex -1.397 -3.85264 16.9084
    endloop
  endfacet
  facet normal 0.995177 0 0.0980976
    outer loop
      vertex -1.38802 -3.85602 16.8173
      vertex -1.397 -10.9097 16.9084
      vertex -1.38802 -10.9106 16.8173
    endloop
  endfacet
  facet normal 0.729505 0 -0.683976
    outer loop
      vertex -0.989949 -3.9769 17.9899
      vertex -1.05258 -10.9436 17.9231
      vertex -1.05258 -3.9623 17.9231
    endloop
  endfacet
  facet normal 0.729505 0 -0.683976
    outer loop
      vertex -1.05258 -10.9436 17.9231
      vertex -0.989949 -3.9769 17.9899
      vertex -0.989949 -10.9498 17.9899
    endloop
  endfacet
  facet normal 0.812929 -0 0.582363
    outer loop
      vertex -1.16406 -10.9327 16.2222
      vertex -1.11069 -3.94527 16.1477
      vertex -1.16406 -3.92908 16.2222
    endloop
  endfacet
  facet normal 0.812929 0 0.582363
    outer loop
      vertex -1.11069 -3.94527 16.1477
      vertex -1.16406 -10.9327 16.2222
      vertex -1.11069 -10.9379 16.1477
    endloop
  endfacet
  facet normal 0.986652 0 -0.162841
    outer loop
      vertex -1.3731 -3.86164 17.2731
      vertex -1.38802 -10.9106 17.1827
      vertex -1.38802 -3.85602 17.1827
    endloop
  endfacet
  facet normal 0.986652 0 -0.162841
    outer loop
      vertex -1.38802 -10.9106 17.1827
      vertex -1.3731 -3.86164 17.2731
      vertex -1.3731 -10.9121 17.2731
    endloop
  endfacet
  facet normal 0.684017 0 -0.729466
    outer loop
      vertex -0.989949 -10.9498 17.9899
      vertex -0.923083 -3.99249 18.0526
      vertex -0.923083 -10.9564 18.0526
    endloop
  endfacet
  facet normal 0.684017 0 -0.729466
    outer loop
      vertex -0.923083 -3.99249 18.0526
      vertex -0.989949 -10.9498 17.9899
      vertex -0.989949 -3.9769 17.9899
    endloop
  endfacet
  facet normal -0.529111 0.0326659 -0.847924
    outer loop
      vertex 0.7 -10.9771 18.2124
      vertex 0.777798 -10.9707 18.1641
      vertex 0.719434 -10.9764 18.2003
    endloop
  endfacet
  facet normal -0.527454 0 -0.849583
    outer loop
      vertex 0.777798 -10.9707 18.1641
      vertex 0.7 -10.9771 18.2124
      vertex 0.7 -4.03771 18.2124
    endloop
  endfacet
  facet normal -0.527454 0 -0.849583
    outer loop
      vertex 0.777798 -10.9707 18.1641
      vertex 0.7 -4.03771 18.2124
      vertex 0.777798 -4.02486 18.1641
    endloop
  endfacet
  facet normal -0.0327463 -0 -0.999464
    outer loop
      vertex 0 -4.1 18.4
      vertex 0.0915642 -10.997 18.397
      vertex 0 -11 18.4
    endloop
  endfacet
  facet normal -0.0327463 0 -0.999464
    outer loop
      vertex 0.0915642 -10.997 18.397
      vertex 0 -4.1 18.4
      vertex 0.0915642 -4.097 18.397
    endloop
  endfacet
  facet normal 0.683436 -0 0.73001
    outer loop
      vertex -0.989949 -10.9498 16.01
      vertex -0.923083 -3.99249 15.9474
      vertex -0.989949 -3.9769 16.01
    endloop
  endfacet
  facet normal 0.683436 0 0.73001
    outer loop
      vertex -0.923083 -3.99249 15.9474
      vertex -0.989949 -10.9498 16.01
      vertex -0.923083 -10.9564 15.9474
    endloop
  endfacet
  facet normal -0.849247 0 -0.527996
    outer loop
      vertex 1.21243 -10.9279 17.7
      vertex 1.16406 -3.92908 17.7778
      vertex 1.21243 -3.91441 17.7
    endloop
  endfacet
  facet normal -0.849247 -0 -0.527996
    outer loop
      vertex 1.16406 -3.92908 17.7778
      vertex 1.21243 -10.9279 17.7
      vertex 1.16406 -10.9327 17.7778
    endloop
  endfacet
  facet normal -0.471513 0 0.881859
    outer loop
      vertex 0.619204 -4.05105 15.7444
      vertex 0.7 -10.9771 15.7876
      vertex 0.7 -4.03771 15.7876
    endloop
  endfacet
  facet normal -0.471513 0 0.881859
    outer loop
      vertex 0.7 -10.9771 15.7876
      vertex 0.619204 -4.05105 15.7444
      vertex 0.619204 -10.9797 15.7444
    endloop
  endfacet
  facet normal 0.956951 -0 0.29025
    outer loop
      vertex -1.3523 -10.9141 16.6377
      vertex -1.3257 -3.87948 16.55
      vertex -1.3523 -3.86947 16.6377
    endloop
  endfacet
  facet normal 0.956951 0 0.29025
    outer loop
      vertex -1.3257 -3.87948 16.55
      vertex -1.3523 -10.9141 16.6377
      vertex -1.3257 -10.9167 16.55
    endloop
  endfacet
  facet normal 0.16287 -3.01431e-06 0.986648
    outer loop
      vertex -0.273126 -10.9911 15.6269
      vertex -0.182736 -4.09402 15.612
      vertex -0.268152 -4.09122 15.6261
    endloop
  endfacet
  facet normal 0.158796 -0 0.987311
    outer loop
      vertex -0.273126 -10.9911 15.6269
      vertex -0.268152 -4.09122 15.6261
      vertex -0.273126 -4.09073 15.6269
    endloop
  endfacet
  facet normal 0.162646 0 0.986684
    outer loop
      vertex -0.182736 -4.09402 15.612
      vertex -0.273126 -10.9911 15.6269
      vertex -0.182736 -10.994 15.612
    endloop
  endfacet
  facet normal 0.0982373 0 -0.995163
    outer loop
      vertex -0.182736 -10.994 18.388
      vertex -0.0915642 -4.097 18.397
      vertex -0.0915642 -10.997 18.397
    endloop
  endfacet
  facet normal 0.0982373 0 -0.995163
    outer loop
      vertex -0.0915642 -4.097 18.397
      vertex -0.182736 -10.994 18.388
      vertex -0.182736 -4.09402 18.388
    endloop
  endfacet
  facet normal 0.910774 -0 0.412906
    outer loop
      vertex -1.29343 -10.9199 16.4642
      vertex -1.25562 -3.90131 16.3808
      vertex -1.29343 -3.88984 16.4642
    endloop
  endfacet
  facet normal 0.910774 0 0.412906
    outer loop
      vertex -1.25562 -3.90131 16.3808
      vertex -1.29343 -10.9199 16.4642
      vertex -1.25562 -10.9236 16.3808
    endloop
  endfacet
  facet normal 0.999464 0 -0.0327335
    outer loop
      vertex -1.397 -3.85264 17.0916
      vertex -1.4 -10.9094 17
      vertex -1.4 -3.85151 17
    endloop
  endfacet
  facet normal 0.999464 0 -0.0327335
    outer loop
      vertex -1.4 -10.9094 17
      vertex -1.397 -3.85264 17.0916
      vertex -1.397 -10.9097 17.0916
    endloop
  endfacet
  facet normal 0.812929 0 -0.582363
    outer loop
      vertex -1.11069 -3.94527 17.8523
      vertex -1.16406 -10.9327 17.7778
      vertex -1.16406 -3.92908 17.7778
    endloop
  endfacet
  facet normal 0.812929 0 -0.582363
    outer loop
      vertex -1.16406 -10.9327 17.7778
      vertex -1.11069 -3.94527 17.8523
      vertex -1.11069 -10.9379 17.8523
    endloop
  endfacet
  facet normal 0.0982373 -0 0.995163
    outer loop
      vertex -0.182736 -10.994 15.612
      vertex -0.0915642 -4.097 15.603
      vertex -0.182736 -4.09402 15.612
    endloop
  endfacet
  facet normal 0.0982373 0 0.995163
    outer loop
      vertex -0.0915642 -4.097 15.603
      vertex -0.182736 -10.994 15.612
      vertex -0.0915642 -10.997 15.603
    endloop
  endfacet
  facet normal -0.910774 0 -0.412906
    outer loop
      vertex 1.29343 -10.9199 17.5358
      vertex 1.25562 -3.90131 17.6192
      vertex 1.29343 -3.88984 17.5358
    endloop
  endfacet
  facet normal -0.910774 -0 -0.412906
    outer loop
      vertex 1.25562 -3.90131 17.6192
      vertex 1.29343 -10.9199 17.5358
      vertex 1.25562 -10.9236 17.6192
    endloop
  endfacet
  facet normal -0.986652 0 -0.162841
    outer loop
      vertex 1.38802 -10.9106 17.1827
      vertex 1.3731 -3.86164 17.2731
      vertex 1.38802 -3.85602 17.1827
    endloop
  endfacet
  facet normal -0.986652 -0 -0.162841
    outer loop
      vertex 1.3731 -3.86164 17.2731
      vertex 1.38802 -10.9106 17.1827
      vertex 1.3731 -10.9121 17.2731
    endloop
  endfacet
  facet normal 0.77274 -0 0.634723
    outer loop
      vertex -1.11069 -10.9379 16.1477
      vertex -1.06116 -3.9603 16.0874
      vertex -1.11069 -3.94527 16.1477
    endloop
  endfacet
  facet normal 0.774349 -2.83949e-05 0.632759
    outer loop
      vertex -1.11069 -10.9379 16.1477
      vertex -1.05258 -3.9623 16.0769
      vertex -1.06116 -3.9603 16.0874
    endloop
  endfacet
  facet normal 0.772979 0 0.634432
    outer loop
      vertex -1.05258 -3.9623 16.0769
      vertex -1.11069 -10.9379 16.1477
      vertex -1.05258 -10.9436 16.0769
    endloop
  endfacet
  facet normal 0.412618 0 -0.910904
    outer loop
      vertex -0.619204 -10.9797 18.2556
      vertex -0.535756 -4.06482 18.2934
      vertex -0.535756 -10.9825 18.2934
    endloop
  endfacet
  facet normal 0.412618 0 -0.910904
    outer loop
      vertex -0.535756 -4.06482 18.2934
      vertex -0.619204 -10.9797 18.2556
      vertex -0.619204 -4.05105 18.2556
    endloop
  endfacet
  facet normal 0.77274 0 -0.634723
    outer loop
      vertex -1.06116 -3.9603 17.9126
      vertex -1.11069 -10.9379 17.8523
      vertex -1.11069 -3.94527 17.8523
    endloop
  endfacet
  facet normal 0.774349 -2.83949e-05 -0.632759
    outer loop
      vertex -1.05258 -3.9623 17.9231
      vertex -1.11069 -10.9379 17.8523
      vertex -1.06116 -3.9603 17.9126
    endloop
  endfacet
  facet normal 0.772979 0 -0.634432
    outer loop
      vertex -1.11069 -10.9379 17.8523
      vertex -1.05258 -3.9623 17.9231
      vertex -1.05258 -10.9436 17.9231
    endloop
  endfacet
  facet normal -0.447811 0 -0.894128
    outer loop
      vertex 0.535756 -10.9825 18.2934
      vertex 0.535157 -4.06492 18.2937
      vertex 0.535756 -4.06482 18.2934
    endloop
  endfacet
  facet normal -0.352531 -0 -0.9358
    outer loop
      vertex 0.450015 -4.07331 18.3257
      vertex 0.535756 -10.9825 18.2934
      vertex 0.450015 -10.9853 18.3257
    endloop
  endfacet
  facet normal -0.351816 1.01312e-05 -0.936069
    outer loop
      vertex 0.535756 -10.9825 18.2934
      vertex 0.450015 -4.07331 18.3257
      vertex 0.535157 -4.06492 18.2937
    endloop
  endfacet
  facet normal -0.935771 0 -0.352609
    outer loop
      vertex 1.3257 -10.9167 17.45
      vertex 1.3179 -3.88241 17.4707
      vertex 1.3257 -3.87948 17.45
    endloop
  endfacet
  facet normal -0.936057 -2.5563e-06 -0.351848
    outer loop
      vertex 1.3257 -10.9167 17.45
      vertex 1.29343 -3.88984 17.5358
      vertex 1.3179 -3.88241 17.4707
    endloop
  endfacet
  facet normal -0.935988 -0 -0.352032
    outer loop
      vertex 1.29343 -3.88984 17.5358
      vertex 1.3257 -10.9167 17.45
      vertex 1.29343 -10.9199 17.5358
    endloop
  endfacet
  facet normal -0.973873 0 0.227092
    outer loop
      vertex 1.3523 -3.86947 16.6377
      vertex 1.3731 -10.9121 16.7269
      vertex 1.3731 -3.86164 16.7269
    endloop
  endfacet
  facet normal -0.973873 0 0.227092
    outer loop
      vertex 1.3731 -10.9121 16.7269
      vertex 1.3523 -3.86947 16.6377
      vertex 1.3523 -10.9141 16.6377
    endloop
  endfacet
  facet normal -0.956951 0 0.29025
    outer loop
      vertex 1.3257 -3.87948 16.55
      vertex 1.3523 -10.9141 16.6377
      vertex 1.3523 -3.86947 16.6377
    endloop
  endfacet
  facet normal -0.956951 0 0.29025
    outer loop
      vertex 1.3523 -10.9141 16.6377
      vertex 1.3257 -3.87948 16.55
      vertex 1.3257 -10.9167 16.55
    endloop
  endfacet
  facet normal -0.527454 0 0.849583
    outer loop
      vertex 0.7 -4.03771 15.7876
      vertex 0.777798 -10.9707 15.8359
      vertex 0.777798 -4.02486 15.8359
    endloop
  endfacet
  facet normal -0.527454 0 0.849583
    outer loop
      vertex 0.7 -10.9771 15.7876
      vertex 0.777798 -10.9707 15.8359
      vertex 0.7 -4.03771 15.7876
    endloop
  endfacet
  facet normal -0.522767 -0.0618492 0.850229
    outer loop
      vertex 0.777798 -10.9707 15.8359
      vertex 0.7 -10.9771 15.7876
      vertex 0.719434 -10.9764 15.7996
    endloop
  endfacet
  facet normal 0.352531 0 -0.9358
    outer loop
      vertex -0.535756 -10.9825 18.2934
      vertex -0.450015 -4.07331 18.3257
      vertex -0.450015 -10.9853 18.3257
    endloop
  endfacet
  facet normal 0.351816 1.01312e-05 -0.936069
    outer loop
      vertex -0.450015 -4.07331 18.3257
      vertex -0.535756 -10.9825 18.2934
      vertex -0.535157 -4.06492 18.2937
    endloop
  endfacet
  facet normal 0.447811 0 -0.894128
    outer loop
      vertex -0.535157 -4.06492 18.2937
      vertex -0.535756 -10.9825 18.2934
      vertex -0.535756 -4.06482 18.2934
    endloop
  endfacet
  facet normal 0.881914 -0 0.471409
    outer loop
      vertex -1.25562 -10.9236 16.3808
      vertex -1.21243 -3.91441 16.3
      vertex -1.25562 -3.90131 16.3808
    endloop
  endfacet
  facet normal 0.881914 0 0.471409
    outer loop
      vertex -1.21243 -3.91441 16.3
      vertex -1.25562 -10.9236 16.3808
      vertex -1.21243 -10.9279 16.3
    endloop
  endfacet
  facet normal -0.582009 0 0.813183
    outer loop
      vertex 0.79987 -4.02122 15.8518
      vertex 0.852265 -10.9634 15.8893
      vertex 0.852265 -4.009 15.8893
    endloop
  endfacet
  facet normal -0.584499 -2.84562e-05 0.811394
    outer loop
      vertex 0.777798 -4.02486 15.8359
      vertex 0.852265 -10.9634 15.8893
      vertex 0.79987 -4.02122 15.8518
    endloop
  endfacet
  facet normal -0.58275 0 0.812652
    outer loop
      vertex 0.852265 -10.9634 15.8893
      vertex 0.777798 -4.02486 15.8359
      vertex 0.777798 -10.9707 15.8359
    endloop
  endfacet
  facet normal -0.158796 0 0.987311
    outer loop
      vertex 0.268152 -4.09122 15.6261
      vertex 0.273126 -10.9911 15.6269
      vertex 0.273126 -4.09073 15.6269
    endloop
  endfacet
  facet normal -0.16287 -3.01431e-06 0.986648
    outer loop
      vertex 0.182736 -4.09402 15.612
      vertex 0.273126 -10.9911 15.6269
      vertex 0.268152 -4.09122 15.6261
    endloop
  endfacet
  facet normal -0.162646 0 0.986684
    outer loop
      vertex 0.273126 -10.9911 15.6269
      vertex 0.182736 -4.09402 15.612
      vertex 0.182736 -10.994 15.612
    endloop
  endfacet
  facet normal -0.63427 0 0.773111
    outer loop
      vertex 0.852265 -4.009 15.8893
      vertex 0.923083 -10.9564 15.9474
      vertex 0.923083 -3.99249 15.9474
    endloop
  endfacet
  facet normal -0.63427 0 0.773111
    outer loop
      vertex 0.923083 -10.9564 15.9474
      vertex 0.852265 -4.009 15.8893
      vertex 0.852265 -10.9634 15.8893
    endloop
  endfacet
  facet normal -0.730015 0 0.683431
    outer loop
      vertex 0.989949 -3.9769 16.01
      vertex 1.05258 -10.9436 16.0769
      vertex 1.05258 -3.9623 16.0769
    endloop
  endfacet
  facet normal -0.730015 0 0.683431
    outer loop
      vertex 1.05258 -10.9436 16.0769
      vertex 0.989949 -3.9769 16.01
      vertex 0.989949 -10.9498 16.01
    endloop
  endfacet
  facet normal -0.812929 0 -0.582363
    outer loop
      vertex 1.16406 -10.9327 17.7778
      vertex 1.11069 -3.94527 17.8523
      vertex 1.16406 -3.92908 17.7778
    endloop
  endfacet
  facet normal -0.812929 -0 -0.582363
    outer loop
      vertex 1.11069 -3.94527 17.8523
      vertex 1.16406 -10.9327 17.7778
      vertex 1.11069 -10.9379 17.8523
    endloop
  endfacet
  facet normal -0.0327463 0 0.999464
    outer loop
      vertex 0 -4.1 15.6
      vertex 0.0915642 -10.997 15.603
      vertex 0.0915642 -4.097 15.603
    endloop
  endfacet
  facet normal -0.0327463 0 0.999464
    outer loop
      vertex 0.0915642 -10.997 15.603
      vertex 0 -4.1 15.6
      vertex 0 -11 15.6
    endloop
  endfacet
  facet normal 0.0327463 -0 0.999464
    outer loop
      vertex -0.0915642 -10.997 15.603
      vertex 0 -4.1 15.6
      vertex -0.0915642 -4.097 15.603
    endloop
  endfacet
  facet normal 0.0327463 0 0.999464
    outer loop
      vertex 0 -4.1 15.6
      vertex -0.0915642 -10.997 15.603
      vertex 0 -11 15.6
    endloop
  endfacet
  facet normal 0.227041 0 -0.973885
    outer loop
      vertex -0.362347 -10.9881 18.3523
      vertex -0.273126 -4.09073 18.3731
      vertex -0.273126 -10.9911 18.3731
    endloop
  endfacet
  facet normal 0.227041 0 -0.973885
    outer loop
      vertex -0.273126 -4.09073 18.3731
      vertex -0.362347 -10.9881 18.3523
      vertex -0.362347 -4.08194 18.3523
    endloop
  endfacet
  facet normal 0.935771 0 -0.352609
    outer loop
      vertex -1.3179 -3.88241 17.4707
      vertex -1.3257 -10.9167 17.45
      vertex -1.3257 -3.87948 17.45
    endloop
  endfacet
  facet normal 0.936057 -2.5563e-06 -0.351848
    outer loop
      vertex -1.29343 -3.88984 17.5358
      vertex -1.3257 -10.9167 17.45
      vertex -1.3179 -3.88241 17.4707
    endloop
  endfacet
  facet normal 0.935988 0 -0.352032
    outer loop
      vertex -1.3257 -10.9167 17.45
      vertex -1.29343 -3.88984 17.5358
      vertex -1.29343 -10.9199 17.5358
    endloop
  endfacet
  facet normal -0.995177 0 0.0980976
    outer loop
      vertex 1.38802 -3.85602 16.8173
      vertex 1.397 -10.9097 16.9084
      vertex 1.397 -3.85264 16.9084
    endloop
  endfacet
  facet normal -0.995177 0 0.0980976
    outer loop
      vertex 1.397 -10.9097 16.9084
      vertex 1.38802 -3.85602 16.8173
      vertex 1.38802 -10.9106 16.8173
    endloop
  endfacet
  facet normal -0.956951 0 -0.29025
    outer loop
      vertex 1.3523 -10.9141 17.3623
      vertex 1.3257 -3.87948 17.45
      vertex 1.3523 -3.86947 17.3623
    endloop
  endfacet
  facet normal -0.956951 -0 -0.29025
    outer loop
      vertex 1.3257 -3.87948 17.45
      vertex 1.3523 -10.9141 17.3623
      vertex 1.3257 -10.9167 17.45
    endloop
  endfacet
  facet normal -0.999464 0 0.0327335
    outer loop
      vertex 1.397 -3.85264 16.9084
      vertex 1.4 -10.9094 17
      vertex 1.4 -3.85151 17
    endloop
  endfacet
  facet normal -0.999464 0 0.0327335
    outer loop
      vertex 1.4 -10.9094 17
      vertex 1.397 -3.85264 16.9084
      vertex 1.397 -10.9097 16.9084
    endloop
  endfacet
  facet normal -0.582009 0 -0.813183
    outer loop
      vertex 0.852265 -10.9634 18.1107
      vertex 0.79987 -4.02122 18.1482
      vertex 0.852265 -4.009 18.1107
    endloop
  endfacet
  facet normal -0.58275 -0 -0.812652
    outer loop
      vertex 0.777798 -4.02486 18.1641
      vertex 0.852265 -10.9634 18.1107
      vertex 0.777798 -10.9707 18.1641
    endloop
  endfacet
  facet normal -0.584499 -2.84562e-05 -0.811394
    outer loop
      vertex 0.852265 -10.9634 18.1107
      vertex 0.777798 -4.02486 18.1641
      vertex 0.79987 -4.02122 18.1482
    endloop
  endfacet
  facet normal 0.412618 -0 0.910904
    outer loop
      vertex -0.619204 -10.9797 15.7444
      vertex -0.535756 -4.06482 15.7066
      vertex -0.619204 -4.05105 15.7444
    endloop
  endfacet
  facet normal 0.412618 0 0.910904
    outer loop
      vertex -0.535756 -4.06482 15.7066
      vertex -0.619204 -10.9797 15.7444
      vertex -0.535756 -10.9825 15.7066
    endloop
  endfacet
  facet normal 0.58275 0 -0.812652
    outer loop
      vertex -0.852265 -10.9634 18.1107
      vertex -0.777798 -4.02486 18.1641
      vertex -0.777798 -10.9707 18.1641
    endloop
  endfacet
  facet normal 0.584499 -2.84562e-05 -0.811394
    outer loop
      vertex -0.777798 -4.02486 18.1641
      vertex -0.852265 -10.9634 18.1107
      vertex -0.79987 -4.02122 18.1482
    endloop
  endfacet
  facet normal 0.582009 0 -0.813183
    outer loop
      vertex -0.79987 -4.02122 18.1482
      vertex -0.852265 -10.9634 18.1107
      vertex -0.852265 -4.009 18.1107
    endloop
  endfacet
  facet normal 0.529111 0.0326659 -0.847924
    outer loop
      vertex -0.777798 -10.9707 18.1641
      vertex -0.7 -10.9771 18.2124
      vertex -0.719434 -10.9764 18.2003
    endloop
  endfacet
  facet normal 0.527454 0 -0.849583
    outer loop
      vertex -0.7 -10.9771 18.2124
      vertex -0.777798 -10.9707 18.1641
      vertex -0.7 -4.03771 18.2124
    endloop
  endfacet
  facet normal 0.527454 0 -0.849583
    outer loop
      vertex -0.7 -4.03771 18.2124
      vertex -0.777798 -10.9707 18.1641
      vertex -0.777798 -4.02486 18.1641
    endloop
  endfacet
  facet normal -0.849247 0 0.527996
    outer loop
      vertex 1.16406 -3.92908 16.2222
      vertex 1.21243 -10.9279 16.3
      vertex 1.21243 -3.91441 16.3
    endloop
  endfacet
  facet normal -0.849247 0 0.527996
    outer loop
      vertex 1.21243 -10.9279 16.3
      vertex 1.16406 -3.92908 16.2222
      vertex 1.16406 -10.9327 16.2222
    endloop
  endfacet
  facet normal -0.729505 0 -0.683976
    outer loop
      vertex 1.05258 -10.9436 17.9231
      vertex 0.989949 -3.9769 17.9899
      vertex 1.05258 -3.9623 17.9231
    endloop
  endfacet
  facet normal -0.729505 -0 -0.683976
    outer loop
      vertex 0.989949 -3.9769 17.9899
      vertex 1.05258 -10.9436 17.9231
      vertex 0.989949 -10.9498 17.9899
    endloop
  endfacet
  facet normal 0.290347 -0 0.956922
    outer loop
      vertex -0.450015 -10.9853 15.6743
      vertex -0.362347 -4.08194 15.6477
      vertex -0.450015 -4.07331 15.6743
    endloop
  endfacet
  facet normal 0.290347 0 0.956922
    outer loop
      vertex -0.362347 -4.08194 15.6477
      vertex -0.450015 -10.9853 15.6743
      vertex -0.362347 -10.9881 15.6477
    endloop
  endfacet
  facet normal -0.684017 -0 -0.729466
    outer loop
      vertex 0.923083 -3.99249 18.0526
      vertex 0.989949 -10.9498 17.9899
      vertex 0.923083 -10.9564 18.0526
    endloop
  endfacet
  facet normal -0.684017 0 -0.729466
    outer loop
      vertex 0.989949 -10.9498 17.9899
      vertex 0.923083 -3.99249 18.0526
      vertex 0.989949 -3.9769 17.9899
    endloop
  endfacet
  facet normal -0.412618 0 0.910904
    outer loop
      vertex 0.535756 -4.06482 15.7066
      vertex 0.619204 -10.9797 15.7444
      vertex 0.619204 -4.05105 15.7444
    endloop
  endfacet
  facet normal -0.412618 0 0.910904
    outer loop
      vertex 0.619204 -10.9797 15.7444
      vertex 0.535756 -4.06482 15.7066
      vertex 0.535756 -10.9825 15.7066
    endloop
  endfacet
  facet normal -0.935771 0 0.352609
    outer loop
      vertex 1.3179 -3.88241 16.5293
      vertex 1.3257 -10.9167 16.55
      vertex 1.3257 -3.87948 16.55
    endloop
  endfacet
  facet normal -0.936057 -2.5563e-06 0.351848
    outer loop
      vertex 1.29343 -3.88984 16.4642
      vertex 1.3257 -10.9167 16.55
      vertex 1.3179 -3.88241 16.5293
    endloop
  endfacet
  facet normal -0.935988 0 0.352032
    outer loop
      vertex 1.3257 -10.9167 16.55
      vertex 1.29343 -3.88984 16.4642
      vertex 1.29343 -10.9199 16.4642
    endloop
  endfacet
  facet normal -0.158796 0 -0.987311
    outer loop
      vertex 0.273126 -10.9911 18.3731
      vertex 0.268152 -4.09122 18.3739
      vertex 0.273126 -4.09073 18.3731
    endloop
  endfacet
  facet normal -0.162646 -0 -0.986684
    outer loop
      vertex 0.182736 -4.09402 18.388
      vertex 0.273126 -10.9911 18.3731
      vertex 0.182736 -10.994 18.388
    endloop
  endfacet
  facet normal -0.16287 -3.01431e-06 -0.986648
    outer loop
      vertex 0.273126 -10.9911 18.3731
      vertex 0.182736 -4.09402 18.388
      vertex 0.268152 -4.09122 18.3739
    endloop
  endfacet
  facet normal 0.471513 0 -0.881859
    outer loop
      vertex -0.7 -10.9771 18.2124
      vertex -0.619204 -4.05105 18.2556
      vertex -0.619204 -10.9797 18.2556
    endloop
  endfacet
  facet normal 0.471513 0 -0.881859
    outer loop
      vertex -0.619204 -4.05105 18.2556
      vertex -0.7 -10.9771 18.2124
      vertex -0.7 -4.03771 18.2124
    endloop
  endfacet
  facet normal -0.77274 0 -0.634723
    outer loop
      vertex 1.11069 -10.9379 17.8523
      vertex 1.06116 -3.9603 17.9126
      vertex 1.11069 -3.94527 17.8523
    endloop
  endfacet
  facet normal -0.774349 -2.83949e-05 -0.632759
    outer loop
      vertex 1.11069 -10.9379 17.8523
      vertex 1.05258 -3.9623 17.9231
      vertex 1.06116 -3.9603 17.9126
    endloop
  endfacet
  facet normal -0.772979 -0 -0.634432
    outer loop
      vertex 1.05258 -3.9623 17.9231
      vertex 1.11069 -10.9379 17.8523
      vertex 1.05258 -10.9436 17.9231
    endloop
  endfacet
  facet normal 0.849247 -0 0.527996
    outer loop
      vertex -1.21243 -10.9279 16.3
      vertex -1.16406 -3.92908 16.2222
      vertex -1.21243 -3.91441 16.3
    endloop
  endfacet
  facet normal 0.849247 0 0.527996
    outer loop
      vertex -1.16406 -3.92908 16.2222
      vertex -1.21243 -10.9279 16.3
      vertex -1.16406 -10.9327 16.2222
    endloop
  endfacet
  facet normal 0.986652 -0 0.162841
    outer loop
      vertex -1.38802 -10.9106 16.8173
      vertex -1.3731 -3.86164 16.7269
      vertex -1.38802 -3.85602 16.8173
    endloop
  endfacet
  facet normal 0.986652 0 0.162841
    outer loop
      vertex -1.3731 -3.86164 16.7269
      vertex -1.38802 -10.9106 16.8173
      vertex -1.3731 -10.9121 16.7269
    endloop
  endfacet
  facet normal 0.973873 0 -0.227092
    outer loop
      vertex -1.3523 -3.86947 17.3623
      vertex -1.3731 -10.9121 17.2731
      vertex -1.3731 -3.86164 17.2731
    endloop
  endfacet
  facet normal 0.973873 0 -0.227092
    outer loop
      vertex -1.3731 -10.9121 17.2731
      vertex -1.3523 -3.86947 17.3623
      vertex -1.3523 -10.9141 17.3623
    endloop
  endfacet
  facet normal 0.227041 -0 0.973885
    outer loop
      vertex -0.362347 -10.9881 15.6477
      vertex -0.273126 -4.09073 15.6269
      vertex -0.362347 -4.08194 15.6477
    endloop
  endfacet
  facet normal 0.227041 0 0.973885
    outer loop
      vertex -0.273126 -4.09073 15.6269
      vertex -0.362347 -10.9881 15.6477
      vertex -0.273126 -10.9911 15.6269
    endloop
  endfacet
  facet normal 0.63427 -0 0.773111
    outer loop
      vertex -0.923083 -10.9564 15.9474
      vertex -0.852265 -4.009 15.8893
      vertex -0.923083 -3.99249 15.9474
    endloop
  endfacet
  facet normal 0.63427 0 0.773111
    outer loop
      vertex -0.852265 -4.009 15.8893
      vertex -0.923083 -10.9564 15.9474
      vertex -0.852265 -10.9634 15.8893
    endloop
  endfacet
  facet normal 0.162646 0 -0.986684
    outer loop
      vertex -0.273126 -10.9911 18.3731
      vertex -0.182736 -4.09402 18.388
      vertex -0.182736 -10.994 18.388
    endloop
  endfacet
  facet normal 0.16287 -3.01431e-06 -0.986648
    outer loop
      vertex -0.182736 -4.09402 18.388
      vertex -0.273126 -10.9911 18.3731
      vertex -0.268152 -4.09122 18.3739
    endloop
  endfacet
  facet normal 0.158796 0 -0.987311
    outer loop
      vertex -0.268152 -4.09122 18.3739
      vertex -0.273126 -10.9911 18.3731
      vertex -0.273126 -4.09073 18.3731
    endloop
  endfacet
  facet normal 0.935771 -0 0.352609
    outer loop
      vertex -1.3257 -10.9167 16.55
      vertex -1.3179 -3.88241 16.5293
      vertex -1.3257 -3.87948 16.55
    endloop
  endfacet
  facet normal 0.936057 -2.5563e-06 0.351848
    outer loop
      vertex -1.3257 -10.9167 16.55
      vertex -1.29343 -3.88984 16.4642
      vertex -1.3179 -3.88241 16.5293
    endloop
  endfacet
  facet normal 0.935988 0 0.352032
    outer loop
      vertex -1.29343 -3.88984 16.4642
      vertex -1.3257 -10.9167 16.55
      vertex -1.29343 -10.9199 16.4642
    endloop
  endfacet
  facet normal -0.227041 -0 -0.973885
    outer loop
      vertex 0.273126 -4.09073 18.3731
      vertex 0.362347 -10.9881 18.3523
      vertex 0.273126 -10.9911 18.3731
    endloop
  endfacet
  facet normal -0.227041 0 -0.973885
    outer loop
      vertex 0.362347 -10.9881 18.3523
      vertex 0.273126 -4.09073 18.3731
      vertex 0.362347 -4.08194 18.3523
    endloop
  endfacet
  facet normal 0.527454 0 0.849583
    outer loop
      vertex -0.777798 -10.9707 15.8359
      vertex -0.7 -10.9771 15.7876
      vertex -0.7 -4.03771 15.7876
    endloop
  endfacet
  facet normal 0.527454 -0 0.849583
    outer loop
      vertex -0.777798 -10.9707 15.8359
      vertex -0.7 -4.03771 15.7876
      vertex -0.777798 -4.02486 15.8359
    endloop
  endfacet
  facet normal 0.522767 -0.0618492 0.850229
    outer loop
      vertex -0.7 -10.9771 15.7876
      vertex -0.777798 -10.9707 15.8359
      vertex -0.719434 -10.9764 15.7996
    endloop
  endfacet
  facet normal -0.412618 -0 -0.910904
    outer loop
      vertex 0.535756 -4.06482 18.2934
      vertex 0.619204 -10.9797 18.2556
      vertex 0.535756 -10.9825 18.2934
    endloop
  endfacet
  facet normal -0.412618 0 -0.910904
    outer loop
      vertex 0.619204 -10.9797 18.2556
      vertex 0.535756 -4.06482 18.2934
      vertex 0.619204 -4.05105 18.2556
    endloop
  endfacet
  facet normal 0.730015 -0 0.683431
    outer loop
      vertex -1.05258 -10.9436 16.0769
      vertex -0.989949 -3.9769 16.01
      vertex -1.05258 -3.9623 16.0769
    endloop
  endfacet
  facet normal 0.730015 0 0.683431
    outer loop
      vertex -0.989949 -3.9769 16.01
      vertex -1.05258 -10.9436 16.0769
      vertex -0.989949 -10.9498 16.01
    endloop
  endfacet
  facet normal -0.290347 -0 -0.956922
    outer loop
      vertex 0.362347 -4.08194 18.3523
      vertex 0.450015 -10.9853 18.3257
      vertex 0.362347 -10.9881 18.3523
    endloop
  endfacet
  facet normal -0.290347 0 -0.956922
    outer loop
      vertex 0.450015 -10.9853 18.3257
      vertex 0.362347 -4.08194 18.3523
      vertex 0.450015 -4.07331 18.3257
    endloop
  endfacet
  facet normal -0.881914 0 0.471409
    outer loop
      vertex 1.21243 -3.91441 16.3
      vertex 1.25562 -10.9236 16.3808
      vertex 1.25562 -3.90131 16.3808
    endloop
  endfacet
  facet normal -0.881914 0 0.471409
    outer loop
      vertex 1.25562 -10.9236 16.3808
      vertex 1.21243 -3.91441 16.3
      vertex 1.21243 -10.9279 16.3
    endloop
  endfacet
  facet normal 0.910774 0 -0.412906
    outer loop
      vertex -1.25562 -3.90131 17.6192
      vertex -1.29343 -10.9199 17.5358
      vertex -1.29343 -3.88984 17.5358
    endloop
  endfacet
  facet normal 0.910774 0 -0.412906
    outer loop
      vertex -1.29343 -10.9199 17.5358
      vertex -1.25562 -3.90131 17.6192
      vertex -1.25562 -10.9236 17.6192
    endloop
  endfacet
  facet normal 0.881914 0 -0.471409
    outer loop
      vertex -1.21243 -3.91441 17.7
      vertex -1.25562 -10.9236 17.6192
      vertex -1.25562 -3.90131 17.6192
    endloop
  endfacet
  facet normal 0.881914 0 -0.471409
    outer loop
      vertex -1.25562 -10.9236 17.6192
      vertex -1.21243 -3.91441 17.7
      vertex -1.21243 -10.9279 17.7
    endloop
  endfacet
  facet normal -0.447811 0 0.894128
    outer loop
      vertex 0.535157 -4.06492 15.7063
      vertex 0.535756 -10.9825 15.7066
      vertex 0.535756 -4.06482 15.7066
    endloop
  endfacet
  facet normal -0.351816 1.01312e-05 0.936069
    outer loop
      vertex 0.450015 -4.07331 15.6743
      vertex 0.535756 -10.9825 15.7066
      vertex 0.535157 -4.06492 15.7063
    endloop
  endfacet
  facet normal -0.352531 0 0.9358
    outer loop
      vertex 0.535756 -10.9825 15.7066
      vertex 0.450015 -4.07331 15.6743
      vertex 0.450015 -10.9853 15.6743
    endloop
  endfacet
  facet normal 0.290347 0 -0.956922
    outer loop
      vertex -0.450015 -10.9853 18.3257
      vertex -0.362347 -4.08194 18.3523
      vertex -0.362347 -10.9881 18.3523
    endloop
  endfacet
  facet normal 0.290347 0 -0.956922
    outer loop
      vertex -0.362347 -4.08194 18.3523
      vertex -0.450015 -10.9853 18.3257
      vertex -0.450015 -4.07331 18.3257
    endloop
  endfacet
  facet normal 0.63427 0 -0.773111
    outer loop
      vertex -0.923083 -10.9564 18.0526
      vertex -0.852265 -4.009 18.1107
      vertex -0.852265 -10.9634 18.1107
    endloop
  endfacet
  facet normal 0.63427 0 -0.773111
    outer loop
      vertex -0.852265 -4.009 18.1107
      vertex -0.923083 -10.9564 18.0526
      vertex -0.923083 -3.99249 18.0526
    endloop
  endfacet
  facet normal 0.999464 -0 0.0327335
    outer loop
      vertex -1.4 -10.9094 17
      vertex -1.397 -3.85264 16.9084
      vertex -1.4 -3.85151 17
    endloop
  endfacet
  facet normal 0.999464 0 0.0327335
    outer loop
      vertex -1.397 -3.85264 16.9084
      vertex -1.4 -10.9094 17
      vertex -1.397 -10.9097 16.9084
    endloop
  endfacet
  facet normal 0.956951 0 -0.29025
    outer loop
      vertex -1.3257 -3.87948 17.45
      vertex -1.3523 -10.9141 17.3623
      vertex -1.3523 -3.86947 17.3623
    endloop
  endfacet
  facet normal 0.956951 0 -0.29025
    outer loop
      vertex -1.3523 -10.9141 17.3623
      vertex -1.3257 -3.87948 17.45
      vertex -1.3257 -10.9167 17.45
    endloop
  endfacet
  facet normal 0.351816 1.01312e-05 0.936069
    outer loop
      vertex -0.535756 -10.9825 15.7066
      vertex -0.450015 -4.07331 15.6743
      vertex -0.535157 -4.06492 15.7063
    endloop
  endfacet
  facet normal 0.447811 -0 0.894128
    outer loop
      vertex -0.535756 -10.9825 15.7066
      vertex -0.535157 -4.06492 15.7063
      vertex -0.535756 -4.06482 15.7066
    endloop
  endfacet
  facet normal 0.352531 0 0.9358
    outer loop
      vertex -0.450015 -4.07331 15.6743
      vertex -0.535756 -10.9825 15.7066
      vertex -0.450015 -10.9853 15.6743
    endloop
  endfacet
  facet normal -0.683436 0 0.73001
    outer loop
      vertex 0.923083 -3.99249 15.9474
      vertex 0.989949 -10.9498 16.01
      vertex 0.989949 -3.9769 16.01
    endloop
  endfacet
  facet normal -0.683436 0 0.73001
    outer loop
      vertex 0.989949 -10.9498 16.01
      vertex 0.923083 -3.99249 15.9474
      vertex 0.923083 -10.9564 15.9474
    endloop
  endfacet
  facet normal 0.41269 0.910872 -0
    outer loop
      vertex 0.0840712 -3.41835 0
      vertex -0.136468 -3.31843 10
      vertex 0.0840712 -3.41835 10
    endloop
  endfacet
  facet normal 0.41269 0.910872 0
    outer loop
      vertex -0.136468 -3.31843 10
      vertex 0.0840712 -3.41835 0
      vertex -0.136468 -3.31843 0
    endloop
  endfacet
  facet normal -0.995186 -0.098009 0
    outer loop
      vertex 5.19208 0.241991 0
      vertex 5.16835 0.482946 10
      vertex 5.16835 0.482946 0
    endloop
  endfacet
  facet normal -0.995186 -0.098009 0
    outer loop
      vertex 5.16835 0.482946 10
      vertex 5.19208 0.241991 0
      vertex 5.19208 0.241991 10
    endloop
  endfacet
  facet normal -0.683621 0.729837 0
    outer loop
      vertex 4.11629 -2.61629 0
      vertex 3.93958 -2.78181 10
      vertex 4.11629 -2.61629 10
    endloop
  endfacet
  facet normal -0.683621 0.729837 0
    outer loop
      vertex 3.93958 -2.78181 10
      vertex 4.11629 -2.61629 0
      vertex 3.93958 -2.78181 0
    endloop
  endfacet
  facet normal -0.995186 0.098009 0
    outer loop
      vertex 5.16835 -0.482946 0
      vertex 5.19208 -0.241991 10
      vertex 5.19208 -0.241991 0
    endloop
  endfacet
  facet normal -0.995186 0.098009 0
    outer loop
      vertex 5.19208 -0.241991 10
      vertex 5.16835 -0.482946 0
      vertex 5.16835 -0.482946 10
    endloop
  endfacet
  facet normal 0.812851 0.582472 0
    outer loop
      vertex -1.43541 -2.25242 10
      vertex -1.57644 -2.05561 0
      vertex -1.57644 -2.05561 10
    endloop
  endfacet
  facet normal 0.812851 0.582472 0
    outer loop
      vertex -1.57644 -2.05561 0
      vertex -1.43541 -2.25242 10
      vertex -1.43541 -2.25242 0
    endloop
  endfacet
  facet normal 0 0 -1
    outer loop
      vertex 5.19208 -0.241991 10
      vertex 5.19208 0.241991 10
      vertex 5.2 0 10
    endloop
  endfacet
  facet normal 0 0 -1
    outer loop
      vertex 5.16835 -0.482946 10
      vertex 5.19208 0.241991 10
      vertex 5.19208 -0.241991 10
    endloop
  endfacet
  facet normal 0 0 -1
    outer loop
      vertex 5.16835 -0.482946 10
      vertex 5.16835 0.482946 10
      vertex 5.19208 0.241991 10
    endloop
  endfacet
  facet normal 0 0 -1
    outer loop
      vertex 5.12891 -0.721834 10
      vertex 5.16835 0.482946 10
      vertex 5.16835 -0.482946 10
    endloop
  endfacet
  facet normal 0 0 -1
    outer loop
      vertex 5.12891 -0.721834 10
      vertex 5.12891 0.721834 10
      vertex 5.16835 0.482946 10
    endloop
  endfacet
  facet normal 0 0 -1
    outer loop
      vertex 5.07393 -0.95763 10
      vertex 5.12891 0.721834 10
      vertex 5.12891 -0.721834 10
    endloop
  endfacet
  facet normal 0 0 -1
    outer loop
      vertex 5.07393 -0.95763 10
      vertex 5.07393 0.95763 10
      vertex 5.12891 0.721834 10
    endloop
  endfacet
  facet normal 0 0 -1
    outer loop
      vertex 5.00364 -1.18933 10
      vertex 5.07393 0.95763 10
      vertex 5.07393 -0.95763 10
    endloop
  endfacet
  facet normal 0 0 -1
    outer loop
      vertex 5.00364 -1.18933 10
      vertex 5.00364 1.18933 10
      vertex 5.07393 0.95763 10
    endloop
  endfacet
  facet normal 0 0 -1
    outer loop
      vertex 4.91835 -1.41593 10
      vertex 5.00364 1.18933 10
      vertex 5.00364 -1.18933 10
    endloop
  endfacet
  facet normal 0 0 -1
    outer loop
      vertex 4.91835 -1.41593 10
      vertex 4.91835 1.41593 10
      vertex 5.00364 1.18933 10
    endloop
  endfacet
  facet normal 0 0 -1
    outer loop
      vertex 4.81843 -1.63647 10
      vertex 4.91835 1.41593 10
      vertex 4.91835 -1.41593 10
    endloop
  endfacet
  facet normal 0 0 -1
    outer loop
      vertex 4.81843 -1.63647 10
      vertex 4.81843 1.63647 10
      vertex 4.91835 1.41593 10
    endloop
  endfacet
  facet normal 0 0 -1
    outer loop
      vertex 4.70429 -1.85 10
      vertex 4.81843 1.63647 10
      vertex 4.81843 -1.63647 10
    endloop
  endfacet
  facet normal 0 0 -1
    outer loop
      vertex 4.70429 -1.85 10
      vertex 4.70429 1.85 10
      vertex 4.81843 1.63647 10
    endloop
  endfacet
  facet normal 0 0 -1
    outer loop
      vertex 4.57644 -2.05561 10
      vertex 4.70429 1.85 10
      vertex 4.70429 -1.85 10
    endloop
  endfacet
  facet normal 0 0 -1
    outer loop
      vertex 4.57644 -2.05561 10
      vertex 4.57644 2.05561 10
      vertex 4.70429 1.85 10
    endloop
  endfacet
  facet normal 0 0 -1
    outer loop
      vertex 4.43541 -2.25242 10
      vertex 4.57644 2.05561 10
      vertex 4.57644 -2.05561 10
    endloop
  endfacet
  facet normal 0 0 -1
    outer loop
      vertex 4.43541 -2.25242 10
      vertex 4.43541 2.25242 10
      vertex 4.57644 2.05561 10
    endloop
  endfacet
  facet normal 0 0 -1
    outer loop
      vertex 4.28181 -2.43958 10
      vertex 4.43541 2.25242 10
      vertex 4.43541 -2.25242 10
    endloop
  endfacet
  facet normal 0 0 -1
    outer loop
      vertex 4.28181 -2.43958 10
      vertex 4.28181 2.43958 10
      vertex 4.43541 2.25242 10
    endloop
  endfacet
  facet normal 0 0 -1
    outer loop
      vertex 4.11629 -2.61629 10
      vertex 4.28181 2.43958 10
      vertex 4.28181 -2.43958 10
    endloop
  endfacet
  facet normal 0 0 -1
    outer loop
      vertex 4.11629 -2.61629 10
      vertex 4.11629 2.61629 10
      vertex 4.28181 2.43958 10
    endloop
  endfacet
  facet normal 0 0 -1
    outer loop
      vertex 3.93958 -2.78181 10
      vertex 4.11629 2.61629 10
      vertex 4.11629 -2.61629 10
    endloop
  endfacet
  facet normal 0 0 -1
    outer loop
      vertex 3.93958 -2.78181 10
      vertex 3.93958 2.78181 10
      vertex 4.11629 2.61629 10
    endloop
  endfacet
  facet normal 0 0 -1
    outer loop
      vertex 3.75242 -2.93541 10
      vertex 3.93958 2.78181 10
      vertex 3.93958 -2.78181 10
    endloop
  endfacet
  facet normal 0 0 -1
    outer loop
      vertex 3.75242 -2.93541 10
      vertex 3.75242 2.93541 10
      vertex 3.93958 2.78181 10
    endloop
  endfacet
  facet normal 0 0 -1
    outer loop
      vertex 3.55561 -3.07644 10
      vertex 3.75242 2.93541 10
      vertex 3.75242 -2.93541 10
    endloop
  endfacet
  facet normal 0 0 -1
    outer loop
      vertex 3.55561 -3.07644 10
      vertex 3.55561 3.07644 10
      vertex 3.75242 2.93541 10
    endloop
  endfacet
  facet normal 0 0 -1
    outer loop
      vertex 3.35 -3.20429 10
      vertex 3.55561 3.07644 10
      vertex 3.55561 -3.07644 10
    endloop
  endfacet
  facet normal 0 0 -1
    outer loop
      vertex 3.35 -3.20429 10
      vertex 3.35 3.20429 10
      vertex 3.55561 3.07644 10
    endloop
  endfacet
  facet normal 0 0 -1
    outer loop
      vertex 3.13647 -3.31843 10
      vertex 3.35 3.20429 10
      vertex 3.35 -3.20429 10
    endloop
  endfacet
  facet normal 0 0 -1
    outer loop
      vertex 3.13647 -3.31843 10
      vertex 3.13647 3.31843 10
      vertex 3.35 3.20429 10
    endloop
  endfacet
  facet normal 0 0 -1
    outer loop
      vertex 2.91593 -3.41835 10
      vertex 3.13647 3.31843 10
      vertex 3.13647 -3.31843 10
    endloop
  endfacet
  facet normal 0 0 -1
    outer loop
      vertex 2.91593 -3.41835 10
      vertex 2.91593 3.41835 10
      vertex 3.13647 3.31843 10
    endloop
  endfacet
  facet normal 0 0 -1
    outer loop
      vertex 2.68933 -3.50364 10
      vertex 2.91593 3.41835 10
      vertex 2.91593 -3.41835 10
    endloop
  endfacet
  facet normal 0 0 -1
    outer loop
      vertex 2.68933 -3.50364 10
      vertex 2.68933 3.50364 10
      vertex 2.91593 3.41835 10
    endloop
  endfacet
  facet normal 0 0 -1
    outer loop
      vertex 2.45763 -3.57393 10
      vertex 2.68933 3.50364 10
      vertex 2.68933 -3.50364 10
    endloop
  endfacet
  facet normal 0 0 -1
    outer loop
      vertex 2.45763 -3.57393 10
      vertex 2.45763 3.57393 10
      vertex 2.68933 3.50364 10
    endloop
  endfacet
  facet normal 0 0 -1
    outer loop
      vertex 2.22183 -3.62891 10
      vertex 2.45763 3.57393 10
      vertex 2.45763 -3.57393 10
    endloop
  endfacet
  facet normal 0 0 -1
    outer loop
      vertex 2.22183 -3.62891 10
      vertex 2.22183 3.62891 10
      vertex 2.45763 3.57393 10
    endloop
  endfacet
  facet normal 0 0 -1
    outer loop
      vertex 1.98295 -3.66835 10
      vertex 2.22183 3.62891 10
      vertex 2.22183 -3.62891 10
    endloop
  endfacet
  facet normal 0 0 -1
    outer loop
      vertex 1.98295 -3.66835 10
      vertex 1.98295 3.66835 10
      vertex 2.22183 3.62891 10
    endloop
  endfacet
  facet normal 0 0 -1
    outer loop
      vertex 1.74199 -3.69208 10
      vertex 1.98295 3.66835 10
      vertex 1.98295 -3.66835 10
    endloop
  endfacet
  facet normal 0 0 -1
    outer loop
      vertex 1.74199 -3.69208 10
      vertex 1.74199 3.69208 10
      vertex 1.98295 3.66835 10
    endloop
  endfacet
  facet normal 0 0 -1
    outer loop
      vertex 1.5 -3.7 10
      vertex 1.74199 3.69208 10
      vertex 1.74199 -3.69208 10
    endloop
  endfacet
  facet normal 0 0 -1
    outer loop
      vertex 1.5 -3.7 10
      vertex 1.5 3.7 10
      vertex 1.74199 3.69208 10
    endloop
  endfacet
  facet normal 0 0 -1
    outer loop
      vertex 1.25801 -3.69208 10
      vertex 1.5 3.7 10
      vertex 1.5 -3.7 10
    endloop
  endfacet
  facet normal 0 0 -1
    outer loop
      vertex 1.25801 -3.69208 10
      vertex 1.25801 3.69208 10
      vertex 1.5 3.7 10
    endloop
  endfacet
  facet normal 0 0 -1
    outer loop
      vertex 1.01705 -3.66835 10
      vertex 1.25801 3.69208 10
      vertex 1.25801 -3.69208 10
    endloop
  endfacet
  facet normal 0 0 -1
    outer loop
      vertex 1.01705 -3.66835 10
      vertex 1.01705 3.66835 10
      vertex 1.25801 3.69208 10
    endloop
  endfacet
  facet normal 0 0 -1
    outer loop
      vertex 0.778165 -3.62891 10
      vertex 1.01705 3.66835 10
      vertex 1.01705 -3.66835 10
    endloop
  endfacet
  facet normal 0 0 -1
    outer loop
      vertex 0.778165 -3.62891 10
      vertex 0.778165 3.62891 10
      vertex 1.01705 3.66835 10
    endloop
  endfacet
  facet normal 0 0 -1
    outer loop
      vertex 0.542369 -3.57393 10
      vertex 0.778165 3.62891 10
      vertex 0.778165 -3.62891 10
    endloop
  endfacet
  facet normal 0 0 -1
    outer loop
      vertex 0.542369 -3.57393 10
      vertex 0.542369 3.57393 10
      vertex 0.778165 3.62891 10
    endloop
  endfacet
  facet normal 0 0 -1
    outer loop
      vertex 0.310674 -3.50364 10
      vertex 0.542369 3.57393 10
      vertex 0.542369 -3.57393 10
    endloop
  endfacet
  facet normal 0 0 -1
    outer loop
      vertex 0.310674 -3.50364 10
      vertex 0.310674 3.50364 10
      vertex 0.542369 3.57393 10
    endloop
  endfacet
  facet normal 0 0 -1
    outer loop
      vertex 0.0840712 -3.41835 10
      vertex 0.310674 3.50364 10
      vertex 0.310674 -3.50364 10
    endloop
  endfacet
  facet normal 0 0 -1
    outer loop
      vertex 0.0840712 -3.41835 10
      vertex 0.0840712 3.41835 10
      vertex 0.310674 3.50364 10
    endloop
  endfacet
  facet normal 0 0 -1
    outer loop
      vertex -0.136468 -3.31843 10
      vertex 0.0840712 3.41835 10
      vertex 0.0840712 -3.41835 10
    endloop
  endfacet
  facet normal 0 0 -1
    outer loop
      vertex -0.136468 -3.31843 10
      vertex -0.136468 3.31843 10
      vertex 0.0840712 3.41835 10
    endloop
  endfacet
  facet normal 0 0 -1
    outer loop
      vertex -0.349999 -3.20429 10
      vertex -0.136468 3.31843 10
      vertex -0.136468 -3.31843 10
    endloop
  endfacet
  facet normal 0 0 -1
    outer loop
      vertex -0.349999 -3.20429 10
      vertex -0.349999 3.20429 10
      vertex -0.136468 3.31843 10
    endloop
  endfacet
  facet normal 0 0 -1
    outer loop
      vertex -0.55561 -3.07644 10
      vertex -0.349999 3.20429 10
      vertex -0.349999 -3.20429 10
    endloop
  endfacet
  facet normal 0 0 -1
    outer loop
      vertex -0.55561 -3.07644 10
      vertex -0.55561 3.07644 10
      vertex -0.349999 3.20429 10
    endloop
  endfacet
  facet normal 0 0 -1
    outer loop
      vertex -0.752417 -2.93541 10
      vertex -0.55561 3.07644 10
      vertex -0.55561 -3.07644 10
    endloop
  endfacet
  facet normal 0 0 -1
    outer loop
      vertex -0.752417 -2.93541 10
      vertex -0.752417 2.93541 10
      vertex -0.55561 3.07644 10
    endloop
  endfacet
  facet normal 0 0 -1
    outer loop
      vertex -0.939579 -2.78181 10
      vertex -0.752417 2.93541 10
      vertex -0.752417 -2.93541 10
    endloop
  endfacet
  facet normal 0 0 -1
    outer loop
      vertex -0.939579 -2.78181 10
      vertex -0.939579 2.78181 10
      vertex -0.752417 2.93541 10
    endloop
  endfacet
  facet normal 0 0 -1
    outer loop
      vertex -1.11629 -2.61629 10
      vertex -0.939579 2.78181 10
      vertex -0.939579 -2.78181 10
    endloop
  endfacet
  facet normal 0 0 -1
    outer loop
      vertex -1.11629 -2.61629 10
      vertex -1.11629 2.61629 10
      vertex -0.939579 2.78181 10
    endloop
  endfacet
  facet normal 0 0 -1
    outer loop
      vertex -1.28181 -2.43958 10
      vertex -1.11629 2.61629 10
      vertex -1.11629 -2.61629 10
    endloop
  endfacet
  facet normal 0 0 -1
    outer loop
      vertex -1.28181 -2.43958 10
      vertex -1.28181 2.43958 10
      vertex -1.11629 2.61629 10
    endloop
  endfacet
  facet normal 0 0 -1
    outer loop
      vertex -1.43541 -2.25242 10
      vertex -1.28181 2.43958 10
      vertex -1.28181 -2.43958 10
    endloop
  endfacet
  facet normal 0 0 -1
    outer loop
      vertex -1.43541 -2.25242 10
      vertex -1.43541 2.25242 10
      vertex -1.28181 2.43958 10
    endloop
  endfacet
  facet normal 0 0 -1
    outer loop
      vertex -1.57644 -2.05561 10
      vertex -1.43541 2.25242 10
      vertex -1.43541 -2.25242 10
    endloop
  endfacet
  facet normal 0 0 -1
    outer loop
      vertex -1.57644 -2.05561 10
      vertex -1.57644 2.05561 10
      vertex -1.43541 2.25242 10
    endloop
  endfacet
  facet normal 0 0 -1
    outer loop
      vertex -1.70429 -1.85 10
      vertex -1.57644 2.05561 10
      vertex -1.57644 -2.05561 10
    endloop
  endfacet
  facet normal 0 0 -1
    outer loop
      vertex -1.70429 -1.85 10
      vertex -1.70429 1.85 10
      vertex -1.57644 2.05561 10
    endloop
  endfacet
  facet normal 0 0 -1
    outer loop
      vertex -1.81843 -1.63647 10
      vertex -1.70429 1.85 10
      vertex -1.70429 -1.85 10
    endloop
  endfacet
  facet normal 0 0 -1
    outer loop
      vertex -1.81843 -1.63647 10
      vertex -1.81843 1.63647 10
      vertex -1.70429 1.85 10
    endloop
  endfacet
  facet normal 0 0 -1
    outer loop
      vertex -1.91835 -1.41593 10
      vertex -1.81843 1.63647 10
      vertex -1.81843 -1.63647 10
    endloop
  endfacet
  facet normal 0 0 -1
    outer loop
      vertex -1.91835 -1.41593 10
      vertex -1.91835 1.41593 10
      vertex -1.81843 1.63647 10
    endloop
  endfacet
  facet normal 0 0 -1
    outer loop
      vertex -2.00364 -1.18933 10
      vertex -1.91835 1.41593 10
      vertex -1.91835 -1.41593 10
    endloop
  endfacet
  facet normal 0 0 -1
    outer loop
      vertex -2.00364 -1.18933 10
      vertex -2.00364 1.18933 10
      vertex -1.91835 1.41593 10
    endloop
  endfacet
  facet normal 0 0 -1
    outer loop
      vertex -2.07393 -0.95763 10
      vertex -2.00364 1.18933 10
      vertex -2.00364 -1.18933 10
    endloop
  endfacet
  facet normal 0 0 -1
    outer loop
      vertex -2.07393 -0.95763 10
      vertex -2.07393 0.95763 10
      vertex -2.00364 1.18933 10
    endloop
  endfacet
  facet normal 0 0 -1
    outer loop
      vertex -2.12891 -0.721834 10
      vertex -2.07393 0.95763 10
      vertex -2.07393 -0.95763 10
    endloop
  endfacet
  facet normal 0 0 -1
    outer loop
      vertex -2.12891 -0.721834 10
      vertex -2.12891 0.721834 10
      vertex -2.07393 0.95763 10
    endloop
  endfacet
  facet normal 0 0 -1
    outer loop
      vertex -2.16835 -0.482946 10
      vertex -2.12891 0.721834 10
      vertex -2.12891 -0.721834 10
    endloop
  endfacet
  facet normal 0 0 -1
    outer loop
      vertex -2.16835 -0.482946 10
      vertex -2.16835 0.482946 10
      vertex -2.12891 0.721834 10
    endloop
  endfacet
  facet normal 0 0 -1
    outer loop
      vertex -2.19208 -0.241991 10
      vertex -2.16835 0.482946 10
      vertex -2.16835 -0.482946 10
    endloop
  endfacet
  facet normal 0 0 -1
    outer loop
      vertex -2.19208 -0.241991 10
      vertex -2.19208 0.241991 10
      vertex -2.16835 0.482946 10
    endloop
  endfacet
  facet normal 0 -0 -1
    outer loop
      vertex -2.19208 0.241991 10
      vertex -2.19208 -0.241991 10
      vertex -2.2 0 10
    endloop
  endfacet
  facet normal -0.290302 0.956935 0
    outer loop
      vertex 2.68933 -3.50364 0
      vertex 2.45763 -3.57393 10
      vertex 2.68933 -3.50364 10
    endloop
  endfacet
  facet normal -0.290302 0.956935 0
    outer loop
      vertex 2.45763 -3.57393 10
      vertex 2.68933 -3.50364 0
      vertex 2.45763 -3.57393 0
    endloop
  endfacet
  facet normal -0.973877 -0.227077 0
    outer loop
      vertex 5.12891 0.721834 0
      vertex 5.07393 0.95763 10
      vertex 5.07393 0.95763 0
    endloop
  endfacet
  facet normal -0.973877 -0.227077 0
    outer loop
      vertex 5.07393 0.95763 10
      vertex 5.12891 0.721834 0
      vertex 5.12891 0.721834 10
    endloop
  endfacet
  facet normal 0.729837 -0.683621 0
    outer loop
      vertex -1.28181 2.43958 10
      vertex -1.11629 2.61629 0
      vertex -1.11629 2.61629 10
    endloop
  endfacet
  facet normal 0.729837 -0.683621 0
    outer loop
      vertex -1.11629 2.61629 0
      vertex -1.28181 2.43958 10
      vertex -1.28181 2.43958 0
    endloop
  endfacet
  facet normal 0.910872 0.412689 0
    outer loop
      vertex -1.81843 -1.63647 10
      vertex -1.91835 -1.41593 0
      vertex -1.91835 -1.41593 10
    endloop
  endfacet
  facet normal 0.910872 0.412689 0
    outer loop
      vertex -1.91835 -1.41593 0
      vertex -1.81843 -1.63647 10
      vertex -1.81843 -1.63647 0
    endloop
  endfacet
  facet normal -0.881911 -0.471415 0
    outer loop
      vertex 4.81843 1.63647 0
      vertex 4.70429 1.85 10
      vertex 4.70429 1.85 0
    endloop
  endfacet
  facet normal -0.881911 -0.471415 0
    outer loop
      vertex 4.70429 1.85 10
      vertex 4.81843 1.63647 0
      vertex 4.81843 1.63647 10
    endloop
  endfacet
  facet normal -0.352264 -0.935901 0
    outer loop
      vertex 2.68933 3.50364 5.73716
      vertex 2.91593 3.41835 10
      vertex 2.68933 3.50364 10
    endloop
  endfacet
  facet normal -0.35244 -0.935834 1.06898e-05
    outer loop
      vertex 2.71243 3.49494 5.7
      vertex 2.91593 3.41835 10
      vertex 2.68933 3.50364 5.73716
    endloop
  endfacet
  facet normal -0.352152 -0.935943 -4.84778e-06
    outer loop
      vertex 2.75562 3.47869 5.6192
      vertex 2.91593 3.41835 10
      vertex 2.71243 3.49494 5.7
    endloop
  endfacet
  facet normal -0.352238 -0.935911 -1.27619e-06
    outer loop
      vertex 2.79343 3.46446 5.53576
      vertex 2.91593 3.41835 10
      vertex 2.75562 3.47869 5.6192
    endloop
  endfacet
  facet normal -0.352357 -0.935866 2.45404e-06
    outer loop
      vertex 2.8257 3.45231 5.45002
      vertex 2.91593 3.41835 10
      vertex 2.79343 3.46446 5.53576
    endloop
  endfacet
  facet normal -0.352206 -0.935923 -9.70474e-07
    outer loop
      vertex 2.8523 3.4423 5.36235
      vertex 2.91593 3.41835 10
      vertex 2.8257 3.45231 5.45002
    endloop
  endfacet
  facet normal -0.352304 -0.935885 5.76337e-07
    outer loop
      vertex 2.8731 3.43447 5.27313
      vertex 2.91593 3.41835 10
      vertex 2.8523 3.4423 5.36235
    endloop
  endfacet
  facet normal -0.351964 -0.936014 -2.94532e-06
    outer loop
      vertex 2.88802 3.42886 5.18274
      vertex 2.91593 3.41835 10
      vertex 2.8731 3.43447 5.27313
    endloop
  endfacet
  facet normal -0.352273 -0.935897 -8.9904e-07
    outer loop
      vertex 2.897 3.42548 5.09156
      vertex 2.91593 3.41835 10
      vertex 2.88802 3.42886 5.18274
    endloop
  endfacet
  facet normal -0.352489 -0.935816 5.11731e-08
    outer loop
      vertex 2.9 3.42435 5
      vertex 2.91593 3.41835 10
      vertex 2.897 3.42548 5.09156
    endloop
  endfacet
  facet normal -0.352264 -0.935901 0
    outer loop
      vertex 2.91593 3.41835 0
      vertex 2.68933 3.50364 4.26284
      vertex 2.68933 3.50364 0
    endloop
  endfacet
  facet normal -0.35244 -0.935834 -1.06898e-05
    outer loop
      vertex 2.68933 3.50364 4.26284
      vertex 2.91593 3.41835 0
      vertex 2.71243 3.49494 4.3
    endloop
  endfacet
  facet normal -0.352152 -0.935943 4.84778e-06
    outer loop
      vertex 2.71243 3.49494 4.3
      vertex 2.91593 3.41835 0
      vertex 2.75562 3.47869 4.3808
    endloop
  endfacet
  facet normal -0.352238 -0.935911 1.27619e-06
    outer loop
      vertex 2.75562 3.47869 4.3808
      vertex 2.91593 3.41835 0
      vertex 2.79343 3.46446 4.46424
    endloop
  endfacet
  facet normal -0.352357 -0.935866 -2.45404e-06
    outer loop
      vertex 2.79343 3.46446 4.46424
      vertex 2.91593 3.41835 0
      vertex 2.8257 3.45231 4.54998
    endloop
  endfacet
  facet normal -0.352206 -0.935923 9.70474e-07
    outer loop
      vertex 2.8257 3.45231 4.54998
      vertex 2.91593 3.41835 0
      vertex 2.8523 3.4423 4.63765
    endloop
  endfacet
  facet normal -0.352304 -0.935885 -5.76337e-07
    outer loop
      vertex 2.8523 3.4423 4.63765
      vertex 2.91593 3.41835 0
      vertex 2.8731 3.43447 4.72687
    endloop
  endfacet
  facet normal -0.351964 -0.936014 2.94532e-06
    outer loop
      vertex 2.8731 3.43447 4.72687
      vertex 2.91593 3.41835 0
      vertex 2.88802 3.42886 4.81726
    endloop
  endfacet
  facet normal -0.352475 -0.935821 0
    outer loop
      vertex 2.9 3.42435 5
      vertex 2.91593 3.41835 0
      vertex 2.91593 3.41835 10
    endloop
  endfacet
  facet normal -0.352489 -0.935816 -5.11726e-08
    outer loop
      vertex 2.897 3.42548 4.90843
      vertex 2.91593 3.41835 0
      vertex 2.9 3.42435 5
    endloop
  endfacet
  facet normal -0.352273 -0.935897 8.99046e-07
    outer loop
      vertex 2.88802 3.42886 4.81726
      vertex 2.91593 3.41835 0
      vertex 2.897 3.42548 4.90843
    endloop
  endfacet
  facet normal -0.973877 0.227077 0
    outer loop
      vertex 5.07393 -0.95763 0
      vertex 5.12891 -0.721834 10
      vertex 5.12891 -0.721834 0
    endloop
  endfacet
  facet normal -0.973877 0.227077 0
    outer loop
      vertex 5.12891 -0.721834 10
      vertex 5.07393 -0.95763 0
      vertex 5.07393 -0.95763 10
    endloop
  endfacet
  facet normal 0.881911 -0.471415 0
    outer loop
      vertex -1.81843 1.63647 10
      vertex -1.70429 1.85 0
      vertex -1.70429 1.85 10
    endloop
  endfacet
  facet normal 0.881911 -0.471415 0
    outer loop
      vertex -1.70429 1.85 0
      vertex -1.81843 1.63647 10
      vertex -1.81843 1.63647 0
    endloop
  endfacet
  facet normal -0.849214 -0.528048 0
    outer loop
      vertex 4.70429 1.85 0
      vertex 4.57644 2.05561 10
      vertex 4.57644 2.05561 0
    endloop
  endfacet
  facet normal -0.849214 -0.528048 0
    outer loop
      vertex 4.57644 2.05561 10
      vertex 4.70429 1.85 0
      vertex 4.70429 1.85 10
    endloop
  endfacet
  facet normal -0.935901 0.352264 0
    outer loop
      vertex 4.91835 -1.41593 0
      vertex 5.00364 -1.18933 10
      vertex 5.00364 -1.18933 0
    endloop
  endfacet
  facet normal -0.935901 0.352264 0
    outer loop
      vertex 5.00364 -1.18933 10
      vertex 4.91835 -1.41593 0
      vertex 4.91835 -1.41593 10
    endloop
  endfacet
  facet normal 0.35226 0.935902 -0
    outer loop
      vertex 0.310674 -3.50364 0
      vertex 0.0840712 -3.41835 10
      vertex 0.310674 -3.50364 10
    endloop
  endfacet
  facet normal 0.35226 0.935902 0
    outer loop
      vertex 0.0840712 -3.41835 10
      vertex 0.310674 -3.50364 0
      vertex 0.0840712 -3.41835 0
    endloop
  endfacet
  facet normal 0.582478 0.812846 -0
    outer loop
      vertex -0.55561 -3.07644 0
      vertex -0.752417 -2.93541 10
      vertex -0.55561 -3.07644 10
    endloop
  endfacet
  facet normal 0.582478 0.812846 0
    outer loop
      vertex -0.752417 -2.93541 10
      vertex -0.55561 -3.07644 0
      vertex -0.752417 -2.93541 0
    endloop
  endfacet
  facet normal -0.412689 -0.910872 0
    outer loop
      vertex 2.91593 3.41835 0
      vertex 3.13647 3.31843 10
      vertex 2.91593 3.41835 10
    endloop
  endfacet
  facet normal -0.412689 -0.910872 -0
    outer loop
      vertex 3.13647 3.31843 10
      vertex 2.91593 3.41835 0
      vertex 3.13647 3.31843 0
    endloop
  endfacet
  facet normal -0.812851 0.582472 0
    outer loop
      vertex 4.43541 -2.25242 0
      vertex 4.57644 -2.05561 10
      vertex 4.57644 -2.05561 0
    endloop
  endfacet
  facet normal -0.812851 0.582472 0
    outer loop
      vertex 4.57644 -2.05561 10
      vertex 4.43541 -2.25242 0
      vertex 4.43541 -2.25242 10
    endloop
  endfacet
  facet normal -0.098007 -0.995186 0
    outer loop
      vertex 1.74199 3.69208 6.37824
      vertex 1.98295 3.66835 10
      vertex 1.74199 3.69208 10
    endloop
  endfacet
  facet normal -0.0981103 -0.995176 6.93881e-06
    outer loop
      vertex 1.77313 3.68901 6.3731
      vertex 1.98295 3.66835 10
      vertex 1.74199 3.69208 6.37824
    endloop
  endfacet
  facet normal -0.0980451 -0.995182 3.13342e-06
    outer loop
      vertex 1.86235 3.68022 6.3523
      vertex 1.98295 3.66835 10
      vertex 1.77313 3.68901 6.3731
    endloop
  endfacet
  facet normal -0.0979637 -0.99519 4.16252e-07
    outer loop
      vertex 1.95002 3.67159 6.3257
      vertex 1.98295 3.66835 10
      vertex 1.86235 3.68022 6.3523
    endloop
  endfacet
  facet normal -0.0979177 -0.995195 -0
    outer loop
      vertex 1.98295 3.66835 10
      vertex 1.95002 3.67159 6.3257
      vertex 1.98295 3.66835 6.31331
    endloop
  endfacet
  facet normal -0.098007 -0.995186 0
    outer loop
      vertex 1.98295 3.66835 0
      vertex 1.74199 3.69208 3.62176
      vertex 1.74199 3.69208 0
    endloop
  endfacet
  facet normal -0.0981103 -0.995176 -6.93881e-06
    outer loop
      vertex 1.74199 3.69208 3.62176
      vertex 1.98295 3.66835 0
      vertex 1.77313 3.68901 3.6269
    endloop
  endfacet
  facet normal -0.0980451 -0.995182 -3.13342e-06
    outer loop
      vertex 1.77313 3.68901 3.6269
      vertex 1.98295 3.66835 0
      vertex 1.86235 3.68022 3.6477
    endloop
  endfacet
  facet normal -0.0979637 -0.99519 -4.16252e-07
    outer loop
      vertex 1.86235 3.68022 3.6477
      vertex 1.98295 3.66835 0
      vertex 1.95002 3.67159 3.6743
    endloop
  endfacet
  facet normal -0.0979177 -0.995195 0
    outer loop
      vertex 1.95002 3.67159 3.6743
      vertex 1.98295 3.66835 0
      vertex 1.98295 3.66835 3.68669
    endloop
  endfacet
  facet normal -0.729837 -0.683621 0
    outer loop
      vertex 4.28181 2.43958 0
      vertex 4.11629 2.61629 10
      vertex 4.11629 2.61629 0
    endloop
  endfacet
  facet normal -0.729837 -0.683621 0
    outer loop
      vertex 4.11629 2.61629 10
      vertex 4.28181 2.43958 0
      vertex 4.28181 2.43958 10
    endloop
  endfacet
  facet normal -0.471415 0.881911 0
    outer loop
      vertex 3.35 -3.20429 0
      vertex 3.13647 -3.31843 10
      vertex 3.35 -3.20429 10
    endloop
  endfacet
  facet normal -0.471415 0.881911 0
    outer loop
      vertex 3.13647 -3.31843 10
      vertex 3.35 -3.20429 0
      vertex 3.13647 -3.31843 0
    endloop
  endfacet
  facet normal 0.0327111 -0.999465 0
    outer loop
      vertex 1.25801 3.69208 10
      vertex 1.5 3.7 6.4
      vertex 1.5 3.7 10
    endloop
  endfacet
  facet normal 0.0327442 -0.999464 2.22535e-06
    outer loop
      vertex 1.25801 3.69208 10
      vertex 1.40843 3.697 6.397
      vertex 1.5 3.7 6.4
    endloop
  endfacet
  facet normal 0.0326688 -0.999466 -9.23602e-07
    outer loop
      vertex 1.25801 3.69208 10
      vertex 1.31726 3.69402 6.38802
      vertex 1.40843 3.697 6.397
    endloop
  endfacet
  facet normal 0.0327251 -0.999464 0
    outer loop
      vertex 1.31726 3.69402 6.38802
      vertex 1.25801 3.69208 10
      vertex 1.25801 3.69208 6.37824
    endloop
  endfacet
  facet normal 0.0327251 -0.999464 0
    outer loop
      vertex 1.25801 3.69208 0
      vertex 1.31726 3.69402 3.61198
      vertex 1.25801 3.69208 3.62176
    endloop
  endfacet
  facet normal 0.0326688 -0.999466 9.23602e-07
    outer loop
      vertex 1.25801 3.69208 0
      vertex 1.40843 3.697 3.603
      vertex 1.31726 3.69402 3.61198
    endloop
  endfacet
  facet normal 0.0327442 -0.999464 -2.22535e-06
    outer loop
      vertex 1.25801 3.69208 0
      vertex 1.5 3.7 3.6
      vertex 1.40843 3.697 3.603
    endloop
  endfacet
  facet normal 0.0327111 -0.999465 0
    outer loop
      vertex 1.5 3.7 3.6
      vertex 1.25801 3.69208 0
      vertex 1.5 3.7 0
    endloop
  endfacet
  facet normal -0.986644 -0.162893 0
    outer loop
      vertex 5.16835 0.482946 0
      vertex 5.12891 0.721834 10
      vertex 5.12891 0.721834 0
    endloop
  endfacet
  facet normal -0.986644 -0.162893 0
    outer loop
      vertex 5.12891 0.721834 10
      vertex 5.16835 0.482946 0
      vertex 5.16835 0.482946 10
    endloop
  endfacet
  facet normal -0.999465 0.032711 0
    outer loop
      vertex 5.19208 -0.241991 0
      vertex 5.2 0 10
      vertex 5.2 0 0
    endloop
  endfacet
  facet normal -0.999465 0.032711 0
    outer loop
      vertex 5.2 0 10
      vertex 5.19208 -0.241991 0
      vertex 5.19208 -0.241991 10
    endloop
  endfacet
  facet normal 0.773007 -0.634398 0
    outer loop
      vertex -1.43541 2.25242 10
      vertex -1.28181 2.43958 0
      vertex -1.28181 2.43958 10
    endloop
  endfacet
  facet normal 0.773007 -0.634398 0
    outer loop
      vertex -1.28181 2.43958 0
      vertex -1.43541 2.25242 10
      vertex -1.43541 2.25242 0
    endloop
  endfacet
  facet normal -0.999465 -0.032711 0
    outer loop
      vertex 5.2 0 0
      vertex 5.19208 0.241991 10
      vertex 5.19208 0.241991 0
    endloop
  endfacet
  facet normal -0.999465 -0.032711 0
    outer loop
      vertex 5.19208 0.241991 10
      vertex 5.2 0 0
      vertex 5.2 0 10
    endloop
  endfacet
  facet normal -0.582472 -0.812851 0
    outer loop
      vertex 3.55561 3.07644 0
      vertex 3.75242 2.93541 10
      vertex 3.55561 3.07644 10
    endloop
  endfacet
  facet normal -0.582472 -0.812851 -0
    outer loop
      vertex 3.75242 2.93541 10
      vertex 3.55561 3.07644 0
      vertex 3.75242 2.93541 0
    endloop
  endfacet
  facet normal 0.528047 -0.849215 0
    outer loop
      vertex -0.55561 3.07644 0
      vertex -0.349999 3.20429 10
      vertex -0.55561 3.07644 10
    endloop
  endfacet
  facet normal 0.528047 -0.849215 0
    outer loop
      vertex -0.349999 3.20429 10
      vertex -0.55561 3.07644 0
      vertex -0.349999 3.20429 0
    endloop
  endfacet
  facet normal 0.162895 -0.986643 0
    outer loop
      vertex 0.778165 3.62891 10
      vertex 1.01705 3.66835 6.31331
      vertex 1.01705 3.66835 10
    endloop
  endfacet
  facet normal 0.162923 -0.986639 1.82613e-06
    outer loop
      vertex 0.778165 3.62891 10
      vertex 0.964243 3.65963 6.29343
      vertex 1.01705 3.66835 6.31331
    endloop
  endfacet
  facet normal 0.162925 -0.986638 1.97202e-06
    outer loop
      vertex 0.778165 3.62891 10
      vertex 0.880795 3.64585 6.25562
      vertex 0.964243 3.65963 6.29343
    endloop
  endfacet
  facet normal 0.162901 -0.986642 1.28555e-06
    outer loop
      vertex 0.778165 3.62891 10
      vertex 0.799999 3.63251 6.21243
      vertex 0.880795 3.64585 6.25562
    endloop
  endfacet
  facet normal 0.162684 -0.986678 0
    outer loop
      vertex 0.799999 3.63251 6.21243
      vertex 0.778165 3.62891 10
      vertex 0.778165 3.62891 6.19886
    endloop
  endfacet
  facet normal 0.162684 -0.986678 0
    outer loop
      vertex 0.778165 3.62891 0
      vertex 0.799999 3.63251 3.78756
      vertex 0.778165 3.62891 3.80114
    endloop
  endfacet
  facet normal 0.162901 -0.986642 -1.28556e-06
    outer loop
      vertex 0.778165 3.62891 0
      vertex 0.880795 3.64585 3.74438
      vertex 0.799999 3.63251 3.78756
    endloop
  endfacet
  facet normal 0.162925 -0.986638 -1.97202e-06
    outer loop
      vertex 0.778165 3.62891 0
      vertex 0.964243 3.65963 3.70657
      vertex 0.880795 3.64585 3.74438
    endloop
  endfacet
  facet normal 0.162923 -0.986639 -1.82613e-06
    outer loop
      vertex 0.778165 3.62891 0
      vertex 1.01705 3.66835 3.68669
      vertex 0.964243 3.65963 3.70657
    endloop
  endfacet
  facet normal 0.162895 -0.986643 0
    outer loop
      vertex 1.01705 3.66835 3.68669
      vertex 0.778165 3.62891 0
      vertex 1.01705 3.66835 0
    endloop
  endfacet
  facet normal -0.956935 -0.290302 0
    outer loop
      vertex 5.07393 0.95763 0
      vertex 5.00364 1.18933 10
      vertex 5.00364 1.18933 0
    endloop
  endfacet
  facet normal -0.956935 -0.290302 0
    outer loop
      vertex 5.00364 1.18933 10
      vertex 5.07393 0.95763 0
      vertex 5.07393 0.95763 10
    endloop
  endfacet
  facet normal 0.995186 0.098009 0
    outer loop
      vertex -2.16835 -0.482946 10
      vertex -2.19208 -0.241991 0
      vertex -2.19208 -0.241991 10
    endloop
  endfacet
  facet normal 0.995186 0.098009 0
    outer loop
      vertex -2.19208 -0.241991 0
      vertex -2.16835 -0.482946 10
      vertex -2.16835 -0.482946 0
    endloop
  endfacet
  facet normal 0.528047 0.849215 -0
    outer loop
      vertex -0.349999 -3.20429 0
      vertex -0.55561 -3.07644 10
      vertex -0.349999 -3.20429 10
    endloop
  endfacet
  facet normal 0.528047 0.849215 0
    outer loop
      vertex -0.55561 -3.07644 10
      vertex -0.349999 -3.20429 0
      vertex -0.55561 -3.07644 0
    endloop
  endfacet
  facet normal -0.773007 -0.634398 0
    outer loop
      vertex 4.43541 2.25242 0
      vertex 4.28181 2.43958 10
      vertex 4.28181 2.43958 0
    endloop
  endfacet
  facet normal -0.773007 -0.634398 0
    outer loop
      vertex 4.28181 2.43958 10
      vertex 4.43541 2.25242 0
      vertex 4.43541 2.25242 10
    endloop
  endfacet
  facet normal -0.729837 0.683621 0
    outer loop
      vertex 4.11629 -2.61629 0
      vertex 4.28181 -2.43958 10
      vertex 4.28181 -2.43958 0
    endloop
  endfacet
  facet normal -0.729837 0.683621 0
    outer loop
      vertex 4.28181 -2.43958 10
      vertex 4.11629 -2.61629 0
      vertex 4.11629 -2.61629 10
    endloop
  endfacet
  facet normal -0.098007 0.995186 0
    outer loop
      vertex 1.98295 -3.66835 0
      vertex 1.74199 -3.69208 10
      vertex 1.98295 -3.66835 10
    endloop
  endfacet
  facet normal -0.098007 0.995186 0
    outer loop
      vertex 1.74199 -3.69208 10
      vertex 1.98295 -3.66835 0
      vertex 1.74199 -3.69208 0
    endloop
  endfacet
  facet normal -0.910872 -0.412689 0
    outer loop
      vertex 4.91835 1.41593 0
      vertex 4.81843 1.63647 10
      vertex 4.81843 1.63647 0
    endloop
  endfacet
  facet normal -0.910872 -0.412689 0
    outer loop
      vertex 4.81843 1.63647 10
      vertex 4.91835 1.41593 0
      vertex 4.91835 1.41593 10
    endloop
  endfacet
  facet normal -0.849214 0.528048 0
    outer loop
      vertex 4.57644 -2.05561 0
      vertex 4.70429 -1.85 10
      vertex 4.70429 -1.85 0
    endloop
  endfacet
  facet normal -0.849214 0.528048 0
    outer loop
      vertex 4.70429 -1.85 10
      vertex 4.57644 -2.05561 0
      vertex 4.57644 -2.05561 10
    endloop
  endfacet
  facet normal 0.999465 -0.032711 0
    outer loop
      vertex -2.2 0 10
      vertex -2.19208 0.241991 0
      vertex -2.19208 0.241991 10
    endloop
  endfacet
  facet normal 0.999465 -0.032711 0
    outer loop
      vertex -2.19208 0.241991 0
      vertex -2.2 0 10
      vertex -2.2 0 0
    endloop
  endfacet
  facet normal 0.729837 0.683621 0
    outer loop
      vertex -1.11629 -2.61629 10
      vertex -1.28181 -2.43958 0
      vertex -1.28181 -2.43958 10
    endloop
  endfacet
  facet normal 0.729837 0.683621 0
    outer loop
      vertex -1.28181 -2.43958 0
      vertex -1.11629 -2.61629 10
      vertex -1.11629 -2.61629 0
    endloop
  endfacet
  facet normal 0.290308 0.956933 -0
    outer loop
      vertex 0.542369 -3.57393 0
      vertex 0.310674 -3.50364 10
      vertex 0.542369 -3.57393 10
    endloop
  endfacet
  facet normal 0.290308 0.956933 0
    outer loop
      vertex 0.310674 -3.50364 10
      vertex 0.542369 -3.57393 0
      vertex 0.310674 -3.50364 0
    endloop
  endfacet
  facet normal 0.683619 -0.729839 0
    outer loop
      vertex -1.11629 2.61629 0
      vertex -0.939579 2.78181 10
      vertex -1.11629 2.61629 10
    endloop
  endfacet
  facet normal 0.683619 -0.729839 0
    outer loop
      vertex -0.939579 2.78181 10
      vertex -1.11629 2.61629 0
      vertex -0.939579 2.78181 0
    endloop
  endfacet
  facet normal 0.956935 0.290302 0
    outer loop
      vertex -2.00364 -1.18933 10
      vertex -2.07393 -0.95763 0
      vertex -2.07393 -0.95763 10
    endloop
  endfacet
  facet normal 0.956935 0.290302 0
    outer loop
      vertex -2.07393 -0.95763 0
      vertex -2.00364 -1.18933 10
      vertex -2.00364 -1.18933 0
    endloop
  endfacet
  facet normal -0.683621 -0.729837 0
    outer loop
      vertex 3.93958 2.78181 0
      vertex 4.11629 2.61629 10
      vertex 3.93958 2.78181 10
    endloop
  endfacet
  facet normal -0.683621 -0.729837 -0
    outer loop
      vertex 4.11629 2.61629 10
      vertex 3.93958 2.78181 0
      vertex 4.11629 2.61629 0
    endloop
  endfacet
  facet normal -0.528048 -0.849214 0
    outer loop
      vertex 3.35 3.20429 0
      vertex 3.55561 3.07644 10
      vertex 3.35 3.20429 10
    endloop
  endfacet
  facet normal -0.528048 -0.849214 -0
    outer loop
      vertex 3.55561 3.07644 10
      vertex 3.35 3.20429 0
      vertex 3.55561 3.07644 0
    endloop
  endfacet
  facet normal 0.986644 -0.162893 0
    outer loop
      vertex -2.16835 0.482946 10
      vertex -2.12891 0.721834 0
      vertex -2.12891 0.721834 10
    endloop
  endfacet
  facet normal 0.986644 -0.162893 0
    outer loop
      vertex -2.12891 0.721834 0
      vertex -2.16835 0.482946 10
      vertex -2.16835 0.482946 0
    endloop
  endfacet
  facet normal 0.999465 0.032711 0
    outer loop
      vertex -2.19208 -0.241991 10
      vertex -2.2 0 0
      vertex -2.2 0 10
    endloop
  endfacet
  facet normal 0.999465 0.032711 0
    outer loop
      vertex -2.2 0 0
      vertex -2.19208 -0.241991 10
      vertex -2.19208 -0.241991 0
    endloop
  endfacet
  facet normal -0.956935 0.290302 0
    outer loop
      vertex 5.00364 -1.18933 0
      vertex 5.07393 -0.95763 10
      vertex 5.07393 -0.95763 0
    endloop
  endfacet
  facet normal -0.956935 0.290302 0
    outer loop
      vertex 5.07393 -0.95763 10
      vertex 5.00364 -1.18933 0
      vertex 5.00364 -1.18933 10
    endloop
  endfacet
  facet normal 0.935901 0.352264 0
    outer loop
      vertex -1.91835 -1.41593 10
      vertex -2.00364 -1.18933 0
      vertex -2.00364 -1.18933 10
    endloop
  endfacet
  facet normal 0.935901 0.352264 0
    outer loop
      vertex -2.00364 -1.18933 0
      vertex -1.91835 -1.41593 10
      vertex -1.91835 -1.41593 0
    endloop
  endfacet
  facet normal 0.41269 -0.910872 0
    outer loop
      vertex -0.136468 3.31843 0
      vertex 0.0840712 3.41835 10
      vertex -0.136468 3.31843 10
    endloop
  endfacet
  facet normal 0.41269 -0.910872 0
    outer loop
      vertex 0.0840712 3.41835 10
      vertex -0.136468 3.31843 0
      vertex 0.0840712 3.41835 0
    endloop
  endfacet
  facet normal 0.098007 0.995186 -0
    outer loop
      vertex 1.25801 -3.69208 0
      vertex 1.01705 -3.66835 10
      vertex 1.25801 -3.69208 10
    endloop
  endfacet
  facet normal 0.098007 0.995186 0
    outer loop
      vertex 1.01705 -3.66835 10
      vertex 1.25801 -3.69208 0
      vertex 1.01705 -3.66835 0
    endloop
  endfacet
  facet normal 0.35226 -0.935902 0
    outer loop
      vertex 0.0840712 3.41835 10
      vertex 0.310674 3.50364 5.73716
      vertex 0.310674 3.50364 10
    endloop
  endfacet
  facet normal 0.352317 -0.935881 3.43476e-06
    outer loop
      vertex 0.0840712 3.41835 10
      vertex 0.287564 3.49494 5.7
      vertex 0.310674 3.50364 5.73716
    endloop
  endfacet
  facet normal 0.352179 -0.935932 -3.9714e-06
    outer loop
      vertex 0.0840712 3.41835 10
      vertex 0.244378 3.47869 5.6192
      vertex 0.287564 3.49494 5.7
    endloop
  endfacet
  facet normal 0.352238 -0.93591 -1.51426e-06
    outer loop
      vertex 0.0840712 3.41835 10
      vertex 0.206568 3.46446 5.53576
      vertex 0.244378 3.47869 5.6192
    endloop
  endfacet
  facet normal 0.352349 -0.935869 1.93939e-06
    outer loop
      vertex 0.0840712 3.41835 10
      vertex 0.174297 3.45231 5.45002
      vertex 0.206568 3.46446 5.53576
    endloop
  endfacet
  facet normal 0.352272 -0.935898 2.0341e-07
    outer loop
      vertex 0.0840712 3.41835 10
      vertex 0.147703 3.4423 5.36235
      vertex 0.174297 3.45231 5.45002
    endloop
  endfacet
  facet normal 0.352262 -0.935901 4.71275e-08
    outer loop
      vertex 0.0840712 3.41835 10
      vertex 0.1269 3.43447 5.27313
      vertex 0.147703 3.4423 5.36235
    endloop
  endfacet
  facet normal 0.351906 -0.936035 -3.63785e-06
    outer loop
      vertex 0.0840712 3.41835 10
      vertex 0.111977 3.42886 5.18274
      vertex 0.1269 3.43447 5.27313
    endloop
  endfacet
  facet normal 0.352276 -0.935896 -1.18911e-06
    outer loop
      vertex 0.0840712 3.41835 10
      vertex 0.102997 3.42548 5.09156
      vertex 0.111977 3.42886 5.18274
    endloop
  endfacet
  facet normal 0.352717 -0.93573 7.54779e-07
    outer loop
      vertex 0.0840712 3.41835 10
      vertex 0.0999994 3.42435 5
      vertex 0.102997 3.42548 5.09156
    endloop
  endfacet
  facet normal 0.35251 -0.935808 0
    outer loop
      vertex 0.0840712 3.41835 0
      vertex 0.0999994 3.42435 5
      vertex 0.0840712 3.41835 10
    endloop
  endfacet
  facet normal 0.352717 -0.93573 -7.54772e-07
    outer loop
      vertex 0.0840712 3.41835 0
      vertex 0.102997 3.42548 4.90843
      vertex 0.0999994 3.42435 5
    endloop
  endfacet
  facet normal 0.352276 -0.935896 1.18912e-06
    outer loop
      vertex 0.0840712 3.41835 0
      vertex 0.111977 3.42886 4.81726
      vertex 0.102997 3.42548 4.90843
    endloop
  endfacet
  facet normal 0.351906 -0.936035 3.63785e-06
    outer loop
      vertex 0.0840712 3.41835 0
      vertex 0.1269 3.43447 4.72687
      vertex 0.111977 3.42886 4.81726
    endloop
  endfacet
  facet normal 0.352262 -0.935901 -4.71275e-08
    outer loop
      vertex 0.0840712 3.41835 0
      vertex 0.147703 3.4423 4.63765
      vertex 0.1269 3.43447 4.72687
    endloop
  endfacet
  facet normal 0.352272 -0.935898 -2.0341e-07
    outer loop
      vertex 0.0840712 3.41835 0
      vertex 0.174297 3.45231 4.54998
      vertex 0.147703 3.4423 4.63765
    endloop
  endfacet
  facet normal 0.352349 -0.935869 -1.93939e-06
    outer loop
      vertex 0.0840712 3.41835 0
      vertex 0.206568 3.46446 4.46424
      vertex 0.174297 3.45231 4.54998
    endloop
  endfacet
  facet normal 0.352238 -0.93591 1.51426e-06
    outer loop
      vertex 0.0840712 3.41835 0
      vertex 0.244378 3.47869 4.3808
      vertex 0.206568 3.46446 4.46424
    endloop
  endfacet
  facet normal 0.352179 -0.935932 3.9714e-06
    outer loop
      vertex 0.0840712 3.41835 0
      vertex 0.287564 3.49494 4.3
      vertex 0.244378 3.47869 4.3808
    endloop
  endfacet
  facet normal 0.352317 -0.935881 -3.43476e-06
    outer loop
      vertex 0.0840712 3.41835 0
      vertex 0.310674 3.50364 4.26284
      vertex 0.287564 3.49494 4.3
    endloop
  endfacet
  facet normal 0.35226 -0.935902 0
    outer loop
      vertex 0.310674 3.50364 4.26284
      vertex 0.0840712 3.41835 0
      vertex 0.310674 3.50364 0
    endloop
  endfacet
  facet normal 0.290308 -0.956933 0
    outer loop
      vertex 0.310674 3.50364 10
      vertex 0.542369 3.57393 6.02022
      vertex 0.542369 3.57393 10
    endloop
  endfacet
  facet normal 0.290444 -0.956892 8.6453e-06
    outer loop
      vertex 0.310674 3.50364 10
      vertex 0.51005 3.56412 5.98995
      vertex 0.542369 3.57393 6.02022
    endloop
  endfacet
  facet normal 0.290319 -0.95693 1.89428e-06
    outer loop
      vertex 0.310674 3.50364 10
      vertex 0.447424 3.54512 5.92308
      vertex 0.51005 3.56412 5.98995
    endloop
  endfacet
  facet normal 0.290281 -0.956941 4.90364e-07
    outer loop
      vertex 0.310674 3.50364 10
      vertex 0.389305 3.52749 5.85227
      vertex 0.447424 3.54512 5.92308
    endloop
  endfacet
  facet normal 0.290164 -0.956977 -1.92907e-06
    outer loop
      vertex 0.310674 3.50364 10
      vertex 0.335942 3.51131 5.7778
      vertex 0.389305 3.52749 5.85227
    endloop
  endfacet
  facet normal 0.290459 -0.956887 0
    outer loop
      vertex 0.335942 3.51131 5.7778
      vertex 0.310674 3.50364 10
      vertex 0.310674 3.50364 5.73716
    endloop
  endfacet
  facet normal 0.290459 -0.956887 0
    outer loop
      vertex 0.310674 3.50364 0
      vertex 0.335942 3.51131 4.2222
      vertex 0.310674 3.50364 4.26284
    endloop
  endfacet
  facet normal 0.290164 -0.956977 1.92907e-06
    outer loop
      vertex 0.310674 3.50364 0
      vertex 0.389305 3.52749 4.14773
      vertex 0.335942 3.51131 4.2222
    endloop
  endfacet
  facet normal 0.290281 -0.956941 -4.90364e-07
    outer loop
      vertex 0.310674 3.50364 0
      vertex 0.447424 3.54512 4.07692
      vertex 0.389305 3.52749 4.14773
    endloop
  endfacet
  facet normal 0.290319 -0.95693 -1.89428e-06
    outer loop
      vertex 0.310674 3.50364 0
      vertex 0.51005 3.56412 4.01005
      vertex 0.447424 3.54512 4.07692
    endloop
  endfacet
  facet normal 0.290444 -0.956892 -8.6453e-06
    outer loop
      vertex 0.310674 3.50364 0
      vertex 0.542369 3.57393 3.97978
      vertex 0.51005 3.56412 4.01005
    endloop
  endfacet
  facet normal 0.290308 -0.956933 0
    outer loop
      vertex 0.542369 3.57393 3.97978
      vertex 0.310674 3.50364 0
      vertex 0.542369 3.57393 0
    endloop
  endfacet
  facet normal -0.634398 -0.773007 0
    outer loop
      vertex 3.75242 2.93541 0
      vertex 3.93958 2.78181 10
      vertex 3.75242 2.93541 10
    endloop
  endfacet
  facet normal -0.634398 -0.773007 -0
    outer loop
      vertex 3.93958 2.78181 10
      vertex 3.75242 2.93541 0
      vertex 3.93958 2.78181 0
    endloop
  endfacet
  facet normal -0.881911 0.471415 0
    outer loop
      vertex 4.70429 -1.85 0
      vertex 4.81843 -1.63647 10
      vertex 4.81843 -1.63647 0
    endloop
  endfacet
  facet normal -0.881911 0.471415 0
    outer loop
      vertex 4.81843 -1.63647 10
      vertex 4.70429 -1.85 0
      vertex 4.70429 -1.85 10
    endloop
  endfacet
  facet normal 0.881911 0.471415 0
    outer loop
      vertex -1.70429 -1.85 10
      vertex -1.81843 -1.63647 0
      vertex -1.81843 -1.63647 10
    endloop
  endfacet
  facet normal 0.881911 0.471415 0
    outer loop
      vertex -1.81843 -1.63647 0
      vertex -1.70429 -1.85 10
      vertex -1.70429 -1.85 0
    endloop
  endfacet
  facet normal -0.986644 0.162893 0
    outer loop
      vertex 5.12891 -0.721834 0
      vertex 5.16835 -0.482946 10
      vertex 5.16835 -0.482946 0
    endloop
  endfacet
  facet normal -0.986644 0.162893 0
    outer loop
      vertex 5.16835 -0.482946 10
      vertex 5.12891 -0.721834 0
      vertex 5.12891 -0.721834 10
    endloop
  endfacet
  facet normal 0.0327111 0.999465 -0
    outer loop
      vertex 1.5 -3.7 0
      vertex 1.25801 -3.69208 10
      vertex 1.5 -3.7 10
    endloop
  endfacet
  facet normal 0.0327111 0.999465 0
    outer loop
      vertex 1.25801 -3.69208 10
      vertex 1.5 -3.7 0
      vertex 1.25801 -3.69208 0
    endloop
  endfacet
  facet normal -0.412689 0.910872 0
    outer loop
      vertex 3.13647 -3.31843 0
      vertex 2.91593 -3.41835 10
      vertex 3.13647 -3.31843 10
    endloop
  endfacet
  facet normal -0.412689 0.910872 0
    outer loop
      vertex 2.91593 -3.41835 10
      vertex 3.13647 -3.31843 0
      vertex 2.91593 -3.41835 0
    endloop
  endfacet
  facet normal -0.0327111 -0.999465 0
    outer loop
      vertex 1.5 3.7 6.4
      vertex 1.74199 3.69208 10
      vertex 1.5 3.7 10
    endloop
  endfacet
  facet normal -0.0327477 -0.999464 2.46521e-06
    outer loop
      vertex 1.59156 3.697 6.397
      vertex 1.74199 3.69208 10
      vertex 1.5 3.7 6.4
    endloop
  endfacet
  facet normal -0.0326653 -0.999466 -9.8228e-07
    outer loop
      vertex 1.68274 3.69402 6.38802
      vertex 1.74199 3.69208 10
      vertex 1.59156 3.697 6.397
    endloop
  endfacet
  facet normal -0.0327251 -0.999464 -0
    outer loop
      vertex 1.74199 3.69208 10
      vertex 1.68274 3.69402 6.38802
      vertex 1.74199 3.69208 6.37824
    endloop
  endfacet
  facet normal -0.0327478 -0.999464 0
    outer loop
      vertex 1.5 3.7 0
      vertex 1.59156 3.697 3.603
      vertex 1.5 3.7 3.6
    endloop
  endfacet
  facet normal -0.0327111 -0.999465 -9.34021e-07
    outer loop
      vertex 1.74199 3.69208 0
      vertex 1.59156 3.697 3.603
      vertex 1.5 3.7 0
    endloop
  endfacet
  facet normal -0.0326653 -0.999466 9.8228e-07
    outer loop
      vertex 1.59156 3.697 3.603
      vertex 1.74199 3.69208 0
      vertex 1.68274 3.69402 3.61198
    endloop
  endfacet
  facet normal -0.0327251 -0.999464 0
    outer loop
      vertex 1.68274 3.69402 3.61198
      vertex 1.74199 3.69208 0
      vertex 1.74199 3.69208 3.62176
    endloop
  endfacet
  facet normal 0.956935 -0.290302 0
    outer loop
      vertex -2.07393 0.95763 10
      vertex -2.00364 1.18933 0
      vertex -2.00364 1.18933 10
    endloop
  endfacet
  facet normal 0.956935 -0.290302 0
    outer loop
      vertex -2.00364 1.18933 0
      vertex -2.07393 0.95763 10
      vertex -2.07393 0.95763 0
    endloop
  endfacet
  facet normal 0.098007 -0.995186 0
    outer loop
      vertex 1.01705 3.66835 10
      vertex 1.25801 3.69208 6.37824
      vertex 1.25801 3.69208 10
    endloop
  endfacet
  facet normal 0.0981103 -0.995176 6.93881e-06
    outer loop
      vertex 1.01705 3.66835 10
      vertex 1.22687 3.68901 6.3731
      vertex 1.25801 3.69208 6.37824
    endloop
  endfacet
  facet normal 0.0980451 -0.995182 3.13342e-06
    outer loop
      vertex 1.01705 3.66835 10
      vertex 1.13765 3.68022 6.3523
      vertex 1.22687 3.68901 6.3731
    endloop
  endfacet
  facet normal 0.0979637 -0.99519 4.16252e-07
    outer loop
      vertex 1.01705 3.66835 10
      vertex 1.04998 3.67159 6.3257
      vertex 1.13765 3.68022 6.3523
    endloop
  endfacet
  facet normal 0.0979177 -0.995195 0
    outer loop
      vertex 1.04998 3.67159 6.3257
      vertex 1.01705 3.66835 10
      vertex 1.01705 3.66835 6.31331
    endloop
  endfacet
  facet normal 0.0979177 -0.995195 0
    outer loop
      vertex 1.01705 3.66835 0
      vertex 1.04998 3.67159 3.6743
      vertex 1.01705 3.66835 3.68669
    endloop
  endfacet
  facet normal 0.0979637 -0.99519 -4.16252e-07
    outer loop
      vertex 1.01705 3.66835 0
      vertex 1.13765 3.68022 3.6477
      vertex 1.04998 3.67159 3.6743
    endloop
  endfacet
  facet normal 0.0980451 -0.995182 -3.13342e-06
    outer loop
      vertex 1.01705 3.66835 0
      vertex 1.22687 3.68901 3.6269
      vertex 1.13765 3.68022 3.6477
    endloop
  endfacet
  facet normal 0.0981103 -0.995176 -6.93881e-06
    outer loop
      vertex 1.01705 3.66835 0
      vertex 1.25801 3.69208 3.62176
      vertex 1.22687 3.68901 3.6269
    endloop
  endfacet
  facet normal 0.098007 -0.995186 0
    outer loop
      vertex 1.25801 3.69208 3.62176
      vertex 1.01705 3.66835 0
      vertex 1.25801 3.69208 0
    endloop
  endfacet
  facet normal -0.773007 0.634398 0
    outer loop
      vertex 4.28181 -2.43958 0
      vertex 4.43541 -2.25242 10
      vertex 4.43541 -2.25242 0
    endloop
  endfacet
  facet normal -0.773007 0.634398 0
    outer loop
      vertex 4.43541 -2.25242 10
      vertex 4.28181 -2.43958 0
      vertex 4.28181 -2.43958 10
    endloop
  endfacet
  facet normal -0.352264 0.935901 0
    outer loop
      vertex 2.91593 -3.41835 0
      vertex 2.68933 -3.50364 10
      vertex 2.91593 -3.41835 10
    endloop
  endfacet
  facet normal -0.352264 0.935901 0
    outer loop
      vertex 2.68933 -3.50364 10
      vertex 2.91593 -3.41835 0
      vertex 2.68933 -3.50364 0
    endloop
  endfacet
  facet normal -0.162898 0.986643 0
    outer loop
      vertex 2.22183 -3.62891 0
      vertex 1.98295 -3.66835 10
      vertex 2.22183 -3.62891 10
    endloop
  endfacet
  facet normal -0.162898 0.986643 0
    outer loop
      vertex 1.98295 -3.66835 10
      vertex 2.22183 -3.62891 0
      vertex 1.98295 -3.66835 0
    endloop
  endfacet
  facet normal -0.0327111 0.999465 0
    outer loop
      vertex 1.74199 -3.69208 0
      vertex 1.5 -3.7 10
      vertex 1.74199 -3.69208 10
    endloop
  endfacet
  facet normal -0.0327111 0.999465 0
    outer loop
      vertex 1.5 -3.7 10
      vertex 1.74199 -3.69208 0
      vertex 1.5 -3.7 0
    endloop
  endfacet
  facet normal -0.910872 0.412689 0
    outer loop
      vertex 4.81843 -1.63647 0
      vertex 4.91835 -1.41593 10
      vertex 4.91835 -1.41593 0
    endloop
  endfacet
  facet normal -0.910872 0.412689 0
    outer loop
      vertex 4.91835 -1.41593 10
      vertex 4.81843 -1.63647 0
      vertex 4.81843 -1.63647 10
    endloop
  endfacet
  facet normal 0.683619 0.729839 -0
    outer loop
      vertex -0.939579 -2.78181 0
      vertex -1.11629 -2.61629 10
      vertex -0.939579 -2.78181 10
    endloop
  endfacet
  facet normal 0.683619 0.729839 0
    outer loop
      vertex -1.11629 -2.61629 10
      vertex -0.939579 -2.78181 0
      vertex -1.11629 -2.61629 0
    endloop
  endfacet
  facet normal 0.773007 0.634398 0
    outer loop
      vertex -1.28181 -2.43958 10
      vertex -1.43541 -2.25242 0
      vertex -1.43541 -2.25242 10
    endloop
  endfacet
  facet normal 0.773007 0.634398 0
    outer loop
      vertex -1.43541 -2.25242 0
      vertex -1.28181 -2.43958 10
      vertex -1.28181 -2.43958 0
    endloop
  endfacet
  facet normal -0.227073 0.973878 0
    outer loop
      vertex 2.45763 -3.57393 0
      vertex 2.22183 -3.62891 10
      vertex 2.45763 -3.57393 10
    endloop
  endfacet
  facet normal -0.227073 0.973878 0
    outer loop
      vertex 2.22183 -3.62891 10
      vertex 2.45763 -3.57393 0
      vertex 2.22183 -3.62891 0
    endloop
  endfacet
  facet normal 0.471414 -0.881912 0
    outer loop
      vertex -0.349999 3.20429 0
      vertex -0.136468 3.31843 10
      vertex -0.349999 3.20429 10
    endloop
  endfacet
  facet normal 0.471414 -0.881912 0
    outer loop
      vertex -0.136468 3.31843 10
      vertex -0.349999 3.20429 0
      vertex -0.136468 3.31843 0
    endloop
  endfacet
  facet normal 0.227077 -0.973877 0
    outer loop
      vertex 0.542369 3.57393 10
      vertex 0.778165 3.62891 6.19886
      vertex 0.778165 3.62891 10
    endloop
  endfacet
  facet normal 0.227093 -0.973873 1.04505e-06
    outer loop
      vertex 0.542369 3.57393 10
      vertex 0.722201 3.61586 6.16406
      vertex 0.778165 3.62891 6.19886
    endloop
  endfacet
  facet normal 0.227157 -0.973858 4.22374e-06
    outer loop
      vertex 0.542369 3.57393 10
      vertex 0.647734 3.59849 6.11069
      vertex 0.722201 3.61586 6.16406
    endloop
  endfacet
  facet normal 0.227044 -0.973885 9.89499e-07
    outer loop
      vertex 0.542369 3.57393 10
      vertex 0.576916 3.58198 6.05258
      vertex 0.647734 3.59849 6.11069
    endloop
  endfacet
  facet normal 0.226936 -0.97391 0
    outer loop
      vertex 0.576916 3.58198 6.05258
      vertex 0.542369 3.57393 10
      vertex 0.542369 3.57393 6.02022
    endloop
  endfacet
  facet normal 0.226936 -0.97391 0
    outer loop
      vertex 0.542369 3.57393 0
      vertex 0.576916 3.58198 3.94742
      vertex 0.542369 3.57393 3.97978
    endloop
  endfacet
  facet normal 0.227044 -0.973885 -9.89499e-07
    outer loop
      vertex 0.542369 3.57393 0
      vertex 0.647734 3.59849 3.88931
      vertex 0.576916 3.58198 3.94742
    endloop
  endfacet
  facet normal 0.227157 -0.973858 -4.22374e-06
    outer loop
      vertex 0.542369 3.57393 0
      vertex 0.722201 3.61586 3.83594
      vertex 0.647734 3.59849 3.88931
    endloop
  endfacet
  facet normal 0.227093 -0.973873 -1.04505e-06
    outer loop
      vertex 0.542369 3.57393 0
      vertex 0.778165 3.62891 3.80114
      vertex 0.722201 3.61586 3.83594
    endloop
  endfacet
  facet normal 0.227077 -0.973877 0
    outer loop
      vertex 0.778165 3.62891 3.80114
      vertex 0.542369 3.57393 0
      vertex 0.778165 3.62891 0
    endloop
  endfacet
  facet normal 0.935901 -0.352264 0
    outer loop
      vertex -2.00364 1.18933 10
      vertex -1.91835 1.41593 0
      vertex -1.91835 1.41593 10
    endloop
  endfacet
  facet normal 0.935901 -0.352264 0
    outer loop
      vertex -1.91835 1.41593 0
      vertex -2.00364 1.18933 10
      vertex -2.00364 1.18933 0
    endloop
  endfacet
  facet normal 0.812851 -0.582472 0
    outer loop
      vertex -1.57644 2.05561 10
      vertex -1.43541 2.25242 0
      vertex -1.43541 2.25242 10
    endloop
  endfacet
  facet normal 0.812851 -0.582472 0
    outer loop
      vertex -1.43541 2.25242 0
      vertex -1.57644 2.05561 10
      vertex -1.57644 2.05561 0
    endloop
  endfacet
  facet normal 0.986644 0.162893 0
    outer loop
      vertex -2.12891 -0.721834 10
      vertex -2.16835 -0.482946 0
      vertex -2.16835 -0.482946 10
    endloop
  endfacet
  facet normal 0.986644 0.162893 0
    outer loop
      vertex -2.16835 -0.482946 0
      vertex -2.12891 -0.721834 10
      vertex -2.12891 -0.721834 0
    endloop
  endfacet
  facet normal 0.471414 0.881912 -0
    outer loop
      vertex -0.136468 -3.31843 0
      vertex -0.349999 -3.20429 10
      vertex -0.136468 -3.31843 10
    endloop
  endfacet
  facet normal 0.471414 0.881912 0
    outer loop
      vertex -0.349999 -3.20429 10
      vertex -0.136468 -3.31843 0
      vertex -0.349999 -3.20429 0
    endloop
  endfacet
  facet normal 0.849214 0.528048 0
    outer loop
      vertex -1.57644 -2.05561 10
      vertex -1.70429 -1.85 0
      vertex -1.70429 -1.85 10
    endloop
  endfacet
  facet normal 0.849214 0.528048 0
    outer loop
      vertex -1.70429 -1.85 0
      vertex -1.57644 -2.05561 10
      vertex -1.57644 -2.05561 0
    endloop
  endfacet
  facet normal 0.995186 -0.098009 0
    outer loop
      vertex -2.19208 0.241991 10
      vertex -2.16835 0.482946 0
      vertex -2.16835 0.482946 10
    endloop
  endfacet
  facet normal 0.995186 -0.098009 0
    outer loop
      vertex -2.16835 0.482946 0
      vertex -2.19208 0.241991 10
      vertex -2.19208 0.241991 0
    endloop
  endfacet
  facet normal 0.634394 0.77301 -0
    outer loop
      vertex -0.752417 -2.93541 0
      vertex -0.939579 -2.78181 10
      vertex -0.752417 -2.93541 10
    endloop
  endfacet
  facet normal 0.634394 0.77301 0
    outer loop
      vertex -0.939579 -2.78181 10
      vertex -0.752417 -2.93541 0
      vertex -0.939579 -2.78181 0
    endloop
  endfacet
  facet normal -0.935901 -0.352264 0
    outer loop
      vertex 5.00364 1.18933 0
      vertex 4.91835 1.41593 10
      vertex 4.91835 1.41593 0
    endloop
  endfacet
  facet normal -0.935901 -0.352264 0
    outer loop
      vertex 4.91835 1.41593 10
      vertex 5.00364 1.18933 0
      vertex 5.00364 1.18933 10
    endloop
  endfacet
  facet normal 0.973877 0.227077 0
    outer loop
      vertex -2.07393 -0.95763 10
      vertex -2.12891 -0.721834 0
      vertex -2.12891 -0.721834 10
    endloop
  endfacet
  facet normal 0.973877 0.227077 0
    outer loop
      vertex -2.12891 -0.721834 0
      vertex -2.07393 -0.95763 10
      vertex -2.07393 -0.95763 0
    endloop
  endfacet
  facet normal -0.290302 -0.956935 0
    outer loop
      vertex 2.45763 3.57393 6.02022
      vertex 2.68933 3.50364 10
      vertex 2.45763 3.57393 10
    endloop
  endfacet
  facet normal -0.290436 -0.956895 8.49522e-06
    outer loop
      vertex 2.48995 3.56412 5.98995
      vertex 2.68933 3.50364 10
      vertex 2.45763 3.57393 6.02022
    endloop
  endfacet
  facet normal -0.290303 -0.956935 1.29385e-06
    outer loop
      vertex 2.55258 3.54512 5.92308
      vertex 2.68933 3.50364 10
      vertex 2.48995 3.56412 5.98995
    endloop
  endfacet
  facet normal -0.290321 -0.956929 1.93914e-06
    outer loop
      vertex 2.61069 3.52749 5.85227
      vertex 2.68933 3.50364 10
      vertex 2.55258 3.54512 5.92308
    endloop
  endfacet
  facet normal -0.290129 -0.956987 -2.01867e-06
    outer loop
      vertex 2.66406 3.51131 5.7778
      vertex 2.68933 3.50364 10
      vertex 2.61069 3.52749 5.85227
    endloop
  endfacet
  facet normal -0.290438 -0.956894 -0
    outer loop
      vertex 2.68933 3.50364 10
      vertex 2.66406 3.51131 5.7778
      vertex 2.68933 3.50364 5.73716
    endloop
  endfacet
  facet normal -0.290302 -0.956935 0
    outer loop
      vertex 2.68933 3.50364 0
      vertex 2.45763 3.57393 3.97978
      vertex 2.45763 3.57393 0
    endloop
  endfacet
  facet normal -0.290436 -0.956895 -8.49522e-06
    outer loop
      vertex 2.45763 3.57393 3.97978
      vertex 2.68933 3.50364 0
      vertex 2.48995 3.56412 4.01005
    endloop
  endfacet
  facet normal -0.290303 -0.956935 -1.29385e-06
    outer loop
      vertex 2.48995 3.56412 4.01005
      vertex 2.68933 3.50364 0
      vertex 2.55258 3.54512 4.07692
    endloop
  endfacet
  facet normal -0.290321 -0.956929 -1.93914e-06
    outer loop
      vertex 2.55258 3.54512 4.07692
      vertex 2.68933 3.50364 0
      vertex 2.61069 3.52749 4.14773
    endloop
  endfacet
  facet normal -0.290129 -0.956987 2.01867e-06
    outer loop
      vertex 2.61069 3.52749 4.14773
      vertex 2.68933 3.50364 0
      vertex 2.66406 3.51131 4.2222
    endloop
  endfacet
  facet normal -0.290438 -0.956894 0
    outer loop
      vertex 2.66406 3.51131 4.2222
      vertex 2.68933 3.50364 0
      vertex 2.68933 3.50364 4.26284
    endloop
  endfacet
  facet normal -0.162898 -0.986643 0
    outer loop
      vertex 1.98295 3.66835 6.31331
      vertex 2.22183 3.62891 10
      vertex 1.98295 3.66835 10
    endloop
  endfacet
  facet normal -0.162914 -0.98664 1.02501e-06
    outer loop
      vertex 2.03576 3.65963 6.29343
      vertex 2.22183 3.62891 10
      vertex 1.98295 3.66835 6.31331
    endloop
  endfacet
  facet normal -0.16294 -0.986636 2.39491e-06
    outer loop
      vertex 2.1192 3.64585 6.25562
      vertex 2.22183 3.62891 10
      vertex 2.03576 3.65963 6.29343
    endloop
  endfacet
  facet normal -0.162893 -0.986644 1.06771e-06
    outer loop
      vertex 2.2 3.63251 6.21243
      vertex 2.22183 3.62891 10
      vertex 2.1192 3.64585 6.25562
    endloop
  endfacet
  facet normal -0.162713 -0.986673 -0
    outer loop
      vertex 2.22183 3.62891 10
      vertex 2.2 3.63251 6.21243
      vertex 2.22183 3.62891 6.19886
    endloop
  endfacet
  facet normal -0.162898 -0.986643 0
    outer loop
      vertex 2.22183 3.62891 0
      vertex 1.98295 3.66835 3.68669
      vertex 1.98295 3.66835 0
    endloop
  endfacet
  facet normal -0.162914 -0.98664 -1.02501e-06
    outer loop
      vertex 1.98295 3.66835 3.68669
      vertex 2.22183 3.62891 0
      vertex 2.03576 3.65963 3.70657
    endloop
  endfacet
  facet normal -0.16294 -0.986636 -2.39491e-06
    outer loop
      vertex 2.03576 3.65963 3.70657
      vertex 2.22183 3.62891 0
      vertex 2.1192 3.64585 3.74438
    endloop
  endfacet
  facet normal -0.162893 -0.986644 -1.06771e-06
    outer loop
      vertex 2.1192 3.64585 3.74438
      vertex 2.22183 3.62891 0
      vertex 2.2 3.63251 3.78756
    endloop
  endfacet
  facet normal -0.162713 -0.986673 0
    outer loop
      vertex 2.2 3.63251 3.78756
      vertex 2.22183 3.62891 0
      vertex 2.22183 3.62891 3.80114
    endloop
  endfacet
  facet normal -0.528048 0.849214 0
    outer loop
      vertex 3.55561 -3.07644 0
      vertex 3.35 -3.20429 10
      vertex 3.55561 -3.07644 10
    endloop
  endfacet
  facet normal -0.528048 0.849214 0
    outer loop
      vertex 3.35 -3.20429 10
      vertex 3.55561 -3.07644 0
      vertex 3.35 -3.20429 0
    endloop
  endfacet
  facet normal 0.227077 0.973877 -0
    outer loop
      vertex 0.778165 -3.62891 0
      vertex 0.542369 -3.57393 10
      vertex 0.778165 -3.62891 10
    endloop
  endfacet
  facet normal 0.227077 0.973877 0
    outer loop
      vertex 0.542369 -3.57393 10
      vertex 0.778165 -3.62891 0
      vertex 0.542369 -3.57393 0
    endloop
  endfacet
  facet normal -0.471415 -0.881911 0
    outer loop
      vertex 3.13647 3.31843 0
      vertex 3.35 3.20429 10
      vertex 3.13647 3.31843 10
    endloop
  endfacet
  facet normal -0.471415 -0.881911 -0
    outer loop
      vertex 3.35 3.20429 10
      vertex 3.13647 3.31843 0
      vertex 3.35 3.20429 0
    endloop
  endfacet
  facet normal -0.582472 0.812851 0
    outer loop
      vertex 3.75242 -2.93541 0
      vertex 3.55561 -3.07644 10
      vertex 3.75242 -2.93541 10
    endloop
  endfacet
  facet normal -0.582472 0.812851 0
    outer loop
      vertex 3.55561 -3.07644 10
      vertex 3.75242 -2.93541 0
      vertex 3.55561 -3.07644 0
    endloop
  endfacet
  facet normal 0.162895 0.986643 -0
    outer loop
      vertex 1.01705 -3.66835 0
      vertex 0.778165 -3.62891 10
      vertex 1.01705 -3.66835 10
    endloop
  endfacet
  facet normal 0.162895 0.986643 0
    outer loop
      vertex 0.778165 -3.62891 10
      vertex 1.01705 -3.66835 0
      vertex 0.778165 -3.62891 0
    endloop
  endfacet
  facet normal 0.910872 -0.412689 0
    outer loop
      vertex -1.91835 1.41593 10
      vertex -1.81843 1.63647 0
      vertex -1.81843 1.63647 10
    endloop
  endfacet
  facet normal 0.910872 -0.412689 0
    outer loop
      vertex -1.81843 1.63647 0
      vertex -1.91835 1.41593 10
      vertex -1.91835 1.41593 0
    endloop
  endfacet
  facet normal -0.812851 -0.582472 0
    outer loop
      vertex 4.57644 2.05561 0
      vertex 4.43541 2.25242 10
      vertex 4.43541 2.25242 0
    endloop
  endfacet
  facet normal -0.812851 -0.582472 0
    outer loop
      vertex 4.43541 2.25242 10
      vertex 4.57644 2.05561 0
      vertex 4.57644 2.05561 10
    endloop
  endfacet
  facet normal 0.849214 -0.528048 0
    outer loop
      vertex -1.70429 1.85 10
      vertex -1.57644 2.05561 0
      vertex -1.57644 2.05561 10
    endloop
  endfacet
  facet normal 0.849214 -0.528048 0
    outer loop
      vertex -1.57644 2.05561 0
      vertex -1.70429 1.85 10
      vertex -1.70429 1.85 0
    endloop
  endfacet
  facet normal 0.634394 -0.77301 0
    outer loop
      vertex -0.939579 2.78181 0
      vertex -0.752417 2.93541 10
      vertex -0.939579 2.78181 10
    endloop
  endfacet
  facet normal 0.634394 -0.77301 0
    outer loop
      vertex -0.752417 2.93541 10
      vertex -0.939579 2.78181 0
      vertex -0.752417 2.93541 0
    endloop
  endfacet
  facet normal 0.582478 -0.812846 0
    outer loop
      vertex -0.752417 2.93541 0
      vertex -0.55561 3.07644 10
      vertex -0.752417 2.93541 10
    endloop
  endfacet
  facet normal 0.582478 -0.812846 0
    outer loop
      vertex -0.55561 3.07644 10
      vertex -0.752417 2.93541 0
      vertex -0.55561 3.07644 0
    endloop
  endfacet
  facet normal -0.227073 -0.973878 0
    outer loop
      vertex 2.22183 3.62891 6.19886
      vertex 2.45763 3.57393 10
      vertex 2.22183 3.62891 10
    endloop
  endfacet
  facet normal -0.22707 -0.973878 -1.78948e-07
    outer loop
      vertex 2.2778 3.61586 6.16406
      vertex 2.45763 3.57393 10
      vertex 2.22183 3.62891 6.19886
    endloop
  endfacet
  facet normal -0.227149 -0.97386 3.69411e-06
    outer loop
      vertex 2.35227 3.59849 6.11069
      vertex 2.45763 3.57393 10
      vertex 2.2778 3.61586 6.16406
    endloop
  endfacet
  facet normal -0.227068 -0.973879 1.38372e-06
    outer loop
      vertex 2.42308 3.58198 6.05258
      vertex 2.45763 3.57393 10
      vertex 2.35227 3.59849 6.11069
    endloop
  endfacet
  facet normal -0.226918 -0.973914 -0
    outer loop
      vertex 2.45763 3.57393 10
      vertex 2.42308 3.58198 6.05258
      vertex 2.45763 3.57393 6.02022
    endloop
  endfacet
  facet normal -0.227073 -0.973878 0
    outer loop
      vertex 2.45763 3.57393 0
      vertex 2.22183 3.62891 3.80114
      vertex 2.22183 3.62891 0
    endloop
  endfacet
  facet normal -0.22707 -0.973878 1.78948e-07
    outer loop
      vertex 2.22183 3.62891 3.80114
      vertex 2.45763 3.57393 0
      vertex 2.2778 3.61586 3.83594
    endloop
  endfacet
  facet normal -0.227149 -0.97386 -3.69411e-06
    outer loop
      vertex 2.2778 3.61586 3.83594
      vertex 2.45763 3.57393 0
      vertex 2.35227 3.59849 3.88931
    endloop
  endfacet
  facet normal -0.227068 -0.973879 -1.38372e-06
    outer loop
      vertex 2.35227 3.59849 3.88931
      vertex 2.45763 3.57393 0
      vertex 2.42308 3.58198 3.94742
    endloop
  endfacet
  facet normal -0.226918 -0.973914 0
    outer loop
      vertex 2.42308 3.58198 3.94742
      vertex 2.45763 3.57393 0
      vertex 2.45763 3.57393 3.97978
    endloop
  endfacet
  facet normal 0.973877 -0.227077 0
    outer loop
      vertex -2.12891 0.721834 10
      vertex -2.07393 0.95763 0
      vertex -2.07393 0.95763 10
    endloop
  endfacet
  facet normal 0.973877 -0.227077 0
    outer loop
      vertex -2.07393 0.95763 0
      vertex -2.12891 0.721834 10
      vertex -2.12891 0.721834 0
    endloop
  endfacet
  facet normal -0.634398 0.773007 0
    outer loop
      vertex 3.93958 -2.78181 0
      vertex 3.75242 -2.93541 10
      vertex 3.93958 -2.78181 10
    endloop
  endfacet
  facet normal -0.634398 0.773007 0
    outer loop
      vertex 3.75242 -2.93541 10
      vertex 3.93958 -2.78181 0
      vertex 3.75242 -2.93541 0
    endloop
  endfacet
  facet normal 0.0327443 0 -0.999464
    outer loop
      vertex 1.40843 3.697 6.397
      vertex 1.5 10.8953 6.4
      vertex 1.5 3.7 6.4
    endloop
  endfacet
  facet normal 0.0327443 0 -0.999464
    outer loop
      vertex 1.40843 10.9086 6.397
      vertex 1.5 10.8953 6.4
      vertex 1.40843 3.697 6.397
    endloop
  endfacet
  facet normal 0.0331581 0.00285314 -0.999446
    outer loop
      vertex 1.5 10.8953 6.4
      vertex 1.40843 10.9086 6.397
      vertex 1.43579 10.9059 6.3979
    endloop
  endfacet
  facet normal -0.227043 0 -0.973885
    outer loop
      vertex 1.77313 3.68901 6.3731
      vertex 1.86235 10.8355 6.3523
      vertex 1.86235 3.68022 6.3523
    endloop
  endfacet
  facet normal -0.227043 0 -0.973885
    outer loop
      vertex 1.86235 10.8355 6.3523
      vertex 1.77313 3.68901 6.3731
      vertex 1.77313 10.8502 6.3731
    endloop
  endfacet
  facet normal 0.956942 0 0.290281
    outer loop
      vertex 0.147703 10.9952 4.63765
      vertex 0.174297 3.45231 4.54998
      vertex 0.174297 10.9943 4.54998
    endloop
  endfacet
  facet normal 0.956942 0 0.290281
    outer loop
      vertex 0.174297 3.45231 4.54998
      vertex 0.147703 10.9952 4.63765
      vertex 0.147703 3.4423 4.63765
    endloop
  endfacet
  facet normal 0.634336 0 0.773058
    outer loop
      vertex 0.576916 10.9811 3.94742
      vertex 0.647734 3.59849 3.88931
      vertex 0.647734 10.9788 3.88931
    endloop
  endfacet
  facet normal 0.634336 0 0.773058
    outer loop
      vertex 0.647734 3.59849 3.88931
      vertex 0.576916 10.9811 3.94742
      vertex 0.576916 3.58198 3.94742
    endloop
  endfacet
  facet normal -0.957019 -0.00516928 0.28998
    outer loop
      vertex 2.8257 10.6302 4.54998
      vertex 2.8523 10.6236 4.63765
      vertex 2.84701 10.6252 4.62022
    endloop
  endfacet
  facet normal -0.956923 0 0.290341
    outer loop
      vertex 2.8257 3.45231 4.54998
      vertex 2.8523 10.6236 4.63765
      vertex 2.8257 10.6302 4.54998
    endloop
  endfacet
  facet normal -0.956923 0 0.290341
    outer loop
      vertex 2.8523 10.6236 4.63765
      vertex 2.8257 3.45231 4.54998
      vertex 2.8523 3.4423 4.63765
    endloop
  endfacet
  facet normal 0.683611 0 0.729847
    outer loop
      vertex 0.51005 10.9833 4.01005
      vertex 0.576916 3.58198 3.94742
      vertex 0.576916 10.9811 3.94742
    endloop
  endfacet
  facet normal 0.683628 2.99501e-07 0.72983
    outer loop
      vertex 0.576916 3.58198 3.94742
      vertex 0.51005 10.9833 4.01005
      vertex 0.542369 3.57393 3.97978
    endloop
  endfacet
  facet normal 0.683592 0 0.729865
    outer loop
      vertex 0.542369 3.57393 3.97978
      vertex 0.51005 10.9833 4.01005
      vertex 0.51005 3.56412 4.01005
    endloop
  endfacet
  facet normal -0.634379 0 -0.773023
    outer loop
      vertex 2.35227 3.59849 6.11069
      vertex 2.42308 10.724 6.05258
      vertex 2.42308 3.58198 6.05258
    endloop
  endfacet
  facet normal -0.634379 0 -0.773023
    outer loop
      vertex 2.42308 10.724 6.05258
      vertex 2.35227 3.59849 6.11069
      vertex 2.35227 10.7405 6.11069
    endloop
  endfacet
  facet normal -0.773023 0 -0.634379
    outer loop
      vertex 2.61069 10.6803 5.85227
      vertex 2.55258 3.54512 5.92308
      vertex 2.55258 10.6938 5.92308
    endloop
  endfacet
  facet normal -0.773023 0 -0.634379
    outer loop
      vertex 2.55258 3.54512 5.92308
      vertex 2.61069 10.6803 5.85227
      vertex 2.61069 3.52749 5.85227
    endloop
  endfacet
  facet normal -0.995184 0 0.098023
    outer loop
      vertex 2.88802 3.42886 4.81726
      vertex 2.897 10.61 4.90843
      vertex 2.88802 10.6127 4.81726
    endloop
  endfacet
  facet normal -0.995184 0 0.098023
    outer loop
      vertex 2.897 10.61 4.90843
      vertex 2.88802 3.42886 4.81726
      vertex 2.897 3.42548 4.90843
    endloop
  endfacet
  facet normal -0.352308 0 0.935884
    outer loop
      vertex 2.03576 10.8068 3.70657
      vertex 1.98295 3.66835 3.68669
      vertex 2.03576 3.65963 3.70657
    endloop
  endfacet
  facet normal -0.352248 0 0.935907
    outer loop
      vertex 1.95002 3.67159 3.6743
      vertex 2.03576 10.8068 3.70657
      vertex 1.95002 10.821 3.6743
    endloop
  endfacet
  facet normal -0.352151 -1.32291e-06 0.935943
    outer loop
      vertex 2.03576 10.8068 3.70657
      vertex 1.95002 3.67159 3.6743
      vertex 1.98295 3.66835 3.68669
    endloop
  endfacet
  facet normal -0.999464 0 -0.0327478
    outer loop
      vertex 2.9 10.6091 5
      vertex 2.897 3.42548 5.09156
      vertex 2.897 10.61 5.09156
    endloop
  endfacet
  facet normal -0.999464 0 -0.0327478
    outer loop
      vertex 2.897 3.42548 5.09156
      vertex 2.9 10.6091 5
      vertex 2.9 3.42435 5
    endloop
  endfacet
  facet normal 0.812854 0 0.582467
    outer loop
      vertex 0.335942 10.989 4.2222
      vertex 0.389305 3.52749 4.14773
      vertex 0.389305 10.9873 4.14773
    endloop
  endfacet
  facet normal 0.812854 0 0.582467
    outer loop
      vertex 0.389305 3.52749 4.14773
      vertex 0.335942 10.989 4.2222
      vertex 0.335942 3.51131 4.2222
    endloop
  endfacet
  facet normal -0.995185 0 -0.0980123
    outer loop
      vertex 2.897 10.61 5.09156
      vertex 2.88802 3.42886 5.18274
      vertex 2.88802 10.6127 5.18274
    endloop
  endfacet
  facet normal -0.995185 0 -0.0980123
    outer loop
      vertex 2.88802 3.42886 5.18274
      vertex 2.897 10.61 5.09156
      vertex 2.897 3.42548 5.09156
    endloop
  endfacet
  facet normal -0.986649 0 -0.162859
    outer loop
      vertex 2.88802 10.6127 5.18274
      vertex 2.8731 3.43447 5.27313
      vertex 2.8731 10.6173 5.27313
    endloop
  endfacet
  facet normal -0.986649 0 -0.162859
    outer loop
      vertex 2.8731 3.43447 5.27313
      vertex 2.88802 10.6127 5.18274
      vertex 2.88802 3.42886 5.18274
    endloop
  endfacet
  facet normal -0.849247 0 0.527996
    outer loop
      vertex 2.66406 3.51131 4.2222
      vertex 2.71243 10.6566 4.3
      vertex 2.66406 10.6678 4.2222
    endloop
  endfacet
  facet normal -0.849217 -7.2728e-07 0.528044
    outer loop
      vertex 2.68933 3.50364 4.26284
      vertex 2.71243 10.6566 4.3
      vertex 2.66406 3.51131 4.2222
    endloop
  endfacet
  facet normal -0.84928 0 0.527943
    outer loop
      vertex 2.71243 10.6566 4.3
      vertex 2.68933 3.50364 4.26284
      vertex 2.71243 3.49494 4.3
    endloop
  endfacet
  facet normal 0.098023 -0 0.995184
    outer loop
      vertex 1.31726 3.69402 3.61198
      vertex 1.40843 10.9086 3.603
      vertex 1.31726 10.9176 3.61198
    endloop
  endfacet
  facet normal 0.098023 0 0.995184
    outer loop
      vertex 1.40843 10.9086 3.603
      vertex 1.31726 3.69402 3.61198
      vertex 1.40843 3.697 3.603
    endloop
  endfacet
  facet normal -0.68358 0 -0.729875
    outer loop
      vertex 2.45763 3.57393 6.02022
      vertex 2.48995 10.7084 5.98995
      vertex 2.48995 3.56412 5.98995
    endloop
  endfacet
  facet normal -0.683597 1.3813e-07 -0.72986
    outer loop
      vertex 2.42308 3.58198 6.05258
      vertex 2.48995 10.7084 5.98995
      vertex 2.45763 3.57393 6.02022
    endloop
  endfacet
  facet normal -0.683589 0 -0.729867
    outer loop
      vertex 2.48995 10.7084 5.98995
      vertex 2.42308 3.58198 6.05258
      vertex 2.42308 10.724 6.05258
    endloop
  endfacet
  facet normal 0.999465 0 0.0327181
    outer loop
      vertex 0.0999994 10.9967 5
      vertex 0.102997 3.42548 4.90843
      vertex 0.102997 10.9966 4.90843
    endloop
  endfacet
  facet normal 0.999465 0 0.0327181
    outer loop
      vertex 0.102997 3.42548 4.90843
      vertex 0.0999994 10.9967 5
      vertex 0.0999994 3.42435 5
    endloop
  endfacet
  facet normal -0.68358 0 0.729875
    outer loop
      vertex 2.48995 10.7084 4.01005
      vertex 2.45763 3.57393 3.97978
      vertex 2.48995 3.56412 4.01005
    endloop
  endfacet
  facet normal -0.683589 0 0.729867
    outer loop
      vertex 2.42308 3.58198 3.94742
      vertex 2.48995 10.7084 4.01005
      vertex 2.42308 10.724 3.94742
    endloop
  endfacet
  facet normal -0.683597 1.3813e-07 0.72986
    outer loop
      vertex 2.48995 10.7084 4.01005
      vertex 2.42308 3.58198 3.94742
      vertex 2.45763 3.57393 3.97978
    endloop
  endfacet
  facet normal 0.352151 0 0.935943
    outer loop
      vertex 1.04998 10.9439 3.6743
      vertex 1.01705 3.66835 3.68669
      vertex 1.04998 3.67159 3.6743
    endloop
  endfacet
  facet normal 0.352258 -5.54394e-07 0.935903
    outer loop
      vertex 0.964243 10.9523 3.70657
      vertex 1.01705 3.66835 3.68669
      vertex 1.04998 10.9439 3.6743
    endloop
  endfacet
  facet normal 0.352325 0 0.935878
    outer loop
      vertex 1.01705 3.66835 3.68669
      vertex 0.964243 10.9523 3.70657
      vertex 0.964243 3.65963 3.70657
    endloop
  endfacet
  facet normal 0.986644 0 0.162891
    outer loop
      vertex 0.111977 10.9963 4.81726
      vertex 0.1269 3.43447 4.72687
      vertex 0.1269 10.9958 4.72687
    endloop
  endfacet
  facet normal 0.986644 0 0.162891
    outer loop
      vertex 0.1269 3.43447 4.72687
      vertex 0.111977 10.9963 4.81726
      vertex 0.111977 3.42886 4.81726
    endloop
  endfacet
  facet normal 0.772974 0 0.634437
    outer loop
      vertex 0.389305 10.9873 4.14773
      vertex 0.447424 3.54512 4.07692
      vertex 0.447424 10.9854 4.07692
    endloop
  endfacet
  facet normal 0.772974 0 0.634437
    outer loop
      vertex 0.447424 3.54512 4.07692
      vertex 0.389305 10.9873 4.14773
      vertex 0.389305 3.52749 4.14773
    endloop
  endfacet
  facet normal -0.0327478 0 0.999464
    outer loop
      vertex 1.5 3.7 3.6
      vertex 1.59156 10.8802 3.603
      vertex 1.5 10.8953 3.6
    endloop
  endfacet
  facet normal -0.0327478 0 0.999464
    outer loop
      vertex 1.59156 10.8802 3.603
      vertex 1.5 3.7 3.6
      vertex 1.59156 3.697 3.603
    endloop
  endfacet
  facet normal -0.0980123 0 0.995185
    outer loop
      vertex 1.59156 3.697 3.603
      vertex 1.68274 10.8651 3.61198
      vertex 1.59156 10.8802 3.603
    endloop
  endfacet
  facet normal -0.0980123 0 0.995185
    outer loop
      vertex 1.68274 10.8651 3.61198
      vertex 1.59156 3.697 3.603
      vertex 1.68274 3.69402 3.61198
    endloop
  endfacet
  facet normal 0.956942 0 -0.290281
    outer loop
      vertex 0.174297 3.45231 5.45002
      vertex 0.147703 10.9952 5.36235
      vertex 0.174297 10.9943 5.45002
    endloop
  endfacet
  facet normal 0.956942 0 -0.290281
    outer loop
      vertex 0.147703 10.9952 5.36235
      vertex 0.174297 3.45231 5.45002
      vertex 0.147703 3.4423 5.36235
    endloop
  endfacet
  facet normal -0.910848 0 -0.412742
    outer loop
      vertex 2.79343 10.6377 5.53576
      vertex 2.75562 3.47869 5.6192
      vertex 2.75562 10.6465 5.6192
    endloop
  endfacet
  facet normal -0.910848 0 -0.412742
    outer loop
      vertex 2.75562 3.47869 5.6192
      vertex 2.79343 10.6377 5.53576
      vertex 2.79343 3.46446 5.53576
    endloop
  endfacet
  facet normal -0.973885 0 0.227043
    outer loop
      vertex 2.8523 3.4423 4.63765
      vertex 2.8731 10.6173 4.72687
      vertex 2.8523 10.6236 4.63765
    endloop
  endfacet
  facet normal -0.973885 0 0.227043
    outer loop
      vertex 2.8731 10.6173 4.72687
      vertex 2.8523 3.4423 4.63765
      vertex 2.8731 3.43447 4.72687
    endloop
  endfacet
  facet normal -0.0980123 0 -0.995185
    outer loop
      vertex 1.59156 3.697 6.397
      vertex 1.68274 10.8651 6.38802
      vertex 1.68274 3.69402 6.38802
    endloop
  endfacet
  facet normal -0.0980123 0 -0.995185
    outer loop
      vertex 1.68274 10.8651 6.38802
      vertex 1.59156 3.697 6.397
      vertex 1.59156 10.8802 6.397
    endloop
  endfacet
  facet normal -0.162857 0 0.98665
    outer loop
      vertex 1.77313 10.8502 3.6269
      vertex 1.74199 3.69208 3.62176
      vertex 1.77313 3.68901 3.6269
    endloop
  endfacet
  facet normal -0.162859 0 0.986649
    outer loop
      vertex 1.68274 3.69402 3.61198
      vertex 1.77313 10.8502 3.6269
      vertex 1.68274 10.8651 3.61198
    endloop
  endfacet
  facet normal -0.16286 9.76929e-09 0.986649
    outer loop
      vertex 1.77313 10.8502 3.6269
      vertex 1.68274 3.69402 3.61198
      vertex 1.74199 3.69208 3.62176
    endloop
  endfacet
  facet normal -0.471409 0 -0.881914
    outer loop
      vertex 2.1192 3.64585 6.25562
      vertex 2.2 10.776 6.21243
      vertex 2.2 3.63251 6.21243
    endloop
  endfacet
  facet normal -0.471409 -0 -0.881914
    outer loop
      vertex 2.1192 10.7931 6.25562
      vertex 2.2 10.776 6.21243
      vertex 2.1192 3.64585 6.25562
    endloop
  endfacet
  facet normal -0.471403 3.82595e-05 -0.881918
    outer loop
      vertex 2.2 10.776 6.21243
      vertex 2.1192 10.7931 6.25562
      vertex 2.14599 10.7886 6.2413
    endloop
  endfacet
  facet normal -0.290341 0 -0.956923
    outer loop
      vertex 1.86235 3.68022 6.3523
      vertex 1.95002 10.821 6.3257
      vertex 1.95002 3.67159 6.3257
    endloop
  endfacet
  facet normal -0.290341 0 -0.956923
    outer loop
      vertex 1.95002 10.821 6.3257
      vertex 1.86235 3.68022 6.3523
      vertex 1.86235 10.8355 6.3523
    endloop
  endfacet
  facet normal -0.999464 0 0.0327443
    outer loop
      vertex 2.897 3.42548 4.90843
      vertex 2.9 10.6091 5
      vertex 2.897 10.61 4.90843
    endloop
  endfacet
  facet normal -0.999464 0 0.0327443
    outer loop
      vertex 2.9 10.6091 5
      vertex 2.897 3.42548 4.90843
      vertex 2.9 3.42435 5
    endloop
  endfacet
  facet normal 0.973877 0 -0.227074
    outer loop
      vertex 0.147703 3.4423 5.36235
      vertex 0.1269 10.9958 5.27313
      vertex 0.147703 10.9952 5.36235
    endloop
  endfacet
  facet normal 0.973877 0 -0.227074
    outer loop
      vertex 0.1269 10.9958 5.27313
      vertex 0.147703 3.4423 5.36235
      vertex 0.1269 3.43447 5.27313
    endloop
  endfacet
  facet normal 0.881933 0 0.471376
    outer loop
      vertex 0.244378 10.992 4.3808
      vertex 0.287564 3.49494 4.3
      vertex 0.287564 10.9906 4.3
    endloop
  endfacet
  facet normal 0.881933 0 0.471376
    outer loop
      vertex 0.287564 3.49494 4.3
      vertex 0.244378 10.992 4.3808
      vertex 0.244378 3.47869 4.3808
    endloop
  endfacet
  facet normal -0.773023 0 0.634379
    outer loop
      vertex 2.55258 3.54512 4.07692
      vertex 2.61069 10.6803 4.14773
      vertex 2.55258 10.6938 4.07692
    endloop
  endfacet
  facet normal -0.773023 0 0.634379
    outer loop
      vertex 2.61069 10.6803 4.14773
      vertex 2.55258 3.54512 4.07692
      vertex 2.61069 3.52749 4.14773
    endloop
  endfacet
  facet normal -0.910848 0 0.412742
    outer loop
      vertex 2.75562 3.47869 4.3808
      vertex 2.79343 10.6377 4.46424
      vertex 2.75562 10.6465 4.3808
    endloop
  endfacet
  facet normal -0.910848 0 0.412742
    outer loop
      vertex 2.79343 10.6377 4.46424
      vertex 2.75562 3.47869 4.3808
      vertex 2.79343 3.46446 4.46424
    endloop
  endfacet
  facet normal -0.412742 0 -0.910848
    outer loop
      vertex 2.03576 3.65963 6.29343
      vertex 2.1192 10.7931 6.25562
      vertex 2.1192 3.64585 6.25562
    endloop
  endfacet
  facet normal -0.412742 0 -0.910848
    outer loop
      vertex 2.1192 10.7931 6.25562
      vertex 2.03576 3.65963 6.29343
      vertex 2.03576 10.8068 6.29343
    endloop
  endfacet
  facet normal 0.729889 0 -0.683566
    outer loop
      vertex 0.51005 3.56412 5.98995
      vertex 0.447424 10.9854 5.92308
      vertex 0.51005 10.9833 5.98995
    endloop
  endfacet
  facet normal 0.729889 0 -0.683566
    outer loop
      vertex 0.447424 10.9854 5.92308
      vertex 0.51005 3.56412 5.98995
      vertex 0.447424 3.54512 5.92308
    endloop
  endfacet
  facet normal -0.935907 0 0.352248
    outer loop
      vertex 2.79343 3.46446 4.46424
      vertex 2.8257 10.6302 4.54998
      vertex 2.79343 10.6377 4.46424
    endloop
  endfacet
  facet normal -0.935907 0 0.352248
    outer loop
      vertex 2.8257 10.6302 4.54998
      vertex 2.79343 3.46446 4.46424
      vertex 2.8257 3.45231 4.54998
    endloop
  endfacet
  facet normal -0.986649 0 0.162859
    outer loop
      vertex 2.8731 3.43447 4.72687
      vertex 2.88802 10.6127 4.81726
      vertex 2.8731 10.6173 4.72687
    endloop
  endfacet
  facet normal -0.986649 0 0.162859
    outer loop
      vertex 2.88802 10.6127 4.81726
      vertex 2.8731 3.43447 4.72687
      vertex 2.88802 3.42886 4.81726
    endloop
  endfacet
  facet normal -0.227043 0 0.973885
    outer loop
      vertex 1.77313 3.68901 3.6269
      vertex 1.86235 10.8355 3.6477
      vertex 1.77313 10.8502 3.6269
    endloop
  endfacet
  facet normal -0.227043 0 0.973885
    outer loop
      vertex 1.86235 10.8355 3.6477
      vertex 1.77313 3.68901 3.6269
      vertex 1.86235 3.68022 3.6477
    endloop
  endfacet
  facet normal 0.881933 0 -0.471376
    outer loop
      vertex 0.287564 3.49494 5.7
      vertex 0.244378 10.992 5.6192
      vertex 0.287564 10.9906 5.7
    endloop
  endfacet
  facet normal 0.881933 0 -0.471376
    outer loop
      vertex 0.244378 10.992 5.6192
      vertex 0.287564 3.49494 5.7
      vertex 0.244378 3.47869 5.6192
    endloop
  endfacet
  facet normal 0.910848 0 0.412742
    outer loop
      vertex 0.206568 10.9932 4.46424
      vertex 0.244378 3.47869 4.3808
      vertex 0.244378 10.992 4.3808
    endloop
  endfacet
  facet normal 0.910848 0 0.412742
    outer loop
      vertex 0.244378 3.47869 4.3808
      vertex 0.206568 10.9932 4.46424
      vertex 0.206568 3.46446 4.46424
    endloop
  endfacet
  facet normal 0.935903 0 -0.352257
    outer loop
      vertex 0.206568 3.46446 5.53576
      vertex 0.174297 10.9943 5.45002
      vertex 0.206568 10.9932 5.53576
    endloop
  endfacet
  facet normal 0.935903 0 -0.352257
    outer loop
      vertex 0.174297 10.9943 5.45002
      vertex 0.206568 3.46446 5.53576
      vertex 0.174297 3.45231 5.45002
    endloop
  endfacet
  facet normal -0.162857 0 -0.98665
    outer loop
      vertex 1.74199 3.69208 6.37824
      vertex 1.77313 10.8502 6.3731
      vertex 1.77313 3.68901 6.3731
    endloop
  endfacet
  facet normal -0.16286 9.76929e-09 -0.986649
    outer loop
      vertex 1.68274 3.69402 6.38802
      vertex 1.77313 10.8502 6.3731
      vertex 1.74199 3.69208 6.37824
    endloop
  endfacet
  facet normal -0.162859 0 -0.986649
    outer loop
      vertex 1.77313 10.8502 6.3731
      vertex 1.68274 3.69402 6.38802
      vertex 1.68274 10.8651 6.38802
    endloop
  endfacet
  facet normal 0.290341 0 0.956923
    outer loop
      vertex 1.04998 10.9439 3.6743
      vertex 1.13765 3.68022 3.6477
      vertex 1.13765 10.9353 3.6477
    endloop
  endfacet
  facet normal 0.290341 0 0.956923
    outer loop
      vertex 1.13765 3.68022 3.6477
      vertex 1.04998 10.9439 3.6743
      vertex 1.04998 3.67159 3.6743
    endloop
  endfacet
  facet normal -0.881914 0 0.471409
    outer loop
      vertex 2.71243 3.49494 4.3
      vertex 2.75562 10.6465 4.3808
      vertex 2.71243 10.6566 4.3
    endloop
  endfacet
  facet normal -0.881914 0 0.471409
    outer loop
      vertex 2.75562 10.6465 4.3808
      vertex 2.71243 3.49494 4.3
      vertex 2.75562 3.47869 4.3808
    endloop
  endfacet
  facet normal 0.935903 0 0.352257
    outer loop
      vertex 0.174297 10.9943 4.54998
      vertex 0.206568 3.46446 4.46424
      vertex 0.206568 10.9932 4.46424
    endloop
  endfacet
  facet normal 0.935903 0 0.352257
    outer loop
      vertex 0.206568 3.46446 4.46424
      vertex 0.174297 10.9943 4.54998
      vertex 0.174297 3.45231 4.54998
    endloop
  endfacet
  facet normal 0.580421 -0.0542999 0.812504
    outer loop
      vertex 0.647734 10.9788 3.88931
      vertex 0.722201 10.9762 3.83594
      vertex 0.719434 10.9764 3.83793
    endloop
  endfacet
  facet normal 0.582533 0 0.812807
    outer loop
      vertex 0.722201 10.9762 3.83594
      vertex 0.647734 10.9788 3.88931
      vertex 0.722201 3.61586 3.83594
    endloop
  endfacet
  facet normal 0.582533 0 0.812807
    outer loop
      vertex 0.722201 3.61586 3.83594
      vertex 0.647734 10.9788 3.88931
      vertex 0.647734 3.59849 3.88931
    endloop
  endfacet
  facet normal 0.986644 0 -0.162891
    outer loop
      vertex 0.1269 3.43447 5.27313
      vertex 0.111977 10.9963 5.18274
      vertex 0.1269 10.9958 5.27313
    endloop
  endfacet
  facet normal 0.986644 0 -0.162891
    outer loop
      vertex 0.111977 10.9963 5.18274
      vertex 0.1269 3.43447 5.27313
      vertex 0.111977 3.42886 5.18274
    endloop
  endfacet
  facet normal -0.634379 0 0.773023
    outer loop
      vertex 2.35227 3.59849 3.88931
      vertex 2.42308 10.724 3.94742
      vertex 2.35227 10.7405 3.88931
    endloop
  endfacet
  facet normal -0.634379 0 0.773023
    outer loop
      vertex 2.42308 10.724 3.94742
      vertex 2.35227 3.59849 3.88931
      vertex 2.42308 3.58198 3.94742
    endloop
  endfacet
  facet normal 0.290341 0 -0.956923
    outer loop
      vertex 1.04998 3.67159 6.3257
      vertex 1.13765 10.9353 6.3523
      vertex 1.13765 3.68022 6.3523
    endloop
  endfacet
  facet normal 0.290341 0 -0.956923
    outer loop
      vertex 1.13765 10.9353 6.3523
      vertex 1.04998 3.67159 6.3257
      vertex 1.04998 10.9439 6.3257
    endloop
  endfacet
  facet normal 0.812854 0 -0.582467
    outer loop
      vertex 0.389305 3.52749 5.85227
      vertex 0.335942 10.989 5.7778
      vertex 0.389305 10.9873 5.85227
    endloop
  endfacet
  facet normal 0.812854 0 -0.582467
    outer loop
      vertex 0.335942 10.989 5.7778
      vertex 0.389305 3.52749 5.85227
      vertex 0.335942 3.51131 5.7778
    endloop
  endfacet
  facet normal 0.999465 0 -0.0327217
    outer loop
      vertex 0.102997 3.42548 5.09156
      vertex 0.0999994 10.9967 5
      vertex 0.102997 10.9966 5.09156
    endloop
  endfacet
  facet normal 0.999465 0 -0.0327217
    outer loop
      vertex 0.0999994 10.9967 5
      vertex 0.102997 3.42548 5.09156
      vertex 0.0999994 3.42435 5
    endloop
  endfacet
  facet normal 0.227043 0 -0.973885
    outer loop
      vertex 1.13765 3.68022 6.3523
      vertex 1.22687 10.9265 6.3731
      vertex 1.22687 3.68901 6.3731
    endloop
  endfacet
  facet normal 0.227043 0 -0.973885
    outer loop
      vertex 1.22687 10.9265 6.3731
      vertex 1.13765 3.68022 6.3523
      vertex 1.13765 10.9353 6.3523
    endloop
  endfacet
  facet normal -0.849247 0 -0.527996
    outer loop
      vertex 2.71243 10.6566 5.7
      vertex 2.66406 3.51131 5.7778
      vertex 2.66406 10.6678 5.7778
    endloop
  endfacet
  facet normal -0.849217 -7.2728e-07 -0.528044
    outer loop
      vertex 2.71243 10.6566 5.7
      vertex 2.68933 3.50364 5.73716
      vertex 2.66406 3.51131 5.7778
    endloop
  endfacet
  facet normal -0.84928 0 -0.527943
    outer loop
      vertex 2.68933 3.50364 5.73716
      vertex 2.71243 10.6566 5.7
      vertex 2.71243 3.49494 5.7
    endloop
  endfacet
  facet normal 0.471428 0 -0.881905
    outer loop
      vertex 0.799999 10.9685 6.21243
      vertex 0.880795 3.64585 6.25562
      vertex 0.799999 3.63251 6.21243
    endloop
  endfacet
  facet normal 0.471428 0 -0.881905
    outer loop
      vertex 0.880795 3.64585 6.25562
      vertex 0.799999 10.9685 6.21243
      vertex 0.880795 10.9606 6.25562
    endloop
  endfacet
  facet normal 0.227043 0 0.973885
    outer loop
      vertex 1.13765 10.9353 3.6477
      vertex 1.22687 3.68901 3.6269
      vertex 1.22687 10.9265 3.6269
    endloop
  endfacet
  facet normal 0.227043 0 0.973885
    outer loop
      vertex 1.22687 3.68901 3.6269
      vertex 1.13765 10.9353 3.6477
      vertex 1.13765 3.68022 3.6477
    endloop
  endfacet
  facet normal 0.16286 0 0.986649
    outer loop
      vertex 1.31726 10.9176 3.61198
      vertex 1.25801 3.69208 3.62176
      vertex 1.31726 3.69402 3.61198
    endloop
  endfacet
  facet normal 0.162859 6.33975e-09 0.986649
    outer loop
      vertex 1.22687 10.9265 3.6269
      vertex 1.25801 3.69208 3.62176
      vertex 1.31726 10.9176 3.61198
    endloop
  endfacet
  facet normal 0.162857 0 0.98665
    outer loop
      vertex 1.25801 3.69208 3.62176
      vertex 1.22687 10.9265 3.6269
      vertex 1.22687 3.68901 3.6269
    endloop
  endfacet
  facet normal -0.973885 0 -0.227043
    outer loop
      vertex 2.8731 10.6173 5.27313
      vertex 2.8523 3.4423 5.36235
      vertex 2.8523 10.6236 5.36235
    endloop
  endfacet
  facet normal -0.973885 0 -0.227043
    outer loop
      vertex 2.8523 3.4423 5.36235
      vertex 2.8731 10.6173 5.27313
      vertex 2.8731 3.43447 5.27313
    endloop
  endfacet
  facet normal -0.352308 0 -0.935884
    outer loop
      vertex 1.98295 3.66835 6.31331
      vertex 2.03576 10.8068 6.29343
      vertex 2.03576 3.65963 6.29343
    endloop
  endfacet
  facet normal -0.352151 -1.32291e-06 -0.935943
    outer loop
      vertex 1.95002 3.67159 6.3257
      vertex 2.03576 10.8068 6.29343
      vertex 1.98295 3.66835 6.31331
    endloop
  endfacet
  facet normal -0.352248 0 -0.935907
    outer loop
      vertex 2.03576 10.8068 6.29343
      vertex 1.95002 3.67159 6.3257
      vertex 1.95002 10.821 6.3257
    endloop
  endfacet
  facet normal 0.973877 0 0.227074
    outer loop
      vertex 0.1269 10.9958 4.72687
      vertex 0.147703 3.4423 4.63765
      vertex 0.147703 10.9952 4.63765
    endloop
  endfacet
  facet normal 0.973877 0 0.227074
    outer loop
      vertex 0.147703 3.4423 4.63765
      vertex 0.1269 10.9958 4.72687
      vertex 0.1269 3.43447 4.72687
    endloop
  endfacet
  facet normal 0.0331581 0.00285314 0.999446
    outer loop
      vertex 1.40843 10.9086 3.603
      vertex 1.5 10.8953 3.6
      vertex 1.43579 10.9059 3.6021
    endloop
  endfacet
  facet normal 0.0327443 0 0.999464
    outer loop
      vertex 1.5 10.8953 3.6
      vertex 1.40843 10.9086 3.603
      vertex 1.40843 3.697 3.603
    endloop
  endfacet
  facet normal 0.0327443 0 0.999464
    outer loop
      vertex 1.5 10.8953 3.6
      vertex 1.40843 3.697 3.603
      vertex 1.5 3.7 3.6
    endloop
  endfacet
  facet normal 0.849208 0 -0.528059
    outer loop
      vertex 0.335942 3.51131 5.7778
      vertex 0.287564 10.9906 5.7
      vertex 0.335942 10.989 5.7778
    endloop
  endfacet
  facet normal 0.849236 6.45581e-07 -0.528014
    outer loop
      vertex 0.310674 3.50364 5.73716
      vertex 0.287564 10.9906 5.7
      vertex 0.335942 3.51131 5.7778
    endloop
  endfacet
  facet normal 0.849177 0 -0.528108
    outer loop
      vertex 0.287564 10.9906 5.7
      vertex 0.310674 3.50364 5.73716
      vertex 0.287564 3.49494 5.7
    endloop
  endfacet
  facet normal -0.812818 0 -0.582518
    outer loop
      vertex 2.66406 10.6678 5.7778
      vertex 2.61069 3.52749 5.85227
      vertex 2.61069 10.6803 5.85227
    endloop
  endfacet
  facet normal -0.812818 0 -0.582518
    outer loop
      vertex 2.61069 3.52749 5.85227
      vertex 2.66406 10.6678 5.7778
      vertex 2.66406 3.51131 5.7778
    endloop
  endfacet
  facet normal 0.683628 2.99501e-07 -0.72983
    outer loop
      vertex 0.51005 10.9833 5.98995
      vertex 0.576916 3.58198 6.05258
      vertex 0.542369 3.57393 6.02022
    endloop
  endfacet
  facet normal 0.683592 0 -0.729865
    outer loop
      vertex 0.51005 10.9833 5.98995
      vertex 0.542369 3.57393 6.02022
      vertex 0.51005 3.56412 5.98995
    endloop
  endfacet
  facet normal 0.683611 0 -0.729847
    outer loop
      vertex 0.576916 3.58198 6.05258
      vertex 0.51005 10.9833 5.98995
      vertex 0.576916 10.9811 6.05258
    endloop
  endfacet
  facet normal -0.812818 0 0.582518
    outer loop
      vertex 2.61069 3.52749 4.14773
      vertex 2.66406 10.6678 4.2222
      vertex 2.61069 10.6803 4.14773
    endloop
  endfacet
  facet normal -0.812818 0 0.582518
    outer loop
      vertex 2.66406 10.6678 4.2222
      vertex 2.61069 3.52749 4.14773
      vertex 2.66406 3.51131 4.2222
    endloop
  endfacet
  facet normal -0.52802 0 0.849232
    outer loop
      vertex 2.2778 10.7579 3.83594
      vertex 2.22183 3.62891 3.80114
      vertex 2.2778 3.61586 3.83594
    endloop
  endfacet
  facet normal -0.528075 0 0.849198
    outer loop
      vertex 2.2 3.63251 3.78756
      vertex 2.2778 10.7579 3.83594
      vertex 2.2 10.776 3.78756
    endloop
  endfacet
  facet normal -0.528214 2.1175e-06 0.849111
    outer loop
      vertex 2.2778 10.7579 3.83594
      vertex 2.2 3.63251 3.78756
      vertex 2.22183 3.62891 3.80114
    endloop
  endfacet
  facet normal 0.412709 0 -0.910863
    outer loop
      vertex 0.880795 10.9606 6.25562
      vertex 0.964243 3.65963 6.29343
      vertex 0.880795 3.64585 6.25562
    endloop
  endfacet
  facet normal 0.412709 0 -0.910863
    outer loop
      vertex 0.964243 3.65963 6.29343
      vertex 0.880795 10.9606 6.25562
      vertex 0.964243 10.9523 6.29343
    endloop
  endfacet
  facet normal -0.52802 0 -0.849232
    outer loop
      vertex 2.22183 3.62891 6.19886
      vertex 2.2778 10.7579 6.16406
      vertex 2.2778 3.61586 6.16406
    endloop
  endfacet
  facet normal -0.527934 -9.32524e-07 -0.849285
    outer loop
      vertex 2.2 3.63251 6.21243
      vertex 2.2778 10.7579 6.16406
      vertex 2.22183 3.62891 6.19886
    endloop
  endfacet
  facet normal -0.527996 0 -0.849247
    outer loop
      vertex 2.2778 10.7579 6.16406
      vertex 2.2 3.63251 6.21243
      vertex 2.2 10.776 6.21243
    endloop
  endfacet
  facet normal 0.634336 0 -0.773058
    outer loop
      vertex 0.576916 10.9811 6.05258
      vertex 0.647734 3.59849 6.11069
      vertex 0.576916 3.58198 6.05258
    endloop
  endfacet
  facet normal 0.634336 0 -0.773058
    outer loop
      vertex 0.647734 3.59849 6.11069
      vertex 0.576916 10.9811 6.05258
      vertex 0.647734 10.9788 6.11069
    endloop
  endfacet
  facet normal -0.582518 0 0.812818
    outer loop
      vertex 2.2778 3.61586 3.83594
      vertex 2.35227 10.7405 3.88931
      vertex 2.2778 10.7579 3.83594
    endloop
  endfacet
  facet normal -0.582518 0 0.812818
    outer loop
      vertex 2.35227 10.7405 3.88931
      vertex 2.2778 3.61586 3.83594
      vertex 2.35227 3.59849 3.88931
    endloop
  endfacet
  facet normal 0.528084 0 0.849192
    outer loop
      vertex 0.722201 10.9762 3.83594
      vertex 0.799999 3.63251 3.78756
      vertex 0.799999 10.9685 3.78756
    endloop
  endfacet
  facet normal 0.528145 8.87735e-07 0.849154
    outer loop
      vertex 0.799999 3.63251 3.78756
      vertex 0.722201 10.9762 3.83594
      vertex 0.778165 3.62891 3.80114
    endloop
  endfacet
  facet normal 0.528061 0 0.849207
    outer loop
      vertex 0.778165 3.62891 3.80114
      vertex 0.722201 10.9762 3.83594
      vertex 0.722201 3.61586 3.83594
    endloop
  endfacet
  facet normal -0.729867 0 0.683589
    outer loop
      vertex 2.48995 3.56412 4.01005
      vertex 2.55258 10.6938 4.07692
      vertex 2.48995 10.7084 4.01005
    endloop
  endfacet
  facet normal -0.729867 0 0.683589
    outer loop
      vertex 2.55258 10.6938 4.07692
      vertex 2.48995 3.56412 4.01005
      vertex 2.55258 3.54512 4.07692
    endloop
  endfacet
  facet normal 0.16286 0 -0.986649
    outer loop
      vertex 1.25801 3.69208 6.37824
      vertex 1.31726 10.9176 6.38802
      vertex 1.31726 3.69402 6.38802
    endloop
  endfacet
  facet normal 0.162857 1.84321e-08 -0.98665
    outer loop
      vertex 1.22687 3.68901 6.3731
      vertex 1.31726 10.9176 6.38802
      vertex 1.25801 3.69208 6.37824
    endloop
  endfacet
  facet normal 0.162859 0 -0.986649
    outer loop
      vertex 1.31726 10.9176 6.38802
      vertex 1.22687 3.68901 6.3731
      vertex 1.22687 10.9265 6.3731
    endloop
  endfacet
  facet normal -0.881914 0 -0.471409
    outer loop
      vertex 2.75562 10.6465 5.6192
      vertex 2.71243 3.49494 5.7
      vertex 2.71243 10.6566 5.7
    endloop
  endfacet
  facet normal -0.881914 0 -0.471409
    outer loop
      vertex 2.71243 3.49494 5.7
      vertex 2.75562 10.6465 5.6192
      vertex 2.75562 3.47869 5.6192
    endloop
  endfacet
  facet normal 0.527865 -2.07131e-06 -0.849329
    outer loop
      vertex 0.722201 10.9762 6.16406
      vertex 0.799999 3.63251 6.21243
      vertex 0.778165 3.62891 6.19886
    endloop
  endfacet
  facet normal 0.528061 0 -0.849207
    outer loop
      vertex 0.722201 10.9762 6.16406
      vertex 0.778165 3.62891 6.19886
      vertex 0.722201 3.61586 6.16406
    endloop
  endfacet
  facet normal 0.528006 0 -0.849241
    outer loop
      vertex 0.799999 3.63251 6.21243
      vertex 0.722201 10.9762 6.16406
      vertex 0.799999 10.9685 6.21243
    endloop
  endfacet
  facet normal -0.582518 0 -0.812818
    outer loop
      vertex 2.2778 3.61586 6.16406
      vertex 2.35227 10.7405 6.11069
      vertex 2.35227 3.59849 6.11069
    endloop
  endfacet
  facet normal -0.582518 0 -0.812818
    outer loop
      vertex 2.35227 10.7405 6.11069
      vertex 2.2778 3.61586 6.16406
      vertex 2.2778 10.7579 6.16406
    endloop
  endfacet
  facet normal 0.995185 0 -0.0980123
    outer loop
      vertex 0.111977 3.42886 5.18274
      vertex 0.102997 10.9966 5.09156
      vertex 0.111977 10.9963 5.18274
    endloop
  endfacet
  facet normal 0.995185 0 -0.0980123
    outer loop
      vertex 0.102997 10.9966 5.09156
      vertex 0.111977 3.42886 5.18274
      vertex 0.102997 3.42548 5.09156
    endloop
  endfacet
  facet normal -0.412742 0 0.910848
    outer loop
      vertex 2.03576 3.65963 3.70657
      vertex 2.1192 10.7931 3.74438
      vertex 2.03576 10.8068 3.70657
    endloop
  endfacet
  facet normal -0.412742 0 0.910848
    outer loop
      vertex 2.1192 10.7931 3.74438
      vertex 2.03576 3.65963 3.70657
      vertex 2.1192 3.64585 3.74438
    endloop
  endfacet
  facet normal -0.471728 -0.00246117 0.881741
    outer loop
      vertex 2.1192 10.7931 3.74438
      vertex 2.2 10.776 3.78756
      vertex 2.14599 10.7886 3.7587
    endloop
  endfacet
  facet normal -0.471325 0 0.88196
    outer loop
      vertex 2.2 10.776 3.78756
      vertex 2.1192 10.7931 3.74438
      vertex 2.1192 3.64585 3.74438
    endloop
  endfacet
  facet normal -0.471325 0 0.88196
    outer loop
      vertex 2.2 10.776 3.78756
      vertex 2.1192 3.64585 3.74438
      vertex 2.2 3.63251 3.78756
    endloop
  endfacet
  facet normal -0.729867 0 -0.683589
    outer loop
      vertex 2.55258 10.6938 5.92308
      vertex 2.48995 3.56412 5.98995
      vertex 2.48995 10.7084 5.98995
    endloop
  endfacet
  facet normal -0.729867 0 -0.683589
    outer loop
      vertex 2.48995 3.56412 5.98995
      vertex 2.55258 10.6938 5.92308
      vertex 2.55258 3.54512 5.92308
    endloop
  endfacet
  facet normal -0.957019 -0.00516928 -0.28998
    outer loop
      vertex 2.8523 10.6236 5.36235
      vertex 2.8257 10.6302 5.45002
      vertex 2.84701 10.6252 5.37978
    endloop
  endfacet
  facet normal -0.956923 0 -0.290341
    outer loop
      vertex 2.8523 10.6236 5.36235
      vertex 2.8257 3.45231 5.45002
      vertex 2.8257 10.6302 5.45002
    endloop
  endfacet
  facet normal -0.956923 0 -0.290341
    outer loop
      vertex 2.8257 3.45231 5.45002
      vertex 2.8523 10.6236 5.36235
      vertex 2.8523 3.4423 5.36235
    endloop
  endfacet
  facet normal 0.412709 0 0.910863
    outer loop
      vertex 0.880795 10.9606 3.74438
      vertex 0.964243 3.65963 3.70657
      vertex 0.964243 10.9523 3.70657
    endloop
  endfacet
  facet normal 0.412709 0 0.910863
    outer loop
      vertex 0.964243 3.65963 3.70657
      vertex 0.880795 10.9606 3.74438
      vertex 0.880795 3.64585 3.74438
    endloop
  endfacet
  facet normal -0.0327478 0 -0.999464
    outer loop
      vertex 1.5 3.7 6.4
      vertex 1.59156 10.8802 6.397
      vertex 1.59156 3.697 6.397
    endloop
  endfacet
  facet normal -0.0327478 0 -0.999464
    outer loop
      vertex 1.59156 10.8802 6.397
      vertex 1.5 3.7 6.4
      vertex 1.5 10.8953 6.4
    endloop
  endfacet
  facet normal 0.772974 0 -0.634437
    outer loop
      vertex 0.447424 3.54512 5.92308
      vertex 0.389305 10.9873 5.85227
      vertex 0.447424 10.9854 5.92308
    endloop
  endfacet
  facet normal 0.772974 0 -0.634437
    outer loop
      vertex 0.389305 10.9873 5.85227
      vertex 0.447424 3.54512 5.92308
      vertex 0.389305 3.52749 5.85227
    endloop
  endfacet
  facet normal 0.098023 0 -0.995184
    outer loop
      vertex 1.31726 3.69402 6.38802
      vertex 1.40843 10.9086 6.397
      vertex 1.40843 3.697 6.397
    endloop
  endfacet
  facet normal 0.098023 0 -0.995184
    outer loop
      vertex 1.40843 10.9086 6.397
      vertex 1.31726 3.69402 6.38802
      vertex 1.31726 10.9176 6.38802
    endloop
  endfacet
  facet normal 0.471343 0 0.88195
    outer loop
      vertex 0.799999 10.9685 3.78756
      vertex 0.880795 3.64585 3.74438
      vertex 0.880795 10.9606 3.74438
    endloop
  endfacet
  facet normal 0.471343 0 0.88195
    outer loop
      vertex 0.880795 3.64585 3.74438
      vertex 0.799999 10.9685 3.78756
      vertex 0.799999 3.63251 3.78756
    endloop
  endfacet
  facet normal 0.849208 0 0.528059
    outer loop
      vertex 0.287564 10.9906 4.3
      vertex 0.335942 3.51131 4.2222
      vertex 0.335942 10.989 4.2222
    endloop
  endfacet
  facet normal 0.849236 6.45581e-07 0.528014
    outer loop
      vertex 0.287564 10.9906 4.3
      vertex 0.310674 3.50364 4.26284
      vertex 0.335942 3.51131 4.2222
    endloop
  endfacet
  facet normal 0.849177 0 0.528108
    outer loop
      vertex 0.310674 3.50364 4.26284
      vertex 0.287564 10.9906 4.3
      vertex 0.287564 3.49494 4.3
    endloop
  endfacet
  facet normal 0.582533 0 -0.812807
    outer loop
      vertex 0.647734 10.9788 6.11069
      vertex 0.722201 10.9762 6.16406
      vertex 0.722201 3.61586 6.16406
    endloop
  endfacet
  facet normal 0.582533 0 -0.812807
    outer loop
      vertex 0.647734 10.9788 6.11069
      vertex 0.722201 3.61586 6.16406
      vertex 0.647734 3.59849 6.11069
    endloop
  endfacet
  facet normal 0.580421 -0.0542999 -0.812504
    outer loop
      vertex 0.722201 10.9762 6.16406
      vertex 0.647734 10.9788 6.11069
      vertex 0.719434 10.9764 6.16207
    endloop
  endfacet
  facet normal -0.290341 0 0.956923
    outer loop
      vertex 1.86235 3.68022 3.6477
      vertex 1.95002 10.821 3.6743
      vertex 1.86235 10.8355 3.6477
    endloop
  endfacet
  facet normal -0.290341 0 0.956923
    outer loop
      vertex 1.95002 10.821 3.6743
      vertex 1.86235 3.68022 3.6477
      vertex 1.95002 3.67159 3.6743
    endloop
  endfacet
  facet normal 0.995184 0 0.098023
    outer loop
      vertex 0.102997 10.9966 4.90843
      vertex 0.111977 3.42886 4.81726
      vertex 0.111977 10.9963 4.81726
    endloop
  endfacet
  facet normal 0.995184 0 0.098023
    outer loop
      vertex 0.111977 3.42886 4.81726
      vertex 0.102997 10.9966 4.90843
      vertex 0.102997 3.42548 4.90843
    endloop
  endfacet
  facet normal -0.935907 0 -0.352248
    outer loop
      vertex 2.8257 10.6302 5.45002
      vertex 2.79343 3.46446 5.53576
      vertex 2.79343 10.6377 5.53576
    endloop
  endfacet
  facet normal -0.935907 0 -0.352248
    outer loop
      vertex 2.79343 3.46446 5.53576
      vertex 2.8257 10.6302 5.45002
      vertex 2.8257 3.45231 5.45002
    endloop
  endfacet
  facet normal 0.352151 0 -0.935943
    outer loop
      vertex 1.01705 3.66835 6.31331
      vertex 1.04998 10.9439 6.3257
      vertex 1.04998 3.67159 6.3257
    endloop
  endfacet
  facet normal 0.352325 0 -0.935878
    outer loop
      vertex 0.964243 10.9523 6.29343
      vertex 1.01705 3.66835 6.31331
      vertex 0.964243 3.65963 6.29343
    endloop
  endfacet
  facet normal 0.352258 -5.54394e-07 -0.935903
    outer loop
      vertex 1.01705 3.66835 6.31331
      vertex 0.964243 10.9523 6.29343
      vertex 1.04998 10.9439 6.3257
    endloop
  endfacet
  facet normal 0.729889 0 0.683566
    outer loop
      vertex 0.447424 10.9854 4.07692
      vertex 0.51005 3.56412 4.01005
      vertex 0.51005 10.9833 4.01005
    endloop
  endfacet
  facet normal 0.729889 0 0.683566
    outer loop
      vertex 0.51005 3.56412 4.01005
      vertex 0.447424 10.9854 4.07692
      vertex 0.447424 3.54512 4.07692
    endloop
  endfacet
  facet normal 0.910848 0 -0.412742
    outer loop
      vertex 0.244378 3.47869 5.6192
      vertex 0.206568 10.9932 5.53576
      vertex 0.244378 10.992 5.6192
    endloop
  endfacet
  facet normal 0.910848 0 -0.412742
    outer loop
      vertex 0.206568 10.9932 5.53576
      vertex 0.244378 3.47869 5.6192
      vertex 0.206568 3.46446 5.53576
    endloop
  endfacet
  facet normal -0 0 -1
    outer loop
      vertex 10.7828 -0.631371 0.799999
      vertex 10 -1.41421 0.799999
      vertex 10.1515 0 0.799999
    endloop
  endfacet
  facet normal 0 0 -1
    outer loop
      vertex 10.1515 0 0.799999
      vertex 10 1.41421 0.799999
      vertex 10.7828 0.631371 0.799999
    endloop
  endfacet
  facet normal 0 0 -1
    outer loop
      vertex 8.58579 0 0.799999
      vertex 10.1515 0 0.799999
      vertex 10 -1.41421 0.799999
    endloop
  endfacet
  facet normal 0 0 -1
    outer loop
      vertex 10.1515 0 0.799999
      vertex 8.58579 0 0.799999
      vertex 10 1.41421 0.799999
    endloop
  endfacet
  facet normal 0.707107 0.707107 -0
    outer loop
      vertex 10 -1.41421 0
      vertex 8.58579 0 0.799999
      vertex 10 -1.41421 0.799999
    endloop
  endfacet
  facet normal 0.707107 0.707107 0
    outer loop
      vertex 8.58579 0 0.799999
      vertex 10 -1.41421 0
      vertex 8.58579 0 0
    endloop
  endfacet
  facet normal 0.707107 -0.707107 0
    outer loop
      vertex 8.58579 0 0
      vertex 10 1.41421 0.799999
      vertex 8.58579 0 0.799999
    endloop
  endfacet
  facet normal 0.707107 -0.707107 0
    outer loop
      vertex 10 1.41421 0.799999
      vertex 8.58579 0 0
      vertex 10 1.41421 0
    endloop
  endfacet
  facet normal -0.707124 0.707089 0
    outer loop
      vertex 10.7828 -0.631371 0
      vertex 10 -1.41421 0.799999
      vertex 10.7828 -0.631371 0.799999
    endloop
  endfacet
  facet normal -0.707124 0.707089 0
    outer loop
      vertex 10 -1.41421 0.799999
      vertex 10.7828 -0.631371 0
      vertex 10 -1.41421 0
    endloop
  endfacet
  facet normal -0.707124 -0.707089 0
    outer loop
      vertex 10 1.41421 0
      vertex 10.7828 0.631371 0.799999
      vertex 10 1.41421 0.799999
    endloop
  endfacet
  facet normal -0.707124 -0.707089 -0
    outer loop
      vertex 10.7828 0.631371 0.799999
      vertex 10 1.41421 0
      vertex 10.7828 0.631371 0
    endloop
  endfacet
endsolid OpenSCAD_Model
