solid OpenSCAD_Model
  facet normal 0.935859 0.352374 0
    outer loop
      vertex 10.7703 6.47444 2.39
      vertex 10.7311 6.57855 0
      vertex 10.7311 6.57855 2.39
    endloop
  endfacet
  facet normal 0.935859 0.352374 0
    outer loop
      vertex 10.7311 6.57855 0
      vertex 10.7703 6.47444 2.39
      vertex 10.7703 6.47444 0
    endloop
  endfacet
  facet normal -0.882074 -0.471111 0
    outer loop
      vertex 13.8655 7.87689 0
      vertex 13.8131 7.975 2.39
      vertex 13.8131 7.975 0
    endloop
  endfacet
  facet normal -0.882074 -0.471111 0
    outer loop
      vertex 13.8131 7.975 2.39
      vertex 13.8655 7.87689 0
      vertex 13.8655 7.87689 2.39
    endloop
  endfacet
  facet normal -0.812821 -0.582513 0
    outer loop
      vertex 13.7544 8.06947 0
      vertex 13.6896 8.15989 2.39
      vertex 13.6896 8.15989 0
    endloop
  endfacet
  facet normal -0.812821 -0.582513 0
    outer loop
      vertex 13.6896 8.15989 2.39
      vertex 13.7544 8.06947 0
      vertex 13.7544 8.06947 2.39
    endloop
  endfacet
  facet normal -0.849384 -0.527775 0
    outer loop
      vertex 13.8131 7.975 0
      vertex 13.7544 8.06947 2.39
      vertex 13.7544 8.06947 0
    endloop
  endfacet
  facet normal -0.849384 -0.527775 0
    outer loop
      vertex 13.7544 8.06947 2.39
      vertex 13.8131 7.975 0
      vertex 13.8131 7.975 2.39
    endloop
  endfacet
  facet normal -0.772915 -0.634509 0
    outer loop
      vertex 13.6896 8.15989 0
      vertex 13.619 8.24589 2.39
      vertex 13.619 8.24589 0
    endloop
  endfacet
  facet normal -0.772915 -0.634509 0
    outer loop
      vertex 13.619 8.24589 2.39
      vertex 13.6896 8.15989 0
      vertex 13.6896 8.15989 2.39
    endloop
  endfacet
  facet normal 0.848981 0.528423 0
    outer loop
      vertex 10.9274 6.18053 2.39
      vertex 10.8686 6.275 0
      vertex 10.8686 6.275 2.39
    endloop
  endfacet
  facet normal 0.848981 0.528423 0
    outer loop
      vertex 10.8686 6.275 0
      vertex 10.9274 6.18053 2.39
      vertex 10.9274 6.18053 0
    endloop
  endfacet
  facet normal 0.729607 0.683866 0
    outer loop
      vertex 11.1388 5.92292 2.39
      vertex 11.0627 6.00411 0
      vertex 11.0627 6.00411 2.39
    endloop
  endfacet
  facet normal 0.729607 0.683866 0
    outer loop
      vertex 11.0627 6.00411 0
      vertex 11.1388 5.92292 2.39
      vertex 11.1388 5.92292 0
    endloop
  endfacet
  facet normal 0.0979904 0.995187 -0
    outer loop
      vertex 12.2297 5.42864 0
      vertex 12.119 5.43954 2.39
      vertex 12.2297 5.42864 2.39
    endloop
  endfacet
  facet normal 0.0979904 0.995187 0
    outer loop
      vertex 12.119 5.43954 2.39
      vertex 12.2297 5.42864 0
      vertex 12.119 5.43954 0
    endloop
  endfacet
  facet normal -0.412456 -0.910978 0
    outer loop
      vertex 12.9914 8.69559 0
      vertex 13.0928 8.64968 2.39
      vertex 12.9914 8.69559 2.39
    endloop
  endfacet
  facet normal -0.412456 -0.910978 -0
    outer loop
      vertex 13.0928 8.64968 2.39
      vertex 12.9914 8.69559 0
      vertex 13.0928 8.64968 0
    endloop
  endfacet
  facet normal -0.956926 -0.290332 0
    outer loop
      vertex 13.9829 7.56499 0
      vertex 13.9506 7.67145 2.39
      vertex 13.9506 7.67145 0
    endloop
  endfacet
  facet normal -0.956926 -0.290332 0
    outer loop
      vertex 13.9506 7.67145 2.39
      vertex 13.9829 7.56499 0
      vertex 13.9829 7.56499 2.39
    endloop
  endfacet
  facet normal 0.352325 0.935878 -0
    outer loop
      vertex 11.7944 5.51522 0
      vertex 11.6903 5.55441 2.39
      vertex 11.7944 5.51522 2.39
    endloop
  endfacet
  facet normal 0.352325 0.935878 0
    outer loop
      vertex 11.6903 5.55441 2.39
      vertex 11.7944 5.51522 0
      vertex 11.6903 5.55441 0
    endloop
  endfacet
  facet normal -0.582173 -0.813065 0
    outer loop
      vertex 13.2853 8.5385 0
      vertex 13.3758 8.4737 2.39
      vertex 13.2853 8.5385 2.39
    endloop
  endfacet
  facet normal -0.582173 -0.813065 -0
    outer loop
      vertex 13.3758 8.4737 2.39
      vertex 13.2853 8.5385 0
      vertex 13.3758 8.4737 0
    endloop
  endfacet
  facet normal -0.995187 -0.0979904 0
    outer loop
      vertex 14.0372 7.23619 0
      vertex 14.0263 7.34689 2.39
      vertex 14.0263 7.34689 0
    endloop
  endfacet
  facet normal -0.995187 -0.0979904 0
    outer loop
      vertex 14.0263 7.34689 2.39
      vertex 14.0372 7.23619 0
      vertex 14.0372 7.23619 2.39
    endloop
  endfacet
  facet normal 0.412793 -0.910825 0
    outer loop
      vertex 11.589 8.64968 0
      vertex 11.6903 8.69559 2.39
      vertex 11.589 8.64968 2.39
    endloop
  endfacet
  facet normal 0.412793 -0.910825 0
    outer loop
      vertex 11.6903 8.69559 2.39
      vertex 11.589 8.64968 0
      vertex 11.6903 8.69559 0
    endloop
  endfacet
  facet normal 0.471428 0.881905 -0
    outer loop
      vertex 11.589 5.60032 0
      vertex 11.4909 5.65276 2.39
      vertex 11.589 5.60032 2.39
    endloop
  endfacet
  facet normal 0.471428 0.881905 0
    outer loop
      vertex 11.4909 5.65276 2.39
      vertex 11.589 5.60032 0
      vertex 11.4909 5.65276 0
    endloop
  endfacet
  facet normal 0.162825 0.986655 -0
    outer loop
      vertex 12.119 5.43954 0
      vertex 12.0092 5.45766 2.39
      vertex 12.119 5.43954 2.39
    endloop
  endfacet
  facet normal 0.162825 0.986655 0
    outer loop
      vertex 12.0092 5.45766 2.39
      vertex 12.119 5.43954 0
      vertex 12.0092 5.45766 0
    endloop
  endfacet
  facet normal -0.528316 -0.849048 0
    outer loop
      vertex 13.1909 8.59724 0
      vertex 13.2853 8.5385 2.39
      vertex 13.1909 8.59724 2.39
    endloop
  endfacet
  facet normal -0.528316 -0.849048 -0
    outer loop
      vertex 13.2853 8.5385 2.39
      vertex 13.1909 8.59724 0
      vertex 13.2853 8.5385 0
    endloop
  endfacet
  facet normal -0.986674 0.162708 0
    outer loop
      vertex 14.0082 6.79335 0
      vertex 14.0263 6.90311 2.39
      vertex 14.0263 6.90311 0
    endloop
  endfacet
  facet normal -0.986674 0.162708 0
    outer loop
      vertex 14.0263 6.90311 2.39
      vertex 14.0082 6.79335 0
      vertex 14.0082 6.79335 2.39
    endloop
  endfacet
  facet normal 0.22723 0.973841 -0
    outer loop
      vertex 12.0092 5.45766 0
      vertex 11.9009 5.48293 2.39
      vertex 12.0092 5.45766 2.39
    endloop
  endfacet
  facet normal 0.22723 0.973841 0
    outer loop
      vertex 11.9009 5.48293 2.39
      vertex 12.0092 5.45766 0
      vertex 11.9009 5.48293 0
    endloop
  endfacet
  facet normal 0.634348 0.773047 -0
    outer loop
      vertex 11.306 5.7763 0
      vertex 11.22 5.84687 2.39
      vertex 11.306 5.7763 2.39
    endloop
  endfacet
  facet normal 0.634348 0.773047 0
    outer loop
      vertex 11.22 5.84687 2.39
      vertex 11.306 5.7763 0
      vertex 11.22 5.84687 0
    endloop
  endfacet
  facet normal -0.163057 -0.986617 0
    outer loop
      vertex 12.5628 8.81046 0
      vertex 12.6725 8.79233 2.39
      vertex 12.5628 8.81046 2.39
    endloop
  endfacet
  facet normal -0.163057 -0.986617 -0
    outer loop
      vertex 12.6725 8.79233 2.39
      vertex 12.5628 8.81046 0
      vertex 12.6725 8.79233 0
    endloop
  endfacet
  facet normal -0.729607 -0.683866 0
    outer loop
      vertex 13.619 8.24589 0
      vertex 13.5429 8.32708 2.39
      vertex 13.5429 8.32708 0
    endloop
  endfacet
  facet normal -0.729607 -0.683866 0
    outer loop
      vertex 13.5429 8.32708 2.39
      vertex 13.619 8.24589 0
      vertex 13.619 8.24589 2.39
    endloop
  endfacet
  facet normal -0.226946 0.973907 0
    outer loop
      vertex 12.7809 5.48293 0
      vertex 12.6725 5.45767 2.39
      vertex 12.7809 5.48293 2.39
    endloop
  endfacet
  facet normal -0.226946 0.973907 0
    outer loop
      vertex 12.6725 5.45767 2.39
      vertex 12.7809 5.48293 0
      vertex 12.6725 5.45767 0
    endloop
  endfacet
  facet normal 0.773356 0.633972 0
    outer loop
      vertex 11.0627 6.00411 2.39
      vertex 10.9922 6.09011 0
      vertex 10.9922 6.09011 2.39
    endloop
  endfacet
  facet normal 0.773356 0.633972 0
    outer loop
      vertex 10.9922 6.09011 0
      vertex 11.0627 6.00411 2.39
      vertex 11.0627 6.00411 0
    endloop
  endfacet
  facet normal -0.882074 0.471111 0
    outer loop
      vertex 13.8131 6.275 0
      vertex 13.8655 6.37311 2.39
      vertex 13.8655 6.37311 0
    endloop
  endfacet
  facet normal -0.882074 0.471111 0
    outer loop
      vertex 13.8655 6.37311 2.39
      vertex 13.8131 6.275 0
      vertex 13.8131 6.275 2.39
    endloop
  endfacet
  facet normal 0.956926 0.290332 0
    outer loop
      vertex 10.7311 6.57855 2.39
      vertex 10.6988 6.68501 0
      vertex 10.6988 6.68501 2.39
    endloop
  endfacet
  facet normal 0.956926 0.290332 0
    outer loop
      vertex 10.6988 6.68501 0
      vertex 10.7311 6.57855 2.39
      vertex 10.7311 6.57855 0
    endloop
  endfacet
  facet normal -0.634789 -0.772685 0
    outer loop
      vertex 13.3758 8.4737 0
      vertex 13.4617 8.40313 2.39
      vertex 13.3758 8.4737 2.39
    endloop
  endfacet
  facet normal -0.634789 -0.772685 -0
    outer loop
      vertex 13.4617 8.40313 2.39
      vertex 13.3758 8.4737 0
      vertex 13.4617 8.40313 0
    endloop
  endfacet
  facet normal 0.986674 0.162708 0
    outer loop
      vertex 10.6735 6.79335 2.39
      vertex 10.6554 6.90311 0
      vertex 10.6554 6.90311 2.39
    endloop
  endfacet
  facet normal 0.986674 0.162708 0
    outer loop
      vertex 10.6554 6.90311 0
      vertex 10.6735 6.79335 2.39
      vertex 10.6735 6.79335 0
    endloop
  endfacet
  facet normal -0.0979029 0.995196 0
    outer loop
      vertex 12.5628 5.43954 0
      vertex 12.452 5.42864 2.39
      vertex 12.5628 5.43954 2.39
    endloop
  endfacet
  facet normal -0.0979029 0.995196 0
    outer loop
      vertex 12.452 5.42864 2.39
      vertex 12.5628 5.43954 0
      vertex 12.452 5.42864 0
    endloop
  endfacet
  facet normal -0.849384 0.527775 0
    outer loop
      vertex 13.7544 6.18053 0
      vertex 13.8131 6.275 2.39
      vertex 13.8131 6.275 0
    endloop
  endfacet
  facet normal -0.849384 0.527775 0
    outer loop
      vertex 13.8131 6.275 2.39
      vertex 13.7544 6.18053 0
      vertex 13.7544 6.18053 2.39
    endloop
  endfacet
  facet normal -0.910566 0.413363 0
    outer loop
      vertex 13.8655 6.37311 0
      vertex 13.9115 6.47444 2.39
      vertex 13.9115 6.47444 0
    endloop
  endfacet
  facet normal -0.910566 0.413363 0
    outer loop
      vertex 13.9115 6.47444 2.39
      vertex 13.8655 6.37311 0
      vertex 13.8655 6.37311 2.39
    endloop
  endfacet
  facet normal -0.999447 0.033261 0
    outer loop
      vertex 14.0372 7.01382 0
      vertex 14.0409 7.125 2.39
      vertex 14.0409 7.125 0
    endloop
  endfacet
  facet normal -0.999447 0.033261 0
    outer loop
      vertex 14.0409 7.125 2.39
      vertex 14.0372 7.01382 0
      vertex 14.0372 7.01382 2.39
    endloop
  endfacet
  facet normal -0.0979029 -0.995196 0
    outer loop
      vertex 12.452 8.82136 0
      vertex 12.5628 8.81046 2.39
      vertex 12.452 8.82136 2.39
    endloop
  endfacet
  facet normal -0.0979029 -0.995196 -0
    outer loop
      vertex 12.5628 8.81046 2.39
      vertex 12.452 8.82136 0
      vertex 12.5628 8.81046 0
    endloop
  endfacet
  facet normal 0.29015 0.956981 -0
    outer loop
      vertex 11.9009 5.48293 0
      vertex 11.7944 5.51522 2.39
      vertex 11.9009 5.48293 2.39
    endloop
  endfacet
  facet normal 0.29015 0.956981 0
    outer loop
      vertex 11.7944 5.51522 2.39
      vertex 11.9009 5.48293 0
      vertex 11.7944 5.51522 0
    endloop
  endfacet
  facet normal 0.812821 -0.582513 0
    outer loop
      vertex 10.9274 8.06947 2.39
      vertex 10.9922 8.15989 0
      vertex 10.9922 8.15989 2.39
    endloop
  endfacet
  facet normal 0.812821 -0.582513 0
    outer loop
      vertex 10.9922 8.15989 0
      vertex 10.9274 8.06947 2.39
      vertex 10.9274 8.06947 0
    endloop
  endfacet
  facet normal 0.683582 0.729873 -0
    outer loop
      vertex 11.22 5.84687 0
      vertex 11.1388 5.92292 2.39
      vertex 11.22 5.84687 2.39
    endloop
  endfacet
  facet normal 0.683582 0.729873 0
    outer loop
      vertex 11.1388 5.92292 2.39
      vertex 11.22 5.84687 0
      vertex 11.1388 5.92292 0
    endloop
  endfacet
  facet normal -0.582173 0.813065 0
    outer loop
      vertex 13.3758 5.7763 0
      vertex 13.2853 5.7115 2.39
      vertex 13.3758 5.7763 2.39
    endloop
  endfacet
  facet normal -0.582173 0.813065 0
    outer loop
      vertex 13.2853 5.7115 2.39
      vertex 13.3758 5.7763 0
      vertex 13.2853 5.7115 0
    endloop
  endfacet
  facet normal -0.352325 0.935878 0
    outer loop
      vertex 12.9914 5.55441 0
      vertex 12.8873 5.51522 2.39
      vertex 12.9914 5.55441 2.39
    endloop
  endfacet
  facet normal -0.352325 0.935878 0
    outer loop
      vertex 12.8873 5.51522 2.39
      vertex 12.9914 5.55441 0
      vertex 12.8873 5.51522 0
    endloop
  endfacet
  facet normal -0.290399 0.956906 0
    outer loop
      vertex 12.8873 5.51522 0
      vertex 12.7809 5.48293 2.39
      vertex 12.8873 5.51522 2.39
    endloop
  endfacet
  facet normal -0.290399 0.956906 0
    outer loop
      vertex 12.7809 5.48293 2.39
      vertex 12.8873 5.51522 0
      vertex 12.7809 5.48293 0
    endloop
  endfacet
  facet normal 0.910904 -0.412617 0
    outer loop
      vertex 10.7703 7.77556 2.39
      vertex 10.8162 7.87689 0
      vertex 10.8162 7.87689 2.39
    endloop
  endfacet
  facet normal 0.910904 -0.412617 0
    outer loop
      vertex 10.8162 7.87689 0
      vertex 10.7703 7.77556 2.39
      vertex 10.7703 7.77556 0
    endloop
  endfacet
  facet normal 0.956926 -0.290332 0
    outer loop
      vertex 10.6988 7.56499 2.39
      vertex 10.7311 7.67145 0
      vertex 10.7311 7.67145 2.39
    endloop
  endfacet
  facet normal 0.956926 -0.290332 0
    outer loop
      vertex 10.7311 7.67145 0
      vertex 10.6988 7.56499 2.39
      vertex 10.6988 7.56499 0
    endloop
  endfacet
  facet normal 0.848981 -0.528423 0
    outer loop
      vertex 10.8686 7.975 2.39
      vertex 10.9274 8.06947 0
      vertex 10.9274 8.06947 2.39
    endloop
  endfacet
  facet normal 0.848981 -0.528423 0
    outer loop
      vertex 10.9274 8.06947 0
      vertex 10.8686 7.975 2.39
      vertex 10.8686 7.975 0
    endloop
  endfacet
  facet normal 0.29015 -0.956981 0
    outer loop
      vertex 11.7944 8.73478 0
      vertex 11.9009 8.76707 2.39
      vertex 11.7944 8.73478 2.39
    endloop
  endfacet
  facet normal 0.29015 -0.956981 0
    outer loop
      vertex 11.9009 8.76707 2.39
      vertex 11.7944 8.73478 0
      vertex 11.9009 8.76707 0
    endloop
  endfacet
  facet normal -0.9738 -0.227406 0
    outer loop
      vertex 14.0082 7.45665 0
      vertex 13.9829 7.56499 2.39
      vertex 13.9829 7.56499 0
    endloop
  endfacet
  facet normal -0.9738 -0.227406 0
    outer loop
      vertex 13.9829 7.56499 2.39
      vertex 14.0082 7.45665 0
      vertex 14.0082 7.45665 2.39
    endloop
  endfacet
  facet normal 0.882074 0.471111 0
    outer loop
      vertex 10.8686 6.275 2.39
      vertex 10.8162 6.37311 0
      vertex 10.8162 6.37311 2.39
    endloop
  endfacet
  facet normal 0.882074 0.471111 0
    outer loop
      vertex 10.8162 6.37311 0
      vertex 10.8686 6.275 2.39
      vertex 10.8686 6.275 0
    endloop
  endfacet
  facet normal 0.0979904 -0.995187 0
    outer loop
      vertex 12.119 8.81046 0
      vertex 12.2297 8.82136 2.39
      vertex 12.119 8.81046 2.39
    endloop
  endfacet
  facet normal 0.0979904 -0.995187 0
    outer loop
      vertex 12.2297 8.82136 2.39
      vertex 12.119 8.81046 0
      vertex 12.2297 8.82136 0
    endloop
  endfacet
  facet normal -0.528316 0.849048 0
    outer loop
      vertex 13.2853 5.7115 0
      vertex 13.1909 5.65276 2.39
      vertex 13.2853 5.7115 2.39
    endloop
  endfacet
  facet normal -0.528316 0.849048 0
    outer loop
      vertex 13.1909 5.65276 2.39
      vertex 13.2853 5.7115 0
      vertex 13.1909 5.65276 0
    endloop
  endfacet
  facet normal 0.9738 0.227406 0
    outer loop
      vertex 10.6988 6.68501 2.39
      vertex 10.6735 6.79335 0
      vertex 10.6735 6.79335 2.39
    endloop
  endfacet
  facet normal 0.9738 0.227406 0
    outer loop
      vertex 10.6735 6.79335 0
      vertex 10.6988 6.68501 2.39
      vertex 10.6988 6.68501 0
    endloop
  endfacet
  facet normal 0.412793 0.910825 -0
    outer loop
      vertex 11.6903 5.55441 0
      vertex 11.589 5.60032 2.39
      vertex 11.6903 5.55441 2.39
    endloop
  endfacet
  facet normal 0.412793 0.910825 0
    outer loop
      vertex 11.589 5.60032 2.39
      vertex 11.6903 5.55441 0
      vertex 11.589 5.60032 0
    endloop
  endfacet
  facet normal 0.0327163 -0.999465 0
    outer loop
      vertex 12.2297 8.82136 0
      vertex 12.3409 8.825 2.39
      vertex 12.2297 8.82136 2.39
    endloop
  endfacet
  facet normal 0.0327163 -0.999465 0
    outer loop
      vertex 12.3409 8.825 2.39
      vertex 12.2297 8.82136 0
      vertex 12.3409 8.825 0
    endloop
  endfacet
  facet normal 0.729607 -0.683866 0
    outer loop
      vertex 11.0627 8.24589 2.39
      vertex 11.1388 8.32708 0
      vertex 11.1388 8.32708 2.39
    endloop
  endfacet
  facet normal 0.729607 -0.683866 0
    outer loop
      vertex 11.1388 8.32708 0
      vertex 11.0627 8.24589 2.39
      vertex 11.0627 8.24589 0
    endloop
  endfacet
  facet normal -0.412456 0.910978 0
    outer loop
      vertex 13.0928 5.60032 0
      vertex 12.9914 5.55441 2.39
      vertex 13.0928 5.60032 2.39
    endloop
  endfacet
  facet normal -0.412456 0.910978 0
    outer loop
      vertex 12.9914 5.55441 2.39
      vertex 13.0928 5.60032 0
      vertex 12.9914 5.55441 0
    endloop
  endfacet
  facet normal 0.582598 0.81276 -0
    outer loop
      vertex 11.3964 5.7115 0
      vertex 11.306 5.7763 2.39
      vertex 11.3964 5.7115 2.39
    endloop
  endfacet
  facet normal 0.582598 0.81276 0
    outer loop
      vertex 11.306 5.7763 2.39
      vertex 11.3964 5.7115 0
      vertex 11.306 5.7763 0
    endloop
  endfacet
  facet normal 0.9738 -0.227406 0
    outer loop
      vertex 10.6735 7.45665 2.39
      vertex 10.6988 7.56499 0
      vertex 10.6988 7.56499 2.39
    endloop
  endfacet
  facet normal 0.9738 -0.227406 0
    outer loop
      vertex 10.6988 7.56499 0
      vertex 10.6735 7.45665 2.39
      vertex 10.6735 7.45665 0
    endloop
  endfacet
  facet normal 0.527913 -0.849298 0
    outer loop
      vertex 11.3964 8.5385 0
      vertex 11.4909 8.59724 2.39
      vertex 11.3964 8.5385 2.39
    endloop
  endfacet
  facet normal 0.527913 -0.849298 0
    outer loop
      vertex 11.4909 8.59724 2.39
      vertex 11.3964 8.5385 0
      vertex 11.4909 8.59724 0
    endloop
  endfacet
  facet normal 0.683582 -0.729873 0
    outer loop
      vertex 11.1388 8.32708 0
      vertex 11.22 8.40313 2.39
      vertex 11.1388 8.32708 2.39
    endloop
  endfacet
  facet normal 0.683582 -0.729873 0
    outer loop
      vertex 11.22 8.40313 2.39
      vertex 11.1388 8.32708 0
      vertex 11.22 8.40313 0
    endloop
  endfacet
  facet normal -0.634789 0.772685 0
    outer loop
      vertex 13.4617 5.84687 0
      vertex 13.3758 5.7763 2.39
      vertex 13.4617 5.84687 2.39
    endloop
  endfacet
  facet normal -0.634789 0.772685 0
    outer loop
      vertex 13.3758 5.7763 2.39
      vertex 13.4617 5.84687 0
      vertex 13.3758 5.7763 0
    endloop
  endfacet
  facet normal -0.471428 -0.881905 0
    outer loop
      vertex 13.0928 8.64968 0
      vertex 13.1909 8.59724 2.39
      vertex 13.0928 8.64968 2.39
    endloop
  endfacet
  facet normal -0.471428 -0.881905 -0
    outer loop
      vertex 13.1909 8.59724 2.39
      vertex 13.0928 8.64968 0
      vertex 13.1909 8.59724 0
    endloop
  endfacet
  facet normal -0.910566 -0.413363 0
    outer loop
      vertex 13.9115 7.77556 0
      vertex 13.8655 7.87689 2.39
      vertex 13.8655 7.87689 0
    endloop
  endfacet
  facet normal -0.910566 -0.413363 0
    outer loop
      vertex 13.8655 7.87689 2.39
      vertex 13.9115 7.77556 0
      vertex 13.9115 7.77556 2.39
    endloop
  endfacet
  facet normal 0.352325 -0.935878 0
    outer loop
      vertex 11.6903 8.69559 0
      vertex 11.7944 8.73478 2.39
      vertex 11.6903 8.69559 2.39
    endloop
  endfacet
  facet normal 0.352325 -0.935878 0
    outer loop
      vertex 11.7944 8.73478 2.39
      vertex 11.6903 8.69559 0
      vertex 11.7944 8.73478 0
    endloop
  endfacet
  facet normal -0.729607 0.683866 0
    outer loop
      vertex 13.5429 5.92292 0
      vertex 13.619 6.00411 2.39
      vertex 13.619 6.00411 0
    endloop
  endfacet
  facet normal -0.729607 0.683866 0
    outer loop
      vertex 13.619 6.00411 2.39
      vertex 13.5429 5.92292 0
      vertex 13.5429 5.92292 2.39
    endloop
  endfacet
  facet normal -0.352325 -0.935878 0
    outer loop
      vertex 12.8873 8.73478 0
      vertex 12.9914 8.69559 2.39
      vertex 12.8873 8.73478 2.39
    endloop
  endfacet
  facet normal -0.352325 -0.935878 -0
    outer loop
      vertex 12.9914 8.69559 2.39
      vertex 12.8873 8.73478 0
      vertex 12.9914 8.69559 0
    endloop
  endfacet
  facet normal -0.683582 0.729873 0
    outer loop
      vertex 13.5429 5.92292 0
      vertex 13.4617 5.84687 2.39
      vertex 13.5429 5.92292 2.39
    endloop
  endfacet
  facet normal -0.683582 0.729873 0
    outer loop
      vertex 13.4617 5.84687 2.39
      vertex 13.5429 5.92292 0
      vertex 13.4617 5.84687 0
    endloop
  endfacet
  facet normal -0.812821 0.582513 0
    outer loop
      vertex 13.6896 6.09011 0
      vertex 13.7544 6.18053 2.39
      vertex 13.7544 6.18053 0
    endloop
  endfacet
  facet normal -0.812821 0.582513 0
    outer loop
      vertex 13.7544 6.18053 2.39
      vertex 13.6896 6.09011 0
      vertex 13.6896 6.09011 2.39
    endloop
  endfacet
  facet normal 0.527913 0.849298 -0
    outer loop
      vertex 11.4909 5.65276 0
      vertex 11.3964 5.7115 2.39
      vertex 11.4909 5.65276 2.39
    endloop
  endfacet
  facet normal 0.527913 0.849298 0
    outer loop
      vertex 11.3964 5.7115 2.39
      vertex 11.4909 5.65276 0
      vertex 11.3964 5.7115 0
    endloop
  endfacet
  facet normal -0.9738 0.227406 0
    outer loop
      vertex 13.9829 6.68501 0
      vertex 14.0082 6.79335 2.39
      vertex 14.0082 6.79335 0
    endloop
  endfacet
  facet normal -0.9738 0.227406 0
    outer loop
      vertex 14.0082 6.79335 2.39
      vertex 13.9829 6.68501 0
      vertex 13.9829 6.68501 2.39
    endloop
  endfacet
  facet normal -0.999447 -0.033258 0
    outer loop
      vertex 14.0409 7.125 0
      vertex 14.0372 7.23619 2.39
      vertex 14.0372 7.23619 0
    endloop
  endfacet
  facet normal -0.999447 -0.033258 0
    outer loop
      vertex 14.0372 7.23619 2.39
      vertex 14.0409 7.125 0
      vertex 14.0409 7.125 2.39
    endloop
  endfacet
  facet normal -0.163057 0.986617 0
    outer loop
      vertex 12.6725 5.45767 0
      vertex 12.5628 5.43954 2.39
      vertex 12.6725 5.45767 2.39
    endloop
  endfacet
  facet normal -0.163057 0.986617 0
    outer loop
      vertex 12.5628 5.43954 2.39
      vertex 12.6725 5.45767 0
      vertex 12.5628 5.43954 0
    endloop
  endfacet
  facet normal 0.999476 0.0323601 0
    outer loop
      vertex 10.6445 7.01381 2.39
      vertex 10.6409 7.125 0
      vertex 10.6409 7.125 2.39
    endloop
  endfacet
  facet normal 0.999476 0.0323601 0
    outer loop
      vertex 10.6409 7.125 0
      vertex 10.6445 7.01381 2.39
      vertex 10.6445 7.01381 0
    endloop
  endfacet
  facet normal -0.936155 -0.351587 0
    outer loop
      vertex 13.9506 7.67145 0
      vertex 13.9115 7.77556 2.39
      vertex 13.9115 7.77556 0
    endloop
  endfacet
  facet normal -0.936155 -0.351587 0
    outer loop
      vertex 13.9115 7.77556 2.39
      vertex 13.9506 7.67145 0
      vertex 13.9506 7.67145 2.39
    endloop
  endfacet
  facet normal 0.882074 -0.471111 0
    outer loop
      vertex 10.8162 7.87689 2.39
      vertex 10.8686 7.975 0
      vertex 10.8686 7.975 2.39
    endloop
  endfacet
  facet normal 0.882074 -0.471111 0
    outer loop
      vertex 10.8686 7.975 0
      vertex 10.8162 7.87689 2.39
      vertex 10.8162 7.87689 0
    endloop
  endfacet
  facet normal -0.986674 -0.162708 0
    outer loop
      vertex 14.0263 7.34689 0
      vertex 14.0082 7.45665 2.39
      vertex 14.0082 7.45665 0
    endloop
  endfacet
  facet normal -0.986674 -0.162708 0
    outer loop
      vertex 14.0082 7.45665 2.39
      vertex 14.0263 7.34689 0
      vertex 14.0263 7.34689 2.39
    endloop
  endfacet
  facet normal -0.683582 -0.729873 0
    outer loop
      vertex 13.4617 8.40313 0
      vertex 13.5429 8.32708 2.39
      vertex 13.4617 8.40313 2.39
    endloop
  endfacet
  facet normal -0.683582 -0.729873 -0
    outer loop
      vertex 13.5429 8.32708 2.39
      vertex 13.4617 8.40313 0
      vertex 13.5429 8.32708 0
    endloop
  endfacet
  facet normal 0.910904 0.412617 0
    outer loop
      vertex 10.8162 6.37311 2.39
      vertex 10.7703 6.47444 0
      vertex 10.7703 6.47444 2.39
    endloop
  endfacet
  facet normal 0.910904 0.412617 0
    outer loop
      vertex 10.7703 6.47444 0
      vertex 10.8162 6.37311 2.39
      vertex 10.8162 6.37311 0
    endloop
  endfacet
  facet normal 0.471428 -0.881905 0
    outer loop
      vertex 11.4909 8.59724 0
      vertex 11.589 8.64968 2.39
      vertex 11.4909 8.59724 2.39
    endloop
  endfacet
  facet normal 0.471428 -0.881905 0
    outer loop
      vertex 11.589 8.64968 2.39
      vertex 11.4909 8.59724 0
      vertex 11.589 8.64968 0
    endloop
  endfacet
  facet normal 0.773356 -0.633972 0
    outer loop
      vertex 10.9922 8.15989 2.39
      vertex 11.0627 8.24589 0
      vertex 11.0627 8.24589 2.39
    endloop
  endfacet
  facet normal 0.773356 -0.633972 0
    outer loop
      vertex 11.0627 8.24589 0
      vertex 10.9922 8.15989 2.39
      vertex 10.9922 8.15989 0
    endloop
  endfacet
  facet normal 0.999476 -0.032363 0
    outer loop
      vertex 10.6409 7.125 2.39
      vertex 10.6445 7.23618 0
      vertex 10.6445 7.23618 2.39
    endloop
  endfacet
  facet normal 0.999476 -0.032363 0
    outer loop
      vertex 10.6445 7.23618 0
      vertex 10.6409 7.125 2.39
      vertex 10.6409 7.125 0
    endloop
  endfacet
  facet normal -0.226946 -0.973907 0
    outer loop
      vertex 12.6725 8.79233 0
      vertex 12.7809 8.76707 2.39
      vertex 12.6725 8.79233 2.39
    endloop
  endfacet
  facet normal -0.226946 -0.973907 -0
    outer loop
      vertex 12.7809 8.76707 2.39
      vertex 12.6725 8.79233 0
      vertex 12.7809 8.76707 0
    endloop
  endfacet
  facet normal -0.290399 -0.956906 0
    outer loop
      vertex 12.7809 8.76707 0
      vertex 12.8873 8.73478 2.39
      vertex 12.7809 8.76707 2.39
    endloop
  endfacet
  facet normal -0.290399 -0.956906 -0
    outer loop
      vertex 12.8873 8.73478 2.39
      vertex 12.7809 8.76707 0
      vertex 12.8873 8.73478 0
    endloop
  endfacet
  facet normal 0.634348 -0.773047 0
    outer loop
      vertex 11.22 8.40313 0
      vertex 11.306 8.4737 2.39
      vertex 11.22 8.40313 2.39
    endloop
  endfacet
  facet normal 0.634348 -0.773047 0
    outer loop
      vertex 11.306 8.4737 2.39
      vertex 11.22 8.40313 0
      vertex 11.306 8.4737 0
    endloop
  endfacet
  facet normal 0.0327163 0.999465 -0
    outer loop
      vertex 12.3409 5.425 0
      vertex 12.2297 5.42864 2.39
      vertex 12.3409 5.425 2.39
    endloop
  endfacet
  facet normal 0.0327163 0.999465 0
    outer loop
      vertex 12.2297 5.42864 2.39
      vertex 12.3409 5.425 0
      vertex 12.2297 5.42864 0
    endloop
  endfacet
  facet normal 0.582598 -0.81276 0
    outer loop
      vertex 11.306 8.4737 0
      vertex 11.3964 8.5385 2.39
      vertex 11.306 8.4737 2.39
    endloop
  endfacet
  facet normal 0.582598 -0.81276 0
    outer loop
      vertex 11.3964 8.5385 2.39
      vertex 11.306 8.4737 0
      vertex 11.3964 8.5385 0
    endloop
  endfacet
  facet normal 0.812821 0.582513 0
    outer loop
      vertex 10.9922 6.09011 2.39
      vertex 10.9274 6.18053 0
      vertex 10.9274 6.18053 2.39
    endloop
  endfacet
  facet normal 0.812821 0.582513 0
    outer loop
      vertex 10.9274 6.18053 0
      vertex 10.9922 6.09011 2.39
      vertex 10.9922 6.09011 0
    endloop
  endfacet
  facet normal -0.471428 0.881905 0
    outer loop
      vertex 13.1909 5.65276 0
      vertex 13.0928 5.60032 2.39
      vertex 13.1909 5.65276 2.39
    endloop
  endfacet
  facet normal -0.471428 0.881905 0
    outer loop
      vertex 13.0928 5.60032 2.39
      vertex 13.1909 5.65276 0
      vertex 13.0928 5.60032 0
    endloop
  endfacet
  facet normal -0.936155 0.351587 0
    outer loop
      vertex 13.9115 6.47444 0
      vertex 13.9506 6.57855 2.39
      vertex 13.9506 6.57855 0
    endloop
  endfacet
  facet normal -0.936155 0.351587 0
    outer loop
      vertex 13.9506 6.57855 2.39
      vertex 13.9115 6.47444 0
      vertex 13.9115 6.47444 2.39
    endloop
  endfacet
  facet normal -0.0327457 0.999464 0
    outer loop
      vertex 12.452 5.42864 0
      vertex 12.3409 5.425 2.39
      vertex 12.452 5.42864 2.39
    endloop
  endfacet
  facet normal -0.0327457 0.999464 0
    outer loop
      vertex 12.3409 5.425 2.39
      vertex 12.452 5.42864 0
      vertex 12.3409 5.425 0
    endloop
  endfacet
  facet normal 0.162913 -0.986641 0
    outer loop
      vertex 12.0092 8.79233 0
      vertex 12.119 8.81046 2.39
      vertex 12.0092 8.79233 2.39
    endloop
  endfacet
  facet normal 0.162913 -0.986641 0
    outer loop
      vertex 12.119 8.81046 2.39
      vertex 12.0092 8.79233 0
      vertex 12.119 8.81046 0
    endloop
  endfacet
  facet normal -0.0327457 -0.999464 0
    outer loop
      vertex 12.3409 8.825 0
      vertex 12.452 8.82136 2.39
      vertex 12.3409 8.825 2.39
    endloop
  endfacet
  facet normal -0.0327457 -0.999464 -0
    outer loop
      vertex 12.452 8.82136 2.39
      vertex 12.3409 8.825 0
      vertex 12.452 8.82136 0
    endloop
  endfacet
  facet normal 0.227144 -0.973861 0
    outer loop
      vertex 11.9009 8.76707 0
      vertex 12.0092 8.79233 2.39
      vertex 11.9009 8.76707 2.39
    endloop
  endfacet
  facet normal 0.227144 -0.973861 0
    outer loop
      vertex 12.0092 8.79233 2.39
      vertex 11.9009 8.76707 0
      vertex 12.0092 8.79233 0
    endloop
  endfacet
  facet normal 0.986674 -0.162708 0
    outer loop
      vertex 10.6554 7.34689 2.39
      vertex 10.6735 7.45665 0
      vertex 10.6735 7.45665 2.39
    endloop
  endfacet
  facet normal 0.986674 -0.162708 0
    outer loop
      vertex 10.6735 7.45665 0
      vertex 10.6554 7.34689 2.39
      vertex 10.6554 7.34689 0
    endloop
  endfacet
  facet normal -0.995188 0.0979817 0
    outer loop
      vertex 14.0263 6.90311 0
      vertex 14.0372 7.01382 2.39
      vertex 14.0372 7.01382 0
    endloop
  endfacet
  facet normal -0.995188 0.0979817 0
    outer loop
      vertex 14.0372 7.01382 2.39
      vertex 14.0263 6.90311 0
      vertex 14.0263 6.90311 2.39
    endloop
  endfacet
  facet normal 0.995188 -0.0979817 0
    outer loop
      vertex 10.6445 7.23618 2.39
      vertex 10.6554 7.34689 0
      vertex 10.6554 7.34689 2.39
    endloop
  endfacet
  facet normal 0.995188 -0.0979817 0
    outer loop
      vertex 10.6554 7.34689 0
      vertex 10.6445 7.23618 2.39
      vertex 10.6445 7.23618 0
    endloop
  endfacet
  facet normal -0.772915 0.634509 0
    outer loop
      vertex 13.619 6.00411 0
      vertex 13.6896 6.09011 2.39
      vertex 13.6896 6.09011 0
    endloop
  endfacet
  facet normal -0.772915 0.634509 0
    outer loop
      vertex 13.6896 6.09011 2.39
      vertex 13.619 6.00411 0
      vertex 13.619 6.00411 2.39
    endloop
  endfacet
  facet normal 0.935859 -0.352374 0
    outer loop
      vertex 10.7311 7.67145 2.39
      vertex 10.7703 7.77556 0
      vertex 10.7703 7.77556 2.39
    endloop
  endfacet
  facet normal 0.935859 -0.352374 0
    outer loop
      vertex 10.7703 7.77556 0
      vertex 10.7311 7.67145 2.39
      vertex 10.7311 7.67145 0
    endloop
  endfacet
  facet normal -0.956926 0.290332 0
    outer loop
      vertex 13.9506 6.57855 0
      vertex 13.9829 6.68501 2.39
      vertex 13.9829 6.68501 0
    endloop
  endfacet
  facet normal -0.956926 0.290332 0
    outer loop
      vertex 13.9829 6.68501 2.39
      vertex 13.9506 6.57855 0
      vertex 13.9506 6.57855 2.39
    endloop
  endfacet
  facet normal 0.995187 0.0979904 0
    outer loop
      vertex 10.6554 6.90311 2.39
      vertex 10.6445 7.01381 0
      vertex 10.6445 7.01381 2.39
    endloop
  endfacet
  facet normal 0.995187 0.0979904 0
    outer loop
      vertex 10.6445 7.01381 0
      vertex 10.6554 6.90311 2.39
      vertex 10.6554 6.90311 0
    endloop
  endfacet
  facet normal -0.0743 -0.753132 0.65366
    outer loop
      vertex 12.5628 8.81046 2.39
      vertex 12.7444 10.1899 4
      vertex 12.5437 10.2097 4
    endloop
  endfacet
  facet normal -0.667533 0.356526 0.653673
    outer loop
      vertex 13.8131 6.275 2.39
      vertex 15.1134 5.75773 4
      vertex 13.8655 6.37311 2.39
    endloop
  endfacet
  facet normal -0.678165 0.333524 0.654869
    outer loop
      vertex 15.1134 5.75773 4
      vertex 13.8131 6.275 2.39
      vertex 15.1131 5.75712 4
    endloop
  endfacet
  facet normal 0.219526 -0.724249 0.65366
    outer loop
      vertex 11.9009 8.76707 2.39
      vertex 11.5408 10.111 4
      vertex 11.3478 10.0525 4
    endloop
  endfacet
  facet normal -0.642589 -0.399741 0.653672
    outer loop
      vertex 15.0181 8.67068 4
      vertex 14.9116 8.84188 4
      vertex 13.8131 7.975 2.39
    endloop
  endfacet
  facet normal -0.626272 -0.424591 0.653839
    outer loop
      vertex 13.7544 8.06947 2.39
      vertex 14.9116 8.84188 4
      vertex 14.9112 8.84247 4
    endloop
  endfacet
  facet normal -0.642812 -0.399418 0.65365
    outer loop
      vertex 14.9116 8.84188 4
      vertex 13.7544 8.06947 2.39
      vertex 13.8131 7.975 2.39
    endloop
  endfacet
  facet normal -0.480407 0.584766 0.65365
    outer loop
      vertex 13.3758 5.7763 2.39
      vertex 14.2233 4.6729 4
      vertex 13.4617 5.84687 2.39
    endloop
  endfacet
  facet normal -0.500322 0.568548 0.653017
    outer loop
      vertex 14.2233 4.6729 4
      vertex 13.3758 5.7763 2.39
      vertex 14.2228 4.67246 4
    endloop
  endfacet
  facet normal -0.584999 0.480116 0.653655
    outer loop
      vertex 14.6655 5.08726 4
      vertex 14.7934 5.2431 4
      vertex 13.6896 6.09011 2.39
    endloop
  endfacet
  facet normal 0.447479 -0.610198 0.653774
    outer loop
      vertex 10.4584 9.5771 4
      vertex 11.306 8.4737 2.39
      vertex 10.459 9.57754 4
    endloop
  endfacet
  facet normal 0.48006 -0.585024 0.653674
    outer loop
      vertex 11.306 8.4737 2.39
      vertex 10.4584 9.5771 4
      vertex 11.22 8.40313 2.39
    endloop
  endfacet
  facet normal -0.480161 0.584949 0.653667
    outer loop
      vertex 14.2233 4.6729 4
      vertex 14.3791 4.80079 4
      vertex 13.4617 5.84687 2.39
    endloop
  endfacet
  facet normal 0.280577 -0.701443 0.655174
    outer loop
      vertex 11.589 8.64968 2.39
      vertex 11.1579 9.98104 4
      vertex 11.1572 9.98076 4
    endloop
  endfacet
  facet normal 0.312398 -0.689304 0.653657
    outer loop
      vertex 11.1579 9.98104 4
      vertex 11.589 8.64968 2.39
      vertex 11.6903 8.69559 2.39
    endloop
  endfacet
  facet normal -0.615219 0.44073 0.653653
    outer loop
      vertex 14.7934 5.2431 4
      vertex 14.9108 5.40698 4
      vertex 13.6896 6.09011 2.39
    endloop
  endfacet
  facet normal 0.356118 -0.667721 0.653704
    outer loop
      vertex 11.4909 8.59724 2.39
      vertex 10.9736 9.89755 4
      vertex 10.973 9.89723 4
    endloop
  endfacet
  facet normal 0.356769 -0.667412 0.653664
    outer loop
      vertex 10.9736 9.89755 4
      vertex 11.4909 8.59724 2.39
      vertex 11.589 8.64968 2.39
    endloop
  endfacet
  facet normal 0.266573 0.708285 0.653659
    outer loop
      vertex 11.3472 4.1977 4
      vertex 11.7944 5.51522 2.39
      vertex 11.1585 4.26872 4
    endloop
  endfacet
  facet normal -0.266635 -0.708259 0.653663
    outer loop
      vertex 12.9914 8.69559 2.39
      vertex 13.5232 9.98128 4
      vertex 12.8873 8.73478 2.39
    endloop
  endfacet
  facet normal -0.245591 -0.716307 0.653139
    outer loop
      vertex 13.5232 9.98128 4
      vertex 12.9914 8.69559 2.39
      vertex 13.5239 9.98104 4
    endloop
  endfacet
  facet normal -0.756394 0.0247752 0.653647
    outer loop
      vertex 15.4256 6.9235 4
      vertex 15.4322 7.125 4
      vertex 14.0409 7.125 2.39
    endloop
  endfacet
  facet normal 0.171953 -0.736995 0.653659
    outer loop
      vertex 11.9009 8.76707 2.39
      vertex 11.7371 10.1568 4
      vertex 11.5408 10.111 4
    endloop
  endfacet
  facet normal -0.399642 -0.642671 0.653651
    outer loop
      vertex 14.0577 9.69573 4
      vertex 13.8865 9.80219 4
      vertex 13.1909 8.59724 2.39
    endloop
  endfacet
  facet normal -0.312402 0.689305 0.653654
    outer loop
      vertex 13.5245 4.26924 4
      vertex 13.7081 4.35245 4
      vertex 13.0928 5.60032 2.39
    endloop
  endfacet
  facet normal -0.219631 -0.724218 0.653659
    outer loop
      vertex 13.3345 10.0523 4
      vertex 13.1416 10.1108 4
      vertex 12.8873 8.73478 2.39
    endloop
  endfacet
  facet normal 0.615127 -0.440834 0.65367
    outer loop
      vertex 9.77089 8.84302 4
      vertex 10.9274 8.06947 2.39
      vertex 10.9922 8.15989 2.39
    endloop
  endfacet
  facet normal 0.612101 -0.445164 0.653576
    outer loop
      vertex 10.9274 8.06947 2.39
      vertex 9.77089 8.84302 4
      vertex 9.77049 8.84247 4
    endloop
  endfacet
  facet normal 0.746683 -0.123277 0.653656
    outer loop
      vertex 10.6735 7.45665 2.39
      vertex 9.3089 7.72809 4
      vertex 9.27606 7.52918 4
    endloop
  endfacet
  facet normal -0.552365 0.517303 0.653674
    outer loop
      vertex 14.5268 4.93908 4
      vertex 14.6646 5.08622 4
      vertex 13.5429 5.92292 2.39
    endloop
  endfacet
  facet normal 0.480001 0.585083 0.653664
    outer loop
      vertex 10.459 4.67246 4
      vertex 11.306 5.7763 2.39
      vertex 10.3031 4.80036 4
    endloop
  endfacet
  facet normal -0.399642 0.642671 0.653651
    outer loop
      vertex 13.8865 4.44781 4
      vertex 14.0577 4.55427 4
      vertex 13.1909 5.65276 2.39
    endloop
  endfacet
  facet normal -0.724213 -0.219595 0.653677
    outer loop
      vertex 15.3269 7.9251 4
      vertex 15.2684 8.11803 4
      vertex 13.9829 7.56499 2.39
    endloop
  endfacet
  facet normal -0.266573 -0.708285 0.653659
    outer loop
      vertex 13.5232 9.98128 4
      vertex 13.3345 10.0523 4
      vertex 12.8873 8.73478 2.39
    endloop
  endfacet
  facet normal 0.724183 0.219717 0.653669
    outer loop
      vertex 9.41336 6.13197 4
      vertex 10.7311 6.57855 2.39
      vertex 10.6988 6.68501 2.39
    endloop
  endfacet
  facet normal 0.724261 0.219473 0.653665
    outer loop
      vertex 10.7311 6.57855 2.39
      vertex 9.41336 6.13197 4
      vertex 9.41356 6.13131 4
    endloop
  endfacet
  facet normal -0.723266 -0.222543 0.653729
    outer loop
      vertex 13.9506 7.67145 2.39
      vertex 15.2684 8.11803 4
      vertex 15.2682 8.11868 4
    endloop
  endfacet
  facet normal -0.72417 -0.219714 0.653684
    outer loop
      vertex 15.2684 8.11803 4
      vertex 13.9506 7.67145 2.39
      vertex 13.9829 7.56499 2.39
    endloop
  endfacet
  facet normal 0.208503 -0.729762 0.651133
    outer loop
      vertex 11.9009 8.76707 2.39
      vertex 11.7378 10.157 4
      vertex 11.7371 10.1568 4
    endloop
  endfacet
  facet normal 0.171898 -0.736997 0.653671
    outer loop
      vertex 11.7378 10.157 4
      vertex 11.9009 8.76707 2.39
      vertex 12.0092 8.79233 2.39
    endloop
  endfacet
  facet normal -0.440763 0.615184 0.653664
    outer loop
      vertex 14.0583 4.55463 4
      vertex 14.2222 4.67206 4
      vertex 13.2853 5.7115 2.39
    endloop
  endfacet
  facet normal 0.737014 0.171847 0.653666
    outer loop
      vertex 9.35484 6.3249 4
      vertex 10.6988 6.68501 2.39
      vertex 9.30906 6.52124 4
    endloop
  endfacet
  facet normal 0.585255 0.479773 0.653677
    outer loop
      vertex 10.9922 6.09011 2.39
      vertex 9.88876 5.24257 4
      vertex 11.0627 6.00411 2.39
    endloop
  endfacet
  facet normal 0.582323 0.483438 0.653597
    outer loop
      vertex 9.88876 5.24257 4
      vertex 10.9922 6.09011 2.39
      vertex 9.88832 5.2431 4
    endloop
  endfacet
  facet normal 0.689331 -0.312309 0.653671
    outer loop
      vertex 10.7703 7.77556 2.39
      vertex 9.56802 8.49165 4
      vertex 9.48482 8.30801 4
    endloop
  endfacet
  facet normal 0.356757 -0.667418 0.653665
    outer loop
      vertex 11.4909 8.59724 2.39
      vertex 10.973 9.89723 4
      vertex 10.7952 9.80219 4
    endloop
  endfacet
  facet normal -0.753157 -0.073953 0.653671
    outer loop
      vertex 15.4255 7.32787 4
      vertex 15.4058 7.5285 4
      vertex 14.0263 7.34689 2.39
    endloop
  endfacet
  facet normal 0.517232 0.552435 0.653672
    outer loop
      vertex 10.3021 4.80126 4
      vertex 11.1388 5.92292 2.39
      vertex 10.1549 4.93908 4
    endloop
  endfacet
  facet normal -0.746636 -0.123488 0.653671
    outer loop
      vertex 15.4058 7.5285 4
      vertex 15.3729 7.72742 4
      vertex 14.0263 7.34689 2.39
    endloop
  endfacet
  facet normal 0.689353 0.31226 0.653672
    outer loop
      vertex 9.48482 5.94199 4
      vertex 10.8162 6.37311 2.39
      vertex 10.7703 6.47444 2.39
    endloop
  endfacet
  facet normal 0.691324 0.307255 0.653962
    outer loop
      vertex 10.8162 6.37311 2.39
      vertex 9.48482 5.94199 4
      vertex 9.4851 5.94136 4
    endloop
  endfacet
  facet normal -0.708167 -0.266843 0.653678
    outer loop
      vertex 15.2682 8.11868 4
      vertex 15.1971 8.30737 4
      vertex 13.9506 7.67145 2.39
    endloop
  endfacet
  facet normal 0.615141 0.440813 0.653671
    outer loop
      vertex 9.88792 5.24366 4
      vertex 10.9274 6.18053 2.39
      vertex 9.77049 5.40753 4
    endloop
  endfacet
  facet normal 0.708606 -0.265727 0.653656
    outer loop
      vertex 9.48458 8.30737 4
      vertex 10.7703 7.77556 2.39
      vertex 9.48482 8.30801 4
    endloop
  endfacet
  facet normal 0.708237 -0.266669 0.653672
    outer loop
      vertex 10.7703 7.77556 2.39
      vertex 9.48458 8.30737 4
      vertex 10.7311 7.67145 2.39
    endloop
  endfacet
  facet normal 0.44094 0.615056 0.653665
    outer loop
      vertex 10.6228 4.55503 4
      vertex 11.306 5.7763 2.39
      vertex 10.459 4.67246 4
    endloop
  endfacet
  facet normal -0.736988 -0.171916 0.653677
    outer loop
      vertex 15.3727 7.72876 4
      vertex 15.3269 7.9251 4
      vertex 13.9829 7.56499 2.39
    endloop
  endfacet
  facet normal 0.685406 -0.320593 0.653788
    outer loop
      vertex 9.56802 8.49165 4
      vertex 10.8162 7.87689 2.39
      vertex 9.56831 8.49227 4
    endloop
  endfacet
  facet normal 0.689356 -0.312261 0.653668
    outer loop
      vertex 10.8162 7.87689 2.39
      vertex 9.56802 8.49165 4
      vertex 10.7703 7.77556 2.39
    endloop
  endfacet
  facet normal 0.552383 0.517284 0.653674
    outer loop
      vertex 10.1549 4.93908 4
      vertex 11.1388 5.92292 2.39
      vertex 10.0171 5.08623 4
    endloop
  endfacet
  facet normal -0.517232 0.552435 0.653672
    outer loop
      vertex 14.3796 4.80126 4
      vertex 14.5268 4.93908 4
      vertex 13.5429 5.92292 2.39
    endloop
  endfacet
  facet normal -0.320216 0.686177 0.653164
    outer loop
      vertex 13.0928 5.60032 2.39
      vertex 13.5239 4.26896 4
      vertex 13.5245 4.26924 4
    endloop
  endfacet
  facet normal -0.312137 0.689408 0.653672
    outer loop
      vertex 13.5239 4.26896 4
      vertex 13.0928 5.60032 2.39
      vertex 12.9914 5.55441 2.39
    endloop
  endfacet
  facet normal 0.281009 -0.702523 0.653831
    outer loop
      vertex 11.6903 8.69559 2.39
      vertex 11.1585 9.98128 4
      vertex 11.1579 9.98104 4
    endloop
  endfacet
  facet normal 0.266635 -0.708259 0.653663
    outer loop
      vertex 11.1585 9.98128 4
      vertex 11.6903 8.69559 2.39
      vertex 11.7944 8.73478 2.39
    endloop
  endfacet
  facet normal 0.58493 0.48021 0.653647
    outer loop
      vertex 10.0167 5.08673 4
      vertex 11.0627 6.00411 2.39
      vertex 9.88876 5.24257 4
    endloop
  endfacet
  facet normal 0.667423 0.35676 0.653658
    outer loop
      vertex 9.66367 5.57932 4
      vertex 10.8686 6.275 2.39
      vertex 9.56863 5.75712 4
    endloop
  endfacet
  facet normal 0.708274 -0.266584 0.653667
    outer loop
      vertex 10.7311 7.67145 2.39
      vertex 9.48458 8.30737 4
      vertex 9.41356 8.11868 4
    endloop
  endfacet
  facet normal 0.171963 0.736984 0.653669
    outer loop
      vertex 11.9009 5.48293 2.39
      vertex 11.5414 4.13882 4
      vertex 12.0092 5.45766 2.39
    endloop
  endfacet
  facet normal 0.194951 0.731066 0.653862
    outer loop
      vertex 11.5414 4.13882 4
      vertex 11.9009 5.48293 2.39
      vertex 11.5408 4.13898 4
    endloop
  endfacet
  facet normal 0.312394 0.689294 0.65367
    outer loop
      vertex 11.589 5.60032 2.39
      vertex 10.9742 4.35216 4
      vertex 11.6903 5.55441 2.39
    endloop
  endfacet
  facet normal 0.329258 0.681223 0.653853
    outer loop
      vertex 10.9742 4.35216 4
      vertex 11.589 5.60032 2.39
      vertex 10.9736 4.35245 4
    endloop
  endfacet
  facet normal 0.239264 -0.717793 0.653854
    outer loop
      vertex 11.7944 8.73478 2.39
      vertex 11.3478 10.0525 4
      vertex 11.3472 10.0523 4
    endloop
  endfacet
  facet normal 0.219581 -0.72423 0.653663
    outer loop
      vertex 11.3478 10.0525 4
      vertex 11.7944 8.73478 2.39
      vertex 11.9009 8.76707 2.39
    endloop
  endfacet
  facet normal -0.753157 0.073953 0.653671
    outer loop
      vertex 15.4058 6.7215 4
      vertex 15.4255 6.92213 4
      vertex 14.0263 6.90311 2.39
    endloop
  endfacet
  facet normal 0.480161 -0.584949 0.653667
    outer loop
      vertex 11.22 8.40313 2.39
      vertex 10.4584 9.5771 4
      vertex 10.3026 9.44921 4
    endloop
  endfacet
  facet normal -0.1234 -0.746663 0.653656
    outer loop
      vertex 12.6725 8.79233 2.39
      vertex 12.7444 10.1899 4
      vertex 12.5628 8.81046 2.39
    endloop
  endfacet
  facet normal -0.124424 -0.746544 0.653598
    outer loop
      vertex 12.7444 10.1899 4
      vertex 12.6725 8.79233 2.39
      vertex 12.745 10.1898 4
    endloop
  endfacet
  facet normal -0.678165 -0.333524 0.654869
    outer loop
      vertex 13.8131 7.975 2.39
      vertex 15.1134 8.49227 4
      vertex 15.1131 8.49288 4
    endloop
  endfacet
  facet normal -0.667533 -0.356526 0.653673
    outer loop
      vertex 15.1134 8.49227 4
      vertex 13.8131 7.975 2.39
      vertex 13.8655 7.87689 2.39
    endloop
  endfacet
  facet normal -0.389471 -0.649118 0.65342
    outer loop
      vertex 14.0577 9.69573 4
      vertex 13.2853 8.5385 2.39
      vertex 14.0583 9.69537 4
    endloop
  endfacet
  facet normal -0.399822 -0.642547 0.653663
    outer loop
      vertex 13.2853 8.5385 2.39
      vertex 14.0577 9.69573 4
      vertex 13.1909 8.59724 2.39
    endloop
  endfacet
  facet normal -0.723427 -0.226071 0.652338
    outer loop
      vertex 13.9115 7.77556 2.39
      vertex 15.1971 8.30737 4
      vertex 15.1969 8.30801 4
    endloop
  endfacet
  facet normal -0.708494 -0.266085 0.653632
    outer loop
      vertex 15.1971 8.30737 4
      vertex 13.9115 7.77556 2.39
      vertex 13.9506 7.67145 2.39
    endloop
  endfacet
  facet normal 0 -0.754782 0.655976
    outer loop
      vertex 12.119 8.81046 2.39
      vertex 12.1387 10.2097 4
      vertex 12.138 10.2097 4
    endloop
  endfacet
  facet normal 0.0741587 -0.753153 0.653652
    outer loop
      vertex 12.1387 10.2097 4
      vertex 12.119 8.81046 2.39
      vertex 12.2297 8.82136 2.39
    endloop
  endfacet
  facet normal 0.615153 -0.440794 0.653672
    outer loop
      vertex 10.9922 8.15989 2.39
      vertex 9.88832 9.0069 4
      vertex 9.77089 8.84302 4
    endloop
  endfacet
  facet normal -0.584933 0.480189 0.653661
    outer loop
      vertex 13.619 6.00411 2.39
      vertex 14.6655 5.08726 4
      vertex 13.6896 6.09011 2.39
    endloop
  endfacet
  facet normal -0.604614 0.456312 0.652856
    outer loop
      vertex 14.6655 5.08726 4
      vertex 13.619 6.00411 2.39
      vertex 14.6651 5.08673 4
    endloop
  endfacet
  facet normal -0.689326 -0.312323 0.653669
    outer loop
      vertex 15.1966 8.30864 4
      vertex 15.1134 8.49227 4
      vertex 13.8655 7.87689 2.39
    endloop
  endfacet
  facet normal -0.667475 -0.356637 0.653672
    outer loop
      vertex 15.1131 8.49288 4
      vertex 15.0181 8.67068 4
      vertex 13.8131 7.975 2.39
    endloop
  endfacet
  facet normal 0.219699 0.724197 0.65366
    outer loop
      vertex 11.5401 4.13918 4
      vertex 11.7944 5.51522 2.39
      vertex 11.3472 4.1977 4
    endloop
  endfacet
  facet normal -0.0753088 0.753088 0.653596
    outer loop
      vertex 12.5628 5.43954 2.39
      vertex 12.543 4.04026 4
      vertex 12.5437 4.04033 4
    endloop
  endfacet
  facet normal -0.0740914 0.753149 0.653664
    outer loop
      vertex 12.543 4.04026 4
      vertex 12.5628 5.43954 2.39
      vertex 12.452 5.42864 2.39
    endloop
  endfacet
  facet normal 0.724201 0.219667 0.653666
    outer loop
      vertex 9.41336 6.13197 4
      vertex 10.6988 6.68501 2.39
      vertex 9.35484 6.3249 4
    endloop
  endfacet
  facet normal 0.312398 -0.689296 0.653666
    outer loop
      vertex 11.589 8.64968 2.39
      vertex 11.1572 9.98076 4
      vertex 10.9736 9.89755 4
    endloop
  endfacet
  facet normal 0.756496 -0.0222499 0.65362
    outer loop
      vertex 9.2561 7.3265 4
      vertex 10.6445 7.23618 2.39
      vertex 9.25612 7.32718 4
    endloop
  endfacet
  facet normal 0.756394 -0.024492 0.653658
    outer loop
      vertex 10.6445 7.23618 2.39
      vertex 9.2561 7.3265 4
      vertex 10.6409 7.125 2.39
    endloop
  endfacet
  facet normal -0.42009 0.630135 0.653034
    outer loop
      vertex 13.3758 5.7763 2.39
      vertex 14.2222 4.67206 4
      vertex 14.2228 4.67246 4
    endloop
  endfacet
  facet normal -0.440586 0.615325 0.653651
    outer loop
      vertex 14.2222 4.67206 4
      vertex 13.3758 5.7763 2.39
      vertex 13.2853 5.7115 2.39
    endloop
  endfacet
  facet normal -0.0741513 0.753146 0.653661
    outer loop
      vertex 12.7444 4.06009 4
      vertex 12.5628 5.43954 2.39
      vertex 12.5437 4.04033 4
    endloop
  endfacet
  facet normal -0.239264 0.717793 0.653854
    outer loop
      vertex 12.8873 5.51522 2.39
      vertex 13.3339 4.1975 4
      vertex 13.3345 4.1977 4
    endloop
  endfacet
  facet normal -0.219769 0.72417 0.653666
    outer loop
      vertex 13.3339 4.1975 4
      vertex 12.8873 5.51522 2.39
      vertex 12.7809 5.48293 2.39
    endloop
  endfacet
  facet normal -0.123283 0.746679 0.653661
    outer loop
      vertex 12.7444 4.06009 4
      vertex 12.9433 4.09293 4
      vertex 12.5628 5.43954 2.39
    endloop
  endfacet
  facet normal -0.746644 0.123496 0.65366
    outer loop
      vertex 15.3728 6.52191 4
      vertex 15.4057 6.72082 4
      vertex 14.0082 6.79335 2.39
    endloop
  endfacet
  facet normal -0.517324 0.552356 0.653665
    outer loop
      vertex 13.4617 5.84687 2.39
      vertex 14.3796 4.80126 4
      vertex 13.5429 5.92292 2.39
    endloop
  endfacet
  facet normal -0.518342 0.551428 0.653643
    outer loop
      vertex 14.3796 4.80126 4
      vertex 13.4617 5.84687 2.39
      vertex 14.3791 4.80079 4
    endloop
  endfacet
  facet normal 0.746709 0.123136 0.653654
    outer loop
      vertex 9.30879 6.52258 4
      vertex 10.6735 6.79335 2.39
      vertex 10.6554 6.90311 2.39
    endloop
  endfacet
  facet normal 0.746803 0.122609 0.653645
    outer loop
      vertex 10.6735 6.79335 2.39
      vertex 9.30879 6.52258 4
      vertex 9.3089 6.52191 4
    endloop
  endfacet
  facet normal 0.552161 0.517545 0.653655
    outer loop
      vertex 11.0627 6.00411 2.39
      vertex 10.0171 5.08623 4
      vertex 11.1388 5.92292 2.39
    endloop
  endfacet
  facet normal 0.591085 0.472868 0.653463
    outer loop
      vertex 10.0171 5.08623 4
      vertex 11.0627 6.00411 2.39
      vertex 10.0167 5.08673 4
    endloop
  endfacet
  facet normal 0.736967 0.1721 0.653652
    outer loop
      vertex 9.3089 6.52191 4
      vertex 10.6988 6.68501 2.39
      vertex 10.6735 6.79335 2.39
    endloop
  endfacet
  facet normal 0.736279 0.175828 0.653436
    outer loop
      vertex 10.6988 6.68501 2.39
      vertex 9.3089 6.52191 4
      vertex 9.30906 6.52124 4
    endloop
  endfacet
  facet normal -0.171798 0.737029 0.653661
    outer loop
      vertex 12.9446 4.0932 4
      vertex 13.141 4.13898 4
      vertex 12.7809 5.48293 2.39
    endloop
  endfacet
  facet normal 0.550521 -0.51936 0.653599
    outer loop
      vertex 10.0162 9.16274 4
      vertex 11.0627 8.24589 2.39
      vertex 10.0167 9.16327 4
    endloop
  endfacet
  facet normal 0.585272 -0.479787 0.653652
    outer loop
      vertex 11.0627 8.24589 2.39
      vertex 10.0162 9.16274 4
      vertex 10.9922 8.15989 2.39
    endloop
  endfacet
  facet normal 0.440763 -0.615184 0.653664
    outer loop
      vertex 11.3964 8.5385 2.39
      vertex 10.6234 9.69537 4
      vertex 10.4595 9.57794 4
    endloop
  endfacet
  facet normal -0.123074 -0.746701 0.653674
    outer loop
      vertex 12.944 10.157 4
      vertex 12.745 10.1898 4
      vertex 12.6725 8.79233 2.39
    endloop
  endfacet
  facet normal 0.736035 -0.17577 0.653726
    outer loop
      vertex 9.35468 7.92443 4
      vertex 10.6988 7.56499 2.39
      vertex 9.35484 7.9251 4
    endloop
  endfacet
  facet normal 0.736952 -0.172096 0.653671
    outer loop
      vertex 10.6988 7.56499 2.39
      vertex 9.35468 7.92443 4
      vertex 10.6735 7.45665 2.39
    endloop
  endfacet
  facet normal 0.107136 -0.749953 0.652757
    outer loop
      vertex 12.2297 8.82136 2.39
      vertex 12.1394 10.2098 4
      vertex 12.1387 10.2097 4
    endloop
  endfacet
  facet normal 0.0247589 -0.756372 0.653673
    outer loop
      vertex 12.1394 10.2098 4
      vertex 12.2297 8.82136 2.39
      vertex 12.3409 8.825 2.39
    endloop
  endfacet
  facet normal 0.689314 0.312355 0.653667
    outer loop
      vertex 9.56831 5.75773 4
      vertex 10.8162 6.37311 2.39
      vertex 9.4851 5.94136 4
    endloop
  endfacet
  facet normal 0.480063 0.585027 0.653669
    outer loop
      vertex 11.22 5.84687 2.39
      vertex 10.3031 4.80036 4
      vertex 11.306 5.7763 2.39
    endloop
  endfacet
  facet normal 0.49335 0.573662 0.653848
    outer loop
      vertex 10.3031 4.80036 4
      vertex 11.22 5.84687 2.39
      vertex 10.3026 4.80079 4
    endloop
  endfacet
  facet normal -0.518342 -0.551428 0.653643
    outer loop
      vertex 13.4617 8.40313 2.39
      vertex 14.3796 9.44874 4
      vertex 14.3791 9.44921 4
    endloop
  endfacet
  facet normal -0.517324 -0.552356 0.653665
    outer loop
      vertex 14.3796 9.44874 4
      vertex 13.4617 8.40313 2.39
      vertex 13.5429 8.32708 2.39
    endloop
  endfacet
  facet normal -0.757301 0 0.653066
    outer loop
      vertex 14.0372 7.23619 2.39
      vertex 15.4256 7.3265 4
      vertex 15.4256 7.32718 4
    endloop
  endfacet
  facet normal -0.756362 -0.025169 0.653669
    outer loop
      vertex 15.4256 7.3265 4
      vertex 14.0372 7.23619 2.39
      vertex 14.0409 7.125 2.39
    endloop
  endfacet
  facet normal -0.737006 0.171921 0.653655
    outer loop
      vertex 15.327 6.32557 4
      vertex 15.3728 6.52191 4
      vertex 14.0082 6.79335 2.39
    endloop
  endfacet
  facet normal -0.517232 -0.552435 0.653672
    outer loop
      vertex 14.5268 9.31092 4
      vertex 14.3796 9.44874 4
      vertex 13.5429 8.32708 2.39
    endloop
  endfacet
  facet normal -0.750944 -0.108832 0.651336
    outer loop
      vertex 14.0263 7.34689 2.39
      vertex 15.4256 7.32718 4
      vertex 15.4255 7.32787 4
    endloop
  endfacet
  facet normal -0.753139 -0.0741573 0.653668
    outer loop
      vertex 15.4256 7.32718 4
      vertex 14.0263 7.34689 2.39
      vertex 14.0372 7.23619 2.39
    endloop
  endfacet
  facet normal -0.736956 0.172097 0.653665
    outer loop
      vertex 13.9829 6.68501 2.39
      vertex 15.327 6.32557 4
      vertex 14.0082 6.79335 2.39
    endloop
  endfacet
  facet normal -0.750378 0.111997 0.651452
    outer loop
      vertex 15.327 6.32557 4
      vertex 13.9829 6.68501 2.39
      vertex 15.3269 6.3249 4
    endloop
  endfacet
  facet normal -0.0247812 -0.75637 0.653674
    outer loop
      vertex 12.452 8.82136 2.39
      vertex 12.5424 10.2098 4
      vertex 12.3409 8.825 2.39
    endloop
  endfacet
  facet normal -0.124652 -0.747913 0.651988
    outer loop
      vertex 12.5424 10.2098 4
      vertex 12.452 8.82136 2.39
      vertex 12.543 10.2097 4
    endloop
  endfacet
  facet normal -0.171749 -0.737038 0.653665
    outer loop
      vertex 12.7809 8.76707 2.39
      vertex 13.1403 10.1112 4
      vertex 12.6725 8.79233 2.39
    endloop
  endfacet
  facet normal -0.207871 -0.727548 0.653807
    outer loop
      vertex 13.1403 10.1112 4
      vertex 12.7809 8.76707 2.39
      vertex 13.141 10.111 4
    endloop
  endfacet
  facet normal 0.0247744 -0.756371 0.653674
    outer loop
      vertex 12.3409 8.825 2.39
      vertex 12.3409 10.2164 4
      vertex 12.1394 10.2098 4
    endloop
  endfacet
  facet normal 0.171799 0.73703 0.65366
    outer loop
      vertex 11.7378 4.09304 4
      vertex 12.0092 5.45766 2.39
      vertex 11.5414 4.13882 4
    endloop
  endfacet
  facet normal -0.746625 -0.111437 0.655845
    outer loop
      vertex 13.9829 7.56499 2.39
      vertex 15.3728 7.72809 4
      vertex 15.3727 7.72876 4
    endloop
  endfacet
  facet normal -0.736967 -0.1721 0.653652
    outer loop
      vertex 15.3728 7.72809 4
      vertex 13.9829 7.56499 2.39
      vertex 14.0082 7.45665 2.39
    endloop
  endfacet
  facet normal -0.748701 -0.111746 0.653422
    outer loop
      vertex 14.0082 7.45665 2.39
      vertex 15.3729 7.72742 4
      vertex 15.3728 7.72809 4
    endloop
  endfacet
  facet normal -0.746711 -0.123137 0.653651
    outer loop
      vertex 15.3729 7.72742 4
      vertex 14.0082 7.45665 2.39
      vertex 14.0263 7.34689 2.39
    endloop
  endfacet
  facet normal -0.683943 -0.325687 0.652802
    outer loop
      vertex 13.8655 7.87689 2.39
      vertex 15.1969 8.30801 4
      vertex 15.1966 8.30864 4
    endloop
  endfacet
  facet normal -0.68912 -0.312835 0.653642
    outer loop
      vertex 15.1969 8.30801 4
      vertex 13.8655 7.87689 2.39
      vertex 13.9115 7.77556 2.39
    endloop
  endfacet
  facet normal 0.756371 -0.0247744 0.653674
    outer loop
      vertex 10.6409 7.125 2.39
      vertex 9.2561 7.3265 4
      vertex 9.2495 7.125 4
    endloop
  endfacet
  facet normal -0.540631 0.530031 0.653288
    outer loop
      vertex 13.619 6.00411 2.39
      vertex 14.6646 5.08622 4
      vertex 14.6651 5.08673 4
    endloop
  endfacet
  facet normal -0.55216 0.517544 0.653657
    outer loop
      vertex 14.6646 5.08622 4
      vertex 13.619 6.00411 2.39
      vertex 13.5429 5.92292 2.39
    endloop
  endfacet
  facet normal -0.117496 0.747699 0.65356
    outer loop
      vertex 12.6725 5.45767 2.39
      vertex 12.9433 4.09293 4
      vertex 12.944 4.09304 4
    endloop
  endfacet
  facet normal -0.123399 0.746654 0.653667
    outer loop
      vertex 12.9433 4.09293 4
      vertex 12.6725 5.45767 2.39
      vertex 12.5628 5.43954 2.39
    endloop
  endfacet
  facet normal -0.266573 0.708285 0.653659
    outer loop
      vertex 13.3345 4.1977 4
      vertex 13.5232 4.26872 4
      vertex 12.8873 5.51522 2.39
    endloop
  endfacet
  facet normal -0.0247747 0.75638 0.653663
    outer loop
      vertex 12.3409 4.03364 4
      vertex 12.5424 4.04024 4
      vertex 12.3409 5.425 2.39
    endloop
  endfacet
  facet normal 0.517232 -0.552435 0.653672
    outer loop
      vertex 11.1388 8.32708 2.39
      vertex 10.3021 9.44874 4
      vertex 10.1549 9.31092 4
    endloop
  endfacet
  facet normal -0.389471 0.649118 0.65342
    outer loop
      vertex 13.2853 5.7115 2.39
      vertex 14.0577 4.55427 4
      vertex 14.0583 4.55463 4
    endloop
  endfacet
  facet normal -0.399822 0.642547 0.653663
    outer loop
      vertex 14.0577 4.55427 4
      vertex 13.2853 5.7115 2.39
      vertex 13.1909 5.65276 2.39
    endloop
  endfacet
  facet normal -0.689088 0.31282 0.653683
    outer loop
      vertex 13.8655 6.37311 2.39
      vertex 15.1137 5.75835 4
      vertex 13.9115 6.47444 2.39
    endloop
  endfacet
  facet normal -0.681075 0.329552 0.653859
    outer loop
      vertex 15.1137 5.75835 4
      vertex 13.8655 6.37311 2.39
      vertex 15.1134 5.75773 4
    endloop
  endfacet
  facet normal -0.642589 0.399741 0.653672
    outer loop
      vertex 14.9116 5.40812 4
      vertex 15.0181 5.57932 4
      vertex 13.8131 6.275 2.39
    endloop
  endfacet
  facet normal -0.756394 -0.0247752 0.653647
    outer loop
      vertex 15.4322 7.125 4
      vertex 15.4256 7.3265 4
      vertex 14.0409 7.125 2.39
    endloop
  endfacet
  facet normal 0.312228 0.689379 0.65366
    outer loop
      vertex 11.1579 4.26896 4
      vertex 11.6903 5.55441 2.39
      vertex 10.9742 4.35216 4
    endloop
  endfacet
  facet normal 0.753143 -0.0741769 0.653661
    outer loop
      vertex 10.6554 7.34689 2.39
      vertex 9.27595 7.5285 4
      vertex 9.25619 7.32787 4
    endloop
  endfacet
  facet normal 0.74668 0.123271 0.653661
    outer loop
      vertex 9.30879 6.52258 4
      vertex 10.6554 6.90311 2.39
      vertex 9.27595 6.7215 4
    endloop
  endfacet
  facet normal 0.39952 0.642741 0.653657
    outer loop
      vertex 11.3964 5.7115 2.39
      vertex 10.624 4.55427 4
      vertex 11.4909 5.65276 2.39
    endloop
  endfacet
  facet normal 0.389471 0.649118 0.65342
    outer loop
      vertex 10.624 4.55427 4
      vertex 11.3964 5.7115 2.39
      vertex 10.6234 4.55463 4
    endloop
  endfacet
  facet normal 0.615125 0.440833 0.653673
    outer loop
      vertex 9.88792 5.24366 4
      vertex 10.9922 6.09011 2.39
      vertex 10.9274 6.18053 2.39
    endloop
  endfacet
  facet normal 0.615829 0.439878 0.653653
    outer loop
      vertex 10.9922 6.09011 2.39
      vertex 9.88792 5.24366 4
      vertex 9.88832 5.2431 4
    endloop
  endfacet
  facet normal -0.219772 -0.724179 0.653655
    outer loop
      vertex 12.8873 8.73478 2.39
      vertex 13.141 10.111 4
      vertex 12.7809 8.76707 2.39
    endloop
  endfacet
  facet normal -0.239669 -0.719007 0.65237
    outer loop
      vertex 13.141 10.111 4
      vertex 12.8873 8.73478 2.39
      vertex 13.1416 10.1108 4
    endloop
  endfacet
  facet normal -0.312366 -0.689308 0.653668
    outer loop
      vertex 13.7075 9.89784 4
      vertex 13.5239 9.98104 4
      vertex 12.9914 8.69559 2.39
    endloop
  endfacet
  facet normal -0.667475 0.356637 0.653672
    outer loop
      vertex 15.0181 5.57932 4
      vertex 15.1131 5.75712 4
      vertex 13.8131 6.275 2.39
    endloop
  endfacet
  facet normal 0.642488 0.399897 0.653675
    outer loop
      vertex 9.77013 5.40812 4
      vertex 10.9274 6.18053 2.39
      vertex 10.8686 6.275 2.39
    endloop
  endfacet
  facet normal 0.646102 0.394232 0.653555
    outer loop
      vertex 10.9274 6.18053 2.39
      vertex 9.77013 5.40812 4
      vertex 9.77049 5.40753 4
    endloop
  endfacet
  facet normal 0.123283 0.746679 0.65366
    outer loop
      vertex 11.9367 4.0602 4
      vertex 12.0092 5.45766 2.39
      vertex 11.7378 4.09304 4
    endloop
  endfacet
  facet normal -0.219699 0.724195 0.653662
    outer loop
      vertex 13.141 4.13898 4
      vertex 13.3339 4.1975 4
      vertex 12.7809 5.48293 2.39
    endloop
  endfacet
  facet normal 0.756371 0.0247744 0.653674
    outer loop
      vertex 9.2561 6.9235 4
      vertex 10.6409 7.125 2.39
      vertex 9.2495 7.125 4
    endloop
  endfacet
  facet normal -0.17195 -0.73698 0.653677
    outer loop
      vertex 13.1403 10.1112 4
      vertex 12.944 10.157 4
      vertex 12.6725 8.79233 2.39
    endloop
  endfacet
  facet normal 0.753143 0.0741769 0.653661
    outer loop
      vertex 9.27595 6.7215 4
      vertex 10.6554 6.90311 2.39
      vertex 9.25619 6.92213 4
    endloop
  endfacet
  facet normal -0.49335 -0.573662 0.653848
    outer loop
      vertex 14.3786 9.44964 4
      vertex 13.4617 8.40313 2.39
      vertex 14.3791 9.44921 4
    endloop
  endfacet
  facet normal -0.480393 -0.584749 0.653676
    outer loop
      vertex 13.4617 8.40313 2.39
      vertex 14.3786 9.44964 4
      vertex 13.3758 8.4737 2.39
    endloop
  endfacet
  facet normal -0.245591 0.716307 0.653139
    outer loop
      vertex 12.9914 5.55441 2.39
      vertex 13.5232 4.26872 4
      vertex 13.5239 4.26896 4
    endloop
  endfacet
  facet normal -0.266635 0.708259 0.653663
    outer loop
      vertex 13.5232 4.26872 4
      vertex 12.9914 5.55441 2.39
      vertex 12.8873 5.51522 2.39
    endloop
  endfacet
  facet normal -0.61521 -0.44075 0.653649
    outer loop
      vertex 14.9112 8.84247 4
      vertex 14.7938 9.00634 4
      vertex 13.7544 8.06947 2.39
    endloop
  endfacet
  facet normal -0.0740923 -0.753158 0.653654
    outer loop
      vertex 12.5628 8.81046 2.39
      vertex 12.543 10.2097 4
      vertex 12.452 8.82136 2.39
    endloop
  endfacet
  facet normal 0 -0.754782 0.655976
    outer loop
      vertex 12.543 10.2097 4
      vertex 12.5628 8.81046 2.39
      vertex 12.5437 10.2097 4
    endloop
  endfacet
  facet normal 0.642666 -0.399639 0.653658
    outer loop
      vertex 10.8686 7.975 2.39
      vertex 9.77013 8.84188 4
      vertex 9.66367 8.67068 4
    endloop
  endfacet
  facet normal 0.518342 -0.551428 0.653643
    outer loop
      vertex 10.3021 9.44874 4
      vertex 11.22 8.40313 2.39
      vertex 10.3026 9.44921 4
    endloop
  endfacet
  facet normal 0.517324 -0.552356 0.653665
    outer loop
      vertex 11.22 8.40313 2.39
      vertex 10.3021 9.44874 4
      vertex 11.1388 8.32708 2.39
    endloop
  endfacet
  facet normal -0.025212 0.75636 0.65367
    outer loop
      vertex 12.452 5.42864 2.39
      vertex 12.5424 4.04024 4
      vertex 12.543 4.04026 4
    endloop
  endfacet
  facet normal -0.0247815 0.75638 0.653663
    outer loop
      vertex 12.5424 4.04024 4
      vertex 12.452 5.42864 2.39
      vertex 12.3409 5.425 2.39
    endloop
  endfacet
  facet normal -0.756362 0.0251713 0.653669
    outer loop
      vertex 14.0372 7.01382 2.39
      vertex 15.4256 6.9235 4
      vertex 14.0409 7.125 2.39
    endloop
  endfacet
  facet normal -0.757301 0 0.653066
    outer loop
      vertex 15.4256 6.9235 4
      vertex 14.0372 7.01382 2.39
      vertex 15.4256 6.92282 4
    endloop
  endfacet
  facet normal 0.737022 -0.171849 0.653656
    outer loop
      vertex 10.6735 7.45665 2.39
      vertex 9.35468 7.92443 4
      vertex 9.3089 7.72809 4
    endloop
  endfacet
  facet normal 0.440897 -0.615078 0.653673
    outer loop
      vertex 10.4595 9.57794 4
      vertex 11.306 8.4737 2.39
      vertex 11.3964 8.5385 2.39
    endloop
  endfacet
  facet normal 0.472694 -0.590868 0.653786
    outer loop
      vertex 11.306 8.4737 2.39
      vertex 10.4595 9.57794 4
      vertex 10.459 9.57754 4
    endloop
  endfacet
  facet normal -0.746689 0.123133 0.653677
    outer loop
      vertex 14.0082 6.79335 2.39
      vertex 15.4058 6.7215 4
      vertex 14.0263 6.90311 2.39
    endloop
  endfacet
  facet normal -0.748142 0.110021 0.654353
    outer loop
      vertex 15.4058 6.7215 4
      vertex 14.0082 6.79335 2.39
      vertex 15.4057 6.72082 4
    endloop
  endfacet
  facet normal -0.584991 -0.48011 0.653666
    outer loop
      vertex 14.793 9.00743 4
      vertex 14.6651 9.16327 4
      vertex 13.619 8.24589 2.39
    endloop
  endfacet
  facet normal 0.0741578 0.753143 0.653663
    outer loop
      vertex 12.119 5.43954 2.39
      vertex 12.1387 4.04026 4
      vertex 12.2297 5.42864 2.39
    endloop
  endfacet
  facet normal 0.0753085 0.753085 0.653599
    outer loop
      vertex 12.1387 4.04026 4
      vertex 12.119 5.43954 2.39
      vertex 12.138 4.04033 4
    endloop
  endfacet
  facet normal 0.399636 0.642661 0.653665
    outer loop
      vertex 10.7952 4.44781 4
      vertex 11.4909 5.65276 2.39
      vertex 10.624 4.55427 4
    endloop
  endfacet
  facet normal -0.356762 -0.667427 0.653652
    outer loop
      vertex 13.8865 9.80219 4
      vertex 13.7087 9.89723 4
      vertex 13.1909 8.59724 2.39
    endloop
  endfacet
  facet normal -0.753139 0.0741507 0.653669
    outer loop
      vertex 14.0263 6.90311 2.39
      vertex 15.4256 6.92282 4
      vertex 14.0372 7.01382 2.39
    endloop
  endfacet
  facet normal -0.750944 0.108832 0.651336
    outer loop
      vertex 15.4256 6.92282 4
      vertex 14.0263 6.90311 2.39
      vertex 15.4255 6.92213 4
    endloop
  endfacet
  facet normal -0.312144 -0.689422 0.653654
    outer loop
      vertex 13.0928 8.64968 2.39
      vertex 13.7075 9.89784 4
      vertex 12.9914 8.69559 2.39
    endloop
  endfacet
  facet normal -0.329262 -0.681232 0.653841
    outer loop
      vertex 13.7075 9.89784 4
      vertex 13.0928 8.64968 2.39
      vertex 13.7081 9.89755 4
    endloop
  endfacet
  facet normal 0.75303 -0.0763943 0.653537
    outer loop
      vertex 9.25612 7.32718 4
      vertex 10.6554 7.34689 2.39
      vertex 9.25619 7.32787 4
    endloop
  endfacet
  facet normal 0.753144 -0.0741511 0.653663
    outer loop
      vertex 10.6554 7.34689 2.39
      vertex 9.25612 7.32718 4
      vertex 10.6445 7.23618 2.39
    endloop
  endfacet
  facet normal 0.75303 0.0763943 0.653537
    outer loop
      vertex 10.6554 6.90311 2.39
      vertex 9.25612 6.92282 4
      vertex 9.25619 6.92213 4
    endloop
  endfacet
  facet normal 0.753144 0.0741578 0.653663
    outer loop
      vertex 9.25612 6.92282 4
      vertex 10.6554 6.90311 2.39
      vertex 10.6445 7.01381 2.39
    endloop
  endfacet
  facet normal 0.724197 -0.219677 0.653667
    outer loop
      vertex 10.7311 7.67145 2.39
      vertex 9.41356 8.11868 4
      vertex 9.35504 7.92576 4
    endloop
  endfacet
  facet normal -0.356762 0.667427 0.653652
    outer loop
      vertex 13.7087 4.35277 4
      vertex 13.8865 4.44781 4
      vertex 13.1909 5.65276 2.39
    endloop
  endfacet
  facet normal -0.612117 0.445176 0.653552
    outer loop
      vertex 13.7544 6.18053 2.39
      vertex 14.9108 5.40698 4
      vertex 14.9112 5.40753 4
    endloop
  endfacet
  facet normal -0.615144 0.440846 0.653645
    outer loop
      vertex 14.9108 5.40698 4
      vertex 13.7544 6.18053 2.39
      vertex 13.6896 6.09011 2.39
    endloop
  endfacet
  facet normal -0.642812 0.399418 0.65365
    outer loop
      vertex 13.7544 6.18053 2.39
      vertex 14.9116 5.40812 4
      vertex 13.8131 6.275 2.39
    endloop
  endfacet
  facet normal -0.626272 0.424591 0.653839
    outer loop
      vertex 14.9116 5.40812 4
      vertex 13.7544 6.18053 2.39
      vertex 14.9112 5.40753 4
    endloop
  endfacet
  facet normal -0.419693 -0.62954 0.653863
    outer loop
      vertex 13.2853 8.5385 2.39
      vertex 14.0589 9.69497 4
      vertex 14.0583 9.69537 4
    endloop
  endfacet
  facet normal -0.440575 -0.615309 0.653674
    outer loop
      vertex 14.0589 9.69497 4
      vertex 13.2853 8.5385 2.39
      vertex 13.3758 8.4737 2.39
    endloop
  endfacet
  facet normal -0.480187 -0.584935 0.65366
    outer loop
      vertex 14.3786 9.44964 4
      vertex 14.2228 9.57754 4
      vertex 13.3758 8.4737 2.39
    endloop
  endfacet
  facet normal 0.646102 -0.394232 0.653555
    outer loop
      vertex 9.77013 8.84188 4
      vertex 10.9274 8.06947 2.39
      vertex 9.77049 8.84247 4
    endloop
  endfacet
  facet normal 0.642488 -0.399897 0.653675
    outer loop
      vertex 10.9274 8.06947 2.39
      vertex 9.77013 8.84188 4
      vertex 10.8686 7.975 2.39
    endloop
  endfacet
  facet normal -0.195333 0.732498 0.652143
    outer loop
      vertex 12.7809 5.48293 2.39
      vertex 12.944 4.09304 4
      vertex 12.9446 4.0932 4
    endloop
  endfacet
  facet normal -0.171748 0.737034 0.65367
    outer loop
      vertex 12.944 4.09304 4
      vertex 12.7809 5.48293 2.39
      vertex 12.6725 5.45767 2.39
    endloop
  endfacet
  facet normal 0.123076 -0.746712 0.653662
    outer loop
      vertex 12.119 8.81046 2.39
      vertex 11.9374 10.1899 4
      vertex 11.7384 10.1571 4
    endloop
  endfacet
  facet normal -0.552383 -0.517284 0.653674
    outer loop
      vertex 14.6646 9.16377 4
      vertex 14.5268 9.31092 4
      vertex 13.5429 8.32708 2.39
    endloop
  endfacet
  facet normal -0.689347 0.312316 0.653651
    outer loop
      vertex 15.1137 5.75835 4
      vertex 15.1969 5.94199 4
      vertex 13.9115 6.47444 2.39
    endloop
  endfacet
  facet normal 0.667423 -0.35676 0.653658
    outer loop
      vertex 10.8686 7.975 2.39
      vertex 9.66367 8.67068 4
      vertex 9.56863 8.49288 4
    endloop
  endfacet
  facet normal -0.535494 -0.535494 0.653063
    outer loop
      vertex 14.6646 9.16377 4
      vertex 13.619 8.24589 2.39
      vertex 14.6651 9.16327 4
    endloop
  endfacet
  facet normal -0.552161 -0.517545 0.653655
    outer loop
      vertex 13.619 8.24589 2.39
      vertex 14.6646 9.16377 4
      vertex 13.5429 8.32708 2.39
    endloop
  endfacet
  facet normal -0.440764 -0.615186 0.653661
    outer loop
      vertex 14.2228 9.57754 4
      vertex 14.0589 9.69497 4
      vertex 13.3758 8.4737 2.39
    endloop
  endfacet
  facet normal 0.0743366 -0.753128 0.653661
    outer loop
      vertex 12.119 8.81046 2.39
      vertex 12.138 10.2097 4
      vertex 11.9374 10.1899 4
    endloop
  endfacet
  facet normal 0.724249 -0.219469 0.653679
    outer loop
      vertex 9.35484 7.9251 4
      vertex 10.7311 7.67145 2.39
      vertex 9.35504 7.92576 4
    endloop
  endfacet
  facet normal 0.724186 -0.219718 0.653665
    outer loop
      vertex 10.7311 7.67145 2.39
      vertex 9.35484 7.9251 4
      vertex 10.6988 7.56499 2.39
    endloop
  endfacet
  facet normal 0.552365 -0.517303 0.653674
    outer loop
      vertex 11.1388 8.32708 2.39
      vertex 10.1549 9.31092 4
      vertex 10.0171 9.16378 4
    endloop
  endfacet
  facet normal 0.219581 0.724229 0.653664
    outer loop
      vertex 11.7944 5.51522 2.39
      vertex 11.5408 4.13898 4
      vertex 11.9009 5.48293 2.39
    endloop
  endfacet
  facet normal 0.207755 0.727144 0.654293
    outer loop
      vertex 11.5408 4.13898 4
      vertex 11.7944 5.51522 2.39
      vertex 11.5401 4.13918 4
    endloop
  endfacet
  facet normal -0.708494 0.266085 0.653632
    outer loop
      vertex 13.9115 6.47444 2.39
      vertex 15.1971 5.94263 4
      vertex 13.9506 6.57855 2.39
    endloop
  endfacet
  facet normal -0.723427 0.226071 0.652338
    outer loop
      vertex 15.1971 5.94263 4
      vertex 13.9115 6.47444 2.39
      vertex 15.1969 5.94199 4
    endloop
  endfacet
  facet normal -0.356123 0.66773 0.653691
    outer loop
      vertex 13.1909 5.65276 2.39
      vertex 13.7081 4.35245 4
      vertex 13.7087 4.35277 4
    endloop
  endfacet
  facet normal -0.356775 0.667422 0.653651
    outer loop
      vertex 13.7081 4.35245 4
      vertex 13.1909 5.65276 2.39
      vertex 13.0928 5.60032 2.39
    endloop
  endfacet
  facet normal 0.356757 0.667418 0.653665
    outer loop
      vertex 10.973 4.35277 4
      vertex 11.4909 5.65276 2.39
      vertex 10.7952 4.44781 4
    endloop
  endfacet
  facet normal 0.585024 -0.480062 0.653673
    outer loop
      vertex 10.9922 8.15989 2.39
      vertex 10.0162 9.16274 4
      vertex 9.88832 9.0069 4
    endloop
  endfacet
  facet normal 0.123224 0.746687 0.653662
    outer loop
      vertex 12.0092 5.45766 2.39
      vertex 11.9374 4.06009 4
      vertex 12.119 5.43954 2.39
    endloop
  endfacet
  facet normal 0.11744 0.747345 0.653975
    outer loop
      vertex 11.9374 4.06009 4
      vertex 12.0092 5.45766 2.39
      vertex 11.9367 4.0602 4
    endloop
  endfacet
  facet normal 0.0741879 0.753142 0.653661
    outer loop
      vertex 12.138 4.04033 4
      vertex 12.119 5.43954 2.39
      vertex 11.9374 4.06009 4
    endloop
  endfacet
  facet normal 0.708237 0.266669 0.653672
    outer loop
      vertex 9.48458 5.94263 4
      vertex 10.7703 6.47444 2.39
      vertex 10.7311 6.57855 2.39
    endloop
  endfacet
  facet normal 0.708606 0.265727 0.653656
    outer loop
      vertex 10.7703 6.47444 2.39
      vertex 9.48458 5.94263 4
      vertex 9.48482 5.94199 4
    endloop
  endfacet
  facet normal 0.124411 -0.746465 0.653691
    outer loop
      vertex 12.0092 8.79233 2.39
      vertex 11.7384 10.1571 4
      vertex 11.7378 10.157 4
    endloop
  endfacet
  facet normal 0.123288 -0.746666 0.653674
    outer loop
      vertex 11.7384 10.1571 4
      vertex 12.0092 8.79233 2.39
      vertex 12.119 8.81046 2.39
    endloop
  endfacet
  facet normal 0.708269 0.266596 0.653668
    outer loop
      vertex 9.48458 5.94263 4
      vertex 10.7311 6.57855 2.39
      vertex 9.41356 6.13131 4
    endloop
  endfacet
  facet normal -0.0247744 -0.756371 0.653674
    outer loop
      vertex 12.3409 8.825 2.39
      vertex 12.5424 10.2098 4
      vertex 12.3409 10.2164 4
    endloop
  endfacet
  facet normal -0.724178 0.219716 0.653675
    outer loop
      vertex 13.9506 6.57855 2.39
      vertex 15.3269 6.3249 4
      vertex 13.9829 6.68501 2.39
    endloop
  endfacet
  facet normal -0.724241 0.219467 0.653689
    outer loop
      vertex 15.3269 6.3249 4
      vertex 13.9506 6.57855 2.39
      vertex 15.3267 6.32424 4
    endloop
  endfacet
  facet normal 0.399636 -0.642661 0.653665
    outer loop
      vertex 11.4909 8.59724 2.39
      vertex 10.7952 9.80219 4
      vertex 10.624 9.69573 4
    endloop
  endfacet
  facet normal 0.356769 0.667412 0.653664
    outer loop
      vertex 11.4909 5.65276 2.39
      vertex 10.9736 4.35245 4
      vertex 11.589 5.60032 2.39
    endloop
  endfacet
  facet normal 0.356118 0.667721 0.653704
    outer loop
      vertex 10.9736 4.35245 4
      vertex 11.4909 5.65276 2.39
      vertex 10.973 4.35277 4
    endloop
  endfacet
  facet normal 0.39952 -0.642741 0.653657
    outer loop
      vertex 10.624 9.69573 4
      vertex 11.3964 8.5385 2.39
      vertex 11.4909 8.59724 2.39
    endloop
  endfacet
  facet normal 0.389471 -0.649118 0.65342
    outer loop
      vertex 11.3964 8.5385 2.39
      vertex 10.624 9.69573 4
      vertex 10.6234 9.69537 4
    endloop
  endfacet
  facet normal 0.746965 -0.120833 0.653791
    outer loop
      vertex 9.27595 7.5285 4
      vertex 10.6735 7.45665 2.39
      vertex 9.27606 7.52918 4
    endloop
  endfacet
  facet normal 0.7467 -0.123135 0.653664
    outer loop
      vertex 10.6735 7.45665 2.39
      vertex 9.27595 7.5285 4
      vertex 10.6554 7.34689 2.39
    endloop
  endfacet
  facet normal 0.756394 0.0244898 0.653658
    outer loop
      vertex 9.2561 6.9235 4
      vertex 10.6445 7.01381 2.39
      vertex 10.6409 7.125 2.39
    endloop
  endfacet
  facet normal 0.756496 0.0222499 0.65362
    outer loop
      vertex 10.6445 7.01381 2.39
      vertex 9.2561 6.9235 4
      vertex 9.25612 6.92282 4
    endloop
  endfacet
  facet normal -0.356775 -0.667422 0.653651
    outer loop
      vertex 13.1909 8.59724 2.39
      vertex 13.7081 9.89755 4
      vertex 13.0928 8.64968 2.39
    endloop
  endfacet
  facet normal -0.356123 -0.66773 0.653691
    outer loop
      vertex 13.7081 9.89755 4
      vertex 13.1909 8.59724 2.39
      vertex 13.7087 9.89723 4
    endloop
  endfacet
  facet normal 0.266573 -0.708285 0.653659
    outer loop
      vertex 11.7944 8.73478 2.39
      vertex 11.3472 10.0523 4
      vertex 11.1585 9.98128 4
    endloop
  endfacet
  facet normal 0.266635 0.708259 0.653663
    outer loop
      vertex 11.6903 5.55441 2.39
      vertex 11.1585 4.26872 4
      vertex 11.7944 5.51522 2.39
    endloop
  endfacet
  facet normal 0.281009 0.702523 0.653831
    outer loop
      vertex 11.1585 4.26872 4
      vertex 11.6903 5.55441 2.39
      vertex 11.1579 4.26896 4
    endloop
  endfacet
  facet normal 0.642666 0.399639 0.653658
    outer loop
      vertex 9.77013 5.40812 4
      vertex 10.8686 6.275 2.39
      vertex 9.66367 5.57932 4
    endloop
  endfacet
  facet normal 0.55216 -0.517544 0.653657
    outer loop
      vertex 10.0171 9.16378 4
      vertex 11.0627 8.24589 2.39
      vertex 11.1388 8.32708 2.39
    endloop
  endfacet
  facet normal 0.595738 -0.467246 0.653282
    outer loop
      vertex 11.0627 8.24589 2.39
      vertex 10.0171 9.16378 4
      vertex 10.0167 9.16327 4
    endloop
  endfacet
  facet normal 0.517324 0.552356 0.653665
    outer loop
      vertex 10.3021 4.80126 4
      vertex 11.22 5.84687 2.39
      vertex 11.1388 5.92292 2.39
    endloop
  endfacet
  facet normal 0.518342 0.551428 0.653643
    outer loop
      vertex 11.22 5.84687 2.39
      vertex 10.3021 4.80126 4
      vertex 10.3026 4.80079 4
    endloop
  endfacet
  facet normal 0.669933 -0.35144 0.653973
    outer loop
      vertex 9.56831 8.49227 4
      vertex 10.8686 7.975 2.39
      vertex 9.56863 8.49288 4
    endloop
  endfacet
  facet normal 0.667535 -0.356527 0.653671
    outer loop
      vertex 10.8686 7.975 2.39
      vertex 9.56831 8.49227 4
      vertex 10.8162 7.87689 2.39
    endloop
  endfacet
  facet normal 0.4409 0.615082 0.653667
    outer loop
      vertex 10.6228 4.55503 4
      vertex 11.3964 5.7115 2.39
      vertex 11.306 5.7763 2.39
    endloop
  endfacet
  facet normal 0.419693 0.62954 0.653863
    outer loop
      vertex 11.3964 5.7115 2.39
      vertex 10.6228 4.55503 4
      vertex 10.6234 4.55463 4
    endloop
  endfacet
  facet normal -0.724206 0.219604 0.653682
    outer loop
      vertex 15.2682 6.13132 4
      vertex 15.3267 6.32424 4
      vertex 13.9506 6.57855 2.39
    endloop
  endfacet
  facet normal -0.708167 0.266843 0.653678
    outer loop
      vertex 15.1971 5.94263 4
      vertex 15.2682 6.13132 4
      vertex 13.9506 6.57855 2.39
    endloop
  endfacet
  facet normal -0.603934 -0.455799 0.653844
    outer loop
      vertex 14.793 9.00743 4
      vertex 13.6896 8.15989 2.39
      vertex 14.7934 9.0069 4
    endloop
  endfacet
  facet normal -0.584933 -0.480189 0.653661
    outer loop
      vertex 13.6896 8.15989 2.39
      vertex 14.793 9.00743 4
      vertex 13.619 8.24589 2.39
    endloop
  endfacet
  facet normal -0.615841 -0.439886 0.653636
    outer loop
      vertex 13.6896 8.15989 2.39
      vertex 14.7938 9.00634 4
      vertex 14.7934 9.0069 4
    endloop
  endfacet
  facet normal -0.615137 -0.440842 0.653655
    outer loop
      vertex 14.7938 9.00634 4
      vertex 13.6896 8.15989 2.39
      vertex 13.7544 8.06947 2.39
    endloop
  endfacet
  facet normal 0.0247593 0.756381 0.653662
    outer loop
      vertex 12.2297 5.42864 2.39
      vertex 12.1394 4.04024 4
      vertex 12.3409 5.425 2.39
    endloop
  endfacet
  facet normal 0.021615 0.756524 0.653609
    outer loop
      vertex 12.1394 4.04024 4
      vertex 12.2297 5.42864 2.39
      vertex 12.1387 4.04026 4
    endloop
  endfacet
  facet normal 0.0247747 0.75638 0.653663
    outer loop
      vertex 12.3409 4.03364 4
      vertex 12.3409 5.425 2.39
      vertex 12.1394 4.04024 4
    endloop
  endfacet
  facet normal 0.667535 0.356527 0.653671
    outer loop
      vertex 9.56831 5.75773 4
      vertex 10.8686 6.275 2.39
      vertex 10.8162 6.37311 2.39
    endloop
  endfacet
  facet normal 0.669933 0.35144 0.653973
    outer loop
      vertex 10.8686 6.275 2.39
      vertex 9.56831 5.75773 4
      vertex 9.56863 5.75712 4
    endloop
  endfacet
  facet normal -0.773356 0.633972 0
    outer loop
      vertex -11.0627 6.00411 0
      vertex -10.9922 6.09011 2.39
      vertex -10.9922 6.09011 0
    endloop
  endfacet
  facet normal -0.773356 0.633972 0
    outer loop
      vertex -10.9922 6.09011 2.39
      vertex -11.0627 6.00411 0
      vertex -11.0627 6.00411 2.39
    endloop
  endfacet
  facet normal 0.849384 -0.527775 0
    outer loop
      vertex -13.8131 7.975 2.39
      vertex -13.7544 8.06947 0
      vertex -13.7544 8.06947 2.39
    endloop
  endfacet
  facet normal 0.849384 -0.527775 0
    outer loop
      vertex -13.7544 8.06947 0
      vertex -13.8131 7.975 2.39
      vertex -13.8131 7.975 0
    endloop
  endfacet
  facet normal 0.910566 -0.413363 0
    outer loop
      vertex -13.9115 7.77556 2.39
      vertex -13.8655 7.87689 0
      vertex -13.8655 7.87689 2.39
    endloop
  endfacet
  facet normal 0.910566 -0.413363 0
    outer loop
      vertex -13.8655 7.87689 0
      vertex -13.9115 7.77556 2.39
      vertex -13.9115 7.77556 0
    endloop
  endfacet
  facet normal 0.882074 -0.471111 0
    outer loop
      vertex -13.8655 7.87689 2.39
      vertex -13.8131 7.975 0
      vertex -13.8131 7.975 2.39
    endloop
  endfacet
  facet normal 0.882074 -0.471111 0
    outer loop
      vertex -13.8131 7.975 0
      vertex -13.8655 7.87689 2.39
      vertex -13.8655 7.87689 0
    endloop
  endfacet
  facet normal 0.936155 -0.351587 0
    outer loop
      vertex -13.9506 7.67145 2.39
      vertex -13.9115 7.77556 0
      vertex -13.9115 7.77556 2.39
    endloop
  endfacet
  facet normal 0.936155 -0.351587 0
    outer loop
      vertex -13.9115 7.77556 0
      vertex -13.9506 7.67145 2.39
      vertex -13.9506 7.67145 0
    endloop
  endfacet
  facet normal -0.882074 0.471111 0
    outer loop
      vertex -10.8686 6.275 0
      vertex -10.8162 6.37311 2.39
      vertex -10.8162 6.37311 0
    endloop
  endfacet
  facet normal -0.882074 0.471111 0
    outer loop
      vertex -10.8162 6.37311 2.39
      vertex -10.8686 6.275 0
      vertex -10.8686 6.275 2.39
    endloop
  endfacet
  facet normal -0.956926 0.290332 0
    outer loop
      vertex -10.7311 6.57855 0
      vertex -10.6988 6.68501 2.39
      vertex -10.6988 6.68501 0
    endloop
  endfacet
  facet normal -0.956926 0.290332 0
    outer loop
      vertex -10.6988 6.68501 2.39
      vertex -10.7311 6.57855 0
      vertex -10.7311 6.57855 2.39
    endloop
  endfacet
  facet normal -0.910904 -0.412617 0
    outer loop
      vertex -10.7703 7.77556 0
      vertex -10.8162 7.87689 2.39
      vertex -10.8162 7.87689 0
    endloop
  endfacet
  facet normal -0.910904 -0.412617 0
    outer loop
      vertex -10.8162 7.87689 2.39
      vertex -10.7703 7.77556 0
      vertex -10.7703 7.77556 2.39
    endloop
  endfacet
  facet normal 0.995188 0.0979817 0
    outer loop
      vertex -14.0263 6.90311 2.39
      vertex -14.0372 7.01382 0
      vertex -14.0372 7.01382 2.39
    endloop
  endfacet
  facet normal 0.995188 0.0979817 0
    outer loop
      vertex -14.0372 7.01382 0
      vertex -14.0263 6.90311 2.39
      vertex -14.0263 6.90311 0
    endloop
  endfacet
  facet normal 0.729607 -0.683866 0
    outer loop
      vertex -13.619 8.24589 2.39
      vertex -13.5429 8.32708 0
      vertex -13.5429 8.32708 2.39
    endloop
  endfacet
  facet normal 0.729607 -0.683866 0
    outer loop
      vertex -13.5429 8.32708 0
      vertex -13.619 8.24589 2.39
      vertex -13.619 8.24589 0
    endloop
  endfacet
  facet normal -0.986674 -0.162708 0
    outer loop
      vertex -10.6554 7.34689 0
      vertex -10.6735 7.45665 2.39
      vertex -10.6735 7.45665 0
    endloop
  endfacet
  facet normal -0.986674 -0.162708 0
    outer loop
      vertex -10.6735 7.45665 2.39
      vertex -10.6554 7.34689 0
      vertex -10.6554 7.34689 2.39
    endloop
  endfacet
  facet normal 0.995187 -0.0979904 0
    outer loop
      vertex -14.0372 7.23619 2.39
      vertex -14.0263 7.34689 0
      vertex -14.0263 7.34689 2.39
    endloop
  endfacet
  facet normal 0.995187 -0.0979904 0
    outer loop
      vertex -14.0263 7.34689 0
      vertex -14.0372 7.23619 2.39
      vertex -14.0372 7.23619 0
    endloop
  endfacet
  facet normal 0.582173 -0.813065 0
    outer loop
      vertex -13.3758 8.4737 0
      vertex -13.2853 8.5385 2.39
      vertex -13.3758 8.4737 2.39
    endloop
  endfacet
  facet normal 0.582173 -0.813065 0
    outer loop
      vertex -13.2853 8.5385 2.39
      vertex -13.3758 8.4737 0
      vertex -13.2853 8.5385 0
    endloop
  endfacet
  facet normal 0.582173 0.813065 -0
    outer loop
      vertex -13.2853 5.7115 0
      vertex -13.3758 5.7763 2.39
      vertex -13.2853 5.7115 2.39
    endloop
  endfacet
  facet normal 0.582173 0.813065 0
    outer loop
      vertex -13.3758 5.7763 2.39
      vertex -13.2853 5.7115 0
      vertex -13.3758 5.7763 0
    endloop
  endfacet
  facet normal -0.999476 -0.032363 0
    outer loop
      vertex -10.6409 7.125 0
      vertex -10.6445 7.23618 2.39
      vertex -10.6445 7.23618 0
    endloop
  endfacet
  facet normal -0.999476 -0.032363 0
    outer loop
      vertex -10.6445 7.23618 2.39
      vertex -10.6409 7.125 0
      vertex -10.6409 7.125 2.39
    endloop
  endfacet
  facet normal -0.935859 -0.352374 0
    outer loop
      vertex -10.7311 7.67145 0
      vertex -10.7703 7.77556 2.39
      vertex -10.7703 7.77556 0
    endloop
  endfacet
  facet normal -0.935859 -0.352374 0
    outer loop
      vertex -10.7703 7.77556 2.39
      vertex -10.7311 7.67145 0
      vertex -10.7311 7.67145 2.39
    endloop
  endfacet
  facet normal 0.999447 -0.033258 0
    outer loop
      vertex -14.0409 7.125 2.39
      vertex -14.0372 7.23619 0
      vertex -14.0372 7.23619 2.39
    endloop
  endfacet
  facet normal 0.999447 -0.033258 0
    outer loop
      vertex -14.0372 7.23619 0
      vertex -14.0409 7.125 2.39
      vertex -14.0409 7.125 0
    endloop
  endfacet
  facet normal 0.352325 -0.935878 0
    outer loop
      vertex -12.9914 8.69559 0
      vertex -12.8873 8.73478 2.39
      vertex -12.9914 8.69559 2.39
    endloop
  endfacet
  facet normal 0.352325 -0.935878 0
    outer loop
      vertex -12.8873 8.73478 2.39
      vertex -12.9914 8.69559 0
      vertex -12.8873 8.73478 0
    endloop
  endfacet
  facet normal -0.956926 -0.290332 0
    outer loop
      vertex -10.6988 7.56499 0
      vertex -10.7311 7.67145 2.39
      vertex -10.7311 7.67145 0
    endloop
  endfacet
  facet normal -0.956926 -0.290332 0
    outer loop
      vertex -10.7311 7.67145 2.39
      vertex -10.6988 7.56499 0
      vertex -10.6988 7.56499 2.39
    endloop
  endfacet
  facet normal -0.986674 0.162708 0
    outer loop
      vertex -10.6735 6.79335 0
      vertex -10.6554 6.90311 2.39
      vertex -10.6554 6.90311 0
    endloop
  endfacet
  facet normal -0.986674 0.162708 0
    outer loop
      vertex -10.6554 6.90311 2.39
      vertex -10.6735 6.79335 0
      vertex -10.6735 6.79335 2.39
    endloop
  endfacet
  facet normal 0.936155 0.351587 0
    outer loop
      vertex -13.9115 6.47444 2.39
      vertex -13.9506 6.57855 0
      vertex -13.9506 6.57855 2.39
    endloop
  endfacet
  facet normal 0.936155 0.351587 0
    outer loop
      vertex -13.9506 6.57855 0
      vertex -13.9115 6.47444 2.39
      vertex -13.9115 6.47444 0
    endloop
  endfacet
  facet normal 0.956926 -0.290332 0
    outer loop
      vertex -13.9829 7.56499 2.39
      vertex -13.9506 7.67145 0
      vertex -13.9506 7.67145 2.39
    endloop
  endfacet
  facet normal 0.956926 -0.290332 0
    outer loop
      vertex -13.9506 7.67145 0
      vertex -13.9829 7.56499 2.39
      vertex -13.9829 7.56499 0
    endloop
  endfacet
  facet normal -0.729607 -0.683866 0
    outer loop
      vertex -11.0627 8.24589 0
      vertex -11.1388 8.32708 2.39
      vertex -11.1388 8.32708 0
    endloop
  endfacet
  facet normal -0.729607 -0.683866 0
    outer loop
      vertex -11.1388 8.32708 2.39
      vertex -11.0627 8.24589 0
      vertex -11.0627 8.24589 2.39
    endloop
  endfacet
  facet normal -0.935859 0.352374 0
    outer loop
      vertex -10.7703 6.47444 0
      vertex -10.7311 6.57855 2.39
      vertex -10.7311 6.57855 0
    endloop
  endfacet
  facet normal -0.935859 0.352374 0
    outer loop
      vertex -10.7311 6.57855 2.39
      vertex -10.7703 6.47444 0
      vertex -10.7703 6.47444 2.39
    endloop
  endfacet
  facet normal 0.0327457 -0.999464 0
    outer loop
      vertex -12.452 8.82136 0
      vertex -12.3409 8.825 2.39
      vertex -12.452 8.82136 2.39
    endloop
  endfacet
  facet normal 0.0327457 -0.999464 0
    outer loop
      vertex -12.3409 8.825 2.39
      vertex -12.452 8.82136 0
      vertex -12.3409 8.825 0
    endloop
  endfacet
  facet normal -0.729607 0.683866 0
    outer loop
      vertex -11.1388 5.92292 0
      vertex -11.0627 6.00411 2.39
      vertex -11.0627 6.00411 0
    endloop
  endfacet
  facet normal -0.729607 0.683866 0
    outer loop
      vertex -11.0627 6.00411 2.39
      vertex -11.1388 5.92292 0
      vertex -11.1388 5.92292 2.39
    endloop
  endfacet
  facet normal 0.986674 -0.162708 0
    outer loop
      vertex -14.0263 7.34689 2.39
      vertex -14.0082 7.45665 0
      vertex -14.0082 7.45665 2.39
    endloop
  endfacet
  facet normal 0.986674 -0.162708 0
    outer loop
      vertex -14.0082 7.45665 0
      vertex -14.0263 7.34689 2.39
      vertex -14.0263 7.34689 0
    endloop
  endfacet
  facet normal -0.634348 0.773047 0
    outer loop
      vertex -11.22 5.84687 0
      vertex -11.306 5.7763 2.39
      vertex -11.22 5.84687 2.39
    endloop
  endfacet
  facet normal -0.634348 0.773047 0
    outer loop
      vertex -11.306 5.7763 2.39
      vertex -11.22 5.84687 0
      vertex -11.306 5.7763 0
    endloop
  endfacet
  facet normal -0.812821 -0.582513 0
    outer loop
      vertex -10.9274 8.06947 0
      vertex -10.9922 8.15989 2.39
      vertex -10.9922 8.15989 0
    endloop
  endfacet
  facet normal -0.812821 -0.582513 0
    outer loop
      vertex -10.9922 8.15989 2.39
      vertex -10.9274 8.06947 0
      vertex -10.9274 8.06947 2.39
    endloop
  endfacet
  facet normal -0.0327163 -0.999465 0
    outer loop
      vertex -12.3409 8.825 0
      vertex -12.2297 8.82136 2.39
      vertex -12.3409 8.825 2.39
    endloop
  endfacet
  facet normal -0.0327163 -0.999465 -0
    outer loop
      vertex -12.2297 8.82136 2.39
      vertex -12.3409 8.825 0
      vertex -12.2297 8.82136 0
    endloop
  endfacet
  facet normal 0.0979029 -0.995196 0
    outer loop
      vertex -12.5628 8.81046 0
      vertex -12.452 8.82136 2.39
      vertex -12.5628 8.81046 2.39
    endloop
  endfacet
  facet normal 0.0979029 -0.995196 0
    outer loop
      vertex -12.452 8.82136 2.39
      vertex -12.5628 8.81046 0
      vertex -12.452 8.82136 0
    endloop
  endfacet
  facet normal 0.471428 -0.881905 0
    outer loop
      vertex -13.1909 8.59724 0
      vertex -13.0928 8.64968 2.39
      vertex -13.1909 8.59724 2.39
    endloop
  endfacet
  facet normal 0.471428 -0.881905 0
    outer loop
      vertex -13.0928 8.64968 2.39
      vertex -13.1909 8.59724 0
      vertex -13.0928 8.64968 0
    endloop
  endfacet
  facet normal 0.910566 0.413363 0
    outer loop
      vertex -13.8655 6.37311 2.39
      vertex -13.9115 6.47444 0
      vertex -13.9115 6.47444 2.39
    endloop
  endfacet
  facet normal 0.910566 0.413363 0
    outer loop
      vertex -13.9115 6.47444 0
      vertex -13.8655 6.37311 2.39
      vertex -13.8655 6.37311 0
    endloop
  endfacet
  facet normal -0.9738 -0.227406 0
    outer loop
      vertex -10.6735 7.45665 0
      vertex -10.6988 7.56499 2.39
      vertex -10.6988 7.56499 0
    endloop
  endfacet
  facet normal -0.9738 -0.227406 0
    outer loop
      vertex -10.6988 7.56499 2.39
      vertex -10.6735 7.45665 0
      vertex -10.6735 7.45665 2.39
    endloop
  endfacet
  facet normal 0.0979029 0.995196 -0
    outer loop
      vertex -12.452 5.42864 0
      vertex -12.5628 5.43954 2.39
      vertex -12.452 5.42864 2.39
    endloop
  endfacet
  facet normal 0.0979029 0.995196 0
    outer loop
      vertex -12.5628 5.43954 2.39
      vertex -12.452 5.42864 0
      vertex -12.5628 5.43954 0
    endloop
  endfacet
  facet normal -0.9738 0.227406 0
    outer loop
      vertex -10.6988 6.68501 0
      vertex -10.6735 6.79335 2.39
      vertex -10.6735 6.79335 0
    endloop
  endfacet
  facet normal -0.9738 0.227406 0
    outer loop
      vertex -10.6735 6.79335 2.39
      vertex -10.6988 6.68501 0
      vertex -10.6988 6.68501 2.39
    endloop
  endfacet
  facet normal -0.412793 -0.910825 0
    outer loop
      vertex -11.6903 8.69559 0
      vertex -11.589 8.64968 2.39
      vertex -11.6903 8.69559 2.39
    endloop
  endfacet
  facet normal -0.412793 -0.910825 -0
    outer loop
      vertex -11.589 8.64968 2.39
      vertex -11.6903 8.69559 0
      vertex -11.589 8.64968 0
    endloop
  endfacet
  facet normal -0.634348 -0.773047 0
    outer loop
      vertex -11.306 8.4737 0
      vertex -11.22 8.40313 2.39
      vertex -11.306 8.4737 2.39
    endloop
  endfacet
  facet normal -0.634348 -0.773047 -0
    outer loop
      vertex -11.22 8.40313 2.39
      vertex -11.306 8.4737 0
      vertex -11.22 8.40313 0
    endloop
  endfacet
  facet normal -0.683582 -0.729873 0
    outer loop
      vertex -11.22 8.40313 0
      vertex -11.1388 8.32708 2.39
      vertex -11.22 8.40313 2.39
    endloop
  endfacet
  facet normal -0.683582 -0.729873 -0
    outer loop
      vertex -11.1388 8.32708 2.39
      vertex -11.22 8.40313 0
      vertex -11.1388 8.32708 0
    endloop
  endfacet
  facet normal -0.0979904 0.995187 0
    outer loop
      vertex -12.119 5.43954 0
      vertex -12.2297 5.42864 2.39
      vertex -12.119 5.43954 2.39
    endloop
  endfacet
  facet normal -0.0979904 0.995187 0
    outer loop
      vertex -12.2297 5.42864 2.39
      vertex -12.119 5.43954 0
      vertex -12.2297 5.42864 0
    endloop
  endfacet
  facet normal -0.22723 0.973841 0
    outer loop
      vertex -11.9009 5.48293 0
      vertex -12.0092 5.45766 2.39
      vertex -11.9009 5.48293 2.39
    endloop
  endfacet
  facet normal -0.22723 0.973841 0
    outer loop
      vertex -12.0092 5.45766 2.39
      vertex -11.9009 5.48293 0
      vertex -12.0092 5.45766 0
    endloop
  endfacet
  facet normal 0.0327457 0.999464 -0
    outer loop
      vertex -12.3409 5.425 0
      vertex -12.452 5.42864 2.39
      vertex -12.3409 5.425 2.39
    endloop
  endfacet
  facet normal 0.0327457 0.999464 0
    outer loop
      vertex -12.452 5.42864 2.39
      vertex -12.3409 5.425 0
      vertex -12.452 5.42864 0
    endloop
  endfacet
  facet normal 0.683582 0.729873 -0
    outer loop
      vertex -13.4617 5.84687 0
      vertex -13.5429 5.92292 2.39
      vertex -13.4617 5.84687 2.39
    endloop
  endfacet
  facet normal 0.683582 0.729873 0
    outer loop
      vertex -13.5429 5.92292 2.39
      vertex -13.4617 5.84687 0
      vertex -13.5429 5.92292 0
    endloop
  endfacet
  facet normal 0.683582 -0.729873 0
    outer loop
      vertex -13.5429 8.32708 0
      vertex -13.4617 8.40313 2.39
      vertex -13.5429 8.32708 2.39
    endloop
  endfacet
  facet normal 0.683582 -0.729873 0
    outer loop
      vertex -13.4617 8.40313 2.39
      vertex -13.5429 8.32708 0
      vertex -13.4617 8.40313 0
    endloop
  endfacet
  facet normal -0.848981 0.528423 0
    outer loop
      vertex -10.9274 6.18053 0
      vertex -10.8686 6.275 2.39
      vertex -10.8686 6.275 0
    endloop
  endfacet
  facet normal -0.848981 0.528423 0
    outer loop
      vertex -10.8686 6.275 2.39
      vertex -10.9274 6.18053 0
      vertex -10.9274 6.18053 2.39
    endloop
  endfacet
  facet normal 0.812821 0.582513 0
    outer loop
      vertex -13.6896 6.09011 2.39
      vertex -13.7544 6.18053 0
      vertex -13.7544 6.18053 2.39
    endloop
  endfacet
  facet normal 0.812821 0.582513 0
    outer loop
      vertex -13.7544 6.18053 0
      vertex -13.6896 6.09011 2.39
      vertex -13.6896 6.09011 0
    endloop
  endfacet
  facet normal -0.471428 -0.881905 0
    outer loop
      vertex -11.589 8.64968 0
      vertex -11.4909 8.59724 2.39
      vertex -11.589 8.64968 2.39
    endloop
  endfacet
  facet normal -0.471428 -0.881905 -0
    outer loop
      vertex -11.4909 8.59724 2.39
      vertex -11.589 8.64968 0
      vertex -11.4909 8.59724 0
    endloop
  endfacet
  facet normal -0.683582 0.729873 0
    outer loop
      vertex -11.1388 5.92292 0
      vertex -11.22 5.84687 2.39
      vertex -11.1388 5.92292 2.39
    endloop
  endfacet
  facet normal -0.683582 0.729873 0
    outer loop
      vertex -11.22 5.84687 2.39
      vertex -11.1388 5.92292 0
      vertex -11.22 5.84687 0
    endloop
  endfacet
  facet normal -0.995188 -0.0979817 0
    outer loop
      vertex -10.6445 7.23618 0
      vertex -10.6554 7.34689 2.39
      vertex -10.6554 7.34689 0
    endloop
  endfacet
  facet normal -0.995188 -0.0979817 0
    outer loop
      vertex -10.6554 7.34689 2.39
      vertex -10.6445 7.23618 0
      vertex -10.6445 7.23618 2.39
    endloop
  endfacet
  facet normal 0.849384 0.527775 0
    outer loop
      vertex -13.7544 6.18053 2.39
      vertex -13.8131 6.275 0
      vertex -13.8131 6.275 2.39
    endloop
  endfacet
  facet normal 0.849384 0.527775 0
    outer loop
      vertex -13.8131 6.275 0
      vertex -13.7544 6.18053 2.39
      vertex -13.7544 6.18053 0
    endloop
  endfacet
  facet normal 0.226946 0.973907 -0
    outer loop
      vertex -12.6725 5.45767 0
      vertex -12.7809 5.48293 2.39
      vertex -12.6725 5.45767 2.39
    endloop
  endfacet
  facet normal 0.226946 0.973907 0
    outer loop
      vertex -12.7809 5.48293 2.39
      vertex -12.6725 5.45767 0
      vertex -12.7809 5.48293 0
    endloop
  endfacet
  facet normal -0.582598 -0.81276 0
    outer loop
      vertex -11.3964 8.5385 0
      vertex -11.306 8.4737 2.39
      vertex -11.3964 8.5385 2.39
    endloop
  endfacet
  facet normal -0.582598 -0.81276 -0
    outer loop
      vertex -11.306 8.4737 2.39
      vertex -11.3964 8.5385 0
      vertex -11.306 8.4737 0
    endloop
  endfacet
  facet normal -0.995187 0.0979904 0
    outer loop
      vertex -10.6554 6.90311 0
      vertex -10.6445 7.01381 2.39
      vertex -10.6445 7.01381 0
    endloop
  endfacet
  facet normal -0.995187 0.0979904 0
    outer loop
      vertex -10.6445 7.01381 2.39
      vertex -10.6554 6.90311 0
      vertex -10.6554 6.90311 2.39
    endloop
  endfacet
  facet normal -0.29015 0.956981 0
    outer loop
      vertex -11.7944 5.51522 0
      vertex -11.9009 5.48293 2.39
      vertex -11.7944 5.51522 2.39
    endloop
  endfacet
  facet normal -0.29015 0.956981 0
    outer loop
      vertex -11.9009 5.48293 2.39
      vertex -11.7944 5.51522 0
      vertex -11.9009 5.48293 0
    endloop
  endfacet
  facet normal 0.471428 0.881905 -0
    outer loop
      vertex -13.0928 5.60032 0
      vertex -13.1909 5.65276 2.39
      vertex -13.0928 5.60032 2.39
    endloop
  endfacet
  facet normal 0.471428 0.881905 0
    outer loop
      vertex -13.1909 5.65276 2.39
      vertex -13.0928 5.60032 0
      vertex -13.1909 5.65276 0
    endloop
  endfacet
  facet normal 0.290399 0.956906 -0
    outer loop
      vertex -12.7809 5.48293 0
      vertex -12.8873 5.51522 2.39
      vertex -12.7809 5.48293 2.39
    endloop
  endfacet
  facet normal 0.290399 0.956906 0
    outer loop
      vertex -12.8873 5.51522 2.39
      vertex -12.7809 5.48293 0
      vertex -12.8873 5.51522 0
    endloop
  endfacet
  facet normal -0.352325 -0.935878 0
    outer loop
      vertex -11.7944 8.73478 0
      vertex -11.6903 8.69559 2.39
      vertex -11.7944 8.73478 2.39
    endloop
  endfacet
  facet normal -0.352325 -0.935878 -0
    outer loop
      vertex -11.6903 8.69559 2.39
      vertex -11.7944 8.73478 0
      vertex -11.6903 8.69559 0
    endloop
  endfacet
  facet normal 0.999447 0.033261 0
    outer loop
      vertex -14.0372 7.01382 2.39
      vertex -14.0409 7.125 0
      vertex -14.0409 7.125 2.39
    endloop
  endfacet
  facet normal 0.999447 0.033261 0
    outer loop
      vertex -14.0409 7.125 0
      vertex -14.0372 7.01382 2.39
      vertex -14.0372 7.01382 0
    endloop
  endfacet
  facet normal 0.812821 -0.582513 0
    outer loop
      vertex -13.7544 8.06947 2.39
      vertex -13.6896 8.15989 0
      vertex -13.6896 8.15989 2.39
    endloop
  endfacet
  facet normal 0.812821 -0.582513 0
    outer loop
      vertex -13.6896 8.15989 0
      vertex -13.7544 8.06947 2.39
      vertex -13.7544 8.06947 0
    endloop
  endfacet
  facet normal 0.634789 0.772685 -0
    outer loop
      vertex -13.3758 5.7763 0
      vertex -13.4617 5.84687 2.39
      vertex -13.3758 5.7763 2.39
    endloop
  endfacet
  facet normal 0.634789 0.772685 0
    outer loop
      vertex -13.4617 5.84687 2.39
      vertex -13.3758 5.7763 0
      vertex -13.4617 5.84687 0
    endloop
  endfacet
  facet normal -0.227144 -0.973861 0
    outer loop
      vertex -12.0092 8.79233 0
      vertex -11.9009 8.76707 2.39
      vertex -12.0092 8.79233 2.39
    endloop
  endfacet
  facet normal -0.227144 -0.973861 -0
    outer loop
      vertex -11.9009 8.76707 2.39
      vertex -12.0092 8.79233 0
      vertex -11.9009 8.76707 0
    endloop
  endfacet
  facet normal 0.986674 0.162708 0
    outer loop
      vertex -14.0082 6.79335 2.39
      vertex -14.0263 6.90311 0
      vertex -14.0263 6.90311 2.39
    endloop
  endfacet
  facet normal 0.986674 0.162708 0
    outer loop
      vertex -14.0263 6.90311 0
      vertex -14.0082 6.79335 2.39
      vertex -14.0082 6.79335 0
    endloop
  endfacet
  facet normal -0.29015 -0.956981 0
    outer loop
      vertex -11.9009 8.76707 0
      vertex -11.7944 8.73478 2.39
      vertex -11.9009 8.76707 2.39
    endloop
  endfacet
  facet normal -0.29015 -0.956981 -0
    outer loop
      vertex -11.7944 8.73478 2.39
      vertex -11.9009 8.76707 0
      vertex -11.7944 8.73478 0
    endloop
  endfacet
  facet normal -0.0979904 -0.995187 0
    outer loop
      vertex -12.2297 8.82136 0
      vertex -12.119 8.81046 2.39
      vertex -12.2297 8.82136 2.39
    endloop
  endfacet
  facet normal -0.0979904 -0.995187 -0
    outer loop
      vertex -12.119 8.81046 2.39
      vertex -12.2297 8.82136 0
      vertex -12.119 8.81046 0
    endloop
  endfacet
  facet normal -0.999476 0.0323601 0
    outer loop
      vertex -10.6445 7.01381 0
      vertex -10.6409 7.125 2.39
      vertex -10.6409 7.125 0
    endloop
  endfacet
  facet normal -0.999476 0.0323601 0
    outer loop
      vertex -10.6409 7.125 2.39
      vertex -10.6445 7.01381 0
      vertex -10.6445 7.01381 2.39
    endloop
  endfacet
  facet normal 0.290399 -0.956906 0
    outer loop
      vertex -12.8873 8.73478 0
      vertex -12.7809 8.76707 2.39
      vertex -12.8873 8.73478 2.39
    endloop
  endfacet
  facet normal 0.290399 -0.956906 0
    outer loop
      vertex -12.7809 8.76707 2.39
      vertex -12.8873 8.73478 0
      vertex -12.7809 8.76707 0
    endloop
  endfacet
  facet normal 0.528316 -0.849048 0
    outer loop
      vertex -13.2853 8.5385 0
      vertex -13.1909 8.59724 2.39
      vertex -13.2853 8.5385 2.39
    endloop
  endfacet
  facet normal 0.528316 -0.849048 0
    outer loop
      vertex -13.1909 8.59724 2.39
      vertex -13.2853 8.5385 0
      vertex -13.1909 8.59724 0
    endloop
  endfacet
  facet normal -0.773356 -0.633972 0
    outer loop
      vertex -10.9922 8.15989 0
      vertex -11.0627 8.24589 2.39
      vertex -11.0627 8.24589 0
    endloop
  endfacet
  facet normal -0.773356 -0.633972 0
    outer loop
      vertex -11.0627 8.24589 2.39
      vertex -10.9922 8.15989 0
      vertex -10.9922 8.15989 2.39
    endloop
  endfacet
  facet normal -0.527913 0.849298 0
    outer loop
      vertex -11.3964 5.7115 0
      vertex -11.4909 5.65276 2.39
      vertex -11.3964 5.7115 2.39
    endloop
  endfacet
  facet normal -0.527913 0.849298 0
    outer loop
      vertex -11.4909 5.65276 2.39
      vertex -11.3964 5.7115 0
      vertex -11.4909 5.65276 0
    endloop
  endfacet
  facet normal 0.772915 -0.634509 0
    outer loop
      vertex -13.6896 8.15989 2.39
      vertex -13.619 8.24589 0
      vertex -13.619 8.24589 2.39
    endloop
  endfacet
  facet normal 0.772915 -0.634509 0
    outer loop
      vertex -13.619 8.24589 0
      vertex -13.6896 8.15989 2.39
      vertex -13.6896 8.15989 0
    endloop
  endfacet
  facet normal -0.0327163 0.999465 0
    outer loop
      vertex -12.2297 5.42864 0
      vertex -12.3409 5.425 2.39
      vertex -12.2297 5.42864 2.39
    endloop
  endfacet
  facet normal -0.0327163 0.999465 0
    outer loop
      vertex -12.3409 5.425 2.39
      vertex -12.2297 5.42864 0
      vertex -12.3409 5.425 0
    endloop
  endfacet
  facet normal 0.634789 -0.772685 0
    outer loop
      vertex -13.4617 8.40313 0
      vertex -13.3758 8.4737 2.39
      vertex -13.4617 8.40313 2.39
    endloop
  endfacet
  facet normal 0.634789 -0.772685 0
    outer loop
      vertex -13.3758 8.4737 2.39
      vertex -13.4617 8.40313 0
      vertex -13.3758 8.4737 0
    endloop
  endfacet
  facet normal 0.9738 -0.227406 0
    outer loop
      vertex -14.0082 7.45665 2.39
      vertex -13.9829 7.56499 0
      vertex -13.9829 7.56499 2.39
    endloop
  endfacet
  facet normal 0.9738 -0.227406 0
    outer loop
      vertex -13.9829 7.56499 0
      vertex -14.0082 7.45665 2.39
      vertex -14.0082 7.45665 0
    endloop
  endfacet
  facet normal -0.812821 0.582513 0
    outer loop
      vertex -10.9922 6.09011 0
      vertex -10.9274 6.18053 2.39
      vertex -10.9274 6.18053 0
    endloop
  endfacet
  facet normal -0.812821 0.582513 0
    outer loop
      vertex -10.9274 6.18053 2.39
      vertex -10.9922 6.09011 0
      vertex -10.9922 6.09011 2.39
    endloop
  endfacet
  facet normal 0.528316 0.849048 -0
    outer loop
      vertex -13.1909 5.65276 0
      vertex -13.2853 5.7115 2.39
      vertex -13.1909 5.65276 2.39
    endloop
  endfacet
  facet normal 0.528316 0.849048 0
    outer loop
      vertex -13.2853 5.7115 2.39
      vertex -13.1909 5.65276 0
      vertex -13.2853 5.7115 0
    endloop
  endfacet
  facet normal 0.163057 0.986617 -0
    outer loop
      vertex -12.5628 5.43954 0
      vertex -12.6725 5.45767 2.39
      vertex -12.5628 5.43954 2.39
    endloop
  endfacet
  facet normal 0.163057 0.986617 0
    outer loop
      vertex -12.6725 5.45767 2.39
      vertex -12.5628 5.43954 0
      vertex -12.6725 5.45767 0
    endloop
  endfacet
  facet normal -0.471428 0.881905 0
    outer loop
      vertex -11.4909 5.65276 0
      vertex -11.589 5.60032 2.39
      vertex -11.4909 5.65276 2.39
    endloop
  endfacet
  facet normal -0.471428 0.881905 0
    outer loop
      vertex -11.589 5.60032 2.39
      vertex -11.4909 5.65276 0
      vertex -11.589 5.60032 0
    endloop
  endfacet
  facet normal 0.956926 0.290332 0
    outer loop
      vertex -13.9506 6.57855 2.39
      vertex -13.9829 6.68501 0
      vertex -13.9829 6.68501 2.39
    endloop
  endfacet
  facet normal 0.956926 0.290332 0
    outer loop
      vertex -13.9829 6.68501 0
      vertex -13.9506 6.57855 2.39
      vertex -13.9506 6.57855 0
    endloop
  endfacet
  facet normal 0.9738 0.227406 0
    outer loop
      vertex -13.9829 6.68501 2.39
      vertex -14.0082 6.79335 0
      vertex -14.0082 6.79335 2.39
    endloop
  endfacet
  facet normal 0.9738 0.227406 0
    outer loop
      vertex -14.0082 6.79335 0
      vertex -13.9829 6.68501 2.39
      vertex -13.9829 6.68501 0
    endloop
  endfacet
  facet normal 0.352325 0.935878 -0
    outer loop
      vertex -12.8873 5.51522 0
      vertex -12.9914 5.55441 2.39
      vertex -12.8873 5.51522 2.39
    endloop
  endfacet
  facet normal 0.352325 0.935878 0
    outer loop
      vertex -12.9914 5.55441 2.39
      vertex -12.8873 5.51522 0
      vertex -12.9914 5.55441 0
    endloop
  endfacet
  facet normal -0.882074 -0.471111 0
    outer loop
      vertex -10.8162 7.87689 0
      vertex -10.8686 7.975 2.39
      vertex -10.8686 7.975 0
    endloop
  endfacet
  facet normal -0.882074 -0.471111 0
    outer loop
      vertex -10.8686 7.975 2.39
      vertex -10.8162 7.87689 0
      vertex -10.8162 7.87689 2.39
    endloop
  endfacet
  facet normal 0.412456 0.910978 -0
    outer loop
      vertex -12.9914 5.55441 0
      vertex -13.0928 5.60032 2.39
      vertex -12.9914 5.55441 2.39
    endloop
  endfacet
  facet normal 0.412456 0.910978 0
    outer loop
      vertex -13.0928 5.60032 2.39
      vertex -12.9914 5.55441 0
      vertex -13.0928 5.60032 0
    endloop
  endfacet
  facet normal -0.910904 0.412617 0
    outer loop
      vertex -10.8162 6.37311 0
      vertex -10.7703 6.47444 2.39
      vertex -10.7703 6.47444 0
    endloop
  endfacet
  facet normal -0.910904 0.412617 0
    outer loop
      vertex -10.7703 6.47444 2.39
      vertex -10.8162 6.37311 0
      vertex -10.8162 6.37311 2.39
    endloop
  endfacet
  facet normal -0.527913 -0.849298 0
    outer loop
      vertex -11.4909 8.59724 0
      vertex -11.3964 8.5385 2.39
      vertex -11.4909 8.59724 2.39
    endloop
  endfacet
  facet normal -0.527913 -0.849298 -0
    outer loop
      vertex -11.3964 8.5385 2.39
      vertex -11.4909 8.59724 0
      vertex -11.3964 8.5385 0
    endloop
  endfacet
  facet normal 0.163057 -0.986617 0
    outer loop
      vertex -12.6725 8.79233 0
      vertex -12.5628 8.81046 2.39
      vertex -12.6725 8.79233 2.39
    endloop
  endfacet
  facet normal 0.163057 -0.986617 0
    outer loop
      vertex -12.5628 8.81046 2.39
      vertex -12.6725 8.79233 0
      vertex -12.5628 8.81046 0
    endloop
  endfacet
  facet normal -0.848981 -0.528423 0
    outer loop
      vertex -10.8686 7.975 0
      vertex -10.9274 8.06947 2.39
      vertex -10.9274 8.06947 0
    endloop
  endfacet
  facet normal -0.848981 -0.528423 0
    outer loop
      vertex -10.9274 8.06947 2.39
      vertex -10.8686 7.975 0
      vertex -10.8686 7.975 2.39
    endloop
  endfacet
  facet normal 0.772915 0.634509 0
    outer loop
      vertex -13.619 6.00411 2.39
      vertex -13.6896 6.09011 0
      vertex -13.6896 6.09011 2.39
    endloop
  endfacet
  facet normal 0.772915 0.634509 0
    outer loop
      vertex -13.6896 6.09011 0
      vertex -13.619 6.00411 2.39
      vertex -13.619 6.00411 0
    endloop
  endfacet
  facet normal 0.882074 0.471111 0
    outer loop
      vertex -13.8131 6.275 2.39
      vertex -13.8655 6.37311 0
      vertex -13.8655 6.37311 2.39
    endloop
  endfacet
  facet normal 0.882074 0.471111 0
    outer loop
      vertex -13.8655 6.37311 0
      vertex -13.8131 6.275 2.39
      vertex -13.8131 6.275 0
    endloop
  endfacet
  facet normal 0.729607 0.683866 0
    outer loop
      vertex -13.5429 5.92292 2.39
      vertex -13.619 6.00411 0
      vertex -13.619 6.00411 2.39
    endloop
  endfacet
  facet normal 0.729607 0.683866 0
    outer loop
      vertex -13.619 6.00411 0
      vertex -13.5429 5.92292 2.39
      vertex -13.5429 5.92292 0
    endloop
  endfacet
  facet normal -0.352325 0.935878 0
    outer loop
      vertex -11.6903 5.55441 0
      vertex -11.7944 5.51522 2.39
      vertex -11.6903 5.55441 2.39
    endloop
  endfacet
  facet normal -0.352325 0.935878 0
    outer loop
      vertex -11.7944 5.51522 2.39
      vertex -11.6903 5.55441 0
      vertex -11.7944 5.51522 0
    endloop
  endfacet
  facet normal 0.412456 -0.910978 0
    outer loop
      vertex -13.0928 8.64968 0
      vertex -12.9914 8.69559 2.39
      vertex -13.0928 8.64968 2.39
    endloop
  endfacet
  facet normal 0.412456 -0.910978 0
    outer loop
      vertex -12.9914 8.69559 2.39
      vertex -13.0928 8.64968 0
      vertex -12.9914 8.69559 0
    endloop
  endfacet
  facet normal -0.412793 0.910825 0
    outer loop
      vertex -11.589 5.60032 0
      vertex -11.6903 5.55441 2.39
      vertex -11.589 5.60032 2.39
    endloop
  endfacet
  facet normal -0.412793 0.910825 0
    outer loop
      vertex -11.6903 5.55441 2.39
      vertex -11.589 5.60032 0
      vertex -11.6903 5.55441 0
    endloop
  endfacet
  facet normal -0.162913 -0.986641 0
    outer loop
      vertex -12.119 8.81046 0
      vertex -12.0092 8.79233 2.39
      vertex -12.119 8.81046 2.39
    endloop
  endfacet
  facet normal -0.162913 -0.986641 -0
    outer loop
      vertex -12.0092 8.79233 2.39
      vertex -12.119 8.81046 0
      vertex -12.0092 8.79233 0
    endloop
  endfacet
  facet normal -0.162825 0.986655 0
    outer loop
      vertex -12.0092 5.45766 0
      vertex -12.119 5.43954 2.39
      vertex -12.0092 5.45766 2.39
    endloop
  endfacet
  facet normal -0.162825 0.986655 0
    outer loop
      vertex -12.119 5.43954 2.39
      vertex -12.0092 5.45766 0
      vertex -12.119 5.43954 0
    endloop
  endfacet
  facet normal 0.226946 -0.973907 0
    outer loop
      vertex -12.7809 8.76707 0
      vertex -12.6725 8.79233 2.39
      vertex -12.7809 8.76707 2.39
    endloop
  endfacet
  facet normal 0.226946 -0.973907 0
    outer loop
      vertex -12.6725 8.79233 2.39
      vertex -12.7809 8.76707 0
      vertex -12.6725 8.79233 0
    endloop
  endfacet
  facet normal -0.582598 0.81276 0
    outer loop
      vertex -11.306 5.7763 0
      vertex -11.3964 5.7115 2.39
      vertex -11.306 5.7763 2.39
    endloop
  endfacet
  facet normal -0.582598 0.81276 0
    outer loop
      vertex -11.3964 5.7115 2.39
      vertex -11.306 5.7763 0
      vertex -11.3964 5.7115 0
    endloop
  endfacet
  facet normal 0.689347 0.312316 0.653651
    outer loop
      vertex -15.1137 5.75835 4
      vertex -13.9115 6.47444 2.39
      vertex -15.1969 5.94199 4
    endloop
  endfacet
  facet normal 0.124652 -0.747913 0.651988
    outer loop
      vertex -12.452 8.82136 2.39
      vertex -12.5424 10.2098 4
      vertex -12.543 10.2097 4
    endloop
  endfacet
  facet normal 0.0247812 -0.75637 0.653674
    outer loop
      vertex -12.5424 10.2098 4
      vertex -12.452 8.82136 2.39
      vertex -12.3409 8.825 2.39
    endloop
  endfacet
  facet normal 0.517232 0.552435 0.653672
    outer loop
      vertex -14.3796 4.80126 4
      vertex -13.5429 5.92292 2.39
      vertex -14.5268 4.93908 4
    endloop
  endfacet
  facet normal 0.667475 -0.356637 0.653672
    outer loop
      vertex -13.8131 7.975 2.39
      vertex -15.0181 8.67068 4
      vertex -15.1131 8.49288 4
    endloop
  endfacet
  facet normal 0.678165 -0.333524 0.654869
    outer loop
      vertex -15.1134 8.49227 4
      vertex -13.8131 7.975 2.39
      vertex -15.1131 8.49288 4
    endloop
  endfacet
  facet normal 0.667533 -0.356526 0.653673
    outer loop
      vertex -13.8131 7.975 2.39
      vertex -15.1134 8.49227 4
      vertex -13.8655 7.87689 2.39
    endloop
  endfacet
  facet normal -0.266635 -0.708259 0.653663
    outer loop
      vertex -11.6903 8.69559 2.39
      vertex -11.1585 9.98128 4
      vertex -11.7944 8.73478 2.39
    endloop
  endfacet
  facet normal -0.281009 -0.702523 0.653831
    outer loop
      vertex -11.1585 9.98128 4
      vertex -11.6903 8.69559 2.39
      vertex -11.1579 9.98104 4
    endloop
  endfacet
  facet normal -0.123076 -0.746712 0.653662
    outer loop
      vertex -11.7384 10.1571 4
      vertex -11.9374 10.1899 4
      vertex -12.119 8.81046 2.39
    endloop
  endfacet
  facet normal 0.266635 0.708259 0.653663
    outer loop
      vertex -12.9914 5.55441 2.39
      vertex -13.5232 4.26872 4
      vertex -12.8873 5.51522 2.39
    endloop
  endfacet
  facet normal 0.245591 0.716307 0.653139
    outer loop
      vertex -13.5232 4.26872 4
      vertex -12.9914 5.55441 2.39
      vertex -13.5239 4.26896 4
    endloop
  endfacet
  facet normal -0.266573 -0.708285 0.653659
    outer loop
      vertex -11.1585 9.98128 4
      vertex -11.3472 10.0523 4
      vertex -11.7944 8.73478 2.39
    endloop
  endfacet
  facet normal 0.440586 0.615325 0.653651
    outer loop
      vertex -13.3758 5.7763 2.39
      vertex -14.2222 4.67206 4
      vertex -13.2853 5.7115 2.39
    endloop
  endfacet
  facet normal 0.42009 0.630135 0.653034
    outer loop
      vertex -14.2222 4.67206 4
      vertex -13.3758 5.7763 2.39
      vertex -14.2228 4.67246 4
    endloop
  endfacet
  facet normal -0.0743366 -0.753128 0.653661
    outer loop
      vertex -12.119 8.81046 2.39
      vertex -11.9374 10.1899 4
      vertex -12.138 10.2097 4
    endloop
  endfacet
  facet normal 0.399822 0.642547 0.653663
    outer loop
      vertex -13.2853 5.7115 2.39
      vertex -14.0577 4.55427 4
      vertex -13.1909 5.65276 2.39
    endloop
  endfacet
  facet normal 0.389471 0.649118 0.65342
    outer loop
      vertex -14.0577 4.55427 4
      vertex -13.2853 5.7115 2.39
      vertex -14.0583 4.55463 4
    endloop
  endfacet
  facet normal -0.746683 -0.123277 0.653656
    outer loop
      vertex -9.27606 7.52918 4
      vertex -9.3089 7.72809 4
      vertex -10.6735 7.45665 2.39
    endloop
  endfacet
  facet normal 0.746689 0.123133 0.653677
    outer loop
      vertex -15.4058 6.7215 4
      vertex -14.0082 6.79335 2.39
      vertex -14.0263 6.90311 2.39
    endloop
  endfacet
  facet normal 0.748142 0.110021 0.654353
    outer loop
      vertex -14.0082 6.79335 2.39
      vertex -15.4058 6.7215 4
      vertex -15.4057 6.72082 4
    endloop
  endfacet
  facet normal 0.356762 -0.667427 0.653652
    outer loop
      vertex -13.1909 8.59724 2.39
      vertex -13.7087 9.89723 4
      vertex -13.8865 9.80219 4
    endloop
  endfacet
  facet normal 0.552365 0.517303 0.653674
    outer loop
      vertex -14.5268 4.93908 4
      vertex -13.5429 5.92292 2.39
      vertex -14.6646 5.08622 4
    endloop
  endfacet
  facet normal 0.756394 -0.0247752 0.653647
    outer loop
      vertex -14.0409 7.125 2.39
      vertex -15.4256 7.3265 4
      vertex -15.4322 7.125 4
    endloop
  endfacet
  facet normal -0.440763 -0.615184 0.653664
    outer loop
      vertex -10.4595 9.57794 4
      vertex -10.6234 9.69537 4
      vertex -11.3964 8.5385 2.39
    endloop
  endfacet
  facet normal 0.737006 0.171921 0.653655
    outer loop
      vertex -15.327 6.32557 4
      vertex -14.0082 6.79335 2.39
      vertex -15.3728 6.52191 4
    endloop
  endfacet
  facet normal 0.0740914 0.753149 0.653664
    outer loop
      vertex -12.5628 5.43954 2.39
      vertex -12.543 4.04026 4
      vertex -12.452 5.42864 2.39
    endloop
  endfacet
  facet normal 0.0753088 0.753088 0.653596
    outer loop
      vertex -12.543 4.04026 4
      vertex -12.5628 5.43954 2.39
      vertex -12.5437 4.04033 4
    endloop
  endfacet
  facet normal -0.266573 0.708285 0.653659
    outer loop
      vertex -11.3472 4.1977 4
      vertex -11.1585 4.26872 4
      vertex -11.7944 5.51522 2.39
    endloop
  endfacet
  facet normal -0.171953 -0.736995 0.653659
    outer loop
      vertex -11.5408 10.111 4
      vertex -11.7371 10.1568 4
      vertex -11.9009 8.76707 2.39
    endloop
  endfacet
  facet normal -0.74668 0.123271 0.653661
    outer loop
      vertex -9.30879 6.52258 4
      vertex -9.27595 6.7215 4
      vertex -10.6554 6.90311 2.39
    endloop
  endfacet
  facet normal -0.356757 -0.667418 0.653665
    outer loop
      vertex -10.7952 9.80219 4
      vertex -10.973 9.89723 4
      vertex -11.4909 8.59724 2.39
    endloop
  endfacet
  facet normal 0.552383 -0.517284 0.653674
    outer loop
      vertex -13.5429 8.32708 2.39
      vertex -14.5268 9.31092 4
      vertex -14.6646 9.16377 4
    endloop
  endfacet
  facet normal 0.746644 0.123496 0.65366
    outer loop
      vertex -15.3728 6.52191 4
      vertex -14.0082 6.79335 2.39
      vertex -15.4057 6.72082 4
    endloop
  endfacet
  facet normal -0.591085 0.472868 0.653463
    outer loop
      vertex -11.0627 6.00411 2.39
      vertex -10.0171 5.08623 4
      vertex -10.0167 5.08673 4
    endloop
  endfacet
  facet normal -0.552161 0.517545 0.653655
    outer loop
      vertex -10.0171 5.08623 4
      vertex -11.0627 6.00411 2.39
      vertex -11.1388 5.92292 2.39
    endloop
  endfacet
  facet normal 0.552161 -0.517545 0.653655
    outer loop
      vertex -14.6646 9.16377 4
      vertex -13.619 8.24589 2.39
      vertex -13.5429 8.32708 2.39
    endloop
  endfacet
  facet normal 0.535494 -0.535494 0.653063
    outer loop
      vertex -13.619 8.24589 2.39
      vertex -14.6646 9.16377 4
      vertex -14.6651 9.16327 4
    endloop
  endfacet
  facet normal 0.55216 0.517544 0.653657
    outer loop
      vertex -13.619 6.00411 2.39
      vertex -14.6646 5.08622 4
      vertex -13.5429 5.92292 2.39
    endloop
  endfacet
  facet normal 0.540631 0.530031 0.653288
    outer loop
      vertex -14.6646 5.08622 4
      vertex -13.619 6.00411 2.39
      vertex -14.6651 5.08673 4
    endloop
  endfacet
  facet normal -0.312398 -0.689296 0.653666
    outer loop
      vertex -10.9736 9.89755 4
      vertex -11.1572 9.98076 4
      vertex -11.589 8.64968 2.39
    endloop
  endfacet
  facet normal -0.517232 0.552435 0.653672
    outer loop
      vertex -10.3021 4.80126 4
      vertex -10.1549 4.93908 4
      vertex -11.1388 5.92292 2.39
    endloop
  endfacet
  facet normal -0.708237 0.266669 0.653672
    outer loop
      vertex -10.7703 6.47444 2.39
      vertex -9.48458 5.94263 4
      vertex -10.7311 6.57855 2.39
    endloop
  endfacet
  facet normal -0.708606 0.265727 0.653656
    outer loop
      vertex -9.48458 5.94263 4
      vertex -10.7703 6.47444 2.39
      vertex -9.48482 5.94199 4
    endloop
  endfacet
  facet normal -0.0741879 0.753142 0.653661
    outer loop
      vertex -11.9374 4.06009 4
      vertex -12.119 5.43954 2.39
      vertex -12.138 4.04033 4
    endloop
  endfacet
  facet normal 0.399642 0.642671 0.653651
    outer loop
      vertex -13.8865 4.44781 4
      vertex -13.1909 5.65276 2.39
      vertex -14.0577 4.55427 4
    endloop
  endfacet
  facet normal 0.440764 -0.615186 0.653661
    outer loop
      vertex -13.3758 8.4737 2.39
      vertex -14.0589 9.69497 4
      vertex -14.2228 9.57754 4
    endloop
  endfacet
  facet normal -0.737014 0.171847 0.653666
    outer loop
      vertex -9.35484 6.3249 4
      vertex -9.30906 6.52124 4
      vertex -10.6988 6.68501 2.39
    endloop
  endfacet
  facet normal 0.480187 -0.584935 0.65366
    outer loop
      vertex -13.3758 8.4737 2.39
      vertex -14.2228 9.57754 4
      vertex -14.3786 9.44964 4
    endloop
  endfacet
  facet normal -0.615125 0.440833 0.653673
    outer loop
      vertex -10.9922 6.09011 2.39
      vertex -9.88792 5.24366 4
      vertex -10.9274 6.18053 2.39
    endloop
  endfacet
  facet normal -0.615829 0.439878 0.653653
    outer loop
      vertex -9.88792 5.24366 4
      vertex -10.9922 6.09011 2.39
      vertex -9.88832 5.2431 4
    endloop
  endfacet
  facet normal 0.584991 -0.48011 0.653666
    outer loop
      vertex -13.619 8.24589 2.39
      vertex -14.6651 9.16327 4
      vertex -14.793 9.00743 4
    endloop
  endfacet
  facet normal -0.689314 0.312355 0.653667
    outer loop
      vertex -9.56831 5.75773 4
      vertex -9.4851 5.94136 4
      vertex -10.8162 6.37311 2.39
    endloop
  endfacet
  facet normal -0.11744 0.747345 0.653975
    outer loop
      vertex -12.0092 5.45766 2.39
      vertex -11.9374 4.06009 4
      vertex -11.9367 4.0602 4
    endloop
  endfacet
  facet normal -0.123224 0.746687 0.653662
    outer loop
      vertex -11.9374 4.06009 4
      vertex -12.0092 5.45766 2.39
      vertex -12.119 5.43954 2.39
    endloop
  endfacet
  facet normal -0.753143 0.0741769 0.653661
    outer loop
      vertex -9.27595 6.7215 4
      vertex -9.25619 6.92213 4
      vertex -10.6554 6.90311 2.39
    endloop
  endfacet
  facet normal 0.517232 -0.552435 0.653672
    outer loop
      vertex -13.5429 8.32708 2.39
      vertex -14.3796 9.44874 4
      vertex -14.5268 9.31092 4
    endloop
  endfacet
  facet normal -0.0753085 0.753085 0.653599
    outer loop
      vertex -12.119 5.43954 2.39
      vertex -12.1387 4.04026 4
      vertex -12.138 4.04033 4
    endloop
  endfacet
  facet normal -0.0741578 0.753143 0.653663
    outer loop
      vertex -12.1387 4.04026 4
      vertex -12.119 5.43954 2.39
      vertex -12.2297 5.42864 2.39
    endloop
  endfacet
  facet normal -0.724201 0.219667 0.653666
    outer loop
      vertex -9.41336 6.13197 4
      vertex -9.35484 6.3249 4
      vertex -10.6988 6.68501 2.39
    endloop
  endfacet
  facet normal -0.219526 -0.724249 0.65366
    outer loop
      vertex -11.3478 10.0525 4
      vertex -11.5408 10.111 4
      vertex -11.9009 8.76707 2.39
    endloop
  endfacet
  facet normal -0.472694 -0.590868 0.653786
    outer loop
      vertex -10.4595 9.57794 4
      vertex -11.306 8.4737 2.39
      vertex -10.459 9.57754 4
    endloop
  endfacet
  facet normal -0.440897 -0.615078 0.653673
    outer loop
      vertex -11.306 8.4737 2.39
      vertex -10.4595 9.57794 4
      vertex -11.3964 8.5385 2.39
    endloop
  endfacet
  facet normal 0.480407 0.584766 0.65365
    outer loop
      vertex -14.2233 4.6729 4
      vertex -13.3758 5.7763 2.39
      vertex -13.4617 5.84687 2.39
    endloop
  endfacet
  facet normal 0.500322 0.568548 0.653017
    outer loop
      vertex -13.3758 5.7763 2.39
      vertex -14.2233 4.6729 4
      vertex -14.2228 4.67246 4
    endloop
  endfacet
  facet normal -0.708269 0.266596 0.653668
    outer loop
      vertex -9.48458 5.94263 4
      vertex -9.41356 6.13131 4
      vertex -10.7311 6.57855 2.39
    endloop
  endfacet
  facet normal -0.642666 0.399639 0.653658
    outer loop
      vertex -9.77013 5.40812 4
      vertex -9.66367 5.57932 4
      vertex -10.8686 6.275 2.39
    endloop
  endfacet
  facet normal -0.123283 0.746679 0.65366
    outer loop
      vertex -11.9367 4.0602 4
      vertex -11.7378 4.09304 4
      vertex -12.0092 5.45766 2.39
    endloop
  endfacet
  facet normal -0.724249 -0.219469 0.653679
    outer loop
      vertex -10.7311 7.67145 2.39
      vertex -9.35484 7.9251 4
      vertex -9.35504 7.92576 4
    endloop
  endfacet
  facet normal -0.724186 -0.219718 0.653665
    outer loop
      vertex -9.35484 7.9251 4
      vertex -10.7311 7.67145 2.39
      vertex -10.6988 7.56499 2.39
    endloop
  endfacet
  facet normal -0.75303 -0.0763943 0.653537
    outer loop
      vertex -10.6554 7.34689 2.39
      vertex -9.25612 7.32718 4
      vertex -9.25619 7.32787 4
    endloop
  endfacet
  facet normal -0.753144 -0.0741511 0.653663
    outer loop
      vertex -9.25612 7.32718 4
      vertex -10.6554 7.34689 2.39
      vertex -10.6445 7.23618 2.39
    endloop
  endfacet
  facet normal 0.517324 0.552356 0.653665
    outer loop
      vertex -14.3796 4.80126 4
      vertex -13.4617 5.84687 2.39
      vertex -13.5429 5.92292 2.39
    endloop
  endfacet
  facet normal 0.518342 0.551428 0.653643
    outer loop
      vertex -13.4617 5.84687 2.39
      vertex -14.3796 4.80126 4
      vertex -14.3791 4.80079 4
    endloop
  endfacet
  facet normal 0.312366 -0.689308 0.653668
    outer loop
      vertex -12.9914 8.69559 2.39
      vertex -13.5239 9.98104 4
      vertex -13.7075 9.89784 4
    endloop
  endfacet
  facet normal 0.266573 0.708285 0.653659
    outer loop
      vertex -13.3345 4.1977 4
      vertex -12.8873 5.51522 2.39
      vertex -13.5232 4.26872 4
    endloop
  endfacet
  facet normal 0.708494 0.266085 0.653632
    outer loop
      vertex -15.1971 5.94263 4
      vertex -13.9115 6.47444 2.39
      vertex -13.9506 6.57855 2.39
    endloop
  endfacet
  facet normal 0.723427 0.226071 0.652338
    outer loop
      vertex -13.9115 6.47444 2.39
      vertex -15.1971 5.94263 4
      vertex -15.1969 5.94199 4
    endloop
  endfacet
  facet normal 0.626272 -0.424591 0.653839
    outer loop
      vertex -14.9116 8.84188 4
      vertex -13.7544 8.06947 2.39
      vertex -14.9112 8.84247 4
    endloop
  endfacet
  facet normal 0.642812 -0.399418 0.65365
    outer loop
      vertex -13.7544 8.06947 2.39
      vertex -14.9116 8.84188 4
      vertex -13.8131 7.975 2.39
    endloop
  endfacet
  facet normal 0.757301 -0 0.653066
    outer loop
      vertex -15.4256 7.3265 4
      vertex -14.0372 7.23619 2.39
      vertex -15.4256 7.32718 4
    endloop
  endfacet
  facet normal 0.756362 -0.025169 0.653669
    outer loop
      vertex -14.0372 7.23619 2.39
      vertex -15.4256 7.3265 4
      vertex -14.0409 7.125 2.39
    endloop
  endfacet
  facet normal 0.584933 -0.480189 0.653661
    outer loop
      vertex -14.793 9.00743 4
      vertex -13.6896 8.15989 2.39
      vertex -13.619 8.24589 2.39
    endloop
  endfacet
  facet normal 0.603934 -0.455799 0.653844
    outer loop
      vertex -13.6896 8.15989 2.39
      vertex -14.793 9.00743 4
      vertex -14.7934 9.0069 4
    endloop
  endfacet
  facet normal 0.615144 0.440846 0.653645
    outer loop
      vertex -13.7544 6.18053 2.39
      vertex -14.9108 5.40698 4
      vertex -13.6896 6.09011 2.39
    endloop
  endfacet
  facet normal 0.612117 0.445176 0.653552
    outer loop
      vertex -14.9108 5.40698 4
      vertex -13.7544 6.18053 2.39
      vertex -14.9112 5.40753 4
    endloop
  endfacet
  facet normal 0.0741513 0.753146 0.653661
    outer loop
      vertex -12.5437 4.04033 4
      vertex -12.5628 5.43954 2.39
      vertex -12.7444 4.06009 4
    endloop
  endfacet
  facet normal -0.123288 -0.746666 0.653674
    outer loop
      vertex -12.0092 8.79233 2.39
      vertex -11.7384 10.1571 4
      vertex -12.119 8.81046 2.39
    endloop
  endfacet
  facet normal -0.124411 -0.746465 0.653691
    outer loop
      vertex -11.7384 10.1571 4
      vertex -12.0092 8.79233 2.39
      vertex -11.7378 10.157 4
    endloop
  endfacet
  facet normal 0.61521 -0.44075 0.653649
    outer loop
      vertex -13.7544 8.06947 2.39
      vertex -14.7938 9.00634 4
      vertex -14.9112 8.84247 4
    endloop
  endfacet
  facet normal 0.642589 -0.399741 0.653672
    outer loop
      vertex -13.8131 7.975 2.39
      vertex -14.9116 8.84188 4
      vertex -15.0181 8.67068 4
    endloop
  endfacet
  facet normal -0.737022 -0.171849 0.653656
    outer loop
      vertex -9.3089 7.72809 4
      vertex -9.35468 7.92443 4
      vertex -10.6735 7.45665 2.39
    endloop
  endfacet
  facet normal -0.612101 -0.445164 0.653576
    outer loop
      vertex -9.77089 8.84302 4
      vertex -10.9274 8.06947 2.39
      vertex -9.77049 8.84247 4
    endloop
  endfacet
  facet normal -0.615127 -0.440834 0.65367
    outer loop
      vertex -10.9274 8.06947 2.39
      vertex -9.77089 8.84302 4
      vertex -10.9922 8.15989 2.39
    endloop
  endfacet
  facet normal -0.552383 0.517284 0.653674
    outer loop
      vertex -10.1549 4.93908 4
      vertex -10.0171 5.08623 4
      vertex -11.1388 5.92292 2.39
    endloop
  endfacet
  facet normal 0.440763 0.615184 0.653664
    outer loop
      vertex -14.0583 4.55463 4
      vertex -13.2853 5.7115 2.39
      vertex -14.2222 4.67206 4
    endloop
  endfacet
  facet normal -0.356118 0.667721 0.653704
    outer loop
      vertex -11.4909 5.65276 2.39
      vertex -10.9736 4.35245 4
      vertex -10.973 4.35277 4
    endloop
  endfacet
  facet normal -0.356769 0.667412 0.653664
    outer loop
      vertex -10.9736 4.35245 4
      vertex -11.4909 5.65276 2.39
      vertex -11.589 5.60032 2.39
    endloop
  endfacet
  facet normal -0.312398 -0.689304 0.653657
    outer loop
      vertex -11.589 8.64968 2.39
      vertex -11.1579 9.98104 4
      vertex -11.6903 8.69559 2.39
    endloop
  endfacet
  facet normal -0.280577 -0.701443 0.655174
    outer loop
      vertex -11.1579 9.98104 4
      vertex -11.589 8.64968 2.39
      vertex -11.1572 9.98076 4
    endloop
  endfacet
  facet normal -0.615153 -0.440794 0.653672
    outer loop
      vertex -9.77089 8.84302 4
      vertex -9.88832 9.0069 4
      vertex -10.9922 8.15989 2.39
    endloop
  endfacet
  facet normal -0.518342 -0.551428 0.653643
    outer loop
      vertex -11.22 8.40313 2.39
      vertex -10.3021 9.44874 4
      vertex -10.3026 9.44921 4
    endloop
  endfacet
  facet normal -0.517324 -0.552356 0.653665
    outer loop
      vertex -10.3021 9.44874 4
      vertex -11.22 8.40313 2.39
      vertex -11.1388 8.32708 2.39
    endloop
  endfacet
  facet normal -0.585024 -0.480062 0.653673
    outer loop
      vertex -9.88832 9.0069 4
      vertex -10.0162 9.16274 4
      vertex -10.9922 8.15989 2.39
    endloop
  endfacet
  facet normal 0.266573 -0.708285 0.653659
    outer loop
      vertex -12.8873 8.73478 2.39
      vertex -13.3345 10.0523 4
      vertex -13.5232 9.98128 4
    endloop
  endfacet
  facet normal -0.219581 -0.72423 0.653663
    outer loop
      vertex -11.7944 8.73478 2.39
      vertex -11.3478 10.0525 4
      vertex -11.9009 8.76707 2.39
    endloop
  endfacet
  facet normal -0.239264 -0.717793 0.653854
    outer loop
      vertex -11.3478 10.0525 4
      vertex -11.7944 8.73478 2.39
      vertex -11.3472 10.0523 4
    endloop
  endfacet
  facet normal -0.49335 0.573662 0.653848
    outer loop
      vertex -11.22 5.84687 2.39
      vertex -10.3031 4.80036 4
      vertex -10.3026 4.80079 4
    endloop
  endfacet
  facet normal -0.480063 0.585027 0.653669
    outer loop
      vertex -10.3031 4.80036 4
      vertex -11.22 5.84687 2.39
      vertex -11.306 5.7763 2.39
    endloop
  endfacet
  facet normal -0.724183 0.219717 0.653669
    outer loop
      vertex -10.7311 6.57855 2.39
      vertex -9.41336 6.13197 4
      vertex -10.6988 6.68501 2.39
    endloop
  endfacet
  facet normal -0.724261 0.219473 0.653665
    outer loop
      vertex -9.41336 6.13197 4
      vertex -10.7311 6.57855 2.39
      vertex -9.41356 6.13131 4
    endloop
  endfacet
  facet normal -0.517324 0.552356 0.653665
    outer loop
      vertex -11.22 5.84687 2.39
      vertex -10.3021 4.80126 4
      vertex -11.1388 5.92292 2.39
    endloop
  endfacet
  facet normal -0.518342 0.551428 0.653643
    outer loop
      vertex -10.3021 4.80126 4
      vertex -11.22 5.84687 2.39
      vertex -10.3026 4.80079 4
    endloop
  endfacet
  facet normal -0.552365 -0.517303 0.653674
    outer loop
      vertex -10.0171 9.16378 4
      vertex -10.1549 9.31092 4
      vertex -11.1388 8.32708 2.39
    endloop
  endfacet
  facet normal 0.123399 0.746654 0.653667
    outer loop
      vertex -12.6725 5.45767 2.39
      vertex -12.9433 4.09293 4
      vertex -12.5628 5.43954 2.39
    endloop
  endfacet
  facet normal 0.117496 0.747699 0.65356
    outer loop
      vertex -12.9433 4.09293 4
      vertex -12.6725 5.45767 2.39
      vertex -12.944 4.09304 4
    endloop
  endfacet
  facet normal 0.312402 0.689305 0.653654
    outer loop
      vertex -13.5245 4.26924 4
      vertex -13.0928 5.60032 2.39
      vertex -13.7081 4.35245 4
    endloop
  endfacet
  facet normal 0.708167 0.266843 0.653678
    outer loop
      vertex -15.1971 5.94263 4
      vertex -13.9506 6.57855 2.39
      vertex -15.2682 6.13132 4
    endloop
  endfacet
  facet normal -0.207755 0.727144 0.654293
    outer loop
      vertex -11.7944 5.51522 2.39
      vertex -11.5408 4.13898 4
      vertex -11.5401 4.13918 4
    endloop
  endfacet
  facet normal -0.219581 0.724229 0.653664
    outer loop
      vertex -11.5408 4.13898 4
      vertex -11.7944 5.51522 2.39
      vertex -11.9009 5.48293 2.39
    endloop
  endfacet
  facet normal 0.642812 0.399418 0.65365
    outer loop
      vertex -14.9116 5.40812 4
      vertex -13.7544 6.18053 2.39
      vertex -13.8131 6.275 2.39
    endloop
  endfacet
  facet normal 0.626272 0.424591 0.653839
    outer loop
      vertex -13.7544 6.18053 2.39
      vertex -14.9116 5.40812 4
      vertex -14.9112 5.40753 4
    endloop
  endfacet
  facet normal -0.615141 0.440813 0.653671
    outer loop
      vertex -9.88792 5.24366 4
      vertex -9.77049 5.40753 4
      vertex -10.9274 6.18053 2.39
    endloop
  endfacet
  facet normal -0.746709 0.123136 0.653654
    outer loop
      vertex -10.6735 6.79335 2.39
      vertex -9.30879 6.52258 4
      vertex -10.6554 6.90311 2.39
    endloop
  endfacet
  facet normal -0.746803 0.122609 0.653645
    outer loop
      vertex -9.30879 6.52258 4
      vertex -10.6735 6.79335 2.39
      vertex -9.3089 6.52191 4
    endloop
  endfacet
  facet normal 0.746625 -0.111437 0.655845
    outer loop
      vertex -15.3728 7.72809 4
      vertex -13.9829 7.56499 2.39
      vertex -15.3727 7.72876 4
    endloop
  endfacet
  facet normal 0.736967 -0.1721 0.653652
    outer loop
      vertex -13.9829 7.56499 2.39
      vertex -15.3728 7.72809 4
      vertex -14.0082 7.45665 2.39
    endloop
  endfacet
  facet normal 0.399822 -0.642547 0.653663
    outer loop
      vertex -14.0577 9.69573 4
      vertex -13.2853 8.5385 2.39
      vertex -13.1909 8.59724 2.39
    endloop
  endfacet
  facet normal 0.389471 -0.649118 0.65342
    outer loop
      vertex -13.2853 8.5385 2.39
      vertex -14.0577 9.69573 4
      vertex -14.0583 9.69537 4
    endloop
  endfacet
  facet normal 0.219631 -0.724218 0.653659
    outer loop
      vertex -12.8873 8.73478 2.39
      vertex -13.1416 10.1108 4
      vertex -13.3345 10.0523 4
    endloop
  endfacet
  facet normal 0.736988 -0.171916 0.653677
    outer loop
      vertex -13.9829 7.56499 2.39
      vertex -15.3269 7.9251 4
      vertex -15.3727 7.72876 4
    endloop
  endfacet
  facet normal 0.419693 -0.62954 0.653863
    outer loop
      vertex -14.0589 9.69497 4
      vertex -13.2853 8.5385 2.39
      vertex -14.0583 9.69537 4
    endloop
  endfacet
  facet normal 0.440575 -0.615309 0.653674
    outer loop
      vertex -13.2853 8.5385 2.39
      vertex -14.0589 9.69497 4
      vertex -13.3758 8.4737 2.39
    endloop
  endfacet
  facet normal 0.239669 -0.719007 0.65237
    outer loop
      vertex -12.8873 8.73478 2.39
      vertex -13.141 10.111 4
      vertex -13.1416 10.1108 4
    endloop
  endfacet
  facet normal 0.219772 -0.724179 0.653655
    outer loop
      vertex -13.141 10.111 4
      vertex -12.8873 8.73478 2.39
      vertex -12.7809 8.76707 2.39
    endloop
  endfacet
  facet normal 0.667533 0.356526 0.653673
    outer loop
      vertex -15.1134 5.75773 4
      vertex -13.8131 6.275 2.39
      vertex -13.8655 6.37311 2.39
    endloop
  endfacet
  facet normal 0.678165 0.333524 0.654869
    outer loop
      vertex -13.8131 6.275 2.39
      vertex -15.1134 5.75773 4
      vertex -15.1131 5.75712 4
    endloop
  endfacet
  facet normal 0.724178 0.219716 0.653675
    outer loop
      vertex -15.3269 6.3249 4
      vertex -13.9506 6.57855 2.39
      vertex -13.9829 6.68501 2.39
    endloop
  endfacet
  facet normal 0.724241 0.219467 0.653689
    outer loop
      vertex -13.9506 6.57855 2.39
      vertex -15.3269 6.3249 4
      vertex -15.3267 6.32424 4
    endloop
  endfacet
  facet normal 0.642589 0.399741 0.653672
    outer loop
      vertex -14.9116 5.40812 4
      vertex -13.8131 6.275 2.39
      vertex -15.0181 5.57932 4
    endloop
  endfacet
  facet normal -0.724197 -0.219677 0.653667
    outer loop
      vertex -9.35504 7.92576 4
      vertex -9.41356 8.11868 4
      vertex -10.7311 7.67145 2.39
    endloop
  endfacet
  facet normal 0.518342 -0.551428 0.653643
    outer loop
      vertex -14.3796 9.44874 4
      vertex -13.4617 8.40313 2.39
      vertex -14.3791 9.44921 4
    endloop
  endfacet
  facet normal 0.517324 -0.552356 0.653665
    outer loop
      vertex -13.4617 8.40313 2.39
      vertex -14.3796 9.44874 4
      vertex -13.5429 8.32708 2.39
    endloop
  endfacet
  facet normal 0.480393 -0.584749 0.653676
    outer loop
      vertex -14.3786 9.44964 4
      vertex -13.4617 8.40313 2.39
      vertex -13.3758 8.4737 2.39
    endloop
  endfacet
  facet normal 0.49335 -0.573662 0.653848
    outer loop
      vertex -13.4617 8.40313 2.39
      vertex -14.3786 9.44964 4
      vertex -14.3791 9.44921 4
    endloop
  endfacet
  facet normal 0.615841 -0.439886 0.653636
    outer loop
      vertex -14.7938 9.00634 4
      vertex -13.6896 8.15989 2.39
      vertex -14.7934 9.0069 4
    endloop
  endfacet
  facet normal 0.615137 -0.440842 0.653655
    outer loop
      vertex -13.6896 8.15989 2.39
      vertex -14.7938 9.00634 4
      vertex -13.7544 8.06947 2.39
    endloop
  endfacet
  facet normal -0.356757 0.667418 0.653665
    outer loop
      vertex -10.973 4.35277 4
      vertex -10.7952 4.44781 4
      vertex -11.4909 5.65276 2.39
    endloop
  endfacet
  facet normal -0.171898 -0.736997 0.653671
    outer loop
      vertex -11.9009 8.76707 2.39
      vertex -11.7378 10.157 4
      vertex -12.0092 8.79233 2.39
    endloop
  endfacet
  facet normal -0.208503 -0.729762 0.651133
    outer loop
      vertex -11.7378 10.157 4
      vertex -11.9009 8.76707 2.39
      vertex -11.7371 10.1568 4
    endloop
  endfacet
  facet normal -0.550521 -0.51936 0.653599
    outer loop
      vertex -11.0627 8.24589 2.39
      vertex -10.0162 9.16274 4
      vertex -10.0167 9.16327 4
    endloop
  endfacet
  facet normal -0.585272 -0.479787 0.653652
    outer loop
      vertex -10.0162 9.16274 4
      vertex -11.0627 8.24589 2.39
      vertex -10.9922 8.15989 2.39
    endloop
  endfacet
  facet normal -0.480161 -0.584949 0.653667
    outer loop
      vertex -10.3026 9.44921 4
      vertex -10.4584 9.5771 4
      vertex -11.22 8.40313 2.39
    endloop
  endfacet
  facet normal -0.642666 -0.399639 0.653658
    outer loop
      vertex -9.66367 8.67068 4
      vertex -9.77013 8.84188 4
      vertex -10.8686 7.975 2.39
    endloop
  endfacet
  facet normal 0.219699 0.724195 0.653662
    outer loop
      vertex -13.141 4.13898 4
      vertex -12.7809 5.48293 2.39
      vertex -13.3339 4.1975 4
    endloop
  endfacet
  facet normal -0.356769 -0.667412 0.653664
    outer loop
      vertex -11.4909 8.59724 2.39
      vertex -10.9736 9.89755 4
      vertex -11.589 8.64968 2.39
    endloop
  endfacet
  facet normal -0.356118 -0.667721 0.653704
    outer loop
      vertex -10.9736 9.89755 4
      vertex -11.4909 8.59724 2.39
      vertex -10.973 9.89723 4
    endloop
  endfacet
  facet normal 0 -0.754782 0.655976
    outer loop
      vertex -12.5628 8.81046 2.39
      vertex -12.543 10.2097 4
      vertex -12.5437 10.2097 4
    endloop
  endfacet
  facet normal 0.0740923 -0.753158 0.653654
    outer loop
      vertex -12.543 10.2097 4
      vertex -12.5628 8.81046 2.39
      vertex -12.452 8.82136 2.39
    endloop
  endfacet
  facet normal -0.0247744 -0.756371 0.653674
    outer loop
      vertex -12.1394 10.2098 4
      vertex -12.3409 10.2164 4
      vertex -12.3409 8.825 2.39
    endloop
  endfacet
  facet normal 0.399642 -0.642671 0.653651
    outer loop
      vertex -13.1909 8.59724 2.39
      vertex -13.8865 9.80219 4
      vertex -14.0577 9.69573 4
    endloop
  endfacet
  facet normal -0.753143 -0.0741769 0.653661
    outer loop
      vertex -9.25619 7.32787 4
      vertex -9.27595 7.5285 4
      vertex -10.6554 7.34689 2.39
    endloop
  endfacet
  facet normal -0.312228 0.689379 0.65366
    outer loop
      vertex -11.1579 4.26896 4
      vertex -10.9742 4.35216 4
      vertex -11.6903 5.55441 2.39
    endloop
  endfacet
  facet normal -0.480001 0.585083 0.653664
    outer loop
      vertex -10.459 4.67246 4
      vertex -10.3031 4.80036 4
      vertex -11.306 5.7763 2.39
    endloop
  endfacet
  facet normal -0.756394 0.0244898 0.653658
    outer loop
      vertex -10.6445 7.01381 2.39
      vertex -9.2561 6.9235 4
      vertex -10.6409 7.125 2.39
    endloop
  endfacet
  facet normal -0.756496 0.0222499 0.65362
    outer loop
      vertex -9.2561 6.9235 4
      vertex -10.6445 7.01381 2.39
      vertex -9.25612 6.92282 4
    endloop
  endfacet
  facet normal -0.689353 0.31226 0.653672
    outer loop
      vertex -10.8162 6.37311 2.39
      vertex -9.48482 5.94199 4
      vertex -10.7703 6.47444 2.39
    endloop
  endfacet
  facet normal -0.691324 0.307255 0.653962
    outer loop
      vertex -9.48482 5.94199 4
      vertex -10.8162 6.37311 2.39
      vertex -9.4851 5.94136 4
    endloop
  endfacet
  facet normal 0.736956 0.172097 0.653665
    outer loop
      vertex -15.327 6.32557 4
      vertex -13.9829 6.68501 2.39
      vertex -14.0082 6.79335 2.39
    endloop
  endfacet
  facet normal 0.750378 0.111997 0.651452
    outer loop
      vertex -13.9829 6.68501 2.39
      vertex -15.327 6.32557 4
      vertex -15.3269 6.3249 4
    endloop
  endfacet
  facet normal 0.753157 0.073953 0.653671
    outer loop
      vertex -15.4058 6.7215 4
      vertex -14.0263 6.90311 2.39
      vertex -15.4255 6.92213 4
    endloop
  endfacet
  facet normal 0.0247744 -0.756371 0.653674
    outer loop
      vertex -12.3409 8.825 2.39
      vertex -12.3409 10.2164 4
      vertex -12.5424 10.2098 4
    endloop
  endfacet
  facet normal -0.667535 0.356527 0.653671
    outer loop
      vertex -10.8686 6.275 2.39
      vertex -9.56831 5.75773 4
      vertex -10.8162 6.37311 2.39
    endloop
  endfacet
  facet normal -0.669933 0.35144 0.653973
    outer loop
      vertex -9.56831 5.75773 4
      vertex -10.8686 6.275 2.39
      vertex -9.56863 5.75712 4
    endloop
  endfacet
  facet normal -0.708274 -0.266584 0.653667
    outer loop
      vertex -9.41356 8.11868 4
      vertex -9.48458 8.30737 4
      vertex -10.7311 7.67145 2.39
    endloop
  endfacet
  facet normal -0.517232 -0.552435 0.653672
    outer loop
      vertex -10.1549 9.31092 4
      vertex -10.3021 9.44874 4
      vertex -11.1388 8.32708 2.39
    endloop
  endfacet
  facet normal -0.399636 0.642661 0.653665
    outer loop
      vertex -10.7952 4.44781 4
      vertex -10.624 4.55427 4
      vertex -11.4909 5.65276 2.39
    endloop
  endfacet
  facet normal 0.724206 0.219604 0.653682
    outer loop
      vertex -15.2682 6.13132 4
      vertex -13.9506 6.57855 2.39
      vertex -15.3267 6.32424 4
    endloop
  endfacet
  facet normal -0.44094 0.615056 0.653665
    outer loop
      vertex -10.6228 4.55503 4
      vertex -10.459 4.67246 4
      vertex -11.306 5.7763 2.39
    endloop
  endfacet
  facet normal 0.748701 -0.111746 0.653422
    outer loop
      vertex -15.3729 7.72742 4
      vertex -14.0082 7.45665 2.39
      vertex -15.3728 7.72809 4
    endloop
  endfacet
  facet normal 0.746711 -0.123137 0.653651
    outer loop
      vertex -14.0082 7.45665 2.39
      vertex -15.3729 7.72742 4
      vertex -14.0263 7.34689 2.39
    endloop
  endfacet
  facet normal -0.447479 -0.610198 0.653774
    outer loop
      vertex -11.306 8.4737 2.39
      vertex -10.4584 9.5771 4
      vertex -10.459 9.57754 4
    endloop
  endfacet
  facet normal -0.48006 -0.585024 0.653674
    outer loop
      vertex -10.4584 9.5771 4
      vertex -11.306 8.4737 2.39
      vertex -11.22 8.40313 2.39
    endloop
  endfacet
  facet normal 0.689326 -0.312323 0.653669
    outer loop
      vertex -13.8655 7.87689 2.39
      vertex -15.1134 8.49227 4
      vertex -15.1966 8.30864 4
    endloop
  endfacet
  facet normal 0.689088 0.31282 0.653683
    outer loop
      vertex -15.1137 5.75835 4
      vertex -13.8655 6.37311 2.39
      vertex -13.9115 6.47444 2.39
    endloop
  endfacet
  facet normal 0.681075 0.329552 0.653859
    outer loop
      vertex -13.8655 6.37311 2.39
      vertex -15.1137 5.75835 4
      vertex -15.1134 5.75773 4
    endloop
  endfacet
  facet normal 0.0247747 0.75638 0.653663
    outer loop
      vertex -12.3409 4.03364 4
      vertex -12.3409 5.425 2.39
      vertex -12.5424 4.04024 4
    endloop
  endfacet
  facet normal 0.219769 0.72417 0.653666
    outer loop
      vertex -12.8873 5.51522 2.39
      vertex -13.3339 4.1975 4
      vertex -12.7809 5.48293 2.39
    endloop
  endfacet
  facet normal 0.239264 0.717793 0.653854
    outer loop
      vertex -13.3339 4.1975 4
      vertex -12.8873 5.51522 2.39
      vertex -13.3345 4.1977 4
    endloop
  endfacet
  facet normal -0.646102 -0.394232 0.653555
    outer loop
      vertex -10.9274 8.06947 2.39
      vertex -9.77013 8.84188 4
      vertex -9.77049 8.84247 4
    endloop
  endfacet
  facet normal -0.642488 -0.399897 0.653675
    outer loop
      vertex -9.77013 8.84188 4
      vertex -10.9274 8.06947 2.39
      vertex -10.8686 7.975 2.39
    endloop
  endfacet
  facet normal 0.356123 -0.66773 0.653691
    outer loop
      vertex -13.1909 8.59724 2.39
      vertex -13.7081 9.89755 4
      vertex -13.7087 9.89723 4
    endloop
  endfacet
  facet normal 0.356775 -0.667422 0.653651
    outer loop
      vertex -13.7081 9.89755 4
      vertex -13.1909 8.59724 2.39
      vertex -13.0928 8.64968 2.39
    endloop
  endfacet
  facet normal -0.219699 0.724197 0.65366
    outer loop
      vertex -11.5401 4.13918 4
      vertex -11.3472 4.1977 4
      vertex -11.7944 5.51522 2.39
    endloop
  endfacet
  facet normal 0.312137 0.689408 0.653672
    outer loop
      vertex -13.0928 5.60032 2.39
      vertex -13.5239 4.26896 4
      vertex -12.9914 5.55441 2.39
    endloop
  endfacet
  facet normal 0.320216 0.686177 0.653164
    outer loop
      vertex -13.5239 4.26896 4
      vertex -13.0928 5.60032 2.39
      vertex -13.5245 4.26924 4
    endloop
  endfacet
  facet normal 0.245591 -0.716307 0.653139
    outer loop
      vertex -12.9914 8.69559 2.39
      vertex -13.5232 9.98128 4
      vertex -13.5239 9.98104 4
    endloop
  endfacet
  facet normal 0.266635 -0.708259 0.653663
    outer loop
      vertex -13.5232 9.98128 4
      vertex -12.9914 8.69559 2.39
      vertex -12.8873 8.73478 2.39
    endloop
  endfacet
  facet normal 0.708167 -0.266843 0.653678
    outer loop
      vertex -13.9506 7.67145 2.39
      vertex -15.1971 8.30737 4
      vertex -15.2682 8.11868 4
    endloop
  endfacet
  facet normal -0.685406 -0.320593 0.653788
    outer loop
      vertex -10.8162 7.87689 2.39
      vertex -9.56802 8.49165 4
      vertex -9.56831 8.49227 4
    endloop
  endfacet
  facet normal -0.689356 -0.312261 0.653668
    outer loop
      vertex -9.56802 8.49165 4
      vertex -10.8162 7.87689 2.39
      vertex -10.7703 7.77556 2.39
    endloop
  endfacet
  facet normal -0.756371 0.0247744 0.653674
    outer loop
      vertex -9.2561 6.9235 4
      vertex -9.2495 7.125 4
      vertex -10.6409 7.125 2.39
    endloop
  endfacet
  facet normal 0.756394 0.0247752 0.653647
    outer loop
      vertex -15.4256 6.9235 4
      vertex -14.0409 7.125 2.39
      vertex -15.4322 7.125 4
    endloop
  endfacet
  facet normal 0.329262 -0.681232 0.653841
    outer loop
      vertex -13.0928 8.64968 2.39
      vertex -13.7075 9.89784 4
      vertex -13.7081 9.89755 4
    endloop
  endfacet
  facet normal 0.312144 -0.689422 0.653654
    outer loop
      vertex -13.7075 9.89784 4
      vertex -13.0928 8.64968 2.39
      vertex -12.9914 8.69559 2.39
    endloop
  endfacet
  facet normal 0.750944 0.108832 0.651336
    outer loop
      vertex -14.0263 6.90311 2.39
      vertex -15.4256 6.92282 4
      vertex -15.4255 6.92213 4
    endloop
  endfacet
  facet normal 0.753139 0.0741507 0.653669
    outer loop
      vertex -15.4256 6.92282 4
      vertex -14.0263 6.90311 2.39
      vertex -14.0372 7.01382 2.39
    endloop
  endfacet
  facet normal -0.329258 0.681223 0.653853
    outer loop
      vertex -11.589 5.60032 2.39
      vertex -10.9742 4.35216 4
      vertex -10.9736 4.35245 4
    endloop
  endfacet
  facet normal -0.312394 0.689294 0.65367
    outer loop
      vertex -10.9742 4.35216 4
      vertex -11.589 5.60032 2.39
      vertex -11.6903 5.55441 2.39
    endloop
  endfacet
  facet normal -0.4409 0.615082 0.653667
    outer loop
      vertex -11.3964 5.7115 2.39
      vertex -10.6228 4.55503 4
      vertex -11.306 5.7763 2.39
    endloop
  endfacet
  facet normal -0.419693 0.62954 0.653863
    outer loop
      vertex -10.6228 4.55503 4
      vertex -11.3964 5.7115 2.39
      vertex -10.6234 4.55463 4
    endloop
  endfacet
  facet normal -0.171799 0.73703 0.65366
    outer loop
      vertex -11.7378 4.09304 4
      vertex -11.5414 4.13882 4
      vertex -12.0092 5.45766 2.39
    endloop
  endfacet
  facet normal -0.399636 -0.642661 0.653665
    outer loop
      vertex -10.624 9.69573 4
      vertex -10.7952 9.80219 4
      vertex -11.4909 8.59724 2.39
    endloop
  endfacet
  facet normal -0.0741587 -0.753153 0.653652
    outer loop
      vertex -12.119 8.81046 2.39
      vertex -12.1387 10.2097 4
      vertex -12.2297 8.82136 2.39
    endloop
  endfacet
  facet normal 0 -0.754782 0.655976
    outer loop
      vertex -12.1387 10.2097 4
      vertex -12.119 8.81046 2.39
      vertex -12.138 10.2097 4
    endloop
  endfacet
  facet normal -0.0247589 -0.756372 0.653673
    outer loop
      vertex -12.2297 8.82136 2.39
      vertex -12.1394 10.2098 4
      vertex -12.3409 8.825 2.39
    endloop
  endfacet
  facet normal -0.107136 -0.749953 0.652757
    outer loop
      vertex -12.1394 10.2098 4
      vertex -12.2297 8.82136 2.39
      vertex -12.1387 10.2097 4
    endloop
  endfacet
  facet normal 0.750944 -0.108832 0.651336
    outer loop
      vertex -15.4256 7.32718 4
      vertex -14.0263 7.34689 2.39
      vertex -15.4255 7.32787 4
    endloop
  endfacet
  facet normal 0.753139 -0.0741573 0.653668
    outer loop
      vertex -14.0263 7.34689 2.39
      vertex -15.4256 7.32718 4
      vertex -14.0372 7.23619 2.39
    endloop
  endfacet
  facet normal 0.746636 -0.123488 0.653671
    outer loop
      vertex -14.0263 7.34689 2.39
      vertex -15.3729 7.72742 4
      vertex -15.4058 7.5285 4
    endloop
  endfacet
  facet normal 0.0247815 0.75638 0.653663
    outer loop
      vertex -12.452 5.42864 2.39
      vertex -12.5424 4.04024 4
      vertex -12.3409 5.425 2.39
    endloop
  endfacet
  facet normal 0.025212 0.75636 0.65367
    outer loop
      vertex -12.5424 4.04024 4
      vertex -12.452 5.42864 2.39
      vertex -12.543 4.04026 4
    endloop
  endfacet
  facet normal -0.595738 -0.467246 0.653282
    outer loop
      vertex -10.0171 9.16378 4
      vertex -11.0627 8.24589 2.39
      vertex -10.0167 9.16327 4
    endloop
  endfacet
  facet normal -0.55216 -0.517544 0.653657
    outer loop
      vertex -11.0627 8.24589 2.39
      vertex -10.0171 9.16378 4
      vertex -11.1388 8.32708 2.39
    endloop
  endfacet
  facet normal 0.584999 0.480116 0.653655
    outer loop
      vertex -14.6655 5.08726 4
      vertex -13.6896 6.09011 2.39
      vertex -14.7934 5.2431 4
    endloop
  endfacet
  facet normal 0.724213 -0.219595 0.653677
    outer loop
      vertex -13.9829 7.56499 2.39
      vertex -15.2684 8.11803 4
      vertex -15.3269 7.9251 4
    endloop
  endfacet
  facet normal 0.0743 -0.753132 0.65366
    outer loop
      vertex -12.5628 8.81046 2.39
      vertex -12.5437 10.2097 4
      vertex -12.7444 10.1899 4
    endloop
  endfacet
  facet normal -0.0247747 0.75638 0.653663
    outer loop
      vertex -12.1394 4.04024 4
      vertex -12.3409 5.425 2.39
      vertex -12.3409 4.03364 4
    endloop
  endfacet
  facet normal 0.723266 -0.222543 0.653729
    outer loop
      vertex -15.2684 8.11803 4
      vertex -13.9506 7.67145 2.39
      vertex -15.2682 8.11868 4
    endloop
  endfacet
  facet normal 0.72417 -0.219714 0.653684
    outer loop
      vertex -13.9506 7.67145 2.39
      vertex -15.2684 8.11803 4
      vertex -13.9829 7.56499 2.39
    endloop
  endfacet
  facet normal 0.753157 -0.073953 0.653671
    outer loop
      vertex -14.0263 7.34689 2.39
      vertex -15.4058 7.5285 4
      vertex -15.4255 7.32787 4
    endloop
  endfacet
  facet normal 0.615219 0.44073 0.653653
    outer loop
      vertex -14.7934 5.2431 4
      vertex -13.6896 6.09011 2.39
      vertex -14.9108 5.40698 4
    endloop
  endfacet
  facet normal -0.194951 0.731066 0.653862
    outer loop
      vertex -11.9009 5.48293 2.39
      vertex -11.5414 4.13882 4
      vertex -11.5408 4.13898 4
    endloop
  endfacet
  facet normal -0.171963 0.736984 0.653669
    outer loop
      vertex -11.5414 4.13882 4
      vertex -11.9009 5.48293 2.39
      vertex -12.0092 5.45766 2.39
    endloop
  endfacet
  facet normal 0.171798 0.737029 0.653661
    outer loop
      vertex -12.9446 4.0932 4
      vertex -12.7809 5.48293 2.39
      vertex -13.141 4.13898 4
    endloop
  endfacet
  facet normal -0.736035 -0.17577 0.653726
    outer loop
      vertex -10.6988 7.56499 2.39
      vertex -9.35468 7.92443 4
      vertex -9.35484 7.9251 4
    endloop
  endfacet
  facet normal -0.736952 -0.172096 0.653671
    outer loop
      vertex -9.35468 7.92443 4
      vertex -10.6988 7.56499 2.39
      vertex -10.6735 7.45665 2.39
    endloop
  endfacet
  facet normal 0.124424 -0.746544 0.653598
    outer loop
      vertex -12.6725 8.79233 2.39
      vertex -12.7444 10.1899 4
      vertex -12.745 10.1898 4
    endloop
  endfacet
  facet normal 0.1234 -0.746663 0.653656
    outer loop
      vertex -12.7444 10.1899 4
      vertex -12.6725 8.79233 2.39
      vertex -12.5628 8.81046 2.39
    endloop
  endfacet
  facet normal -0.389471 -0.649118 0.65342
    outer loop
      vertex -10.624 9.69573 4
      vertex -11.3964 8.5385 2.39
      vertex -10.6234 9.69537 4
    endloop
  endfacet
  facet normal -0.39952 -0.642741 0.653657
    outer loop
      vertex -11.3964 8.5385 2.39
      vertex -10.624 9.69573 4
      vertex -11.4909 8.59724 2.39
    endloop
  endfacet
  facet normal -0.756371 -0.0247744 0.653674
    outer loop
      vertex -9.2495 7.125 4
      vertex -9.2561 7.3265 4
      vertex -10.6409 7.125 2.39
    endloop
  endfacet
  facet normal 0.123283 0.746679 0.653661
    outer loop
      vertex -12.7444 4.06009 4
      vertex -12.5628 5.43954 2.39
      vertex -12.9433 4.09293 4
    endloop
  endfacet
  facet normal -0.708606 -0.265727 0.653656
    outer loop
      vertex -10.7703 7.77556 2.39
      vertex -9.48458 8.30737 4
      vertex -9.48482 8.30801 4
    endloop
  endfacet
  facet normal -0.708237 -0.266669 0.653672
    outer loop
      vertex -9.48458 8.30737 4
      vertex -10.7703 7.77556 2.39
      vertex -10.7311 7.67145 2.39
    endloop
  endfacet
  facet normal -0.689331 -0.312309 0.653671
    outer loop
      vertex -9.48482 8.30801 4
      vertex -9.56802 8.49165 4
      vertex -10.7703 7.77556 2.39
    endloop
  endfacet
  facet normal -0.582323 0.483438 0.653597
    outer loop
      vertex -10.9922 6.09011 2.39
      vertex -9.88876 5.24257 4
      vertex -9.88832 5.2431 4
    endloop
  endfacet
  facet normal -0.585255 0.479773 0.653677
    outer loop
      vertex -9.88876 5.24257 4
      vertex -10.9922 6.09011 2.39
      vertex -11.0627 6.00411 2.39
    endloop
  endfacet
  facet normal 0.584933 0.480189 0.653661
    outer loop
      vertex -14.6655 5.08726 4
      vertex -13.619 6.00411 2.39
      vertex -13.6896 6.09011 2.39
    endloop
  endfacet
  facet normal 0.604614 0.456312 0.652856
    outer loop
      vertex -13.619 6.00411 2.39
      vertex -14.6655 5.08726 4
      vertex -14.6651 5.08673 4
    endloop
  endfacet
  facet normal -0.58493 0.48021 0.653647
    outer loop
      vertex -10.0167 5.08673 4
      vertex -9.88876 5.24257 4
      vertex -11.0627 6.00411 2.39
    endloop
  endfacet
  facet normal 0.667475 0.356637 0.653672
    outer loop
      vertex -15.0181 5.57932 4
      vertex -13.8131 6.275 2.39
      vertex -15.1131 5.75712 4
    endloop
  endfacet
  facet normal 0.207871 -0.727548 0.653807
    outer loop
      vertex -12.7809 8.76707 2.39
      vertex -13.1403 10.1112 4
      vertex -13.141 10.111 4
    endloop
  endfacet
  facet normal 0.171749 -0.737038 0.653665
    outer loop
      vertex -13.1403 10.1112 4
      vertex -12.7809 8.76707 2.39
      vertex -12.6725 8.79233 2.39
    endloop
  endfacet
  facet normal 0.356762 0.667427 0.653652
    outer loop
      vertex -13.7087 4.35277 4
      vertex -13.1909 5.65276 2.39
      vertex -13.8865 4.44781 4
    endloop
  endfacet
  facet normal -0.756496 -0.0222499 0.65362
    outer loop
      vertex -10.6445 7.23618 2.39
      vertex -9.2561 7.3265 4
      vertex -9.25612 7.32718 4
    endloop
  endfacet
  facet normal -0.756394 -0.024492 0.653658
    outer loop
      vertex -9.2561 7.3265 4
      vertex -10.6445 7.23618 2.39
      vertex -10.6409 7.125 2.39
    endloop
  endfacet
  facet normal 0.356775 0.667422 0.653651
    outer loop
      vertex -13.1909 5.65276 2.39
      vertex -13.7081 4.35245 4
      vertex -13.0928 5.60032 2.39
    endloop
  endfacet
  facet normal 0.356123 0.66773 0.653691
    outer loop
      vertex -13.7081 4.35245 4
      vertex -13.1909 5.65276 2.39
      vertex -13.7087 4.35277 4
    endloop
  endfacet
  facet normal -0.281009 0.702523 0.653831
    outer loop
      vertex -11.6903 5.55441 2.39
      vertex -11.1585 4.26872 4
      vertex -11.1579 4.26896 4
    endloop
  endfacet
  facet normal -0.266635 0.708259 0.653663
    outer loop
      vertex -11.1585 4.26872 4
      vertex -11.6903 5.55441 2.39
      vertex -11.7944 5.51522 2.39
    endloop
  endfacet
  facet normal -0.389471 0.649118 0.65342
    outer loop
      vertex -11.3964 5.7115 2.39
      vertex -10.624 4.55427 4
      vertex -10.6234 4.55463 4
    endloop
  endfacet
  facet normal -0.39952 0.642741 0.653657
    outer loop
      vertex -10.624 4.55427 4
      vertex -11.3964 5.7115 2.39
      vertex -11.4909 5.65276 2.39
    endloop
  endfacet
  facet normal 0.756362 0.0251713 0.653669
    outer loop
      vertex -15.4256 6.9235 4
      vertex -14.0372 7.01382 2.39
      vertex -14.0409 7.125 2.39
    endloop
  endfacet
  facet normal 0.757301 0 0.653066
    outer loop
      vertex -14.0372 7.01382 2.39
      vertex -15.4256 6.9235 4
      vertex -15.4256 6.92282 4
    endloop
  endfacet
  facet normal 0.480161 0.584949 0.653667
    outer loop
      vertex -14.2233 4.6729 4
      vertex -13.4617 5.84687 2.39
      vertex -14.3791 4.80079 4
    endloop
  endfacet
  facet normal -0.746965 -0.120833 0.653791
    outer loop
      vertex -10.6735 7.45665 2.39
      vertex -9.27595 7.5285 4
      vertex -9.27606 7.52918 4
    endloop
  endfacet
  facet normal -0.7467 -0.123135 0.653664
    outer loop
      vertex -9.27595 7.5285 4
      vertex -10.6735 7.45665 2.39
      vertex -10.6554 7.34689 2.39
    endloop
  endfacet
  facet normal -0.667423 0.35676 0.653658
    outer loop
      vertex -9.66367 5.57932 4
      vertex -9.56863 5.75712 4
      vertex -10.8686 6.275 2.39
    endloop
  endfacet
  facet normal 0.171748 0.737034 0.65367
    outer loop
      vertex -12.7809 5.48293 2.39
      vertex -12.944 4.09304 4
      vertex -12.6725 5.45767 2.39
    endloop
  endfacet
  facet normal 0.195333 0.732498 0.652143
    outer loop
      vertex -12.944 4.09304 4
      vertex -12.7809 5.48293 2.39
      vertex -12.9446 4.0932 4
    endloop
  endfacet
  facet normal -0.736967 0.1721 0.653652
    outer loop
      vertex -10.6988 6.68501 2.39
      vertex -9.3089 6.52191 4
      vertex -10.6735 6.79335 2.39
    endloop
  endfacet
  facet normal -0.736279 0.175828 0.653436
    outer loop
      vertex -9.3089 6.52191 4
      vertex -10.6988 6.68501 2.39
      vertex -9.30906 6.52124 4
    endloop
  endfacet
  facet normal -0.021615 0.756524 0.653609
    outer loop
      vertex -12.2297 5.42864 2.39
      vertex -12.1394 4.04024 4
      vertex -12.1387 4.04026 4
    endloop
  endfacet
  facet normal -0.0247593 0.756381 0.653662
    outer loop
      vertex -12.1394 4.04024 4
      vertex -12.2297 5.42864 2.39
      vertex -12.3409 5.425 2.39
    endloop
  endfacet
  facet normal -0.753144 0.0741578 0.653663
    outer loop
      vertex -10.6554 6.90311 2.39
      vertex -9.25612 6.92282 4
      vertex -10.6445 7.01381 2.39
    endloop
  endfacet
  facet normal -0.75303 0.0763943 0.653537
    outer loop
      vertex -9.25612 6.92282 4
      vertex -10.6554 6.90311 2.39
      vertex -9.25619 6.92213 4
    endloop
  endfacet
  facet normal 0.17195 -0.73698 0.653677
    outer loop
      vertex -12.6725 8.79233 2.39
      vertex -12.944 10.157 4
      vertex -13.1403 10.1112 4
    endloop
  endfacet
  facet normal 0.123074 -0.746701 0.653674
    outer loop
      vertex -12.6725 8.79233 2.39
      vertex -12.745 10.1898 4
      vertex -12.944 10.157 4
    endloop
  endfacet
  facet normal 0.723427 -0.226071 0.652338
    outer loop
      vertex -15.1971 8.30737 4
      vertex -13.9115 7.77556 2.39
      vertex -15.1969 8.30801 4
    endloop
  endfacet
  facet normal 0.708494 -0.266085 0.653632
    outer loop
      vertex -13.9115 7.77556 2.39
      vertex -15.1971 8.30737 4
      vertex -13.9506 7.67145 2.39
    endloop
  endfacet
  facet normal 0.683943 -0.325687 0.652802
    outer loop
      vertex -15.1969 8.30801 4
      vertex -13.8655 7.87689 2.39
      vertex -15.1966 8.30864 4
    endloop
  endfacet
  facet normal 0.68912 -0.312835 0.653642
    outer loop
      vertex -13.8655 7.87689 2.39
      vertex -15.1969 8.30801 4
      vertex -13.9115 7.77556 2.39
    endloop
  endfacet
  facet normal -0.669933 -0.35144 0.653973
    outer loop
      vertex -10.8686 7.975 2.39
      vertex -9.56831 8.49227 4
      vertex -9.56863 8.49288 4
    endloop
  endfacet
  facet normal -0.667535 -0.356527 0.653671
    outer loop
      vertex -9.56831 8.49227 4
      vertex -10.8686 7.975 2.39
      vertex -10.8162 7.87689 2.39
    endloop
  endfacet
  facet normal -0.667423 -0.35676 0.653658
    outer loop
      vertex -9.56863 8.49288 4
      vertex -9.66367 8.67068 4
      vertex -10.8686 7.975 2.39
    endloop
  endfacet
  facet normal -0.642488 0.399897 0.653675
    outer loop
      vertex -10.9274 6.18053 2.39
      vertex -9.77013 5.40812 4
      vertex -10.8686 6.275 2.39
    endloop
  endfacet
  facet normal -0.646102 0.394232 0.653555
    outer loop
      vertex -9.77013 5.40812 4
      vertex -10.9274 6.18053 2.39
      vertex -9.77049 5.40753 4
    endloop
  endfacet
  facet normal -0.163584 -0.986529 0
    outer loop
      vertex 0.221894 -12.5645 0
      vertex 0.331653 -12.5827 2.39
      vertex 0.221894 -12.5645 2.39
    endloop
  endfacet
  facet normal -0.163584 -0.986529 -0
    outer loop
      vertex 0.331653 -12.5827 2.39
      vertex 0.221894 -12.5645 0
      vertex 0.331653 -12.5827 0
    endloop
  endfacet
  facet normal 0.0323615 0.999476 -0
    outer loop
      vertex 0 -15.95 0
      vertex -0.111185 -15.9464 2.39
      vertex 0 -15.95 2.39
    endloop
  endfacet
  facet normal 0.0323615 0.999476 0
    outer loop
      vertex -0.111185 -15.9464 2.39
      vertex 0 -15.95 0
      vertex -0.111185 -15.9464 0
    endloop
  endfacet
  facet normal -0.0979826 0.995188 0
    outer loop
      vertex 0.221894 -15.9355 0
      vertex 0.111185 -15.9464 2.39
      vertex 0.221894 -15.9355 2.39
    endloop
  endfacet
  facet normal -0.0979826 0.995188 0
    outer loop
      vertex 0.111185 -15.9464 2.39
      vertex 0.221894 -15.9355 0
      vertex 0.111185 -15.9464 0
    endloop
  endfacet
  facet normal -0.0323615 0.999476 0
    outer loop
      vertex 0.111185 -15.9464 0
      vertex 0 -15.95 2.39
      vertex 0.111185 -15.9464 2.39
    endloop
  endfacet
  facet normal -0.0323615 0.999476 0
    outer loop
      vertex 0 -15.95 2.39
      vertex 0.111185 -15.9464 0
      vertex 0 -15.95 0
    endloop
  endfacet
  facet normal -0.163584 0.986529 0
    outer loop
      vertex 0.331653 -15.9173 0
      vertex 0.221894 -15.9355 2.39
      vertex 0.331653 -15.9173 2.39
    endloop
  endfacet
  facet normal -0.163584 0.986529 0
    outer loop
      vertex 0.221894 -15.9355 2.39
      vertex 0.331653 -15.9173 0
      vertex 0.221894 -15.9355 0
    endloop
  endfacet
  facet normal 0.0323615 -0.999476 0
    outer loop
      vertex -0.111185 -12.5536 0
      vertex 0 -12.55 2.39
      vertex -0.111185 -12.5536 2.39
    endloop
  endfacet
  facet normal 0.0323615 -0.999476 0
    outer loop
      vertex 0 -12.55 2.39
      vertex -0.111185 -12.5536 0
      vertex 0 -12.55 0
    endloop
  endfacet
  facet normal 0.226555 -0.973998 0
    outer loop
      vertex -0.439992 -12.6079 0
      vertex -0.331653 -12.5827 2.39
      vertex -0.439992 -12.6079 2.39
    endloop
  endfacet
  facet normal 0.226555 -0.973998 0
    outer loop
      vertex -0.331653 -12.5827 2.39
      vertex -0.439992 -12.6079 0
      vertex -0.331653 -12.5827 0
    endloop
  endfacet
  facet normal 0.81276 -0.582598 0
    outer loop
      vertex -1.4135 -13.3055 2.39
      vertex -1.3487 -13.2151 0
      vertex -1.3487 -13.2151 2.39
    endloop
  endfacet
  facet normal 0.81276 -0.582598 0
    outer loop
      vertex -1.3487 -13.2151 0
      vertex -1.4135 -13.3055 2.39
      vertex -1.4135 -13.3055 0
    endloop
  endfacet
  facet normal -0.582504 0.812827 0
    outer loop
      vertex 1.03489 -15.5987 0
      vertex 0.944468 -15.6635 2.39
      vertex 1.03489 -15.5987 2.39
    endloop
  endfacet
  facet normal -0.582504 0.812827 0
    outer loop
      vertex 0.944468 -15.6635 2.39
      vertex 1.03489 -15.5987 0
      vertex 0.944468 -15.6635 0
    endloop
  endfacet
  facet normal 0.226555 0.973998 -0
    outer loop
      vertex -0.331653 -15.9173 0
      vertex -0.439992 -15.8921 2.39
      vertex -0.331653 -15.9173 2.39
    endloop
  endfacet
  facet normal 0.226555 0.973998 0
    outer loop
      vertex -0.439992 -15.8921 2.39
      vertex -0.331653 -15.9173 0
      vertex -0.439992 -15.8921 0
    endloop
  endfacet
  facet normal 0.634509 -0.772915 0
    outer loop
      vertex -1.12089 -12.9719 0
      vertex -1.03489 -12.9013 2.39
      vertex -1.12089 -12.9719 2.39
    endloop
  endfacet
  facet normal 0.634509 -0.772915 0
    outer loop
      vertex -1.03489 -12.9013 2.39
      vertex -1.12089 -12.9719 0
      vertex -1.03489 -12.9013 0
    endloop
  endfacet
  facet normal -0.412621 0.910903 0
    outer loop
      vertex 0.75189 -15.7747 0
      vertex 0.650561 -15.8206 2.39
      vertex 0.75189 -15.7747 2.39
    endloop
  endfacet
  facet normal -0.412621 0.910903 0
    outer loop
      vertex 0.650561 -15.8206 2.39
      vertex 0.75189 -15.7747 0
      vertex 0.650561 -15.8206 0
    endloop
  endfacet
  facet normal 0.412621 0.910903 -0
    outer loop
      vertex -0.650561 -15.8206 0
      vertex -0.75189 -15.7747 2.39
      vertex -0.650561 -15.8206 2.39
    endloop
  endfacet
  facet normal 0.412621 0.910903 0
    outer loop
      vertex -0.75189 -15.7747 2.39
      vertex -0.650561 -15.8206 0
      vertex -0.75189 -15.7747 0
    endloop
  endfacet
  facet normal -0.995187 0.0979904 0
    outer loop
      vertex 1.68546 -14.4719 0
      vertex 1.69636 -14.3612 2.39
      vertex 1.69636 -14.3612 0
    endloop
  endfacet
  facet normal -0.995187 0.0979904 0
    outer loop
      vertex 1.69636 -14.3612 2.39
      vertex 1.68546 -14.4719 0
      vertex 1.68546 -14.4719 2.39
    endloop
  endfacet
  facet normal 0.527779 -0.849382 0
    outer loop
      vertex -0.944468 -12.8365 0
      vertex -0.849999 -12.7778 2.39
      vertex -0.944468 -12.8365 2.39
    endloop
  endfacet
  facet normal 0.527779 -0.849382 0
    outer loop
      vertex -0.849999 -12.7778 2.39
      vertex -0.944468 -12.8365 0
      vertex -0.849999 -12.7778 0
    endloop
  endfacet
  facet normal 0.773047 -0.634348 0
    outer loop
      vertex -1.3487 -13.2151 2.39
      vertex -1.27813 -13.1291 0
      vertex -1.27813 -13.1291 2.39
    endloop
  endfacet
  facet normal 0.773047 -0.634348 0
    outer loop
      vertex -1.27813 -13.1291 0
      vertex -1.3487 -13.2151 2.39
      vertex -1.3487 -13.2151 0
    endloop
  endfacet
  facet normal -0.471814 0.881698 0
    outer loop
      vertex 0.849999 -15.7222 0
      vertex 0.75189 -15.7747 2.39
      vertex 0.849999 -15.7222 2.39
    endloop
  endfacet
  facet normal -0.471814 0.881698 0
    outer loop
      vertex 0.75189 -15.7747 2.39
      vertex 0.849999 -15.7222 0
      vertex 0.75189 -15.7747 0
    endloop
  endfacet
  facet normal 0.634509 0.772915 -0
    outer loop
      vertex -1.03489 -15.5987 0
      vertex -1.12089 -15.5281 2.39
      vertex -1.03489 -15.5987 2.39
    endloop
  endfacet
  facet normal 0.634509 0.772915 0
    outer loop
      vertex -1.12089 -15.5281 2.39
      vertex -1.03489 -15.5987 0
      vertex -1.12089 -15.5281 0
    endloop
  endfacet
  facet normal 0.729873 -0.683582 0
    outer loop
      vertex -1.27813 -13.1291 2.39
      vertex -1.20208 -13.0479 0
      vertex -1.20208 -13.0479 2.39
    endloop
  endfacet
  facet normal 0.729873 -0.683582 0
    outer loop
      vertex -1.20208 -13.0479 0
      vertex -1.27813 -13.1291 2.39
      vertex -1.27813 -13.1291 0
    endloop
  endfacet
  facet normal 0.352362 -0.935864 0
    outer loop
      vertex -0.650561 -12.6794 0
      vertex -0.546447 -12.6402 2.39
      vertex -0.650561 -12.6794 2.39
    endloop
  endfacet
  facet normal 0.352362 -0.935864 0
    outer loop
      vertex -0.546447 -12.6402 2.39
      vertex -0.650561 -12.6794 0
      vertex -0.546447 -12.6402 0
    endloop
  endfacet
  facet normal -0.773047 0.634348 0
    outer loop
      vertex 1.27813 -15.3709 0
      vertex 1.3487 -15.2849 2.39
      vertex 1.3487 -15.2849 0
    endloop
  endfacet
  facet normal -0.773047 0.634348 0
    outer loop
      vertex 1.3487 -15.2849 2.39
      vertex 1.27813 -15.3709 0
      vertex 1.27813 -15.3709 2.39
    endloop
  endfacet
  facet normal -0.226555 0.973998 0
    outer loop
      vertex 0.439992 -15.8921 0
      vertex 0.331653 -15.9173 2.39
      vertex 0.439992 -15.8921 2.39
    endloop
  endfacet
  facet normal -0.226555 0.973998 0
    outer loop
      vertex 0.331653 -15.9173 2.39
      vertex 0.439992 -15.8921 0
      vertex 0.331653 -15.9173 0
    endloop
  endfacet
  facet normal 0.956906 -0.290399 0
    outer loop
      vertex -1.64207 -13.81 2.39
      vertex -1.60978 -13.7036 0
      vertex -1.60978 -13.7036 2.39
    endloop
  endfacet
  facet normal 0.956906 -0.290399 0
    outer loop
      vertex -1.60978 -13.7036 0
      vertex -1.64207 -13.81 2.39
      vertex -1.64207 -13.81 0
    endloop
  endfacet
  facet normal 0.163584 -0.986529 0
    outer loop
      vertex -0.331653 -12.5827 0
      vertex -0.221894 -12.5645 2.39
      vertex -0.331653 -12.5827 2.39
    endloop
  endfacet
  facet normal 0.163584 -0.986529 0
    outer loop
      vertex -0.221894 -12.5645 2.39
      vertex -0.331653 -12.5827 0
      vertex -0.221894 -12.5645 0
    endloop
  endfacet
  facet normal 0.849298 0.527913 0
    outer loop
      vertex -1.4135 -15.1945 2.39
      vertex -1.47224 -15.1 0
      vertex -1.47224 -15.1 2.39
    endloop
  endfacet
  facet normal 0.849298 0.527913 0
    outer loop
      vertex -1.47224 -15.1 0
      vertex -1.4135 -15.1945 2.39
      vertex -1.4135 -15.1945 0
    endloop
  endfacet
  facet normal -0.226555 -0.973998 0
    outer loop
      vertex 0.331653 -12.5827 0
      vertex 0.439992 -12.6079 2.39
      vertex 0.331653 -12.5827 2.39
    endloop
  endfacet
  facet normal -0.226555 -0.973998 -0
    outer loop
      vertex 0.439992 -12.6079 2.39
      vertex 0.331653 -12.5827 0
      vertex 0.439992 -12.6079 0
    endloop
  endfacet
  facet normal -0.352362 0.935864 0
    outer loop
      vertex 0.650561 -15.8206 0
      vertex 0.546447 -15.8598 2.39
      vertex 0.650561 -15.8206 2.39
    endloop
  endfacet
  facet normal -0.352362 0.935864 0
    outer loop
      vertex 0.546447 -15.8598 2.39
      vertex 0.650561 -15.8206 0
      vertex 0.546447 -15.8598 0
    endloop
  endfacet
  facet normal -0.352362 -0.935864 0
    outer loop
      vertex 0.546447 -12.6402 0
      vertex 0.650561 -12.6794 2.39
      vertex 0.546447 -12.6402 2.39
    endloop
  endfacet
  facet normal -0.352362 -0.935864 -0
    outer loop
      vertex 0.650561 -12.6794 2.39
      vertex 0.546447 -12.6402 0
      vertex 0.650561 -12.6794 0
    endloop
  endfacet
  facet normal 0.910825 -0.412793 0
    outer loop
      vertex -1.57059 -13.5994 2.39
      vertex -1.52468 -13.4981 0
      vertex -1.52468 -13.4981 2.39
    endloop
  endfacet
  facet normal 0.910825 -0.412793 0
    outer loop
      vertex -1.52468 -13.4981 0
      vertex -1.57059 -13.5994 2.39
      vertex -1.57059 -13.5994 0
    endloop
  endfacet
  facet normal 0.881905 0.471428 0
    outer loop
      vertex -1.47224 -15.1 2.39
      vertex -1.52468 -15.0019 0
      vertex -1.52468 -15.0019 2.39
    endloop
  endfacet
  facet normal 0.881905 0.471428 0
    outer loop
      vertex -1.52468 -15.0019 0
      vertex -1.47224 -15.1 2.39
      vertex -1.47224 -15.1 0
    endloop
  endfacet
  facet normal 0.81276 0.582598 0
    outer loop
      vertex -1.3487 -15.2849 2.39
      vertex -1.4135 -15.1945 0
      vertex -1.4135 -15.1945 2.39
    endloop
  endfacet
  facet normal 0.81276 0.582598 0
    outer loop
      vertex -1.4135 -15.1945 0
      vertex -1.3487 -15.2849 2.39
      vertex -1.3487 -15.2849 0
    endloop
  endfacet
  facet normal 0.527779 0.849382 -0
    outer loop
      vertex -0.849999 -15.7222 0
      vertex -0.944468 -15.6635 2.39
      vertex -0.849999 -15.7222 2.39
    endloop
  endfacet
  facet normal 0.527779 0.849382 0
    outer loop
      vertex -0.944468 -15.6635 2.39
      vertex -0.849999 -15.7222 0
      vertex -0.944468 -15.6635 0
    endloop
  endfacet
  facet normal -0.81276 0.582598 0
    outer loop
      vertex 1.3487 -15.2849 0
      vertex 1.4135 -15.1945 2.39
      vertex 1.4135 -15.1945 0
    endloop
  endfacet
  facet normal -0.81276 0.582598 0
    outer loop
      vertex 1.4135 -15.1945 2.39
      vertex 1.3487 -15.2849 0
      vertex 1.3487 -15.2849 2.39
    endloop
  endfacet
  facet normal 0.683388 -0.730056 0
    outer loop
      vertex -1.20208 -13.0479 0
      vertex -1.12089 -12.9719 2.39
      vertex -1.20208 -13.0479 2.39
    endloop
  endfacet
  facet normal 0.683388 -0.730056 0
    outer loop
      vertex -1.12089 -12.9719 2.39
      vertex -1.20208 -13.0479 0
      vertex -1.12089 -12.9719 0
    endloop
  endfacet
  facet normal -0.910825 -0.412793 0
    outer loop
      vertex 1.57059 -13.5994 0
      vertex 1.52468 -13.4981 2.39
      vertex 1.52468 -13.4981 0
    endloop
  endfacet
  facet normal -0.910825 -0.412793 0
    outer loop
      vertex 1.52468 -13.4981 2.39
      vertex 1.57059 -13.5994 0
      vertex 1.57059 -13.5994 2.39
    endloop
  endfacet
  facet normal 0.290344 -0.956922 0
    outer loop
      vertex -0.546447 -12.6402 0
      vertex -0.439992 -12.6079 2.39
      vertex -0.546447 -12.6402 2.39
    endloop
  endfacet
  facet normal 0.290344 -0.956922 0
    outer loop
      vertex -0.439992 -12.6079 2.39
      vertex -0.546447 -12.6402 0
      vertex -0.439992 -12.6079 0
    endloop
  endfacet
  facet normal 0.995187 0.0979904 0
    outer loop
      vertex -1.68546 -14.4719 2.39
      vertex -1.69636 -14.3612 0
      vertex -1.69636 -14.3612 2.39
    endloop
  endfacet
  facet normal 0.995187 0.0979904 0
    outer loop
      vertex -1.69636 -14.3612 0
      vertex -1.68546 -14.4719 2.39
      vertex -1.68546 -14.4719 0
    endloop
  endfacet
  facet normal 0.986641 -0.162913 0
    outer loop
      vertex -1.68546 -14.0281 2.39
      vertex -1.66733 -13.9183 0
      vertex -1.66733 -13.9183 2.39
    endloop
  endfacet
  facet normal 0.986641 -0.162913 0
    outer loop
      vertex -1.66733 -13.9183 0
      vertex -1.68546 -14.0281 2.39
      vertex -1.68546 -14.0281 0
    endloop
  endfacet
  facet normal 0.973861 -0.227144 0
    outer loop
      vertex -1.66733 -13.9183 2.39
      vertex -1.64207 -13.81 0
      vertex -1.64207 -13.81 2.39
    endloop
  endfacet
  facet normal 0.973861 -0.227144 0
    outer loop
      vertex -1.64207 -13.81 0
      vertex -1.66733 -13.9183 2.39
      vertex -1.66733 -13.9183 0
    endloop
  endfacet
  facet normal -0.81276 -0.582598 0
    outer loop
      vertex 1.4135 -13.3055 0
      vertex 1.3487 -13.2151 2.39
      vertex 1.3487 -13.2151 0
    endloop
  endfacet
  facet normal -0.81276 -0.582598 0
    outer loop
      vertex 1.3487 -13.2151 2.39
      vertex 1.4135 -13.3055 0
      vertex 1.4135 -13.3055 2.39
    endloop
  endfacet
  facet normal -0.729873 -0.683582 0
    outer loop
      vertex 1.27813 -13.1291 0
      vertex 1.20208 -13.0479 2.39
      vertex 1.20208 -13.0479 0
    endloop
  endfacet
  facet normal -0.729873 -0.683582 0
    outer loop
      vertex 1.20208 -13.0479 2.39
      vertex 1.27813 -13.1291 0
      vertex 1.27813 -13.1291 2.39
    endloop
  endfacet
  facet normal -0.881905 -0.471428 0
    outer loop
      vertex 1.52468 -13.4981 0
      vertex 1.47224 -13.4 2.39
      vertex 1.47224 -13.4 0
    endloop
  endfacet
  facet normal -0.881905 -0.471428 0
    outer loop
      vertex 1.47224 -13.4 2.39
      vertex 1.52468 -13.4981 0
      vertex 1.52468 -13.4981 2.39
    endloop
  endfacet
  facet normal -0.973861 0.227144 0
    outer loop
      vertex 1.64207 -14.69 0
      vertex 1.66733 -14.5817 2.39
      vertex 1.66733 -14.5817 0
    endloop
  endfacet
  facet normal -0.973861 0.227144 0
    outer loop
      vertex 1.66733 -14.5817 2.39
      vertex 1.64207 -14.69 0
      vertex 1.64207 -14.69 2.39
    endloop
  endfacet
  facet normal 0.290344 0.956922 -0
    outer loop
      vertex -0.439992 -15.8921 0
      vertex -0.546447 -15.8598 2.39
      vertex -0.439992 -15.8921 2.39
    endloop
  endfacet
  facet normal 0.290344 0.956922 0
    outer loop
      vertex -0.546447 -15.8598 2.39
      vertex -0.439992 -15.8921 0
      vertex -0.546447 -15.8598 0
    endloop
  endfacet
  facet normal -0.0323615 -0.999476 0
    outer loop
      vertex 0 -12.55 0
      vertex 0.111185 -12.5536 2.39
      vertex 0 -12.55 2.39
    endloop
  endfacet
  facet normal -0.0323615 -0.999476 -0
    outer loop
      vertex 0.111185 -12.5536 2.39
      vertex 0 -12.55 0
      vertex 0.111185 -12.5536 0
    endloop
  endfacet
  facet normal -0.910825 0.412793 0
    outer loop
      vertex 1.52468 -15.0019 0
      vertex 1.57059 -14.9006 2.39
      vertex 1.57059 -14.9006 0
    endloop
  endfacet
  facet normal -0.910825 0.412793 0
    outer loop
      vertex 1.57059 -14.9006 2.39
      vertex 1.52468 -15.0019 0
      vertex 1.52468 -15.0019 2.39
    endloop
  endfacet
  facet normal 0.999465 0.0327163 0
    outer loop
      vertex -1.69636 -14.3612 2.39
      vertex -1.7 -14.25 0
      vertex -1.7 -14.25 2.39
    endloop
  endfacet
  facet normal 0.999465 0.0327163 0
    outer loop
      vertex -1.7 -14.25 0
      vertex -1.69636 -14.3612 2.39
      vertex -1.69636 -14.3612 0
    endloop
  endfacet
  facet normal -0.290344 -0.956922 0
    outer loop
      vertex 0.439992 -12.6079 0
      vertex 0.546447 -12.6402 2.39
      vertex 0.439992 -12.6079 2.39
    endloop
  endfacet
  facet normal -0.290344 -0.956922 -0
    outer loop
      vertex 0.546447 -12.6402 2.39
      vertex 0.439992 -12.6079 0
      vertex 0.546447 -12.6402 0
    endloop
  endfacet
  facet normal 0.582504 -0.812827 0
    outer loop
      vertex -1.03489 -12.9013 0
      vertex -0.944468 -12.8365 2.39
      vertex -1.03489 -12.9013 2.39
    endloop
  endfacet
  facet normal 0.582504 -0.812827 0
    outer loop
      vertex -0.944468 -12.8365 2.39
      vertex -1.03489 -12.9013 0
      vertex -0.944468 -12.8365 0
    endloop
  endfacet
  facet normal -0.881905 0.471428 0
    outer loop
      vertex 1.47224 -15.1 0
      vertex 1.52468 -15.0019 2.39
      vertex 1.52468 -15.0019 0
    endloop
  endfacet
  facet normal -0.881905 0.471428 0
    outer loop
      vertex 1.52468 -15.0019 2.39
      vertex 1.47224 -15.1 0
      vertex 1.47224 -15.1 2.39
    endloop
  endfacet
  facet normal -0.956906 -0.290399 0
    outer loop
      vertex 1.64207 -13.81 0
      vertex 1.60978 -13.7036 2.39
      vertex 1.60978 -13.7036 0
    endloop
  endfacet
  facet normal -0.956906 -0.290399 0
    outer loop
      vertex 1.60978 -13.7036 2.39
      vertex 1.64207 -13.81 0
      vertex 1.64207 -13.81 2.39
    endloop
  endfacet
  facet normal 0.995187 -0.0979904 0
    outer loop
      vertex -1.69636 -14.1388 2.39
      vertex -1.68546 -14.0281 0
      vertex -1.68546 -14.0281 2.39
    endloop
  endfacet
  facet normal 0.995187 -0.0979904 0
    outer loop
      vertex -1.68546 -14.0281 0
      vertex -1.69636 -14.1388 2.39
      vertex -1.69636 -14.1388 0
    endloop
  endfacet
  facet normal 0.412621 -0.910903 0
    outer loop
      vertex -0.75189 -12.7253 0
      vertex -0.650561 -12.6794 2.39
      vertex -0.75189 -12.7253 2.39
    endloop
  endfacet
  facet normal 0.412621 -0.910903 0
    outer loop
      vertex -0.650561 -12.6794 2.39
      vertex -0.75189 -12.7253 0
      vertex -0.650561 -12.6794 0
    endloop
  endfacet
  facet normal -0.683388 -0.730056 0
    outer loop
      vertex 1.12089 -12.9719 0
      vertex 1.20208 -13.0479 2.39
      vertex 1.12089 -12.9719 2.39
    endloop
  endfacet
  facet normal -0.683388 -0.730056 -0
    outer loop
      vertex 1.20208 -13.0479 2.39
      vertex 1.12089 -12.9719 0
      vertex 1.20208 -13.0479 0
    endloop
  endfacet
  facet normal -0.999465 -0.0327163 0
    outer loop
      vertex 1.7 -14.25 0
      vertex 1.69636 -14.1388 2.39
      vertex 1.69636 -14.1388 0
    endloop
  endfacet
  facet normal -0.999465 -0.0327163 0
    outer loop
      vertex 1.69636 -14.1388 2.39
      vertex 1.7 -14.25 0
      vertex 1.7 -14.25 2.39
    endloop
  endfacet
  facet normal -0.973861 -0.227144 0
    outer loop
      vertex 1.66733 -13.9183 0
      vertex 1.64207 -13.81 2.39
      vertex 1.64207 -13.81 0
    endloop
  endfacet
  facet normal -0.973861 -0.227144 0
    outer loop
      vertex 1.64207 -13.81 2.39
      vertex 1.66733 -13.9183 0
      vertex 1.66733 -13.9183 2.39
    endloop
  endfacet
  facet normal 0.986641 0.162913 0
    outer loop
      vertex -1.66733 -14.5817 2.39
      vertex -1.68546 -14.4719 0
      vertex -1.68546 -14.4719 2.39
    endloop
  endfacet
  facet normal 0.986641 0.162913 0
    outer loop
      vertex -1.68546 -14.4719 0
      vertex -1.66733 -14.5817 2.39
      vertex -1.66733 -14.5817 0
    endloop
  endfacet
  facet normal -0.527779 0.849382 0
    outer loop
      vertex 0.944468 -15.6635 0
      vertex 0.849999 -15.7222 2.39
      vertex 0.944468 -15.6635 2.39
    endloop
  endfacet
  facet normal -0.527779 0.849382 0
    outer loop
      vertex 0.849999 -15.7222 2.39
      vertex 0.944468 -15.6635 0
      vertex 0.849999 -15.7222 0
    endloop
  endfacet
  facet normal 0.0979826 0.995188 -0
    outer loop
      vertex -0.111185 -15.9464 0
      vertex -0.221894 -15.9355 2.39
      vertex -0.111185 -15.9464 2.39
    endloop
  endfacet
  facet normal 0.0979826 0.995188 0
    outer loop
      vertex -0.221894 -15.9355 2.39
      vertex -0.111185 -15.9464 0
      vertex -0.221894 -15.9355 0
    endloop
  endfacet
  facet normal -0.986641 0.162913 0
    outer loop
      vertex 1.66733 -14.5817 0
      vertex 1.68546 -14.4719 2.39
      vertex 1.68546 -14.4719 0
    endloop
  endfacet
  facet normal -0.986641 0.162913 0
    outer loop
      vertex 1.68546 -14.4719 2.39
      vertex 1.66733 -14.5817 0
      vertex 1.66733 -14.5817 2.39
    endloop
  endfacet
  facet normal 0.956906 0.290399 0
    outer loop
      vertex -1.60978 -14.7964 2.39
      vertex -1.64207 -14.69 0
      vertex -1.64207 -14.69 2.39
    endloop
  endfacet
  facet normal 0.956906 0.290399 0
    outer loop
      vertex -1.64207 -14.69 0
      vertex -1.60978 -14.7964 2.39
      vertex -1.60978 -14.7964 0
    endloop
  endfacet
  facet normal -0.634509 0.772915 0
    outer loop
      vertex 1.12089 -15.5281 0
      vertex 1.03489 -15.5987 2.39
      vertex 1.12089 -15.5281 2.39
    endloop
  endfacet
  facet normal -0.634509 0.772915 0
    outer loop
      vertex 1.03489 -15.5987 2.39
      vertex 1.12089 -15.5281 0
      vertex 1.03489 -15.5987 0
    endloop
  endfacet
  facet normal 0.973861 0.227144 0
    outer loop
      vertex -1.64207 -14.69 2.39
      vertex -1.66733 -14.5817 0
      vertex -1.66733 -14.5817 2.39
    endloop
  endfacet
  facet normal 0.973861 0.227144 0
    outer loop
      vertex -1.66733 -14.5817 0
      vertex -1.64207 -14.69 2.39
      vertex -1.64207 -14.69 0
    endloop
  endfacet
  facet normal 0.910825 0.412793 0
    outer loop
      vertex -1.52468 -15.0019 2.39
      vertex -1.57059 -14.9006 0
      vertex -1.57059 -14.9006 2.39
    endloop
  endfacet
  facet normal 0.910825 0.412793 0
    outer loop
      vertex -1.57059 -14.9006 0
      vertex -1.52468 -15.0019 2.39
      vertex -1.52468 -15.0019 0
    endloop
  endfacet
  facet normal 0.471814 -0.881698 0
    outer loop
      vertex -0.849999 -12.7778 0
      vertex -0.75189 -12.7253 2.39
      vertex -0.849999 -12.7778 2.39
    endloop
  endfacet
  facet normal 0.471814 -0.881698 0
    outer loop
      vertex -0.75189 -12.7253 2.39
      vertex -0.849999 -12.7778 0
      vertex -0.75189 -12.7253 0
    endloop
  endfacet
  facet normal 0.683388 0.730056 -0
    outer loop
      vertex -1.12089 -15.5281 0
      vertex -1.20208 -15.4521 2.39
      vertex -1.12089 -15.5281 2.39
    endloop
  endfacet
  facet normal 0.683388 0.730056 0
    outer loop
      vertex -1.20208 -15.4521 2.39
      vertex -1.12089 -15.5281 0
      vertex -1.20208 -15.4521 0
    endloop
  endfacet
  facet normal 0.471814 0.881698 -0
    outer loop
      vertex -0.75189 -15.7747 0
      vertex -0.849999 -15.7222 2.39
      vertex -0.75189 -15.7747 2.39
    endloop
  endfacet
  facet normal 0.471814 0.881698 0
    outer loop
      vertex -0.849999 -15.7222 2.39
      vertex -0.75189 -15.7747 0
      vertex -0.849999 -15.7222 0
    endloop
  endfacet
  facet normal 0.935989 -0.352029 0
    outer loop
      vertex -1.60978 -13.7036 2.39
      vertex -1.57059 -13.5994 0
      vertex -1.57059 -13.5994 2.39
    endloop
  endfacet
  facet normal 0.935989 -0.352029 0
    outer loop
      vertex -1.57059 -13.5994 0
      vertex -1.60978 -13.7036 2.39
      vertex -1.60978 -13.7036 0
    endloop
  endfacet
  facet normal -0.471814 -0.881698 0
    outer loop
      vertex 0.75189 -12.7253 0
      vertex 0.849999 -12.7778 2.39
      vertex 0.75189 -12.7253 2.39
    endloop
  endfacet
  facet normal -0.471814 -0.881698 -0
    outer loop
      vertex 0.849999 -12.7778 2.39
      vertex 0.75189 -12.7253 0
      vertex 0.849999 -12.7778 0
    endloop
  endfacet
  facet normal 0.163584 0.986529 -0
    outer loop
      vertex -0.221894 -15.9355 0
      vertex -0.331653 -15.9173 2.39
      vertex -0.221894 -15.9355 2.39
    endloop
  endfacet
  facet normal 0.163584 0.986529 0
    outer loop
      vertex -0.331653 -15.9173 2.39
      vertex -0.221894 -15.9355 0
      vertex -0.331653 -15.9173 0
    endloop
  endfacet
  facet normal -0.849298 -0.527913 0
    outer loop
      vertex 1.47224 -13.4 0
      vertex 1.4135 -13.3055 2.39
      vertex 1.4135 -13.3055 0
    endloop
  endfacet
  facet normal -0.849298 -0.527913 0
    outer loop
      vertex 1.4135 -13.3055 2.39
      vertex 1.47224 -13.4 0
      vertex 1.47224 -13.4 2.39
    endloop
  endfacet
  facet normal 0.352362 0.935864 -0
    outer loop
      vertex -0.546447 -15.8598 0
      vertex -0.650561 -15.8206 2.39
      vertex -0.546447 -15.8598 2.39
    endloop
  endfacet
  facet normal 0.352362 0.935864 0
    outer loop
      vertex -0.650561 -15.8206 2.39
      vertex -0.546447 -15.8598 0
      vertex -0.650561 -15.8206 0
    endloop
  endfacet
  facet normal -0.290344 0.956922 0
    outer loop
      vertex 0.546447 -15.8598 0
      vertex 0.439992 -15.8921 2.39
      vertex 0.546447 -15.8598 2.39
    endloop
  endfacet
  facet normal -0.290344 0.956922 0
    outer loop
      vertex 0.439992 -15.8921 2.39
      vertex 0.546447 -15.8598 0
      vertex 0.439992 -15.8921 0
    endloop
  endfacet
  facet normal -0.0979826 -0.995188 0
    outer loop
      vertex 0.111185 -12.5536 0
      vertex 0.221894 -12.5645 2.39
      vertex 0.111185 -12.5536 2.39
    endloop
  endfacet
  facet normal -0.0979826 -0.995188 -0
    outer loop
      vertex 0.221894 -12.5645 2.39
      vertex 0.111185 -12.5536 0
      vertex 0.221894 -12.5645 0
    endloop
  endfacet
  facet normal -0.999465 0.0327163 0
    outer loop
      vertex 1.69636 -14.3612 0
      vertex 1.7 -14.25 2.39
      vertex 1.7 -14.25 0
    endloop
  endfacet
  facet normal -0.999465 0.0327163 0
    outer loop
      vertex 1.7 -14.25 2.39
      vertex 1.69636 -14.3612 0
      vertex 1.69636 -14.3612 2.39
    endloop
  endfacet
  facet normal -0.935989 -0.352029 0
    outer loop
      vertex 1.60978 -13.7036 0
      vertex 1.57059 -13.5994 2.39
      vertex 1.57059 -13.5994 0
    endloop
  endfacet
  facet normal -0.935989 -0.352029 0
    outer loop
      vertex 1.57059 -13.5994 2.39
      vertex 1.60978 -13.7036 0
      vertex 1.60978 -13.7036 2.39
    endloop
  endfacet
  facet normal -0.527779 -0.849382 0
    outer loop
      vertex 0.849999 -12.7778 0
      vertex 0.944468 -12.8365 2.39
      vertex 0.849999 -12.7778 2.39
    endloop
  endfacet
  facet normal -0.527779 -0.849382 -0
    outer loop
      vertex 0.944468 -12.8365 2.39
      vertex 0.849999 -12.7778 0
      vertex 0.944468 -12.8365 0
    endloop
  endfacet
  facet normal -0.729873 0.683582 0
    outer loop
      vertex 1.20208 -15.4521 0
      vertex 1.27813 -15.3709 2.39
      vertex 1.27813 -15.3709 0
    endloop
  endfacet
  facet normal -0.729873 0.683582 0
    outer loop
      vertex 1.27813 -15.3709 2.39
      vertex 1.20208 -15.4521 0
      vertex 1.20208 -15.4521 2.39
    endloop
  endfacet
  facet normal -0.683388 0.730056 0
    outer loop
      vertex 1.20208 -15.4521 0
      vertex 1.12089 -15.5281 2.39
      vertex 1.20208 -15.4521 2.39
    endloop
  endfacet
  facet normal -0.683388 0.730056 0
    outer loop
      vertex 1.12089 -15.5281 2.39
      vertex 1.20208 -15.4521 0
      vertex 1.12089 -15.5281 0
    endloop
  endfacet
  facet normal -0.986641 -0.162913 0
    outer loop
      vertex 1.68546 -14.0281 0
      vertex 1.66733 -13.9183 2.39
      vertex 1.66733 -13.9183 0
    endloop
  endfacet
  facet normal -0.986641 -0.162913 0
    outer loop
      vertex 1.66733 -13.9183 2.39
      vertex 1.68546 -14.0281 0
      vertex 1.68546 -14.0281 2.39
    endloop
  endfacet
  facet normal 0.849298 -0.527913 0
    outer loop
      vertex -1.47224 -13.4 2.39
      vertex -1.4135 -13.3055 0
      vertex -1.4135 -13.3055 2.39
    endloop
  endfacet
  facet normal 0.849298 -0.527913 0
    outer loop
      vertex -1.4135 -13.3055 0
      vertex -1.47224 -13.4 2.39
      vertex -1.47224 -13.4 0
    endloop
  endfacet
  facet normal -0.995187 -0.0979904 0
    outer loop
      vertex 1.69636 -14.1388 0
      vertex 1.68546 -14.0281 2.39
      vertex 1.68546 -14.0281 0
    endloop
  endfacet
  facet normal -0.995187 -0.0979904 0
    outer loop
      vertex 1.68546 -14.0281 2.39
      vertex 1.69636 -14.1388 0
      vertex 1.69636 -14.1388 2.39
    endloop
  endfacet
  facet normal 0.0979826 -0.995188 0
    outer loop
      vertex -0.221894 -12.5645 0
      vertex -0.111185 -12.5536 2.39
      vertex -0.221894 -12.5645 2.39
    endloop
  endfacet
  facet normal 0.0979826 -0.995188 0
    outer loop
      vertex -0.111185 -12.5536 2.39
      vertex -0.221894 -12.5645 0
      vertex -0.111185 -12.5536 0
    endloop
  endfacet
  facet normal 0.999465 -0.0327163 0
    outer loop
      vertex -1.7 -14.25 2.39
      vertex -1.69636 -14.1388 0
      vertex -1.69636 -14.1388 2.39
    endloop
  endfacet
  facet normal 0.999465 -0.0327163 0
    outer loop
      vertex -1.69636 -14.1388 0
      vertex -1.7 -14.25 2.39
      vertex -1.7 -14.25 0
    endloop
  endfacet
  facet normal 0.773047 0.634348 0
    outer loop
      vertex -1.27813 -15.3709 2.39
      vertex -1.3487 -15.2849 0
      vertex -1.3487 -15.2849 2.39
    endloop
  endfacet
  facet normal 0.773047 0.634348 0
    outer loop
      vertex -1.3487 -15.2849 0
      vertex -1.27813 -15.3709 2.39
      vertex -1.27813 -15.3709 0
    endloop
  endfacet
  facet normal 0.881905 -0.471428 0
    outer loop
      vertex -1.52468 -13.4981 2.39
      vertex -1.47224 -13.4 0
      vertex -1.47224 -13.4 2.39
    endloop
  endfacet
  facet normal 0.881905 -0.471428 0
    outer loop
      vertex -1.47224 -13.4 0
      vertex -1.52468 -13.4981 2.39
      vertex -1.52468 -13.4981 0
    endloop
  endfacet
  facet normal -0.935989 0.352029 0
    outer loop
      vertex 1.57059 -14.9006 0
      vertex 1.60978 -14.7964 2.39
      vertex 1.60978 -14.7964 0
    endloop
  endfacet
  facet normal -0.935989 0.352029 0
    outer loop
      vertex 1.60978 -14.7964 2.39
      vertex 1.57059 -14.9006 0
      vertex 1.57059 -14.9006 2.39
    endloop
  endfacet
  facet normal -0.849298 0.527913 0
    outer loop
      vertex 1.4135 -15.1945 0
      vertex 1.47224 -15.1 2.39
      vertex 1.47224 -15.1 0
    endloop
  endfacet
  facet normal -0.849298 0.527913 0
    outer loop
      vertex 1.47224 -15.1 2.39
      vertex 1.4135 -15.1945 0
      vertex 1.4135 -15.1945 2.39
    endloop
  endfacet
  facet normal -0.956906 0.290399 0
    outer loop
      vertex 1.60978 -14.7964 0
      vertex 1.64207 -14.69 2.39
      vertex 1.64207 -14.69 0
    endloop
  endfacet
  facet normal -0.956906 0.290399 0
    outer loop
      vertex 1.64207 -14.69 2.39
      vertex 1.60978 -14.7964 0
      vertex 1.60978 -14.7964 2.39
    endloop
  endfacet
  facet normal -0.634509 -0.772915 0
    outer loop
      vertex 1.03489 -12.9013 0
      vertex 1.12089 -12.9719 2.39
      vertex 1.03489 -12.9013 2.39
    endloop
  endfacet
  facet normal -0.634509 -0.772915 -0
    outer loop
      vertex 1.12089 -12.9719 2.39
      vertex 1.03489 -12.9013 0
      vertex 1.12089 -12.9719 0
    endloop
  endfacet
  facet normal 0.582504 0.812827 -0
    outer loop
      vertex -0.944468 -15.6635 0
      vertex -1.03489 -15.5987 2.39
      vertex -0.944468 -15.6635 2.39
    endloop
  endfacet
  facet normal 0.582504 0.812827 0
    outer loop
      vertex -1.03489 -15.5987 2.39
      vertex -0.944468 -15.6635 0
      vertex -1.03489 -15.5987 0
    endloop
  endfacet
  facet normal -0.582504 -0.812827 0
    outer loop
      vertex 0.944468 -12.8365 0
      vertex 1.03489 -12.9013 2.39
      vertex 0.944468 -12.8365 2.39
    endloop
  endfacet
  facet normal -0.582504 -0.812827 -0
    outer loop
      vertex 1.03489 -12.9013 2.39
      vertex 0.944468 -12.8365 0
      vertex 1.03489 -12.9013 0
    endloop
  endfacet
  facet normal 0.935989 0.352029 0
    outer loop
      vertex -1.57059 -14.9006 2.39
      vertex -1.60978 -14.7964 0
      vertex -1.60978 -14.7964 2.39
    endloop
  endfacet
  facet normal 0.935989 0.352029 0
    outer loop
      vertex -1.60978 -14.7964 0
      vertex -1.57059 -14.9006 2.39
      vertex -1.57059 -14.9006 0
    endloop
  endfacet
  facet normal -0.773047 -0.634348 0
    outer loop
      vertex 1.3487 -13.2151 0
      vertex 1.27813 -13.1291 2.39
      vertex 1.27813 -13.1291 0
    endloop
  endfacet
  facet normal -0.773047 -0.634348 0
    outer loop
      vertex 1.27813 -13.1291 2.39
      vertex 1.3487 -13.2151 0
      vertex 1.3487 -13.2151 2.39
    endloop
  endfacet
  facet normal 0.729873 0.683582 0
    outer loop
      vertex -1.20208 -15.4521 2.39
      vertex -1.27813 -15.3709 0
      vertex -1.27813 -15.3709 2.39
    endloop
  endfacet
  facet normal 0.729873 0.683582 0
    outer loop
      vertex -1.27813 -15.3709 0
      vertex -1.20208 -15.4521 2.39
      vertex -1.20208 -15.4521 0
    endloop
  endfacet
  facet normal -0.412621 -0.910903 0
    outer loop
      vertex 0.650561 -12.6794 0
      vertex 0.75189 -12.7253 2.39
      vertex 0.650561 -12.6794 2.39
    endloop
  endfacet
  facet normal -0.412621 -0.910903 -0
    outer loop
      vertex 0.75189 -12.7253 2.39
      vertex 0.650561 -12.6794 0
      vertex 0.75189 -12.7253 0
    endloop
  endfacet
  facet normal -0.615186 0.440764 0.653661
    outer loop
      vertex 2.45254 -16.1319 4
      vertex 2.56997 -15.968 4
      vertex 1.3487 -15.2849 2.39
    endloop
  endfacet
  facet normal 0.642741 0.39952 0.653657
    outer loop
      vertex -2.57073 -15.9669 4
      vertex -1.4135 -15.1945 2.39
      vertex -1.47224 -15.1 2.39
    endloop
  endfacet
  facet normal 0.649118 0.389471 0.65342
    outer loop
      vertex -1.4135 -15.1945 2.39
      vertex -2.57073 -15.9669 4
      vertex -2.57037 -15.9675 4
    endloop
  endfacet
  facet normal -0.737009 0.171881 0.653663
    outer loop
      vertex 2.98602 -15.0501 4
      vertex 3.0318 -14.8538 4
      vertex 1.64207 -14.69 2.39
    endloop
  endfacet
  facet normal -0.0247747 0.756371 0.653674
    outer loop
      vertex 0.201498 -17.3348 4
      vertex 0 -15.95 2.39
      vertex 0 -17.3414 4
    endloop
  endfacet
  facet normal -0.109289 0.749724 0.652663
    outer loop
      vertex 0.111185 -15.9464 2.39
      vertex 0.201498 -17.3348 4
      vertex 0.202184 -17.3347 4
    endloop
  endfacet
  facet normal -0.0244909 0.756394 0.653658
    outer loop
      vertex 0.201498 -17.3348 4
      vertex 0.111185 -15.9464 2.39
      vertex 0 -15.95 2.39
    endloop
  endfacet
  facet normal 0.746677 0.12329 0.653661
    outer loop
      vertex -3.06491 -14.6535 4
      vertex -1.66733 -14.5817 2.39
      vertex -1.68546 -14.4719 2.39
    endloop
  endfacet
  facet normal 0.747343 0.11744 0.653977
    outer loop
      vertex -1.66733 -14.5817 2.39
      vertex -3.06491 -14.6535 4
      vertex -3.0648 -14.6542 4
    endloop
  endfacet
  facet normal 0.708286 0.266574 0.653658
    outer loop
      vertex -2.85604 -15.433 4
      vertex -1.57059 -14.9006 2.39
      vertex -2.92706 -15.2443 4
    endloop
  endfacet
  facet normal -0.747343 -0.11744 0.653977
    outer loop
      vertex 1.66733 -13.9183 2.39
      vertex 3.06491 -13.8465 4
      vertex 3.0648 -13.8458 4
    endloop
  endfacet
  facet normal -0.746677 -0.12329 0.653661
    outer loop
      vertex 3.06491 -13.8465 4
      vertex 1.66733 -13.9183 2.39
      vertex 1.68546 -14.0281 2.39
    endloop
  endfacet
  facet normal 0.746677 0.123282 0.653663
    outer loop
      vertex -3.03196 -14.8531 4
      vertex -1.66733 -14.5817 2.39
      vertex -3.0648 -14.6542 4
    endloop
  endfacet
  facet normal -0.753145 0.0741579 0.653661
    outer loop
      vertex 1.68546 -14.4719 2.39
      vertex 3.06498 -14.6528 4
      vertex 1.69636 -14.3612 2.39
    endloop
  endfacet
  facet normal -0.753016 0.0753016 0.653679
    outer loop
      vertex 3.06498 -14.6528 4
      vertex 1.68546 -14.4719 2.39
      vertex 3.06491 -14.6535 4
    endloop
  endfacet
  facet normal 0.689317 0.31237 0.653657
    outer loop
      vertex -2.77284 -15.6166 4
      vertex -1.57059 -14.9006 2.39
      vertex -2.85604 -15.433 4
    endloop
  endfacet
  facet normal -0.756381 0.0247593 0.653662
    outer loop
      vertex 1.69636 -14.3612 2.39
      vertex 3.08476 -14.4515 4
      vertex 1.7 -14.25 2.39
    endloop
  endfacet
  facet normal -0.756524 0.021615 0.653609
    outer loop
      vertex 3.08476 -14.4515 4
      vertex 1.69636 -14.3612 2.39
      vertex 3.08474 -14.4522 4
    endloop
  endfacet
  facet normal 0.48011 -0.584991 0.653666
    outer loop
      vertex -1.12089 -12.9719 2.39
      vertex -1.88243 -11.7979 4
      vertex -2.03827 -11.9258 4
    endloop
  endfacet
  facet normal -0.480189 0.584933 0.653661
    outer loop
      vertex 1.03489 -15.5987 2.39
      vertex 1.88243 -16.7021 4
      vertex 1.12089 -15.5281 2.39
    endloop
  endfacet
  facet normal -0.455799 0.603934 0.653844
    outer loop
      vertex 1.88243 -16.7021 4
      vertex 1.03489 -15.5987 2.39
      vertex 1.8819 -16.7025 4
    endloop
  endfacet
  facet normal 0.399741 0.642589 0.653672
    outer loop
      vertex -1.54568 -16.9272 4
      vertex -0.849999 -15.7222 2.39
      vertex -1.71688 -16.8207 4
    endloop
  endfacet
  facet normal -0.724195 0.219699 0.653662
    outer loop
      vertex 2.9275 -15.243 4
      vertex 2.98602 -15.0501 4
      vertex 1.64207 -14.69 2.39
    endloop
  endfacet
  facet normal -0.356637 0.667475 0.653672
    outer loop
      vertex 1.36788 -17.0222 4
      vertex 1.54568 -16.9272 4
      vertex 0.849999 -15.7222 2.39
    endloop
  endfacet
  facet normal 0.753141 -0.0741878 0.653663
    outer loop
      vertex -1.69636 -14.1388 2.39
      vertex -3.06498 -13.8472 4
      vertex -3.08474 -14.0478 4
    endloop
  endfacet
  facet normal -0.517289 0.552388 0.653667
    outer loop
      vertex 2.03827 -16.5742 4
      vertex 2.18542 -16.4364 4
      vertex 1.12089 -15.5281 2.39
    endloop
  endfacet
  facet normal -0.699639 -0.28985 0.653064
    outer loop
      vertex 1.52468 -13.4981 2.39
      vertex 2.77284 -12.8834 4
      vertex 2.77255 -12.8827 4
    endloop
  endfacet
  facet normal -0.689303 -0.312398 0.653659
    outer loop
      vertex 2.77284 -12.8834 4
      vertex 1.52468 -13.4981 2.39
      vertex 1.57059 -13.5994 2.39
    endloop
  endfacet
  facet normal -0.48011 -0.584991 0.653666
    outer loop
      vertex 2.03827 -11.9258 4
      vertex 1.88243 -11.7979 4
      vertex 1.12089 -12.9719 2.39
    endloop
  endfacet
  facet normal 0.724195 0.219699 0.653662
    outer loop
      vertex -2.9275 -15.243 4
      vertex -1.64207 -14.69 2.39
      vertex -2.98602 -15.0501 4
    endloop
  endfacet
  facet normal 0.266859 -0.708182 0.653655
    outer loop
      vertex -0.650561 -12.6794 2.39
      vertex -0.994327 -11.3229 4
      vertex -1.18301 -11.394 4
    endloop
  endfacet
  facet normal 0.75638 0.0247747 0.653663
    outer loop
      vertex -3.08476 -14.4515 4
      vertex -1.7 -14.25 2.39
      vertex -3.09136 -14.25 4
    endloop
  endfacet
  facet normal 0.171921 0.73701 0.653651
    outer loop
      vertex -0.603762 -17.2818 4
      vertex -0.439992 -15.8921 2.39
      vertex -0.800102 -17.236 4
    endloop
  endfacet
  facet normal -0.48011 0.584991 0.653666
    outer loop
      vertex 1.88243 -16.7021 4
      vertex 2.03827 -16.5742 4
      vertex 1.12089 -15.5281 2.39
    endloop
  endfacet
  facet normal -0.171449 -0.737086 0.653689
    outer loop
      vertex 0.439992 -12.6079 2.39
      vertex 0.603093 -11.218 4
      vertex 0.331653 -12.5827 2.39
    endloop
  endfacet
  facet normal -0.21758 -0.727806 0.650351
    outer loop
      vertex 0.603093 -11.218 4
      vertex 0.439992 -12.6079 2.39
      vertex 0.603762 -11.2182 4
    endloop
  endfacet
  facet normal 0.171449 0.737086 0.653689
    outer loop
      vertex -0.439992 -15.8921 2.39
      vertex -0.603093 -17.282 4
      vertex -0.331653 -15.9173 2.39
    endloop
  endfacet
  facet normal 0.21758 0.727806 0.650351
    outer loop
      vertex -0.603093 -17.282 4
      vertex -0.439992 -15.8921 2.39
      vertex -0.603762 -17.2818 4
    endloop
  endfacet
  facet normal -0.72417 0.219769 0.653666
    outer loop
      vertex 1.60978 -14.7964 2.39
      vertex 2.9275 -15.243 4
      vertex 1.64207 -14.69 2.39
    endloop
  endfacet
  facet normal -0.72787 0.207963 0.653419
    outer loop
      vertex 2.9275 -15.243 4
      vertex 1.60978 -14.7964 2.39
      vertex 2.9273 -15.2437 4
    endloop
  endfacet
  facet normal 0.753141 0.0741878 0.653663
    outer loop
      vertex -3.06498 -14.6528 4
      vertex -1.69636 -14.3612 2.39
      vertex -3.08474 -14.4522 4
    endloop
  endfacet
  facet normal -0.219607 -0.724233 0.653651
    outer loop
      vertex 0.993027 -11.3225 4
      vertex 0.800102 -11.264 4
      vertex 0.439992 -12.6079 2.39
    endloop
  endfacet
  facet normal 0.110501 -0.748092 0.654331
    outer loop
      vertex -0.331653 -12.5827 2.39
      vertex -0.403503 -11.1851 4
      vertex -0.40418 -11.1852 4
    endloop
  endfacet
  facet normal 0.123802 -0.746612 0.653639
    outer loop
      vertex -0.403503 -11.1851 4
      vertex -0.331653 -12.5827 2.39
      vertex -0.221894 -12.5645 2.39
    endloop
  endfacet
  facet normal -0.615186 -0.440764 0.653661
    outer loop
      vertex 2.56997 -12.532 4
      vertex 2.45254 -12.3681 4
      vertex 1.3487 -13.2151 2.39
    endloop
  endfacet
  facet normal -0.75638 0.0247747 0.653663
    outer loop
      vertex 3.08476 -14.4515 4
      vertex 3.09136 -14.25 4
      vertex 1.7 -14.25 2.39
    endloop
  endfacet
  facet normal 0.312316 0.689347 0.653651
    outer loop
      vertex -1.18301 -17.106 4
      vertex -0.650561 -15.8206 2.39
      vertex -1.36665 -17.0228 4
    endloop
  endfacet
  facet normal 0.219607 -0.724233 0.653651
    outer loop
      vertex -0.439992 -12.6079 2.39
      vertex -0.800102 -11.264 4
      vertex -0.993027 -11.3225 4
    endloop
  endfacet
  facet normal 0.266859 0.708182 0.653655
    outer loop
      vertex -0.994327 -17.1771 4
      vertex -0.650561 -15.8206 2.39
      vertex -1.18301 -17.106 4
    endloop
  endfacet
  facet normal -0.0741524 -0.75315 0.653656
    outer loop
      vertex 0.221894 -12.5645 2.39
      vertex 0.402819 -11.185 4
      vertex 0.111185 -12.5536 2.39
    endloop
  endfacet
  facet normal -0.109459 -0.748699 0.65381
    outer loop
      vertex 0.402819 -11.185 4
      vertex 0.221894 -12.5645 2.39
      vertex 0.403503 -11.1851 4
    endloop
  endfacet
  facet normal 0.123126 0.746687 0.65368
    outer loop
      vertex -0.40418 -17.3148 4
      vertex -0.331653 -15.9173 2.39
      vertex -0.603093 -17.282 4
    endloop
  endfacet
  facet normal 0.0739534 -0.753179 0.653645
    outer loop
      vertex -0.111185 -12.5536 2.39
      vertex -0.202184 -11.1653 4
      vertex -0.402819 -11.185 4
    endloop
  endfacet
  facet normal -0.568548 -0.500322 0.653017
    outer loop
      vertex 2.4521 -12.3676 4
      vertex 1.3487 -13.2151 2.39
      vertex 2.45254 -12.3681 4
    endloop
  endfacet
  facet normal -0.585036 -0.480069 0.653657
    outer loop
      vertex 1.3487 -13.2151 2.39
      vertex 2.4521 -12.3676 4
      vertex 1.27813 -13.1291 2.39
    endloop
  endfacet
  facet normal 0.312316 -0.689347 0.653651
    outer loop
      vertex -0.650561 -12.6794 2.39
      vertex -1.18301 -11.394 4
      vertex -1.36665 -11.4772 4
    endloop
  endfacet
  facet normal 0.219607 0.724233 0.653651
    outer loop
      vertex -0.800102 -17.236 4
      vertex -0.439992 -15.8921 2.39
      vertex -0.993027 -17.1775 4
    endloop
  endfacet
  facet normal -0.591743 -0.473394 0.652486
    outer loop
      vertex 2.56997 -12.532 4
      vertex 1.4135 -13.3055 2.39
      vertex 2.57037 -12.5325 4
    endloop
  endfacet
  facet normal -0.615093 -0.440908 0.653652
    outer loop
      vertex 1.4135 -13.3055 2.39
      vertex 2.56997 -12.532 4
      vertex 1.3487 -13.2151 2.39
    endloop
  endfacet
  facet normal 0.171921 -0.73701 0.653651
    outer loop
      vertex -0.439992 -12.6079 2.39
      vertex -0.603762 -11.2182 4
      vertex -0.800102 -11.264 4
    endloop
  endfacet
  facet normal 0.737009 0.171881 0.653663
    outer loop
      vertex -2.98602 -15.0501 4
      vertex -1.64207 -14.69 2.39
      vertex -3.0318 -14.8538 4
    endloop
  endfacet
  facet normal 0.753016 -0.0753016 0.653679
    outer loop
      vertex -3.06498 -13.8472 4
      vertex -1.68546 -14.0281 2.39
      vertex -3.06491 -13.8465 4
    endloop
  endfacet
  facet normal 0.753145 -0.0741579 0.653661
    outer loop
      vertex -1.68546 -14.0281 2.39
      vertex -3.06498 -13.8472 4
      vertex -1.69636 -14.1388 2.39
    endloop
  endfacet
  facet normal -0.746677 0.12329 0.653661
    outer loop
      vertex 1.66733 -14.5817 2.39
      vertex 3.06491 -14.6535 4
      vertex 1.68546 -14.4719 2.39
    endloop
  endfacet
  facet normal -0.747343 0.11744 0.653977
    outer loop
      vertex 3.06491 -14.6535 4
      vertex 1.66733 -14.5817 2.39
      vertex 3.0648 -14.6542 4
    endloop
  endfacet
  facet normal 0.123126 -0.746687 0.65368
    outer loop
      vertex -0.331653 -12.5827 2.39
      vertex -0.40418 -11.1852 4
      vertex -0.603093 -11.218 4
    endloop
  endfacet
  facet normal -0.0247747 -0.756371 0.653674
    outer loop
      vertex 0.201498 -11.1652 4
      vertex 0 -11.1586 4
      vertex 0 -12.55 2.39
    endloop
  endfacet
  facet normal -0.585103 -0.479979 0.653663
    outer loop
      vertex 2.4521 -12.3676 4
      vertex 2.32421 -12.2117 4
      vertex 1.27813 -13.1291 2.39
    endloop
  endfacet
  facet normal 0.551406 -0.518322 0.653677
    outer loop
      vertex -2.18639 -12.0646 4
      vertex -1.20208 -13.0479 2.39
      vertex -2.18592 -12.0641 4
    endloop
  endfacet
  facet normal 0.552362 -0.51733 0.653656
    outer loop
      vertex -1.20208 -13.0479 2.39
      vertex -2.18639 -12.0646 4
      vertex -1.27813 -13.1291 2.39
    endloop
  endfacet
  facet normal 0.445165 -0.612102 0.653574
    outer loop
      vertex -1.71802 -11.68 4
      vertex -0.944468 -12.8365 2.39
      vertex -1.71747 -11.6796 4
    endloop
  endfacet
  facet normal 0.440829 -0.615133 0.653668
    outer loop
      vertex -0.944468 -12.8365 2.39
      vertex -1.71802 -11.68 4
      vertex -1.03489 -12.9013 2.39
    endloop
  endfacet
  facet normal -0.737006 0.1719 0.653661
    outer loop
      vertex 1.64207 -14.69 2.39
      vertex 3.03196 -14.8531 4
      vertex 1.66733 -14.5817 2.39
    endloop
  endfacet
  facet normal -0.737606 0.168596 0.653844
    outer loop
      vertex 3.03196 -14.8531 4
      vertex 1.64207 -14.69 2.39
      vertex 3.0318 -14.8538 4
    endloop
  endfacet
  facet normal 0.440975 0.615038 0.653658
    outer loop
      vertex -1.71802 -16.82 4
      vertex -1.03489 -15.5987 2.39
      vertex -1.8819 -16.7025 4
    endloop
  endfacet
  facet normal -0.746677 -0.123282 0.653663
    outer loop
      vertex 3.0648 -13.8458 4
      vertex 3.03196 -13.6469 4
      vertex 1.66733 -13.9183 2.39
    endloop
  endfacet
  facet normal -0.568548 0.500322 0.653017
    outer loop
      vertex 1.3487 -15.2849 2.39
      vertex 2.4521 -16.1324 4
      vertex 2.45254 -16.1319 4
    endloop
  endfacet
  facet normal -0.585036 0.480069 0.653657
    outer loop
      vertex 2.4521 -16.1324 4
      vertex 1.3487 -15.2849 2.39
      vertex 1.27813 -15.3709 2.39
    endloop
  endfacet
  facet normal 0.0244909 0.756394 0.653658
    outer loop
      vertex -0.111185 -15.9464 2.39
      vertex -0.201498 -17.3348 4
      vertex 0 -15.95 2.39
    endloop
  endfacet
  facet normal 0.109289 0.749724 0.652663
    outer loop
      vertex -0.201498 -17.3348 4
      vertex -0.111185 -15.9464 2.39
      vertex -0.202184 -17.3347 4
    endloop
  endfacet
  facet normal -0.417482 0.63666 0.648362
    outer loop
      vertex 0.849999 -15.7222 2.39
      vertex 1.36727 -17.0226 4
      vertex 1.36788 -17.0222 4
    endloop
  endfacet
  facet normal -0.357062 0.667256 0.653663
    outer loop
      vertex 1.36727 -17.0226 4
      vertex 0.849999 -15.7222 2.39
      vertex 0.75189 -15.7747 2.39
    endloop
  endfacet
  facet normal 0.123802 0.746612 0.653639
    outer loop
      vertex -0.331653 -15.9173 2.39
      vertex -0.403503 -17.3149 4
      vertex -0.221894 -15.9355 2.39
    endloop
  endfacet
  facet normal 0.110501 0.748092 0.654331
    outer loop
      vertex -0.403503 -17.3149 4
      vertex -0.331653 -15.9173 2.39
      vertex -0.40418 -17.3148 4
    endloop
  endfacet
  facet normal -0.689303 0.312398 0.653659
    outer loop
      vertex 1.52468 -15.0019 2.39
      vertex 2.77284 -15.6166 4
      vertex 1.57059 -14.9006 2.39
    endloop
  endfacet
  facet normal -0.699639 0.28985 0.653064
    outer loop
      vertex 2.77284 -15.6166 4
      vertex 1.52468 -15.0019 2.39
      vertex 2.77255 -15.6173 4
    endloop
  endfacet
  facet normal -0.689317 -0.31237 0.653657
    outer loop
      vertex 2.85604 -13.067 4
      vertex 2.77284 -12.8834 4
      vertex 1.57059 -13.5994 2.39
    endloop
  endfacet
  facet normal 0.708336 0.266408 0.653672
    outer loop
      vertex -2.9273 -15.2437 4
      vertex -1.57059 -14.9006 2.39
      vertex -1.60978 -14.7964 2.39
    endloop
  endfacet
  facet normal 0.703418 0.281367 0.652715
    outer loop
      vertex -1.57059 -14.9006 2.39
      vertex -2.9273 -15.2437 4
      vertex -2.92706 -15.2443 4
    endloop
  endfacet
  facet normal 0.0739534 0.753179 0.653645
    outer loop
      vertex -0.202184 -17.3347 4
      vertex -0.111185 -15.9464 2.39
      vertex -0.402819 -17.315 4
    endloop
  endfacet
  facet normal 0.0247747 0.756371 0.653674
    outer loop
      vertex 0 -17.3414 4
      vertex 0 -15.95 2.39
      vertex -0.201498 -17.3348 4
    endloop
  endfacet
  facet normal 0.517289 -0.552388 0.653667
    outer loop
      vertex -1.12089 -12.9719 2.39
      vertex -2.03827 -11.9258 4
      vertex -2.18542 -12.0636 4
    endloop
  endfacet
  facet normal 0.699639 -0.28985 0.653064
    outer loop
      vertex -2.77284 -12.8834 4
      vertex -1.52468 -13.4981 2.39
      vertex -2.77255 -12.8827 4
    endloop
  endfacet
  facet normal 0.689303 -0.312398 0.653659
    outer loop
      vertex -1.52468 -13.4981 2.39
      vertex -2.77284 -12.8834 4
      vertex -1.57059 -13.5994 2.39
    endloop
  endfacet
  facet normal -0.171921 -0.73701 0.653651
    outer loop
      vertex 0.800102 -11.264 4
      vertex 0.603762 -11.2182 4
      vertex 0.439992 -12.6079 2.39
    endloop
  endfacet
  facet normal -0.753141 0.0741878 0.653663
    outer loop
      vertex 3.06498 -14.6528 4
      vertex 3.08474 -14.4522 4
      vertex 1.69636 -14.3612 2.39
    endloop
  endfacet
  facet normal -0.343961 -0.676457 0.651227
    outer loop
      vertex 1.71688 -11.6793 4
      vertex 0.944468 -12.8365 2.39
      vertex 1.71747 -11.6796 4
    endloop
  endfacet
  facet normal -0.399421 -0.64281 0.65365
    outer loop
      vertex 0.944468 -12.8365 2.39
      vertex 1.71688 -11.6793 4
      vertex 0.849999 -12.7778 2.39
    endloop
  endfacet
  facet normal 0.753145 0.0741579 0.653661
    outer loop
      vertex -3.06498 -14.6528 4
      vertex -1.68546 -14.4719 2.39
      vertex -1.69636 -14.3612 2.39
    endloop
  endfacet
  facet normal 0.753016 0.0753016 0.653679
    outer loop
      vertex -1.68546 -14.4719 2.39
      vertex -3.06498 -14.6528 4
      vertex -3.06491 -14.6535 4
    endloop
  endfacet
  facet normal 0.689317 -0.31237 0.653657
    outer loop
      vertex -1.57059 -13.5994 2.39
      vertex -2.77284 -12.8834 4
      vertex -2.85604 -13.067 4
    endloop
  endfacet
  facet normal 0.737606 -0.168596 0.653844
    outer loop
      vertex -3.03196 -13.6469 4
      vertex -1.64207 -13.81 2.39
      vertex -3.0318 -13.6462 4
    endloop
  endfacet
  facet normal 0.737006 -0.1719 0.653661
    outer loop
      vertex -1.64207 -13.81 2.39
      vertex -3.03196 -13.6469 4
      vertex -1.66733 -13.9183 2.39
    endloop
  endfacet
  facet normal 0.708286 -0.266574 0.653658
    outer loop
      vertex -1.57059 -13.5994 2.39
      vertex -2.85604 -13.067 4
      vertex -2.92706 -13.2557 4
    endloop
  endfacet
  facet normal 0.48011 0.584991 0.653666
    outer loop
      vertex -1.88243 -16.7021 4
      vertex -1.12089 -15.5281 2.39
      vertex -2.03827 -16.5742 4
    endloop
  endfacet
  facet normal 0.737006 0.1719 0.653661
    outer loop
      vertex -3.03196 -14.8531 4
      vertex -1.64207 -14.69 2.39
      vertex -1.66733 -14.5817 2.39
    endloop
  endfacet
  facet normal 0.737606 0.168596 0.653844
    outer loop
      vertex -1.64207 -14.69 2.39
      vertex -3.03196 -14.8531 4
      vertex -3.0318 -14.8538 4
    endloop
  endfacet
  facet normal -0.266665 -0.708254 0.653656
    outer loop
      vertex 0.650561 -12.6794 2.39
      vertex 0.993684 -11.3227 4
      vertex 0.546447 -12.6402 2.39
    endloop
  endfacet
  facet normal -0.224303 -0.721133 0.655481
    outer loop
      vertex 0.993684 -11.3227 4
      vertex 0.650561 -12.6794 2.39
      vertex 0.994327 -11.3229 4
    endloop
  endfacet
  facet normal 0.21758 -0.727806 0.650351
    outer loop
      vertex -0.439992 -12.6079 2.39
      vertex -0.603093 -11.218 4
      vertex -0.603762 -11.2182 4
    endloop
  endfacet
  facet normal 0.171449 -0.737086 0.653689
    outer loop
      vertex -0.603093 -11.218 4
      vertex -0.439992 -12.6079 2.39
      vertex -0.331653 -12.5827 2.39
    endloop
  endfacet
  facet normal -0.219729 -0.724189 0.653659
    outer loop
      vertex 0.546447 -12.6402 2.39
      vertex 0.993027 -11.3225 4
      vertex 0.439992 -12.6079 2.39
    endloop
  endfacet
  facet normal -0.220389 -0.723978 0.653669
    outer loop
      vertex 0.993027 -11.3225 4
      vertex 0.546447 -12.6402 2.39
      vertex 0.993684 -11.3227 4
    endloop
  endfacet
  facet normal 0.724195 -0.219699 0.653662
    outer loop
      vertex -1.64207 -13.81 2.39
      vertex -2.9275 -13.257 4
      vertex -2.98602 -13.4499 4
    endloop
  endfacet
  facet normal -0.703418 -0.281367 0.652715
    outer loop
      vertex 1.57059 -13.5994 2.39
      vertex 2.9273 -13.2563 4
      vertex 2.92706 -13.2557 4
    endloop
  endfacet
  facet normal -0.708336 -0.266408 0.653672
    outer loop
      vertex 2.9273 -13.2563 4
      vertex 1.57059 -13.5994 2.39
      vertex 1.60978 -13.7036 2.39
    endloop
  endfacet
  facet normal -0.753141 -0.0741878 0.653663
    outer loop
      vertex 3.08474 -14.0478 4
      vertex 3.06498 -13.8472 4
      vertex 1.69636 -14.1388 2.39
    endloop
  endfacet
  facet normal -0.585103 0.479979 0.653663
    outer loop
      vertex 2.32421 -16.2883 4
      vertex 2.4521 -16.1324 4
      vertex 1.27813 -15.3709 2.39
    endloop
  endfacet
  facet normal -0.53501 -0.53501 0.653856
    outer loop
      vertex 2.18542 -12.0636 4
      vertex 1.20208 -13.0479 2.39
      vertex 2.18592 -12.0641 4
    endloop
  endfacet
  facet normal -0.517181 -0.552499 0.653658
    outer loop
      vertex 1.20208 -13.0479 2.39
      vertex 2.18542 -12.0636 4
      vertex 1.12089 -12.9719 2.39
    endloop
  endfacet
  facet normal -0.667412 0.356769 0.653664
    outer loop
      vertex 1.47224 -15.1 2.39
      vertex 2.77255 -15.6173 4
      vertex 1.52468 -15.0019 2.39
    endloop
  endfacet
  facet normal -0.667721 0.356118 0.653704
    outer loop
      vertex 2.77255 -15.6173 4
      vertex 1.47224 -15.1 2.39
      vertex 2.77223 -15.6179 4
    endloop
  endfacet
  facet normal -0.0739534 -0.753179 0.653645
    outer loop
      vertex 0.402819 -11.185 4
      vertex 0.202184 -11.1653 4
      vertex 0.111185 -12.5536 2.39
    endloop
  endfacet
  facet normal 0.224303 -0.721133 0.655481
    outer loop
      vertex -0.650561 -12.6794 2.39
      vertex -0.993684 -11.3227 4
      vertex -0.994327 -11.3229 4
    endloop
  endfacet
  facet normal 0.266665 -0.708254 0.653656
    outer loop
      vertex -0.993684 -11.3227 4
      vertex -0.650561 -12.6794 2.39
      vertex -0.546447 -12.6402 2.39
    endloop
  endfacet
  facet normal -0.220389 0.723978 0.653669
    outer loop
      vertex 0.546447 -15.8598 2.39
      vertex 0.993027 -17.1775 4
      vertex 0.993684 -17.1773 4
    endloop
  endfacet
  facet normal -0.219729 0.724189 0.653659
    outer loop
      vertex 0.993027 -17.1775 4
      vertex 0.546447 -15.8598 2.39
      vertex 0.439992 -15.8921 2.39
    endloop
  endfacet
  facet normal 0.357062 0.667256 0.653663
    outer loop
      vertex -0.849999 -15.7222 2.39
      vertex -1.36727 -17.0226 4
      vertex -0.75189 -15.7747 2.39
    endloop
  endfacet
  facet normal 0.417482 0.63666 0.648362
    outer loop
      vertex -1.36727 -17.0226 4
      vertex -0.849999 -15.7222 2.39
      vertex -1.36788 -17.0222 4
    endloop
  endfacet
  facet normal 0.517289 0.552388 0.653667
    outer loop
      vertex -2.03827 -16.5742 4
      vertex -1.12089 -15.5281 2.39
      vertex -2.18542 -16.4364 4
    endloop
  endfacet
  facet normal -0.219607 0.724233 0.653651
    outer loop
      vertex 0.800102 -17.236 4
      vertex 0.993027 -17.1775 4
      vertex 0.439992 -15.8921 2.39
    endloop
  endfacet
  facet normal 0.312271 0.68937 0.653648
    outer loop
      vertex -0.75189 -15.7747 2.39
      vertex -1.36665 -17.0228 4
      vertex -0.650561 -15.8206 2.39
    endloop
  endfacet
  facet normal 0.23334 0.723354 0.649855
    outer loop
      vertex -1.36665 -17.0228 4
      vertex -0.75189 -15.7747 2.39
      vertex -1.36727 -17.0226 4
    endloop
  endfacet
  facet normal 0.517181 0.552499 0.653658
    outer loop
      vertex -1.20208 -15.4521 2.39
      vertex -2.18542 -16.4364 4
      vertex -1.12089 -15.5281 2.39
    endloop
  endfacet
  facet normal 0.53501 0.53501 0.653856
    outer loop
      vertex -2.18542 -16.4364 4
      vertex -1.20208 -15.4521 2.39
      vertex -2.18592 -16.4359 4
    endloop
  endfacet
  facet normal -0.642741 0.39952 0.653657
    outer loop
      vertex 1.4135 -15.1945 2.39
      vertex 2.57073 -15.9669 4
      vertex 1.47224 -15.1 2.39
    endloop
  endfacet
  facet normal -0.649118 0.389471 0.65342
    outer loop
      vertex 2.57073 -15.9669 4
      vertex 1.4135 -15.1945 2.39
      vertex 2.57037 -15.9675 4
    endloop
  endfacet
  facet normal -0.552362 0.51733 0.653656
    outer loop
      vertex 1.20208 -15.4521 2.39
      vertex 2.18639 -16.4354 4
      vertex 1.27813 -15.3709 2.39
    endloop
  endfacet
  facet normal -0.551406 0.518322 0.653677
    outer loop
      vertex 2.18639 -16.4354 4
      vertex 1.20208 -15.4521 2.39
      vertex 2.18592 -16.4359 4
    endloop
  endfacet
  facet normal -0.667418 0.356757 0.653665
    outer loop
      vertex 2.67719 -15.7957 4
      vertex 2.77223 -15.6179 4
      vertex 1.47224 -15.1 2.39
    endloop
  endfacet
  facet normal 0.552265 -0.517424 0.653663
    outer loop
      vertex -1.27813 -13.1291 2.39
      vertex -2.18639 -12.0646 4
      vertex -2.32421 -12.2117 4
    endloop
  endfacet
  facet normal 0.219729 0.724189 0.653659
    outer loop
      vertex -0.546447 -15.8598 2.39
      vertex -0.993027 -17.1775 4
      vertex -0.439992 -15.8921 2.39
    endloop
  endfacet
  facet normal 0.220389 0.723978 0.653669
    outer loop
      vertex -0.993027 -17.1775 4
      vertex -0.546447 -15.8598 2.39
      vertex -0.993684 -17.1773 4
    endloop
  endfacet
  facet normal 0.266665 0.708254 0.653656
    outer loop
      vertex -0.650561 -15.8206 2.39
      vertex -0.993684 -17.1773 4
      vertex -0.546447 -15.8598 2.39
    endloop
  endfacet
  facet normal 0.224303 0.721133 0.655481
    outer loop
      vertex -0.993684 -17.1773 4
      vertex -0.650561 -15.8206 2.39
      vertex -0.994327 -17.1771 4
    endloop
  endfacet
  facet normal 0.0741524 0.75315 0.653656
    outer loop
      vertex -0.221894 -15.9355 2.39
      vertex -0.402819 -17.315 4
      vertex -0.111185 -15.9464 2.39
    endloop
  endfacet
  facet normal 0.109459 0.748699 0.65381
    outer loop
      vertex -0.402819 -17.315 4
      vertex -0.221894 -15.9355 2.39
      vertex -0.403503 -17.3149 4
    endloop
  endfacet
  facet normal -0.399741 -0.642589 0.653672
    outer loop
      vertex 1.71688 -11.6793 4
      vertex 1.54568 -11.5728 4
      vertex 0.849999 -12.7778 2.39
    endloop
  endfacet
  facet normal 0.72417 0.219769 0.653666
    outer loop
      vertex -2.9275 -15.243 4
      vertex -1.60978 -14.7964 2.39
      vertex -1.64207 -14.69 2.39
    endloop
  endfacet
  facet normal 0.72787 0.207963 0.653419
    outer loop
      vertex -1.60978 -14.7964 2.39
      vertex -2.9275 -15.243 4
      vertex -2.9273 -15.2437 4
    endloop
  endfacet
  facet normal 0.703418 -0.281367 0.652715
    outer loop
      vertex -2.9273 -13.2563 4
      vertex -1.57059 -13.5994 2.39
      vertex -2.92706 -13.2557 4
    endloop
  endfacet
  facet normal 0.708336 -0.266408 0.653672
    outer loop
      vertex -1.57059 -13.5994 2.39
      vertex -2.9273 -13.2563 4
      vertex -1.60978 -13.7036 2.39
    endloop
  endfacet
  facet normal 0.746677 -0.123282 0.653663
    outer loop
      vertex -1.66733 -13.9183 2.39
      vertex -3.03196 -13.6469 4
      vertex -3.0648 -13.8458 4
    endloop
  endfacet
  facet normal 0.667418 -0.356757 0.653665
    outer loop
      vertex -1.47224 -13.4 2.39
      vertex -2.67719 -12.7043 4
      vertex -2.77223 -12.8821 4
    endloop
  endfacet
  facet normal -0.737009 -0.171881 0.653663
    outer loop
      vertex 3.0318 -13.6462 4
      vertex 2.98602 -13.4499 4
      vertex 1.64207 -13.81 2.39
    endloop
  endfacet
  facet normal 0.756381 0.0247593 0.653662
    outer loop
      vertex -3.08476 -14.4515 4
      vertex -1.69636 -14.3612 2.39
      vertex -1.7 -14.25 2.39
    endloop
  endfacet
  facet normal 0.756524 0.021615 0.653609
    outer loop
      vertex -1.69636 -14.3612 2.39
      vertex -3.08476 -14.4515 4
      vertex -3.08474 -14.4522 4
    endloop
  endfacet
  facet normal 0.615093 0.440908 0.653652
    outer loop
      vertex -1.4135 -15.1945 2.39
      vertex -2.56997 -15.968 4
      vertex -1.3487 -15.2849 2.39
    endloop
  endfacet
  facet normal 0.591743 0.473394 0.652486
    outer loop
      vertex -2.56997 -15.968 4
      vertex -1.4135 -15.1945 2.39
      vertex -2.57037 -15.9675 4
    endloop
  endfacet
  facet normal 0.667418 0.356757 0.653665
    outer loop
      vertex -2.67719 -15.7957 4
      vertex -1.47224 -15.1 2.39
      vertex -2.77223 -15.6179 4
    endloop
  endfacet
  facet normal 0.356637 0.667475 0.653672
    outer loop
      vertex -1.36788 -17.0222 4
      vertex -0.849999 -15.7222 2.39
      vertex -1.54568 -16.9272 4
    endloop
  endfacet
  facet normal 0.440975 -0.615038 0.653658
    outer loop
      vertex -1.03489 -12.9013 2.39
      vertex -1.71802 -11.68 4
      vertex -1.8819 -11.7975 4
    endloop
  endfacet
  facet normal -0.440975 -0.615038 0.653658
    outer loop
      vertex 1.8819 -11.7975 4
      vertex 1.71802 -11.68 4
      vertex 1.03489 -12.9013 2.39
    endloop
  endfacet
  facet normal -0.266859 -0.708182 0.653655
    outer loop
      vertex 1.18301 -11.394 4
      vertex 0.994327 -11.3229 4
      vertex 0.650561 -12.6794 2.39
    endloop
  endfacet
  facet normal 0.417482 -0.63666 0.648362
    outer loop
      vertex -0.849999 -12.7778 2.39
      vertex -1.36727 -11.4774 4
      vertex -1.36788 -11.4778 4
    endloop
  endfacet
  facet normal 0.357062 -0.667256 0.653663
    outer loop
      vertex -1.36727 -11.4774 4
      vertex -0.849999 -12.7778 2.39
      vertex -0.75189 -12.7253 2.39
    endloop
  endfacet
  facet normal 0.109459 -0.748699 0.65381
    outer loop
      vertex -0.221894 -12.5645 2.39
      vertex -0.402819 -11.185 4
      vertex -0.403503 -11.1851 4
    endloop
  endfacet
  facet normal 0.0741524 -0.75315 0.653656
    outer loop
      vertex -0.402819 -11.185 4
      vertex -0.221894 -12.5645 2.39
      vertex -0.111185 -12.5536 2.39
    endloop
  endfacet
  facet normal -0.53501 0.53501 0.653856
    outer loop
      vertex 1.20208 -15.4521 2.39
      vertex 2.18542 -16.4364 4
      vertex 2.18592 -16.4359 4
    endloop
  endfacet
  facet normal -0.517181 0.552499 0.653658
    outer loop
      vertex 2.18542 -16.4364 4
      vertex 1.20208 -15.4521 2.39
      vertex 1.12089 -15.5281 2.39
    endloop
  endfacet
  facet normal -0.440975 0.615038 0.653658
    outer loop
      vertex 1.71802 -16.82 4
      vertex 1.8819 -16.7025 4
      vertex 1.03489 -15.5987 2.39
    endloop
  endfacet
  facet normal 0.642661 0.399636 0.653665
    outer loop
      vertex -2.57073 -15.9669 4
      vertex -1.47224 -15.1 2.39
      vertex -2.67719 -15.7957 4
    endloop
  endfacet
  facet normal 0.109289 -0.749724 0.652663
    outer loop
      vertex -0.111185 -12.5536 2.39
      vertex -0.201498 -11.1652 4
      vertex -0.202184 -11.1653 4
    endloop
  endfacet
  facet normal 0.0244909 -0.756394 0.653658
    outer loop
      vertex -0.201498 -11.1652 4
      vertex -0.111185 -12.5536 2.39
      vertex 0 -12.55 2.39
    endloop
  endfacet
  facet normal 0.585103 -0.479979 0.653663
    outer loop
      vertex -1.27813 -13.1291 2.39
      vertex -2.32421 -12.2117 4
      vertex -2.4521 -12.3676 4
    endloop
  endfacet
  facet normal 0.737009 -0.171881 0.653663
    outer loop
      vertex -1.64207 -13.81 2.39
      vertex -2.98602 -13.4499 4
      vertex -3.0318 -13.6462 4
    endloop
  endfacet
  facet normal -0.356637 -0.667475 0.653672
    outer loop
      vertex 1.54568 -11.5728 4
      vertex 1.36788 -11.4778 4
      vertex 0.849999 -12.7778 2.39
    endloop
  endfacet
  facet normal -0.552265 0.517424 0.653663
    outer loop
      vertex 2.18639 -16.4354 4
      vertex 2.32421 -16.2883 4
      vertex 1.27813 -15.3709 2.39
    endloop
  endfacet
  facet normal -0.312316 -0.689347 0.653651
    outer loop
      vertex 1.36665 -11.4772 4
      vertex 1.18301 -11.394 4
      vertex 0.650561 -12.6794 2.39
    endloop
  endfacet
  facet normal -0.224303 0.721133 0.655481
    outer loop
      vertex 0.650561 -15.8206 2.39
      vertex 0.993684 -17.1773 4
      vertex 0.994327 -17.1771 4
    endloop
  endfacet
  facet normal -0.266665 0.708254 0.653656
    outer loop
      vertex 0.993684 -17.1773 4
      vertex 0.650561 -15.8206 2.39
      vertex 0.546447 -15.8598 2.39
    endloop
  endfacet
  facet normal 0.747343 -0.11744 0.653977
    outer loop
      vertex -3.06491 -13.8465 4
      vertex -1.66733 -13.9183 2.39
      vertex -3.0648 -13.8458 4
    endloop
  endfacet
  facet normal 0.746677 -0.12329 0.653661
    outer loop
      vertex -1.66733 -13.9183 2.39
      vertex -3.06491 -13.8465 4
      vertex -1.68546 -14.0281 2.39
    endloop
  endfacet
  facet normal -0.0739534 0.753179 0.653645
    outer loop
      vertex 0.202184 -17.3347 4
      vertex 0.402819 -17.315 4
      vertex 0.111185 -15.9464 2.39
    endloop
  endfacet
  facet normal -0.591743 0.473394 0.652486
    outer loop
      vertex 1.4135 -15.1945 2.39
      vertex 2.56997 -15.968 4
      vertex 2.57037 -15.9675 4
    endloop
  endfacet
  facet normal -0.615093 0.440908 0.653652
    outer loop
      vertex 2.56997 -15.968 4
      vertex 1.4135 -15.1945 2.39
      vertex 1.3487 -15.2849 2.39
    endloop
  endfacet
  facet normal -0.667418 -0.356757 0.653665
    outer loop
      vertex 2.77223 -12.8821 4
      vertex 2.67719 -12.7043 4
      vertex 1.47224 -13.4 2.39
    endloop
  endfacet
  facet normal -0.737606 -0.168596 0.653844
    outer loop
      vertex 1.64207 -13.81 2.39
      vertex 3.03196 -13.6469 4
      vertex 3.0318 -13.6462 4
    endloop
  endfacet
  facet normal -0.737006 -0.1719 0.653661
    outer loop
      vertex 3.03196 -13.6469 4
      vertex 1.64207 -13.81 2.39
      vertex 1.66733 -13.9183 2.39
    endloop
  endfacet
  facet normal 0.667721 -0.356118 0.653704
    outer loop
      vertex -2.77255 -12.8827 4
      vertex -1.47224 -13.4 2.39
      vertex -2.77223 -12.8821 4
    endloop
  endfacet
  facet normal 0.667412 -0.356769 0.653664
    outer loop
      vertex -1.47224 -13.4 2.39
      vertex -2.77255 -12.8827 4
      vertex -1.52468 -13.4981 2.39
    endloop
  endfacet
  facet normal 0.399421 0.64281 0.65365
    outer loop
      vertex -0.944468 -15.6635 2.39
      vertex -1.71688 -16.8207 4
      vertex -0.849999 -15.7222 2.39
    endloop
  endfacet
  facet normal 0.343961 0.676457 0.651227
    outer loop
      vertex -1.71688 -16.8207 4
      vertex -0.944468 -15.6635 2.39
      vertex -1.71747 -16.8204 4
    endloop
  endfacet
  facet normal -0.517289 -0.552388 0.653667
    outer loop
      vertex 2.18542 -12.0636 4
      vertex 2.03827 -11.9258 4
      vertex 1.12089 -12.9719 2.39
    endloop
  endfacet
  facet normal -0.753016 -0.0753016 0.653679
    outer loop
      vertex 1.68546 -14.0281 2.39
      vertex 3.06498 -13.8472 4
      vertex 3.06491 -13.8465 4
    endloop
  endfacet
  facet normal -0.753145 -0.0741579 0.653661
    outer loop
      vertex 3.06498 -13.8472 4
      vertex 1.68546 -14.0281 2.39
      vertex 1.69636 -14.1388 2.39
    endloop
  endfacet
  facet normal 0.480189 0.584933 0.653661
    outer loop
      vertex -1.88243 -16.7021 4
      vertex -1.03489 -15.5987 2.39
      vertex -1.12089 -15.5281 2.39
    endloop
  endfacet
  facet normal 0.455799 0.603934 0.653844
    outer loop
      vertex -1.03489 -15.5987 2.39
      vertex -1.88243 -16.7021 4
      vertex -1.8819 -16.7025 4
    endloop
  endfacet
  facet normal -0.123126 0.746687 0.65368
    outer loop
      vertex 0.40418 -17.3148 4
      vertex 0.603093 -17.282 4
      vertex 0.331653 -15.9173 2.39
    endloop
  endfacet
  facet normal 0.615093 -0.440908 0.653652
    outer loop
      vertex -2.56997 -12.532 4
      vertex -1.4135 -13.3055 2.39
      vertex -1.3487 -13.2151 2.39
    endloop
  endfacet
  facet normal 0.591743 -0.473394 0.652486
    outer loop
      vertex -1.4135 -13.3055 2.39
      vertex -2.56997 -12.532 4
      vertex -2.57037 -12.5325 4
    endloop
  endfacet
  facet normal 0.356637 -0.667475 0.653672
    outer loop
      vertex -0.849999 -12.7778 2.39
      vertex -1.36788 -11.4778 4
      vertex -1.54568 -11.5728 4
    endloop
  endfacet
  facet normal -0.399741 0.642589 0.653672
    outer loop
      vertex 1.54568 -16.9272 4
      vertex 1.71688 -16.8207 4
      vertex 0.849999 -15.7222 2.39
    endloop
  endfacet
  facet normal 0.440829 0.615133 0.653668
    outer loop
      vertex -1.71802 -16.82 4
      vertex -0.944468 -15.6635 2.39
      vertex -1.03489 -15.5987 2.39
    endloop
  endfacet
  facet normal 0.445165 0.612102 0.653574
    outer loop
      vertex -0.944468 -15.6635 2.39
      vertex -1.71802 -16.82 4
      vertex -1.71747 -16.8204 4
    endloop
  endfacet
  facet normal -0.440829 0.615133 0.653668
    outer loop
      vertex 0.944468 -15.6635 2.39
      vertex 1.71802 -16.82 4
      vertex 1.03489 -15.5987 2.39
    endloop
  endfacet
  facet normal -0.445165 0.612102 0.653574
    outer loop
      vertex 1.71802 -16.82 4
      vertex 0.944468 -15.6635 2.39
      vertex 1.71747 -16.8204 4
    endloop
  endfacet
  facet normal -0.445165 -0.612102 0.653574
    outer loop
      vertex 0.944468 -12.8365 2.39
      vertex 1.71802 -11.68 4
      vertex 1.71747 -11.6796 4
    endloop
  endfacet
  facet normal -0.440829 -0.615133 0.653668
    outer loop
      vertex 1.71802 -11.68 4
      vertex 0.944468 -12.8365 2.39
      vertex 1.03489 -12.9013 2.39
    endloop
  endfacet
  facet normal -0.312271 -0.68937 0.653648
    outer loop
      vertex 0.75189 -12.7253 2.39
      vertex 1.36665 -11.4772 4
      vertex 0.650561 -12.6794 2.39
    endloop
  endfacet
  facet normal -0.23334 -0.723354 0.649855
    outer loop
      vertex 1.36665 -11.4772 4
      vertex 0.75189 -12.7253 2.39
      vertex 1.36727 -11.4774 4
    endloop
  endfacet
  facet normal -0.552265 -0.517424 0.653663
    outer loop
      vertex 2.32421 -12.2117 4
      vertex 2.18639 -12.0646 4
      vertex 1.27813 -13.1291 2.39
    endloop
  endfacet
  facet normal 0.75638 -0.0247747 0.653663
    outer loop
      vertex -1.7 -14.25 2.39
      vertex -3.08476 -14.0485 4
      vertex -3.09136 -14.25 4
    endloop
  endfacet
  facet normal 0.689303 0.312398 0.653659
    outer loop
      vertex -2.77284 -15.6166 4
      vertex -1.52468 -15.0019 2.39
      vertex -1.57059 -14.9006 2.39
    endloop
  endfacet
  facet normal 0.699639 0.28985 0.653064
    outer loop
      vertex -1.52468 -15.0019 2.39
      vertex -2.77284 -15.6166 4
      vertex -2.77255 -15.6173 4
    endloop
  endfacet
  facet normal 0.667412 0.356769 0.653664
    outer loop
      vertex -2.77255 -15.6173 4
      vertex -1.47224 -15.1 2.39
      vertex -1.52468 -15.0019 2.39
    endloop
  endfacet
  facet normal 0.667721 0.356118 0.653704
    outer loop
      vertex -1.47224 -15.1 2.39
      vertex -2.77255 -15.6173 4
      vertex -2.77223 -15.6179 4
    endloop
  endfacet
  facet normal -0.23334 0.723354 0.649855
    outer loop
      vertex 0.75189 -15.7747 2.39
      vertex 1.36665 -17.0228 4
      vertex 1.36727 -17.0226 4
    endloop
  endfacet
  facet normal -0.312271 0.68937 0.653648
    outer loop
      vertex 1.36665 -17.0228 4
      vertex 0.75189 -15.7747 2.39
      vertex 0.650561 -15.8206 2.39
    endloop
  endfacet
  facet normal -0.266859 0.708182 0.653655
    outer loop
      vertex 0.994327 -17.1771 4
      vertex 1.18301 -17.106 4
      vertex 0.650561 -15.8206 2.39
    endloop
  endfacet
  facet normal -0.667721 -0.356118 0.653704
    outer loop
      vertex 1.47224 -13.4 2.39
      vertex 2.77255 -12.8827 4
      vertex 2.77223 -12.8821 4
    endloop
  endfacet
  facet normal -0.667412 -0.356769 0.653664
    outer loop
      vertex 2.77255 -12.8827 4
      vertex 1.47224 -13.4 2.39
      vertex 1.52468 -13.4981 2.39
    endloop
  endfacet
  facet normal 0.72787 -0.207963 0.653419
    outer loop
      vertex -2.9275 -13.257 4
      vertex -1.60978 -13.7036 2.39
      vertex -2.9273 -13.2563 4
    endloop
  endfacet
  facet normal 0.72417 -0.219769 0.653666
    outer loop
      vertex -1.60978 -13.7036 2.39
      vertex -2.9275 -13.257 4
      vertex -1.64207 -13.81 2.39
    endloop
  endfacet
  facet normal -0.708286 0.266574 0.653658
    outer loop
      vertex 2.85604 -15.433 4
      vertex 2.92706 -15.2443 4
      vertex 1.57059 -14.9006 2.39
    endloop
  endfacet
  facet normal -0.171921 0.73701 0.653651
    outer loop
      vertex 0.603762 -17.2818 4
      vertex 0.800102 -17.236 4
      vertex 0.439992 -15.8921 2.39
    endloop
  endfacet
  facet normal 0.615186 0.440764 0.653661
    outer loop
      vertex -2.45254 -16.1319 4
      vertex -1.3487 -15.2849 2.39
      vertex -2.56997 -15.968 4
    endloop
  endfacet
  facet normal -0.642661 -0.399636 0.653665
    outer loop
      vertex 2.67719 -12.7043 4
      vertex 2.57073 -12.5331 4
      vertex 1.47224 -13.4 2.39
    endloop
  endfacet
  facet normal -0.21758 0.727806 0.650351
    outer loop
      vertex 0.439992 -15.8921 2.39
      vertex 0.603093 -17.282 4
      vertex 0.603762 -17.2818 4
    endloop
  endfacet
  facet normal -0.171449 0.737086 0.653689
    outer loop
      vertex 0.603093 -17.282 4
      vertex 0.439992 -15.8921 2.39
      vertex 0.331653 -15.9173 2.39
    endloop
  endfacet
  facet normal -0.312316 0.689347 0.653651
    outer loop
      vertex 1.18301 -17.106 4
      vertex 1.36665 -17.0228 4
      vertex 0.650561 -15.8206 2.39
    endloop
  endfacet
  facet normal -0.689317 0.31237 0.653657
    outer loop
      vertex 2.77284 -15.6166 4
      vertex 2.85604 -15.433 4
      vertex 1.57059 -14.9006 2.39
    endloop
  endfacet
  facet normal -0.551406 -0.518322 0.653677
    outer loop
      vertex 1.20208 -13.0479 2.39
      vertex 2.18639 -12.0646 4
      vertex 2.18592 -12.0641 4
    endloop
  endfacet
  facet normal -0.552362 -0.51733 0.653656
    outer loop
      vertex 2.18639 -12.0646 4
      vertex 1.20208 -13.0479 2.39
      vertex 1.27813 -13.1291 2.39
    endloop
  endfacet
  facet normal -0.724195 -0.219699 0.653662
    outer loop
      vertex 2.98602 -13.4499 4
      vertex 2.9275 -13.257 4
      vertex 1.64207 -13.81 2.39
    endloop
  endfacet
  facet normal 0.517181 -0.552499 0.653658
    outer loop
      vertex -2.18542 -12.0636 4
      vertex -1.20208 -13.0479 2.39
      vertex -1.12089 -12.9719 2.39
    endloop
  endfacet
  facet normal 0.53501 -0.53501 0.653856
    outer loop
      vertex -1.20208 -13.0479 2.39
      vertex -2.18542 -12.0636 4
      vertex -2.18592 -12.0641 4
    endloop
  endfacet
  facet normal 0.585036 0.480069 0.653657
    outer loop
      vertex -1.3487 -15.2849 2.39
      vertex -2.4521 -16.1324 4
      vertex -1.27813 -15.3709 2.39
    endloop
  endfacet
  facet normal 0.568548 0.500322 0.653017
    outer loop
      vertex -2.4521 -16.1324 4
      vertex -1.3487 -15.2849 2.39
      vertex -2.45254 -16.1319 4
    endloop
  endfacet
  facet normal 0.756524 -0.021615 0.653609
    outer loop
      vertex -3.08476 -14.0485 4
      vertex -1.69636 -14.1388 2.39
      vertex -3.08474 -14.0478 4
    endloop
  endfacet
  facet normal 0.756381 -0.0247593 0.653662
    outer loop
      vertex -1.69636 -14.1388 2.39
      vertex -3.08476 -14.0485 4
      vertex -1.7 -14.25 2.39
    endloop
  endfacet
  facet normal 0.399741 -0.642589 0.653672
    outer loop
      vertex -0.849999 -12.7778 2.39
      vertex -1.54568 -11.5728 4
      vertex -1.71688 -11.6793 4
    endloop
  endfacet
  facet normal -0.708286 -0.266574 0.653658
    outer loop
      vertex 2.92706 -13.2557 4
      vertex 2.85604 -13.067 4
      vertex 1.57059 -13.5994 2.39
    endloop
  endfacet
  facet normal 0.585036 -0.480069 0.653657
    outer loop
      vertex -2.4521 -12.3676 4
      vertex -1.3487 -13.2151 2.39
      vertex -1.27813 -13.1291 2.39
    endloop
  endfacet
  facet normal 0.568548 -0.500322 0.653017
    outer loop
      vertex -1.3487 -13.2151 2.39
      vertex -2.4521 -12.3676 4
      vertex -2.45254 -12.3681 4
    endloop
  endfacet
  facet normal 0.615186 -0.440764 0.653661
    outer loop
      vertex -1.3487 -13.2151 2.39
      vertex -2.45254 -12.3681 4
      vertex -2.56997 -12.532 4
    endloop
  endfacet
  facet normal -0.123802 -0.746612 0.653639
    outer loop
      vertex 0.331653 -12.5827 2.39
      vertex 0.403503 -11.1851 4
      vertex 0.221894 -12.5645 2.39
    endloop
  endfacet
  facet normal -0.110501 -0.748092 0.654331
    outer loop
      vertex 0.403503 -11.1851 4
      vertex 0.331653 -12.5827 2.39
      vertex 0.40418 -11.1852 4
    endloop
  endfacet
  facet normal -0.708336 0.266408 0.653672
    outer loop
      vertex 1.57059 -14.9006 2.39
      vertex 2.9273 -15.2437 4
      vertex 1.60978 -14.7964 2.39
    endloop
  endfacet
  facet normal -0.703418 0.281367 0.652715
    outer loop
      vertex 2.9273 -15.2437 4
      vertex 1.57059 -14.9006 2.39
      vertex 2.92706 -15.2443 4
    endloop
  endfacet
  facet normal -0.123126 -0.746687 0.65368
    outer loop
      vertex 0.603093 -11.218 4
      vertex 0.40418 -11.1852 4
      vertex 0.331653 -12.5827 2.39
    endloop
  endfacet
  facet normal -0.642661 0.399636 0.653665
    outer loop
      vertex 2.57073 -15.9669 4
      vertex 2.67719 -15.7957 4
      vertex 1.47224 -15.1 2.39
    endloop
  endfacet
  facet normal 0.552362 0.51733 0.653656
    outer loop
      vertex -2.18639 -16.4354 4
      vertex -1.20208 -15.4521 2.39
      vertex -1.27813 -15.3709 2.39
    endloop
  endfacet
  facet normal 0.551406 0.518322 0.653677
    outer loop
      vertex -1.20208 -15.4521 2.39
      vertex -2.18639 -16.4354 4
      vertex -2.18592 -16.4359 4
    endloop
  endfacet
  facet normal -0.75638 -0.0247747 0.653663
    outer loop
      vertex 3.09136 -14.25 4
      vertex 3.08476 -14.0485 4
      vertex 1.7 -14.25 2.39
    endloop
  endfacet
  facet normal 0.399421 -0.64281 0.65365
    outer loop
      vertex -1.71688 -11.6793 4
      vertex -0.944468 -12.8365 2.39
      vertex -0.849999 -12.7778 2.39
    endloop
  endfacet
  facet normal 0.343961 -0.676457 0.651227
    outer loop
      vertex -0.944468 -12.8365 2.39
      vertex -1.71688 -11.6793 4
      vertex -1.71747 -11.6796 4
    endloop
  endfacet
  facet normal -0.756524 -0.021615 0.653609
    outer loop
      vertex 1.69636 -14.1388 2.39
      vertex 3.08476 -14.0485 4
      vertex 3.08474 -14.0478 4
    endloop
  endfacet
  facet normal -0.756381 -0.0247593 0.653662
    outer loop
      vertex 3.08476 -14.0485 4
      vertex 1.69636 -14.1388 2.39
      vertex 1.7 -14.25 2.39
    endloop
  endfacet
  facet normal -0.455799 -0.603934 0.653844
    outer loop
      vertex 1.03489 -12.9013 2.39
      vertex 1.88243 -11.7979 4
      vertex 1.8819 -11.7975 4
    endloop
  endfacet
  facet normal -0.480189 -0.584933 0.653661
    outer loop
      vertex 1.88243 -11.7979 4
      vertex 1.03489 -12.9013 2.39
      vertex 1.12089 -12.9719 2.39
    endloop
  endfacet
  facet normal -0.357062 -0.667256 0.653663
    outer loop
      vertex 0.849999 -12.7778 2.39
      vertex 1.36727 -11.4774 4
      vertex 0.75189 -12.7253 2.39
    endloop
  endfacet
  facet normal -0.417482 -0.63666 0.648362
    outer loop
      vertex 1.36727 -11.4774 4
      vertex 0.849999 -12.7778 2.39
      vertex 1.36788 -11.4778 4
    endloop
  endfacet
  facet normal -0.343961 0.676457 0.651227
    outer loop
      vertex 0.944468 -15.6635 2.39
      vertex 1.71688 -16.8207 4
      vertex 1.71747 -16.8204 4
    endloop
  endfacet
  facet normal -0.399421 0.64281 0.65365
    outer loop
      vertex 1.71688 -16.8207 4
      vertex 0.944468 -15.6635 2.39
      vertex 0.849999 -15.7222 2.39
    endloop
  endfacet
  facet normal -0.746677 0.123282 0.653663
    outer loop
      vertex 3.03196 -14.8531 4
      vertex 3.0648 -14.6542 4
      vertex 1.66733 -14.5817 2.39
    endloop
  endfacet
  facet normal 0.455799 -0.603934 0.653844
    outer loop
      vertex -1.88243 -11.7979 4
      vertex -1.03489 -12.9013 2.39
      vertex -1.8819 -11.7975 4
    endloop
  endfacet
  facet normal 0.480189 -0.584933 0.653661
    outer loop
      vertex -1.03489 -12.9013 2.39
      vertex -1.88243 -11.7979 4
      vertex -1.12089 -12.9719 2.39
    endloop
  endfacet
  facet normal 0.0247747 -0.756371 0.653674
    outer loop
      vertex 0 -12.55 2.39
      vertex 0 -11.1586 4
      vertex -0.201498 -11.1652 4
    endloop
  endfacet
  facet normal -0.72787 -0.207963 0.653419
    outer loop
      vertex 1.60978 -13.7036 2.39
      vertex 2.9275 -13.257 4
      vertex 2.9273 -13.2563 4
    endloop
  endfacet
  facet normal -0.72417 -0.219769 0.653666
    outer loop
      vertex 2.9275 -13.257 4
      vertex 1.60978 -13.7036 2.39
      vertex 1.64207 -13.81 2.39
    endloop
  endfacet
  facet normal 0.220389 -0.723978 0.653669
    outer loop
      vertex -0.546447 -12.6402 2.39
      vertex -0.993027 -11.3225 4
      vertex -0.993684 -11.3227 4
    endloop
  endfacet
  facet normal 0.219729 -0.724189 0.653659
    outer loop
      vertex -0.993027 -11.3225 4
      vertex -0.546447 -12.6402 2.39
      vertex -0.439992 -12.6079 2.39
    endloop
  endfacet
  facet normal -0.649118 -0.389471 0.65342
    outer loop
      vertex 1.4135 -13.3055 2.39
      vertex 2.57073 -12.5331 4
      vertex 2.57037 -12.5325 4
    endloop
  endfacet
  facet normal -0.642741 -0.39952 0.653657
    outer loop
      vertex 2.57073 -12.5331 4
      vertex 1.4135 -13.3055 2.39
      vertex 1.47224 -13.4 2.39
    endloop
  endfacet
  facet normal 0.23334 -0.723354 0.649855
    outer loop
      vertex -0.75189 -12.7253 2.39
      vertex -1.36665 -11.4772 4
      vertex -1.36727 -11.4774 4
    endloop
  endfacet
  facet normal 0.312271 -0.68937 0.653648
    outer loop
      vertex -1.36665 -11.4772 4
      vertex -0.75189 -12.7253 2.39
      vertex -0.650561 -12.6794 2.39
    endloop
  endfacet
  facet normal 0.552265 0.517424 0.653663
    outer loop
      vertex -2.18639 -16.4354 4
      vertex -1.27813 -15.3709 2.39
      vertex -2.32421 -16.2883 4
    endloop
  endfacet
  facet normal 0.585103 0.479979 0.653663
    outer loop
      vertex -2.32421 -16.2883 4
      vertex -1.27813 -15.3709 2.39
      vertex -2.4521 -16.1324 4
    endloop
  endfacet
  facet normal -0.110501 0.748092 0.654331
    outer loop
      vertex 0.331653 -15.9173 2.39
      vertex 0.403503 -17.3149 4
      vertex 0.40418 -17.3148 4
    endloop
  endfacet
  facet normal -0.123802 0.746612 0.653639
    outer loop
      vertex 0.403503 -17.3149 4
      vertex 0.331653 -15.9173 2.39
      vertex 0.221894 -15.9355 2.39
    endloop
  endfacet
  facet normal -0.109459 0.748699 0.65381
    outer loop
      vertex 0.221894 -15.9355 2.39
      vertex 0.402819 -17.315 4
      vertex 0.403503 -17.3149 4
    endloop
  endfacet
  facet normal -0.0741524 0.75315 0.653656
    outer loop
      vertex 0.402819 -17.315 4
      vertex 0.221894 -15.9355 2.39
      vertex 0.111185 -15.9464 2.39
    endloop
  endfacet
  facet normal 0.649118 -0.389471 0.65342
    outer loop
      vertex -2.57073 -12.5331 4
      vertex -1.4135 -13.3055 2.39
      vertex -2.57037 -12.5325 4
    endloop
  endfacet
  facet normal 0.642741 -0.39952 0.653657
    outer loop
      vertex -1.4135 -13.3055 2.39
      vertex -2.57073 -12.5331 4
      vertex -1.47224 -13.4 2.39
    endloop
  endfacet
  facet normal 0.642661 -0.399636 0.653665
    outer loop
      vertex -1.47224 -13.4 2.39
      vertex -2.57073 -12.5331 4
      vertex -2.67719 -12.7043 4
    endloop
  endfacet
  facet normal -0.0244909 -0.756394 0.653658
    outer loop
      vertex 0.111185 -12.5536 2.39
      vertex 0.201498 -11.1652 4
      vertex 0 -12.55 2.39
    endloop
  endfacet
  facet normal -0.109289 -0.749724 0.652663
    outer loop
      vertex 0.201498 -11.1652 4
      vertex 0.111185 -12.5536 2.39
      vertex 0.202184 -11.1653 4
    endloop
  endfacet
  facet normal 0.634382 0.77302 -0
    outer loop
      vertex 16.4836 18.796 0
      vertex 15.219 19.8338 4
      vertex 16.4836 18.796 4
    endloop
  endfacet
  facet normal 0.634382 0.77302 0
    outer loop
      vertex 15.219 19.8338 4
      vertex 16.4836 18.796 0
      vertex 15.219 19.8338 0
    endloop
  endfacet
  facet normal 0.995182 0.0980469 0
    outer loop
      vertex 24.9465 1.63508 4
      vertex 24.7861 3.26315 0
      vertex 24.7861 3.26315 4
    endloop
  endfacet
  facet normal 0.995182 0.0980469 0
    outer loop
      vertex 24.7861 3.26315 0
      vertex 24.9465 1.63508 4
      vertex 24.9465 1.63508 0
    endloop
  endfacet
  facet normal 0.290233 0.956956 -0
    outer loop
      vertex 8.03599 23.6733 0
      vertex 6.47048 24.1481 4
      vertex 8.03599 23.6733 4
    endloop
  endfacet
  facet normal 0.290233 0.956956 0
    outer loop
      vertex 6.47048 24.1481 4
      vertex 8.03599 23.6733 0
      vertex 6.47048 24.1481 0
    endloop
  endfacet
  facet normal -0.995182 -0.0980469 0
    outer loop
      vertex -24.7861 -3.26315 0
      vertex -24.9465 -1.63508 4
      vertex -24.9465 -1.63508 0
    endloop
  endfacet
  facet normal -0.995182 -0.0980469 0
    outer loop
      vertex -24.9465 -1.63508 4
      vertex -24.7861 -3.26315 0
      vertex -24.7861 -3.26315 4
    endloop
  endfacet
  facet normal -0.4714 -0.881919 0
    outer loop
      vertex -12.5 -21.6506 0
      vertex -11.0572 -22.4218 4
      vertex -12.5 -21.6506 4
    endloop
  endfacet
  facet normal -0.4714 -0.881919 -0
    outer loop
      vertex -11.0572 -22.4218 4
      vertex -12.5 -21.6506 0
      vertex -11.0572 -22.4218 0
    endloop
  endfacet
  facet normal -0.995182 0.0980469 0
    outer loop
      vertex -24.9465 1.63508 0
      vertex -24.7861 3.26315 4
      vertex -24.7861 3.26315 0
    endloop
  endfacet
  facet normal -0.995182 0.0980469 0
    outer loop
      vertex -24.7861 3.26315 4
      vertex -24.9465 1.63508 0
      vertex -24.9465 1.63508 4
    endloop
  endfacet
  facet normal -0.812832 -0.582498 0
    outer loop
      vertex -19.8338 -15.219 0
      vertex -20.7867 -13.8893 4
      vertex -20.7867 -13.8893 0
    endloop
  endfacet
  facet normal -0.812832 -0.582498 0
    outer loop
      vertex -20.7867 -13.8893 4
      vertex -19.8338 -15.219 0
      vertex -19.8338 -15.219 4
    endloop
  endfacet
  facet normal 0.0980469 0.995182 -0
    outer loop
      vertex 3.26315 24.7861 0
      vertex 1.63508 24.9465 4
      vertex 3.26315 24.7861 4
    endloop
  endfacet
  facet normal 0.0980469 0.995182 0
    outer loop
      vertex 1.63508 24.9465 4
      vertex 3.26315 24.7861 0
      vertex 1.63508 24.9465 0
    endloop
  endfacet
  facet normal 0.683561 0.729894 -0
    outer loop
      vertex 17.6777 17.6777 0
      vertex 16.4836 18.796 4
      vertex 17.6777 17.6777 4
    endloop
  endfacet
  facet normal 0.683561 0.729894 0
    outer loop
      vertex 16.4836 18.796 4
      vertex 17.6777 17.6777 0
      vertex 16.4836 18.796 0
    endloop
  endfacet
  facet normal 0.986642 -0.162901 0
    outer loop
      vertex 24.5196 -4.87726 4
      vertex 24.7861 -3.26315 0
      vertex 24.7861 -3.26315 4
    endloop
  endfacet
  facet normal 0.986642 -0.162901 0
    outer loop
      vertex 24.7861 -3.26315 0
      vertex 24.5196 -4.87726 4
      vertex 24.5196 -4.87726 0
    endloop
  endfacet
  facet normal 0.910855 0.412727 0
    outer loop
      vertex 23.097 9.56709 4
      vertex 22.4218 11.0572 0
      vertex 22.4218 11.0572 4
    endloop
  endfacet
  facet normal 0.910855 0.412727 0
    outer loop
      vertex 22.4218 11.0572 0
      vertex 23.097 9.56709 4
      vertex 23.097 9.56709 0
    endloop
  endfacet
  facet normal 0.812832 -0.582498 0
    outer loop
      vertex 19.8338 -15.219 4
      vertex 20.7867 -13.8893 0
      vertex 20.7867 -13.8893 4
    endloop
  endfacet
  facet normal 0.812832 -0.582498 0
    outer loop
      vertex 20.7867 -13.8893 0
      vertex 19.8338 -15.219 4
      vertex 19.8338 -15.219 0
    endloop
  endfacet
  facet normal 0.999465 0.0327026 0
    outer loop
      vertex 25 0 4
      vertex 24.9465 1.63508 0
      vertex 24.9465 1.63508 4
    endloop
  endfacet
  facet normal 0.999465 0.0327026 0
    outer loop
      vertex 24.9465 1.63508 0
      vertex 25 0 4
      vertex 25 0 0
    endloop
  endfacet
  facet normal -0.0327026 0.999465 0
    outer loop
      vertex 0 25 0
      vertex -1.63508 24.9465 4
      vertex 0 25 4
    endloop
  endfacet
  facet normal -0.0327026 0.999465 0
    outer loop
      vertex -1.63508 24.9465 4
      vertex 0 25 0
      vertex -1.63508 24.9465 0
    endloop
  endfacet
  facet normal 0.986642 0.162901 0
    outer loop
      vertex 24.7861 3.26315 4
      vertex 24.5196 4.87726 0
      vertex 24.5196 4.87726 4
    endloop
  endfacet
  facet normal 0.986642 0.162901 0
    outer loop
      vertex 24.5196 4.87726 0
      vertex 24.7861 3.26315 4
      vertex 24.7861 3.26315 0
    endloop
  endfacet
  facet normal -0.412727 -0.910855 0
    outer loop
      vertex -11.0572 -22.4218 0
      vertex -9.56709 -23.097 4
      vertex -11.0572 -22.4218 4
    endloop
  endfacet
  facet normal -0.412727 -0.910855 -0
    outer loop
      vertex -9.56709 -23.097 4
      vertex -11.0572 -22.4218 0
      vertex -9.56709 -23.097 0
    endloop
  endfacet
  facet normal -0.162901 -0.986642 0
    outer loop
      vertex -4.87726 -24.5196 0
      vertex -3.26315 -24.7861 4
      vertex -4.87726 -24.5196 4
    endloop
  endfacet
  facet normal -0.162901 -0.986642 -0
    outer loop
      vertex -3.26315 -24.7861 4
      vertex -4.87726 -24.5196 0
      vertex -3.26315 -24.7861 0
    endloop
  endfacet
  facet normal -0.881919 0.4714 0
    outer loop
      vertex -22.4218 11.0572 0
      vertex -21.6506 12.5 4
      vertex -21.6506 12.5 0
    endloop
  endfacet
  facet normal -0.881919 0.4714 0
    outer loop
      vertex -21.6506 12.5 4
      vertex -22.4218 11.0572 0
      vertex -22.4218 11.0572 4
    endloop
  endfacet
  facet normal -0.973875 0.227084 0
    outer loop
      vertex -24.5196 4.87726 0
      vertex -24.1481 6.47048 4
      vertex -24.1481 6.47048 0
    endloop
  endfacet
  facet normal -0.973875 0.227084 0
    outer loop
      vertex -24.1481 6.47048 4
      vertex -24.5196 4.87726 0
      vertex -24.5196 4.87726 4
    endloop
  endfacet
  facet normal 0.227084 -0.973875 0
    outer loop
      vertex 4.87726 -24.5196 0
      vertex 6.47048 -24.1481 4
      vertex 4.87726 -24.5196 4
    endloop
  endfacet
  facet normal 0.227084 -0.973875 0
    outer loop
      vertex 6.47048 -24.1481 4
      vertex 4.87726 -24.5196 0
      vertex 6.47048 -24.1481 0
    endloop
  endfacet
  facet normal 0.0980469 -0.995182 0
    outer loop
      vertex 1.63508 -24.9465 0
      vertex 3.26315 -24.7861 4
      vertex 1.63508 -24.9465 4
    endloop
  endfacet
  facet normal 0.0980469 -0.995182 0
    outer loop
      vertex 3.26315 -24.7861 4
      vertex 1.63508 -24.9465 0
      vertex 3.26315 -24.7861 0
    endloop
  endfacet
  facet normal -0.999465 -0.0327026 0
    outer loop
      vertex -24.9465 -1.63508 0
      vertex -25 0 4
      vertex -25 0 0
    endloop
  endfacet
  facet normal -0.999465 -0.0327026 0
    outer loop
      vertex -25 0 4
      vertex -24.9465 -1.63508 0
      vertex -24.9465 -1.63508 4
    endloop
  endfacet
  facet normal 0.4714 -0.881919 0
    outer loop
      vertex 11.0572 -22.4218 0
      vertex 12.5 -21.6506 4
      vertex 11.0572 -22.4218 4
    endloop
  endfacet
  facet normal 0.4714 -0.881919 0
    outer loop
      vertex 12.5 -21.6506 4
      vertex 11.0572 -22.4218 0
      vertex 12.5 -21.6506 0
    endloop
  endfacet
  facet normal 0.935899 0.352269 0
    outer loop
      vertex 23.6733 8.03599 4
      vertex 23.097 9.56709 0
      vertex 23.097 9.56709 4
    endloop
  endfacet
  facet normal 0.935899 0.352269 0
    outer loop
      vertex 23.097 9.56709 0
      vertex 23.6733 8.03599 4
      vertex 23.6733 8.03599 0
    endloop
  endfacet
  facet normal 0.77302 -0.634382 0
    outer loop
      vertex 18.796 -16.4836 4
      vertex 19.8338 -15.219 0
      vertex 19.8338 -15.219 4
    endloop
  endfacet
  facet normal 0.77302 -0.634382 0
    outer loop
      vertex 19.8338 -15.219 0
      vertex 18.796 -16.4836 4
      vertex 18.796 -16.4836 0
    endloop
  endfacet
  facet normal 0.528058 -0.849208 0
    outer loop
      vertex 12.5 -21.6506 0
      vertex 13.8893 -20.7867 4
      vertex 12.5 -21.6506 4
    endloop
  endfacet
  facet normal 0.528058 -0.849208 0
    outer loop
      vertex 13.8893 -20.7867 4
      vertex 12.5 -21.6506 0
      vertex 13.8893 -20.7867 0
    endloop
  endfacet
  facet normal -0.729894 0.683561 0
    outer loop
      vertex -18.796 16.4836 0
      vertex -17.6777 17.6777 4
      vertex -17.6777 17.6777 0
    endloop
  endfacet
  facet normal -0.729894 0.683561 0
    outer loop
      vertex -17.6777 17.6777 4
      vertex -18.796 16.4836 0
      vertex -18.796 16.4836 4
    endloop
  endfacet
  facet normal 0.582498 0.812832 -0
    outer loop
      vertex 15.219 19.8338 0
      vertex 13.8893 20.7867 4
      vertex 15.219 19.8338 4
    endloop
  endfacet
  facet normal 0.582498 0.812832 0
    outer loop
      vertex 13.8893 20.7867 4
      vertex 15.219 19.8338 0
      vertex 13.8893 20.7867 0
    endloop
  endfacet
  facet normal 0.935899 -0.352269 0
    outer loop
      vertex 23.097 -9.56709 4
      vertex 23.6733 -8.03599 0
      vertex 23.6733 -8.03599 4
    endloop
  endfacet
  facet normal 0.935899 -0.352269 0
    outer loop
      vertex 23.6733 -8.03599 0
      vertex 23.097 -9.56709 4
      vertex 23.097 -9.56709 0
    endloop
  endfacet
  facet normal 0.999465 -0.0327026 0
    outer loop
      vertex 24.9465 -1.63508 4
      vertex 25 0 0
      vertex 25 0 4
    endloop
  endfacet
  facet normal 0.999465 -0.0327026 0
    outer loop
      vertex 25 0 0
      vertex 24.9465 -1.63508 4
      vertex 24.9465 -1.63508 0
    endloop
  endfacet
  facet normal 0.528058 0.849208 -0
    outer loop
      vertex 13.8893 20.7867 0
      vertex 12.5 21.6506 4
      vertex 13.8893 20.7867 4
    endloop
  endfacet
  facet normal 0.528058 0.849208 0
    outer loop
      vertex 12.5 21.6506 4
      vertex 13.8893 20.7867 0
      vertex 12.5 21.6506 0
    endloop
  endfacet
  facet normal -0.634382 0.77302 0
    outer loop
      vertex -15.219 19.8338 0
      vertex -16.4836 18.796 4
      vertex -15.219 19.8338 4
    endloop
  endfacet
  facet normal -0.634382 0.77302 0
    outer loop
      vertex -16.4836 18.796 4
      vertex -15.219 19.8338 0
      vertex -16.4836 18.796 0
    endloop
  endfacet
  facet normal 0.849208 -0.528058 0
    outer loop
      vertex 20.7867 -13.8893 4
      vertex 21.6506 -12.5 0
      vertex 21.6506 -12.5 4
    endloop
  endfacet
  facet normal 0.849208 -0.528058 0
    outer loop
      vertex 21.6506 -12.5 0
      vertex 20.7867 -13.8893 4
      vertex 20.7867 -13.8893 0
    endloop
  endfacet
  facet normal 0.162901 -0.986642 0
    outer loop
      vertex 3.26315 -24.7861 0
      vertex 4.87726 -24.5196 4
      vertex 3.26315 -24.7861 4
    endloop
  endfacet
  facet normal 0.162901 -0.986642 0
    outer loop
      vertex 4.87726 -24.5196 4
      vertex 3.26315 -24.7861 0
      vertex 4.87726 -24.5196 0
    endloop
  endfacet
  facet normal 0.352269 -0.935899 0
    outer loop
      vertex 8.03599 -23.6733 0
      vertex 9.56709 -23.097 4
      vertex 8.03599 -23.6733 4
    endloop
  endfacet
  facet normal 0.352269 -0.935899 0
    outer loop
      vertex 9.56709 -23.097 4
      vertex 8.03599 -23.6733 0
      vertex 9.56709 -23.097 0
    endloop
  endfacet
  facet normal 0.290233 -0.956956 0
    outer loop
      vertex 6.47048 -24.1481 0
      vertex 8.03599 -23.6733 4
      vertex 6.47048 -24.1481 4
    endloop
  endfacet
  facet normal 0.290233 -0.956956 0
    outer loop
      vertex 8.03599 -23.6733 4
      vertex 6.47048 -24.1481 0
      vertex 8.03599 -23.6733 0
    endloop
  endfacet
  facet normal -0.849208 0.528058 0
    outer loop
      vertex -21.6506 12.5 0
      vertex -20.7867 13.8893 4
      vertex -20.7867 13.8893 0
    endloop
  endfacet
  facet normal -0.849208 0.528058 0
    outer loop
      vertex -20.7867 13.8893 4
      vertex -21.6506 12.5 0
      vertex -21.6506 12.5 4
    endloop
  endfacet
  facet normal -0.956956 -0.290233 0
    outer loop
      vertex -23.6733 -8.03599 0
      vertex -24.1481 -6.47048 4
      vertex -24.1481 -6.47048 0
    endloop
  endfacet
  facet normal -0.956956 -0.290233 0
    outer loop
      vertex -24.1481 -6.47048 4
      vertex -23.6733 -8.03599 0
      vertex -23.6733 -8.03599 4
    endloop
  endfacet
  facet normal -0.77302 -0.634382 0
    outer loop
      vertex -18.796 -16.4836 0
      vertex -19.8338 -15.219 4
      vertex -19.8338 -15.219 0
    endloop
  endfacet
  facet normal -0.77302 -0.634382 0
    outer loop
      vertex -19.8338 -15.219 4
      vertex -18.796 -16.4836 0
      vertex -18.796 -16.4836 4
    endloop
  endfacet
  facet normal 0.849208 0.528058 0
    outer loop
      vertex 21.6506 12.5 4
      vertex 20.7867 13.8893 0
      vertex 20.7867 13.8893 4
    endloop
  endfacet
  facet normal 0.849208 0.528058 0
    outer loop
      vertex 20.7867 13.8893 0
      vertex 21.6506 12.5 4
      vertex 21.6506 12.5 0
    endloop
  endfacet
  facet normal 0.162901 0.986642 -0
    outer loop
      vertex 4.87726 24.5196 0
      vertex 3.26315 24.7861 4
      vertex 4.87726 24.5196 4
    endloop
  endfacet
  facet normal 0.162901 0.986642 0
    outer loop
      vertex 3.26315 24.7861 4
      vertex 4.87726 24.5196 0
      vertex 3.26315 24.7861 0
    endloop
  endfacet
  facet normal -0.162901 0.986642 0
    outer loop
      vertex -3.26315 24.7861 0
      vertex -4.87726 24.5196 4
      vertex -3.26315 24.7861 4
    endloop
  endfacet
  facet normal -0.162901 0.986642 0
    outer loop
      vertex -4.87726 24.5196 4
      vertex -3.26315 24.7861 0
      vertex -4.87726 24.5196 0
    endloop
  endfacet
  facet normal -0.582498 0.812832 0
    outer loop
      vertex -13.8893 20.7867 0
      vertex -15.219 19.8338 4
      vertex -13.8893 20.7867 4
    endloop
  endfacet
  facet normal -0.582498 0.812832 0
    outer loop
      vertex -15.219 19.8338 4
      vertex -13.8893 20.7867 0
      vertex -15.219 19.8338 0
    endloop
  endfacet
  facet normal -0.290233 0.956956 0
    outer loop
      vertex -6.47048 24.1481 0
      vertex -8.03599 23.6733 4
      vertex -6.47048 24.1481 4
    endloop
  endfacet
  facet normal -0.290233 0.956956 0
    outer loop
      vertex -8.03599 23.6733 4
      vertex -6.47048 24.1481 0
      vertex -8.03599 23.6733 0
    endloop
  endfacet
  facet normal -0.683561 0.729894 0
    outer loop
      vertex -16.4836 18.796 0
      vertex -17.6777 17.6777 4
      vertex -16.4836 18.796 4
    endloop
  endfacet
  facet normal -0.683561 0.729894 0
    outer loop
      vertex -17.6777 17.6777 4
      vertex -16.4836 18.796 0
      vertex -17.6777 17.6777 0
    endloop
  endfacet
  facet normal 0.0327026 -0.999465 0
    outer loop
      vertex 0 -25 0
      vertex 1.63508 -24.9465 4
      vertex 0 -25 4
    endloop
  endfacet
  facet normal 0.0327026 -0.999465 0
    outer loop
      vertex 1.63508 -24.9465 4
      vertex 0 -25 0
      vertex 1.63508 -24.9465 0
    endloop
  endfacet
  facet normal 0.881919 0.4714 0
    outer loop
      vertex 22.4218 11.0572 4
      vertex 21.6506 12.5 0
      vertex 21.6506 12.5 4
    endloop
  endfacet
  facet normal 0.881919 0.4714 0
    outer loop
      vertex 21.6506 12.5 0
      vertex 22.4218 11.0572 4
      vertex 22.4218 11.0572 0
    endloop
  endfacet
  facet normal -0.352269 0.935899 0
    outer loop
      vertex -8.03599 23.6733 0
      vertex -9.56709 23.097 4
      vertex -8.03599 23.6733 4
    endloop
  endfacet
  facet normal -0.352269 0.935899 0
    outer loop
      vertex -9.56709 23.097 4
      vertex -8.03599 23.6733 0
      vertex -9.56709 23.097 0
    endloop
  endfacet
  facet normal 0.956956 0.290233 0
    outer loop
      vertex 24.1481 6.47048 4
      vertex 23.6733 8.03599 0
      vertex 23.6733 8.03599 4
    endloop
  endfacet
  facet normal 0.956956 0.290233 0
    outer loop
      vertex 23.6733 8.03599 0
      vertex 24.1481 6.47048 4
      vertex 24.1481 6.47048 0
    endloop
  endfacet
  facet normal -0.290233 -0.956956 0
    outer loop
      vertex -8.03599 -23.6733 0
      vertex -6.47048 -24.1481 4
      vertex -8.03599 -23.6733 4
    endloop
  endfacet
  facet normal -0.290233 -0.956956 -0
    outer loop
      vertex -6.47048 -24.1481 4
      vertex -8.03599 -23.6733 0
      vertex -6.47048 -24.1481 0
    endloop
  endfacet
  facet normal -0.881919 -0.4714 0
    outer loop
      vertex -21.6506 -12.5 0
      vertex -22.4218 -11.0572 4
      vertex -22.4218 -11.0572 0
    endloop
  endfacet
  facet normal -0.881919 -0.4714 0
    outer loop
      vertex -22.4218 -11.0572 4
      vertex -21.6506 -12.5 0
      vertex -21.6506 -12.5 4
    endloop
  endfacet
  facet normal 0.227084 0.973875 -0
    outer loop
      vertex 6.47048 24.1481 0
      vertex 4.87726 24.5196 4
      vertex 6.47048 24.1481 4
    endloop
  endfacet
  facet normal 0.227084 0.973875 0
    outer loop
      vertex 4.87726 24.5196 4
      vertex 6.47048 24.1481 0
      vertex 4.87726 24.5196 0
    endloop
  endfacet
  facet normal -0.528058 0.849208 0
    outer loop
      vertex -12.5 21.6506 0
      vertex -13.8893 20.7867 4
      vertex -12.5 21.6506 4
    endloop
  endfacet
  facet normal -0.528058 0.849208 0
    outer loop
      vertex -13.8893 20.7867 4
      vertex -12.5 21.6506 0
      vertex -13.8893 20.7867 0
    endloop
  endfacet
  facet normal 0.956956 -0.290233 0
    outer loop
      vertex 23.6733 -8.03599 4
      vertex 24.1481 -6.47048 0
      vertex 24.1481 -6.47048 4
    endloop
  endfacet
  facet normal 0.956956 -0.290233 0
    outer loop
      vertex 24.1481 -6.47048 0
      vertex 23.6733 -8.03599 4
      vertex 23.6733 -8.03599 0
    endloop
  endfacet
  facet normal -0.935899 -0.352269 0
    outer loop
      vertex -23.097 -9.56709 0
      vertex -23.6733 -8.03599 4
      vertex -23.6733 -8.03599 0
    endloop
  endfacet
  facet normal -0.935899 -0.352269 0
    outer loop
      vertex -23.6733 -8.03599 4
      vertex -23.097 -9.56709 0
      vertex -23.097 -9.56709 4
    endloop
  endfacet
  facet normal -0.986642 0.162901 0
    outer loop
      vertex -24.7861 3.26315 0
      vertex -24.5196 4.87726 4
      vertex -24.5196 4.87726 0
    endloop
  endfacet
  facet normal -0.986642 0.162901 0
    outer loop
      vertex -24.5196 4.87726 4
      vertex -24.7861 3.26315 0
      vertex -24.7861 3.26315 4
    endloop
  endfacet
  facet normal -0.812832 0.582498 0
    outer loop
      vertex -20.7867 13.8893 0
      vertex -19.8338 15.219 4
      vertex -19.8338 15.219 0
    endloop
  endfacet
  facet normal -0.812832 0.582498 0
    outer loop
      vertex -19.8338 15.219 4
      vertex -20.7867 13.8893 0
      vertex -20.7867 13.8893 4
    endloop
  endfacet
  facet normal 0.812832 0.582498 0
    outer loop
      vertex 20.7867 13.8893 4
      vertex 19.8338 15.219 0
      vertex 19.8338 15.219 4
    endloop
  endfacet
  facet normal 0.812832 0.582498 0
    outer loop
      vertex 19.8338 15.219 0
      vertex 20.7867 13.8893 4
      vertex 20.7867 13.8893 0
    endloop
  endfacet
  facet normal -0.986642 -0.162901 0
    outer loop
      vertex -24.5196 -4.87726 0
      vertex -24.7861 -3.26315 4
      vertex -24.7861 -3.26315 0
    endloop
  endfacet
  facet normal -0.986642 -0.162901 0
    outer loop
      vertex -24.7861 -3.26315 4
      vertex -24.5196 -4.87726 0
      vertex -24.5196 -4.87726 4
    endloop
  endfacet
  facet normal 0.729894 0.683561 0
    outer loop
      vertex 18.796 16.4836 4
      vertex 17.6777 17.6777 0
      vertex 17.6777 17.6777 4
    endloop
  endfacet
  facet normal 0.729894 0.683561 0
    outer loop
      vertex 17.6777 17.6777 0
      vertex 18.796 16.4836 4
      vertex 18.796 16.4836 0
    endloop
  endfacet
  facet normal -0.528058 -0.849208 0
    outer loop
      vertex -13.8893 -20.7867 0
      vertex -12.5 -21.6506 4
      vertex -13.8893 -20.7867 4
    endloop
  endfacet
  facet normal -0.528058 -0.849208 -0
    outer loop
      vertex -12.5 -21.6506 4
      vertex -13.8893 -20.7867 0
      vertex -12.5 -21.6506 0
    endloop
  endfacet
  facet normal 0.995182 -0.0980469 0
    outer loop
      vertex 24.7861 -3.26315 4
      vertex 24.9465 -1.63508 0
      vertex 24.9465 -1.63508 4
    endloop
  endfacet
  facet normal 0.995182 -0.0980469 0
    outer loop
      vertex 24.9465 -1.63508 0
      vertex 24.7861 -3.26315 4
      vertex 24.7861 -3.26315 0
    endloop
  endfacet
  facet normal 0.729894 -0.683561 0
    outer loop
      vertex 17.6777 -17.6777 4
      vertex 18.796 -16.4836 0
      vertex 18.796 -16.4836 4
    endloop
  endfacet
  facet normal 0.729894 -0.683561 0
    outer loop
      vertex 18.796 -16.4836 0
      vertex 17.6777 -17.6777 4
      vertex 17.6777 -17.6777 0
    endloop
  endfacet
  facet normal 0.412727 0.910855 -0
    outer loop
      vertex 11.0572 22.4218 0
      vertex 9.56709 23.097 4
      vertex 11.0572 22.4218 4
    endloop
  endfacet
  facet normal 0.412727 0.910855 0
    outer loop
      vertex 9.56709 23.097 4
      vertex 11.0572 22.4218 0
      vertex 9.56709 23.097 0
    endloop
  endfacet
  facet normal -0.999465 0.0327026 0
    outer loop
      vertex -25 0 0
      vertex -24.9465 1.63508 4
      vertex -24.9465 1.63508 0
    endloop
  endfacet
  facet normal -0.999465 0.0327026 0
    outer loop
      vertex -24.9465 1.63508 4
      vertex -25 0 0
      vertex -25 0 4
    endloop
  endfacet
  facet normal -0.352269 -0.935899 0
    outer loop
      vertex -9.56709 -23.097 0
      vertex -8.03599 -23.6733 4
      vertex -9.56709 -23.097 4
    endloop
  endfacet
  facet normal -0.352269 -0.935899 -0
    outer loop
      vertex -8.03599 -23.6733 4
      vertex -9.56709 -23.097 0
      vertex -8.03599 -23.6733 0
    endloop
  endfacet
  facet normal 0.910855 -0.412727 0
    outer loop
      vertex 22.4218 -11.0572 4
      vertex 23.097 -9.56709 0
      vertex 23.097 -9.56709 4
    endloop
  endfacet
  facet normal 0.910855 -0.412727 0
    outer loop
      vertex 23.097 -9.56709 0
      vertex 22.4218 -11.0572 4
      vertex 22.4218 -11.0572 0
    endloop
  endfacet
  facet normal -0.77302 0.634382 0
    outer loop
      vertex -19.8338 15.219 0
      vertex -18.796 16.4836 4
      vertex -18.796 16.4836 0
    endloop
  endfacet
  facet normal -0.77302 0.634382 0
    outer loop
      vertex -18.796 16.4836 4
      vertex -19.8338 15.219 0
      vertex -19.8338 15.219 4
    endloop
  endfacet
  facet normal -0.0980469 -0.995182 0
    outer loop
      vertex -3.26315 -24.7861 0
      vertex -1.63508 -24.9465 4
      vertex -3.26315 -24.7861 4
    endloop
  endfacet
  facet normal -0.0980469 -0.995182 -0
    outer loop
      vertex -1.63508 -24.9465 4
      vertex -3.26315 -24.7861 0
      vertex -1.63508 -24.9465 0
    endloop
  endfacet
  facet normal 0.582498 -0.812832 0
    outer loop
      vertex 13.8893 -20.7867 0
      vertex 15.219 -19.8338 4
      vertex 13.8893 -20.7867 4
    endloop
  endfacet
  facet normal 0.582498 -0.812832 0
    outer loop
      vertex 15.219 -19.8338 4
      vertex 13.8893 -20.7867 0
      vertex 15.219 -19.8338 0
    endloop
  endfacet
  facet normal 0.973875 0.227084 0
    outer loop
      vertex 24.5196 4.87726 4
      vertex 24.1481 6.47048 0
      vertex 24.1481 6.47048 4
    endloop
  endfacet
  facet normal 0.973875 0.227084 0
    outer loop
      vertex 24.1481 6.47048 0
      vertex 24.5196 4.87726 4
      vertex 24.5196 4.87726 0
    endloop
  endfacet
  facet normal -0.849208 -0.528058 0
    outer loop
      vertex -20.7867 -13.8893 0
      vertex -21.6506 -12.5 4
      vertex -21.6506 -12.5 0
    endloop
  endfacet
  facet normal -0.849208 -0.528058 0
    outer loop
      vertex -21.6506 -12.5 4
      vertex -20.7867 -13.8893 0
      vertex -20.7867 -13.8893 4
    endloop
  endfacet
  facet normal -0.683561 -0.729894 0
    outer loop
      vertex -17.6777 -17.6777 0
      vertex -16.4836 -18.796 4
      vertex -17.6777 -17.6777 4
    endloop
  endfacet
  facet normal -0.683561 -0.729894 -0
    outer loop
      vertex -16.4836 -18.796 4
      vertex -17.6777 -17.6777 0
      vertex -16.4836 -18.796 0
    endloop
  endfacet
  facet normal 0.881919 -0.4714 0
    outer loop
      vertex 21.6506 -12.5 4
      vertex 22.4218 -11.0572 0
      vertex 22.4218 -11.0572 4
    endloop
  endfacet
  facet normal 0.881919 -0.4714 0
    outer loop
      vertex 22.4218 -11.0572 0
      vertex 21.6506 -12.5 4
      vertex 21.6506 -12.5 0
    endloop
  endfacet
  facet normal -0.729894 -0.683561 0
    outer loop
      vertex -17.6777 -17.6777 0
      vertex -18.796 -16.4836 4
      vertex -18.796 -16.4836 0
    endloop
  endfacet
  facet normal -0.729894 -0.683561 0
    outer loop
      vertex -18.796 -16.4836 4
      vertex -17.6777 -17.6777 0
      vertex -17.6777 -17.6777 4
    endloop
  endfacet
  facet normal -0.935899 0.352269 0
    outer loop
      vertex -23.6733 8.03599 0
      vertex -23.097 9.56709 4
      vertex -23.097 9.56709 0
    endloop
  endfacet
  facet normal -0.935899 0.352269 0
    outer loop
      vertex -23.097 9.56709 4
      vertex -23.6733 8.03599 0
      vertex -23.6733 8.03599 4
    endloop
  endfacet
  facet normal 0.4714 0.881919 -0
    outer loop
      vertex 12.5 21.6506 0
      vertex 11.0572 22.4218 4
      vertex 12.5 21.6506 4
    endloop
  endfacet
  facet normal 0.4714 0.881919 0
    outer loop
      vertex 11.0572 22.4218 4
      vertex 12.5 21.6506 0
      vertex 11.0572 22.4218 0
    endloop
  endfacet
  facet normal -0.0980469 0.995182 0
    outer loop
      vertex -1.63508 24.9465 0
      vertex -3.26315 24.7861 4
      vertex -1.63508 24.9465 4
    endloop
  endfacet
  facet normal -0.0980469 0.995182 0
    outer loop
      vertex -3.26315 24.7861 4
      vertex -1.63508 24.9465 0
      vertex -3.26315 24.7861 0
    endloop
  endfacet
  facet normal -0.634382 -0.77302 0
    outer loop
      vertex -16.4836 -18.796 0
      vertex -15.219 -19.8338 4
      vertex -16.4836 -18.796 4
    endloop
  endfacet
  facet normal -0.634382 -0.77302 -0
    outer loop
      vertex -15.219 -19.8338 4
      vertex -16.4836 -18.796 0
      vertex -15.219 -19.8338 0
    endloop
  endfacet
  facet normal 0.77302 0.634382 0
    outer loop
      vertex 19.8338 15.219 4
      vertex 18.796 16.4836 0
      vertex 18.796 16.4836 4
    endloop
  endfacet
  facet normal 0.77302 0.634382 0
    outer loop
      vertex 18.796 16.4836 0
      vertex 19.8338 15.219 4
      vertex 19.8338 15.219 0
    endloop
  endfacet
  facet normal -0.910855 -0.412727 0
    outer loop
      vertex -22.4218 -11.0572 0
      vertex -23.097 -9.56709 4
      vertex -23.097 -9.56709 0
    endloop
  endfacet
  facet normal -0.910855 -0.412727 0
    outer loop
      vertex -23.097 -9.56709 4
      vertex -22.4218 -11.0572 0
      vertex -22.4218 -11.0572 4
    endloop
  endfacet
  facet normal -0.973875 -0.227084 0
    outer loop
      vertex -24.1481 -6.47048 0
      vertex -24.5196 -4.87726 4
      vertex -24.5196 -4.87726 0
    endloop
  endfacet
  facet normal -0.973875 -0.227084 0
    outer loop
      vertex -24.5196 -4.87726 4
      vertex -24.1481 -6.47048 0
      vertex -24.1481 -6.47048 4
    endloop
  endfacet
  facet normal -0.227084 0.973875 0
    outer loop
      vertex -4.87726 24.5196 0
      vertex -6.47048 24.1481 4
      vertex -4.87726 24.5196 4
    endloop
  endfacet
  facet normal -0.227084 0.973875 0
    outer loop
      vertex -6.47048 24.1481 4
      vertex -4.87726 24.5196 0
      vertex -6.47048 24.1481 0
    endloop
  endfacet
  facet normal 0.973875 -0.227084 0
    outer loop
      vertex 24.1481 -6.47048 4
      vertex 24.5196 -4.87726 0
      vertex 24.5196 -4.87726 4
    endloop
  endfacet
  facet normal 0.973875 -0.227084 0
    outer loop
      vertex 24.5196 -4.87726 0
      vertex 24.1481 -6.47048 4
      vertex 24.1481 -6.47048 0
    endloop
  endfacet
  facet normal -0.582498 -0.812832 0
    outer loop
      vertex -15.219 -19.8338 0
      vertex -13.8893 -20.7867 4
      vertex -15.219 -19.8338 4
    endloop
  endfacet
  facet normal -0.582498 -0.812832 -0
    outer loop
      vertex -13.8893 -20.7867 4
      vertex -15.219 -19.8338 0
      vertex -13.8893 -20.7867 0
    endloop
  endfacet
  facet normal 0.352269 0.935899 -0
    outer loop
      vertex 9.56709 23.097 0
      vertex 8.03599 23.6733 4
      vertex 9.56709 23.097 4
    endloop
  endfacet
  facet normal 0.352269 0.935899 0
    outer loop
      vertex 8.03599 23.6733 4
      vertex 9.56709 23.097 0
      vertex 8.03599 23.6733 0
    endloop
  endfacet
  facet normal 0.412727 -0.910855 0
    outer loop
      vertex 9.56709 -23.097 0
      vertex 11.0572 -22.4218 4
      vertex 9.56709 -23.097 4
    endloop
  endfacet
  facet normal 0.412727 -0.910855 0
    outer loop
      vertex 11.0572 -22.4218 4
      vertex 9.56709 -23.097 0
      vertex 11.0572 -22.4218 0
    endloop
  endfacet
  facet normal 0 0 1
    outer loop
      vertex -3.94948 2.63896 4
      vertex -9.56863 5.75712 4
      vertex -4.11362 2.375 4
    endloop
  endfacet
  facet normal -0 0 1
    outer loop
      vertex -9.66367 5.57932 4
      vertex -4.11362 2.375 4
      vertex -9.56863 5.75712 4
    endloop
  endfacet
  facet normal -0 0 1
    outer loop
      vertex -9.77013 5.40812 4
      vertex -4.11362 2.375 4
      vertex -9.66367 5.57932 4
    endloop
  endfacet
  facet normal 0 0 1
    outer loop
      vertex -4.11362 2.375 4
      vertex -9.77013 5.40812 4
      vertex -4.26015 2.10087 4
    endloop
  endfacet
  facet normal -0 0 1
    outer loop
      vertex -9.77049 5.40753 4
      vertex -4.26015 2.10087 4
      vertex -9.77013 5.40812 4
    endloop
  endfacet
  facet normal -0 0 1
    outer loop
      vertex -9.88792 5.24366 4
      vertex -4.26015 2.10087 4
      vertex -9.77049 5.40753 4
    endloop
  endfacet
  facet normal -0 0 1
    outer loop
      vertex -9.88832 5.2431 4
      vertex -4.26015 2.10087 4
      vertex -9.88792 5.24366 4
    endloop
  endfacet
  facet normal 0 0 1
    outer loop
      vertex -4.26015 2.10087 4
      vertex -9.88832 5.2431 4
      vertex -4.38843 1.81775 4
    endloop
  endfacet
  facet normal -0 0 1
    outer loop
      vertex -9.88876 5.24257 4
      vertex -4.38843 1.81775 4
      vertex -9.88832 5.2431 4
    endloop
  endfacet
  facet normal -0 0 1
    outer loop
      vertex -10.0167 5.08673 4
      vertex -4.38843 1.81775 4
      vertex -9.88876 5.24257 4
    endloop
  endfacet
  facet normal 0 0 1
    outer loop
      vertex -4.38843 1.81775 4
      vertex -10.0167 5.08673 4
      vertex -4.49792 1.52684 4
    endloop
  endfacet
  facet normal -0 0 1
    outer loop
      vertex -10.0171 5.08623 4
      vertex -4.49792 1.52684 4
      vertex -10.0167 5.08673 4
    endloop
  endfacet
  facet normal -0 0 1
    outer loop
      vertex -10.1549 4.93908 4
      vertex -4.49792 1.52684 4
      vertex -10.0171 5.08623 4
    endloop
  endfacet
  facet normal 0 0 1
    outer loop
      vertex -4.49792 1.52684 4
      vertex -10.1549 4.93908 4
      vertex -4.58815 1.22939 4
    endloop
  endfacet
  facet normal -0 0 1
    outer loop
      vertex -10.3021 4.80126 4
      vertex -4.58815 1.22939 4
      vertex -10.1549 4.93908 4
    endloop
  endfacet
  facet normal -0 0 1
    outer loop
      vertex -10.3026 4.80079 4
      vertex -4.58815 1.22939 4
      vertex -10.3021 4.80126 4
    endloop
  endfacet
  facet normal -0 0 1
    outer loop
      vertex -10.3031 4.80036 4
      vertex -4.58815 1.22939 4
      vertex -10.3026 4.80079 4
    endloop
  endfacet
  facet normal -0 0 1
    outer loop
      vertex -10.459 4.67246 4
      vertex -4.58815 1.22939 4
      vertex -10.3031 4.80036 4
    endloop
  endfacet
  facet normal 0 0 1
    outer loop
      vertex -4.58815 1.22939 4
      vertex -10.459 4.67246 4
      vertex -4.65873 0.926679 4
    endloop
  endfacet
  facet normal -0 0 1
    outer loop
      vertex -10.6228 4.55503 4
      vertex -4.65873 0.926679 4
      vertex -10.459 4.67246 4
    endloop
  endfacet
  facet normal -0 0 1
    outer loop
      vertex -10.6234 4.55463 4
      vertex -4.65873 0.926679 4
      vertex -10.6228 4.55503 4
    endloop
  endfacet
  facet normal 0 0 1
    outer loop
      vertex -4.65873 0.926679 4
      vertex -10.6234 4.55463 4
      vertex -4.70936 0.619999 4
    endloop
  endfacet
  facet normal -0 0 1
    outer loop
      vertex -10.624 4.55427 4
      vertex -4.70936 0.619999 4
      vertex -10.6234 4.55463 4
    endloop
  endfacet
  facet normal -0 0 1
    outer loop
      vertex -10.7952 4.44781 4
      vertex -4.70936 0.619999 4
      vertex -10.624 4.55427 4
    endloop
  endfacet
  facet normal 0 0 1
    outer loop
      vertex -4.70936 0.619999 4
      vertex -10.7952 4.44781 4
      vertex -4.73983 0.310664 4
    endloop
  endfacet
  facet normal -0 0 1
    outer loop
      vertex -10.973 4.35277 4
      vertex -4.73983 0.310664 4
      vertex -10.7952 4.44781 4
    endloop
  endfacet
  facet normal -0 0 1
    outer loop
      vertex -10.9736 4.35245 4
      vertex -4.73983 0.310664 4
      vertex -10.973 4.35277 4
    endloop
  endfacet
  facet normal 0 0 1
    outer loop
      vertex -4.73983 0.310664 4
      vertex -10.9736 4.35245 4
      vertex -4.75 0 4
    endloop
  endfacet
  facet normal -0 0 1
    outer loop
      vertex -10.9742 4.35216 4
      vertex -4.75 0 4
      vertex -10.9736 4.35245 4
    endloop
  endfacet
  facet normal -0 0 1
    outer loop
      vertex -11.1579 4.26896 4
      vertex -4.75 0 4
      vertex -10.9742 4.35216 4
    endloop
  endfacet
  facet normal -0 0 1
    outer loop
      vertex -11.1585 4.26872 4
      vertex -4.75 0 4
      vertex -11.1579 4.26896 4
    endloop
  endfacet
  facet normal 0 0 1
    outer loop
      vertex -4.75 0 4
      vertex -11.1585 4.26872 4
      vertex -4.73983 -0.310664 4
    endloop
  endfacet
  facet normal 0 0 1
    outer loop
      vertex -4.49792 -1.52684 4
      vertex -9.56709 -23.097 4
      vertex -8.03599 -23.6733 4
    endloop
  endfacet
  facet normal -0 0 1
    outer loop
      vertex -11.3472 4.1977 4
      vertex -4.73983 -0.310664 4
      vertex -11.1585 4.26872 4
    endloop
  endfacet
  facet normal -0 0 1
    outer loop
      vertex -11.5401 4.13918 4
      vertex -4.73983 -0.310664 4
      vertex -11.3472 4.1977 4
    endloop
  endfacet
  facet normal 0 0 1
    outer loop
      vertex -4.73983 -0.310664 4
      vertex -11.5401 4.13918 4
      vertex -4.70936 -0.619999 4
    endloop
  endfacet
  facet normal 0 0 1
    outer loop
      vertex -4.49792 -1.52684 4
      vertex -11.0572 -22.4218 4
      vertex -9.56709 -23.097 4
    endloop
  endfacet
  facet normal -0 0 1
    outer loop
      vertex -11.5408 4.13898 4
      vertex -4.70936 -0.619999 4
      vertex -11.5401 4.13918 4
    endloop
  endfacet
  facet normal -0 0 1
    outer loop
      vertex -11.5414 4.13882 4
      vertex -4.70936 -0.619999 4
      vertex -11.5408 4.13898 4
    endloop
  endfacet
  facet normal -0 0 1
    outer loop
      vertex -11.7378 4.09304 4
      vertex -4.70936 -0.619999 4
      vertex -11.5414 4.13882 4
    endloop
  endfacet
  facet normal 0 0 1
    outer loop
      vertex -4.70936 -0.619999 4
      vertex -11.7378 4.09304 4
      vertex -4.65873 -0.926679 4
    endloop
  endfacet
  facet normal -0 0 1
    outer loop
      vertex -11.9367 4.0602 4
      vertex -4.65873 -0.926679 4
      vertex -11.7378 4.09304 4
    endloop
  endfacet
  facet normal -0 0 1
    outer loop
      vertex -11.9374 4.06009 4
      vertex -4.65873 -0.926679 4
      vertex -11.9367 4.0602 4
    endloop
  endfacet
  facet normal 0 0 1
    outer loop
      vertex -4.65873 -0.926679 4
      vertex -11.9374 4.06009 4
      vertex -4.58815 -1.22939 4
    endloop
  endfacet
  facet normal -0 0 1
    outer loop
      vertex -12.138 4.04033 4
      vertex -4.58815 -1.22939 4
      vertex -11.9374 4.06009 4
    endloop
  endfacet
  facet normal -0 0 1
    outer loop
      vertex -12.1387 4.04026 4
      vertex -4.58815 -1.22939 4
      vertex -12.138 4.04033 4
    endloop
  endfacet
  facet normal 0 0 1
    outer loop
      vertex -4.58815 -1.22939 4
      vertex -12.1387 4.04026 4
      vertex -4.49792 -1.52684 4
    endloop
  endfacet
  facet normal -0 0 1
    outer loop
      vertex -12.1394 4.04024 4
      vertex -4.49792 -1.52684 4
      vertex -12.1387 4.04026 4
    endloop
  endfacet
  facet normal -0 0 1
    outer loop
      vertex -12.3409 4.03364 4
      vertex -4.49792 -1.52684 4
      vertex -12.1394 4.04024 4
    endloop
  endfacet
  facet normal 0 0 1
    outer loop
      vertex -12.5424 4.04024 4
      vertex -4.49792 -1.52684 4
      vertex -12.3409 4.03364 4
    endloop
  endfacet
  facet normal 0 0 1
    outer loop
      vertex -4.49792 -1.52684 4
      vertex -12.5 -21.6506 4
      vertex -11.0572 -22.4218 4
    endloop
  endfacet
  facet normal 0 0 1
    outer loop
      vertex -12.543 4.04026 4
      vertex -4.49792 -1.52684 4
      vertex -12.5424 4.04024 4
    endloop
  endfacet
  facet normal 0 0 1
    outer loop
      vertex -4.49792 -1.52684 4
      vertex -12.543 4.04026 4
      vertex -22.4218 -11.0572 4
    endloop
  endfacet
  facet normal 0 0 1
    outer loop
      vertex -22.4218 -11.0572 4
      vertex -12.543 4.04026 4
      vertex -12.5437 4.04033 4
    endloop
  endfacet
  facet normal 0 0 1
    outer loop
      vertex -23.097 -9.56709 4
      vertex -12.5437 4.04033 4
      vertex -12.7444 4.06009 4
    endloop
  endfacet
  facet normal 0 0 1
    outer loop
      vertex -23.097 -9.56709 4
      vertex -12.7444 4.06009 4
      vertex -12.9433 4.09293 4
    endloop
  endfacet
  facet normal 0 0 1
    outer loop
      vertex -23.6733 -8.03599 4
      vertex -12.9433 4.09293 4
      vertex -12.944 4.09304 4
    endloop
  endfacet
  facet normal 0 0 1
    outer loop
      vertex -23.6733 -8.03599 4
      vertex -12.944 4.09304 4
      vertex -12.9446 4.0932 4
    endloop
  endfacet
  facet normal 0 0 1
    outer loop
      vertex -23.6733 -8.03599 4
      vertex -12.9446 4.0932 4
      vertex -13.141 4.13898 4
    endloop
  endfacet
  facet normal 0 0 1
    outer loop
      vertex -24.1481 -6.47048 4
      vertex -13.141 4.13898 4
      vertex -13.3339 4.1975 4
    endloop
  endfacet
  facet normal 0 0 1
    outer loop
      vertex -24.1481 -6.47048 4
      vertex -13.3339 4.1975 4
      vertex -13.3345 4.1977 4
    endloop
  endfacet
  facet normal 0 0 1
    outer loop
      vertex -24.5196 -4.87726 4
      vertex -13.3345 4.1977 4
      vertex -13.5232 4.26872 4
    endloop
  endfacet
  facet normal 0 0 1
    outer loop
      vertex -24.5196 -4.87726 4
      vertex -13.5232 4.26872 4
      vertex -13.5239 4.26896 4
    endloop
  endfacet
  facet normal 0 0 1
    outer loop
      vertex -24.5196 -4.87726 4
      vertex -13.5239 4.26896 4
      vertex -13.5245 4.26924 4
    endloop
  endfacet
  facet normal 0 0 1
    outer loop
      vertex -24.5196 -4.87726 4
      vertex -13.5245 4.26924 4
      vertex -13.7081 4.35245 4
    endloop
  endfacet
  facet normal 0 0 1
    outer loop
      vertex -24.7861 -3.26315 4
      vertex -13.7081 4.35245 4
      vertex -13.7087 4.35277 4
    endloop
  endfacet
  facet normal 0 0 1
    outer loop
      vertex -24.7861 -3.26315 4
      vertex -13.7087 4.35277 4
      vertex -13.8865 4.44781 4
    endloop
  endfacet
  facet normal 0 0 1
    outer loop
      vertex -4.49792 -1.52684 4
      vertex -13.8893 -20.7867 4
      vertex -12.5 -21.6506 4
    endloop
  endfacet
  facet normal 0 0 1
    outer loop
      vertex -24.9465 -1.63508 4
      vertex -13.8865 4.44781 4
      vertex -14.0577 4.55427 4
    endloop
  endfacet
  facet normal 0 0 1
    outer loop
      vertex -24.9465 -1.63508 4
      vertex -14.0577 4.55427 4
      vertex -14.0583 4.55463 4
    endloop
  endfacet
  facet normal 0 0 1
    outer loop
      vertex -24.9465 -1.63508 4
      vertex -14.0583 4.55463 4
      vertex -14.2222 4.67206 4
    endloop
  endfacet
  facet normal 0 0 1
    outer loop
      vertex -24.9465 -1.63508 4
      vertex -14.2222 4.67206 4
      vertex -14.2228 4.67246 4
    endloop
  endfacet
  facet normal 0 0 1
    outer loop
      vertex -25 0 4
      vertex -14.2228 4.67246 4
      vertex -14.2233 4.6729 4
    endloop
  endfacet
  facet normal 0 0 1
    outer loop
      vertex -25 0 4
      vertex -14.2233 4.6729 4
      vertex -14.3791 4.80079 4
    endloop
  endfacet
  facet normal 0 0 1
    outer loop
      vertex -25 0 4
      vertex -14.3791 4.80079 4
      vertex -14.3796 4.80126 4
    endloop
  endfacet
  facet normal 0 0 1
    outer loop
      vertex -25 0 4
      vertex -14.3796 4.80126 4
      vertex -14.5268 4.93908 4
    endloop
  endfacet
  facet normal 0 0 1
    outer loop
      vertex -24.9465 1.63508 4
      vertex -14.5268 4.93908 4
      vertex -14.6646 5.08622 4
    endloop
  endfacet
  facet normal 0 0 1
    outer loop
      vertex -24.9465 1.63508 4
      vertex -14.6646 5.08622 4
      vertex -14.6651 5.08673 4
    endloop
  endfacet
  facet normal 0 0 1
    outer loop
      vertex -24.9465 1.63508 4
      vertex -14.6651 5.08673 4
      vertex -14.6655 5.08726 4
    endloop
  endfacet
  facet normal 0 0 1
    outer loop
      vertex -24.9465 1.63508 4
      vertex -14.6655 5.08726 4
      vertex -14.7934 5.2431 4
    endloop
  endfacet
  facet normal 0 0 1
    outer loop
      vertex -24.7861 3.26315 4
      vertex -14.7934 5.2431 4
      vertex -14.9108 5.40698 4
    endloop
  endfacet
  facet normal 0 0 1
    outer loop
      vertex -24.7861 3.26315 4
      vertex -14.9108 5.40698 4
      vertex -14.9112 5.40753 4
    endloop
  endfacet
  facet normal 0 0 1
    outer loop
      vertex -24.7861 3.26315 4
      vertex -14.9112 5.40753 4
      vertex -14.9116 5.40812 4
    endloop
  endfacet
  facet normal 0 0 1
    outer loop
      vertex -24.7861 3.26315 4
      vertex -14.9116 5.40812 4
      vertex -15.0181 5.57932 4
    endloop
  endfacet
  facet normal 0 0 1
    outer loop
      vertex -24.7861 3.26315 4
      vertex -15.0181 5.57932 4
      vertex -15.1131 5.75712 4
    endloop
  endfacet
  facet normal 0 0 1
    outer loop
      vertex -24.5196 4.87726 4
      vertex -15.1131 5.75712 4
      vertex -15.1134 5.75773 4
    endloop
  endfacet
  facet normal 0 0 1
    outer loop
      vertex -24.5196 4.87726 4
      vertex -15.1134 5.75773 4
      vertex -15.1137 5.75835 4
    endloop
  endfacet
  facet normal 0 0 1
    outer loop
      vertex -24.5196 4.87726 4
      vertex -15.1137 5.75835 4
      vertex -15.1969 5.94199 4
    endloop
  endfacet
  facet normal 0 0 1
    outer loop
      vertex -24.5196 4.87726 4
      vertex -15.1969 5.94199 4
      vertex -15.1971 5.94263 4
    endloop
  endfacet
  facet normal 0 0 1
    outer loop
      vertex -4.49792 -1.52684 4
      vertex -15.219 -19.8338 4
      vertex -13.8893 -20.7867 4
    endloop
  endfacet
  facet normal 0 0 1
    outer loop
      vertex -24.5196 4.87726 4
      vertex -15.1971 5.94263 4
      vertex -15.2682 6.13132 4
    endloop
  endfacet
  facet normal 0 0 1
    outer loop
      vertex -24.1481 6.47048 4
      vertex -15.2682 6.13132 4
      vertex -15.3267 6.32424 4
    endloop
  endfacet
  facet normal 0 0 1
    outer loop
      vertex -24.1481 6.47048 4
      vertex -15.3267 6.32424 4
      vertex -15.3269 6.3249 4
    endloop
  endfacet
  facet normal 0 0 1
    outer loop
      vertex -24.1481 6.47048 4
      vertex -15.3269 6.3249 4
      vertex -15.327 6.32557 4
    endloop
  endfacet
  facet normal -0 0 1
    outer loop
      vertex -24.1481 6.47048 4
      vertex -15.327 6.32557 4
      vertex -15.3728 6.52191 4
    endloop
  endfacet
  facet normal 0 0 1
    outer loop
      vertex -24.1481 6.47048 4
      vertex -15.3728 6.52191 4
      vertex -15.4057 6.72082 4
    endloop
  endfacet
  facet normal 0 0 1
    outer loop
      vertex -24.1481 6.47048 4
      vertex -15.4057 6.72082 4
      vertex -15.4058 6.7215 4
    endloop
  endfacet
  facet normal 0 0 1
    outer loop
      vertex -23.6733 8.03599 4
      vertex -15.4058 6.7215 4
      vertex -15.4255 6.92213 4
    endloop
  endfacet
  facet normal 0 0 1
    outer loop
      vertex -23.6733 8.03599 4
      vertex -15.4255 6.92213 4
      vertex -15.4256 6.92282 4
    endloop
  endfacet
  facet normal 0 0 1
    outer loop
      vertex -23.6733 8.03599 4
      vertex -15.4256 6.92282 4
      vertex -15.4256 6.9235 4
    endloop
  endfacet
  facet normal 0 0 1
    outer loop
      vertex -23.6733 8.03599 4
      vertex -15.4256 6.9235 4
      vertex -15.4322 7.125 4
    endloop
  endfacet
  facet normal 0 0 1
    outer loop
      vertex -15.3727 7.72876 4
      vertex -23.097 9.56709 4
      vertex -15.3728 7.72809 4
    endloop
  endfacet
  facet normal 0 0 1
    outer loop
      vertex -4.49792 -1.52684 4
      vertex -16.4836 -18.796 4
      vertex -15.219 -19.8338 4
    endloop
  endfacet
  facet normal 0 0 1
    outer loop
      vertex -15.3728 7.72809 4
      vertex -23.097 9.56709 4
      vertex -15.3729 7.72742 4
    endloop
  endfacet
  facet normal 0 0 1
    outer loop
      vertex -4.49792 -1.52684 4
      vertex -17.6777 -17.6777 4
      vertex -16.4836 -18.796 4
    endloop
  endfacet
  facet normal 0 0 1
    outer loop
      vertex -15.3729 7.72742 4
      vertex -23.097 9.56709 4
      vertex -15.4058 7.5285 4
    endloop
  endfacet
  facet normal 0 0 1
    outer loop
      vertex -4.49792 -1.52684 4
      vertex -18.796 -16.4836 4
      vertex -17.6777 -17.6777 4
    endloop
  endfacet
  facet normal 0 0 1
    outer loop
      vertex -15.4058 7.5285 4
      vertex -23.097 9.56709 4
      vertex -15.4255 7.32787 4
    endloop
  endfacet
  facet normal 0 0 1
    outer loop
      vertex -4.49792 -1.52684 4
      vertex -19.8338 -15.219 4
      vertex -18.796 -16.4836 4
    endloop
  endfacet
  facet normal 0 0 1
    outer loop
      vertex -15.4255 7.32787 4
      vertex -23.097 9.56709 4
      vertex -15.4256 7.32718 4
    endloop
  endfacet
  facet normal 0 0 1
    outer loop
      vertex -4.49792 -1.52684 4
      vertex -20.7867 -13.8893 4
      vertex -19.8338 -15.219 4
    endloop
  endfacet
  facet normal 0 0 1
    outer loop
      vertex -15.4256 7.32718 4
      vertex -23.097 9.56709 4
      vertex -15.4256 7.3265 4
    endloop
  endfacet
  facet normal 0 0 1
    outer loop
      vertex -4.49792 -1.52684 4
      vertex -21.6506 -12.5 4
      vertex -20.7867 -13.8893 4
    endloop
  endfacet
  facet normal 0 0 1
    outer loop
      vertex -15.4256 7.3265 4
      vertex -23.097 9.56709 4
      vertex -15.4322 7.125 4
    endloop
  endfacet
  facet normal 0 0 1
    outer loop
      vertex -4.49792 -1.52684 4
      vertex -22.4218 -11.0572 4
      vertex -21.6506 -12.5 4
    endloop
  endfacet
  facet normal -0 0 1
    outer loop
      vertex -23.6733 8.03599 4
      vertex -15.4322 7.125 4
      vertex -23.097 9.56709 4
    endloop
  endfacet
  facet normal 0 0 1
    outer loop
      vertex -12.5437 4.04033 4
      vertex -23.097 -9.56709 4
      vertex -22.4218 -11.0572 4
    endloop
  endfacet
  facet normal 0 0 1
    outer loop
      vertex -15.4058 6.7215 4
      vertex -23.6733 8.03599 4
      vertex -24.1481 6.47048 4
    endloop
  endfacet
  facet normal 0 0 1
    outer loop
      vertex -12.9433 4.09293 4
      vertex -23.6733 -8.03599 4
      vertex -23.097 -9.56709 4
    endloop
  endfacet
  facet normal 0 0 1
    outer loop
      vertex -15.2682 6.13132 4
      vertex -24.1481 6.47048 4
      vertex -24.5196 4.87726 4
    endloop
  endfacet
  facet normal 0 0 1
    outer loop
      vertex -13.141 4.13898 4
      vertex -24.1481 -6.47048 4
      vertex -23.6733 -8.03599 4
    endloop
  endfacet
  facet normal 0 0 1
    outer loop
      vertex -15.1131 5.75712 4
      vertex -24.5196 4.87726 4
      vertex -24.7861 3.26315 4
    endloop
  endfacet
  facet normal 0 0 1
    outer loop
      vertex -13.3345 4.1977 4
      vertex -24.5196 -4.87726 4
      vertex -24.1481 -6.47048 4
    endloop
  endfacet
  facet normal 0 0 1
    outer loop
      vertex -14.7934 5.2431 4
      vertex -24.7861 3.26315 4
      vertex -24.9465 1.63508 4
    endloop
  endfacet
  facet normal 0 0 1
    outer loop
      vertex -13.7081 4.35245 4
      vertex -24.7861 -3.26315 4
      vertex -24.5196 -4.87726 4
    endloop
  endfacet
  facet normal 0 0 1
    outer loop
      vertex -14.5268 4.93908 4
      vertex -24.9465 1.63508 4
      vertex -25 0 4
    endloop
  endfacet
  facet normal 0 0 1
    outer loop
      vertex -13.8865 4.44781 4
      vertex -24.9465 -1.63508 4
      vertex -24.7861 -3.26315 4
    endloop
  endfacet
  facet normal 0 0 1
    outer loop
      vertex -14.2228 4.67246 4
      vertex -25 0 4
      vertex -24.9465 -1.63508 4
    endloop
  endfacet
  facet normal 0 0 1
    outer loop
      vertex 15.219 -19.8338 4
      vertex 3.08476 -14.0485 4
      vertex 3.09136 -14.25 4
    endloop
  endfacet
  facet normal 0 0 1
    outer loop
      vertex 3.35876 -3.35876 4
      vertex 3.08474 -14.0478 4
      vertex 3.08476 -14.0485 4
    endloop
  endfacet
  facet normal 0 0 1
    outer loop
      vertex 3.35876 -3.35876 4
      vertex 3.06498 -13.8472 4
      vertex 3.08474 -14.0478 4
    endloop
  endfacet
  facet normal 0 0 1
    outer loop
      vertex 3.35876 -3.35876 4
      vertex 3.06491 -13.8465 4
      vertex 3.06498 -13.8472 4
    endloop
  endfacet
  facet normal 0 0 1
    outer loop
      vertex 3.35876 -3.35876 4
      vertex 3.0648 -13.8458 4
      vertex 3.06491 -13.8465 4
    endloop
  endfacet
  facet normal 0 0 1
    outer loop
      vertex 3.35876 -3.35876 4
      vertex 3.03196 -13.6469 4
      vertex 3.0648 -13.8458 4
    endloop
  endfacet
  facet normal 0 0 1
    outer loop
      vertex 3.35876 -3.35876 4
      vertex 3.0318 -13.6462 4
      vertex 3.03196 -13.6469 4
    endloop
  endfacet
  facet normal 0 0 1
    outer loop
      vertex 3.35876 -3.35876 4
      vertex 2.98602 -13.4499 4
      vertex 3.0318 -13.6462 4
    endloop
  endfacet
  facet normal 0 0 1
    outer loop
      vertex 3.35876 -3.35876 4
      vertex 2.9275 -13.257 4
      vertex 2.98602 -13.4499 4
    endloop
  endfacet
  facet normal 0 0 1
    outer loop
      vertex 3.35876 -3.35876 4
      vertex 2.9273 -13.2563 4
      vertex 2.9275 -13.257 4
    endloop
  endfacet
  facet normal 0 0 1
    outer loop
      vertex 3.35876 -3.35876 4
      vertex 2.92706 -13.2557 4
      vertex 2.9273 -13.2563 4
    endloop
  endfacet
  facet normal 0 0 1
    outer loop
      vertex 2.32421 -12.2117 4
      vertex 3.13189 -3.57124 4
      vertex 2.89162 -3.76843 4
    endloop
  endfacet
  facet normal 0 0 1
    outer loop
      vertex 3.35876 -3.35876 4
      vertex 2.85604 -13.067 4
      vertex 2.92706 -13.2557 4
    endloop
  endfacet
  facet normal 0 0 1
    outer loop
      vertex 3.35876 -3.35876 4
      vertex 2.77284 -12.8834 4
      vertex 2.85604 -13.067 4
    endloop
  endfacet
  facet normal 0 0 1
    outer loop
      vertex 3.35876 -3.35876 4
      vertex 2.77255 -12.8827 4
      vertex 2.77284 -12.8834 4
    endloop
  endfacet
  facet normal 0 0 1
    outer loop
      vertex 3.35876 -3.35876 4
      vertex 2.77223 -12.8821 4
      vertex 2.77255 -12.8827 4
    endloop
  endfacet
  facet normal 0 0 1
    outer loop
      vertex 3.35876 -3.35876 4
      vertex 2.67719 -12.7043 4
      vertex 2.77223 -12.8821 4
    endloop
  endfacet
  facet normal 0 0 1
    outer loop
      vertex 2.18592 -12.0641 4
      vertex 2.89162 -3.76843 4
      vertex 2.63896 -3.94948 4
    endloop
  endfacet
  facet normal 0 0 1
    outer loop
      vertex 3.35876 -3.35876 4
      vertex 2.57073 -12.5331 4
      vertex 2.67719 -12.7043 4
    endloop
  endfacet
  facet normal 0 0 1
    outer loop
      vertex 3.35876 -3.35876 4
      vertex 2.57037 -12.5325 4
      vertex 2.57073 -12.5331 4
    endloop
  endfacet
  facet normal 0 0 1
    outer loop
      vertex 3.35876 -3.35876 4
      vertex 2.56997 -12.532 4
      vertex 2.57037 -12.5325 4
    endloop
  endfacet
  facet normal 0 0 1
    outer loop
      vertex 3.35876 -3.35876 4
      vertex 2.45254 -12.3681 4
      vertex 2.56997 -12.532 4
    endloop
  endfacet
  facet normal 0 0 1
    outer loop
      vertex 3.13189 -3.57124 4
      vertex 2.4521 -12.3676 4
      vertex 2.45254 -12.3681 4
    endloop
  endfacet
  facet normal 0 0 1
    outer loop
      vertex 2.03827 -11.9258 4
      vertex 2.63896 -3.94948 4
      vertex 2.375 -4.11362 4
    endloop
  endfacet
  facet normal 0 0 1
    outer loop
      vertex 3.13189 -3.57124 4
      vertex 2.32421 -12.2117 4
      vertex 2.4521 -12.3676 4
    endloop
  endfacet
  facet normal 0 0 1
    outer loop
      vertex 2.89162 -3.76843 4
      vertex 2.18639 -12.0646 4
      vertex 2.32421 -12.2117 4
    endloop
  endfacet
  facet normal 0 0 1
    outer loop
      vertex 2.89162 -3.76843 4
      vertex 2.18592 -12.0641 4
      vertex 2.18639 -12.0646 4
    endloop
  endfacet
  facet normal 0 0 1
    outer loop
      vertex 2.63896 -3.94948 4
      vertex 2.18542 -12.0636 4
      vertex 2.18592 -12.0641 4
    endloop
  endfacet
  facet normal 0 0 1
    outer loop
      vertex 1.71802 -11.68 4
      vertex 2.375 -4.11362 4
      vertex 2.10087 -4.26015 4
    endloop
  endfacet
  facet normal 0 0 1
    outer loop
      vertex 2.63896 -3.94948 4
      vertex 2.03827 -11.9258 4
      vertex 2.18542 -12.0636 4
    endloop
  endfacet
  facet normal 0 0 1
    outer loop
      vertex 2.375 -4.11362 4
      vertex 1.88243 -11.7979 4
      vertex 2.03827 -11.9258 4
    endloop
  endfacet
  facet normal 0 0 1
    outer loop
      vertex 2.375 -4.11362 4
      vertex 1.8819 -11.7975 4
      vertex 1.88243 -11.7979 4
    endloop
  endfacet
  facet normal 0 0 1
    outer loop
      vertex 1.54568 -11.5728 4
      vertex 2.10087 -4.26015 4
      vertex 1.81775 -4.38843 4
    endloop
  endfacet
  facet normal 0 0 1
    outer loop
      vertex 2.375 -4.11362 4
      vertex 1.71802 -11.68 4
      vertex 1.8819 -11.7975 4
    endloop
  endfacet
  facet normal 0 0 1
    outer loop
      vertex 2.10087 -4.26015 4
      vertex 1.71747 -11.6796 4
      vertex 1.71802 -11.68 4
    endloop
  endfacet
  facet normal 0 0 1
    outer loop
      vertex 2.10087 -4.26015 4
      vertex 1.71688 -11.6793 4
      vertex 1.71747 -11.6796 4
    endloop
  endfacet
  facet normal 0 0 1
    outer loop
      vertex 2.10087 -4.26015 4
      vertex 1.54568 -11.5728 4
      vertex 1.71688 -11.6793 4
    endloop
  endfacet
  facet normal 0 0 1
    outer loop
      vertex 1.36727 -11.4774 4
      vertex 1.81775 -4.38843 4
      vertex 1.52684 -4.49792 4
    endloop
  endfacet
  facet normal 0 0 1
    outer loop
      vertex 1.81775 -4.38843 4
      vertex 1.36788 -11.4778 4
      vertex 1.54568 -11.5728 4
    endloop
  endfacet
  facet normal 0 0 1
    outer loop
      vertex 1.81775 -4.38843 4
      vertex 1.36727 -11.4774 4
      vertex 1.36788 -11.4778 4
    endloop
  endfacet
  facet normal 0 0 1
    outer loop
      vertex 1.52684 -4.49792 4
      vertex 1.36665 -11.4772 4
      vertex 1.36727 -11.4774 4
    endloop
  endfacet
  facet normal 0 0 1
    outer loop
      vertex 1.18301 -11.394 4
      vertex 1.52684 -4.49792 4
      vertex 1.22939 -4.58815 4
    endloop
  endfacet
  facet normal 0 0 1
    outer loop
      vertex 1.52684 -4.49792 4
      vertex 1.18301 -11.394 4
      vertex 1.36665 -11.4772 4
    endloop
  endfacet
  facet normal 0 0 1
    outer loop
      vertex 1.22939 -4.58815 4
      vertex 0.994327 -11.3229 4
      vertex 1.18301 -11.394 4
    endloop
  endfacet
  facet normal 0 0 1
    outer loop
      vertex 1.22939 -4.58815 4
      vertex 0.993684 -11.3227 4
      vertex 0.994327 -11.3229 4
    endloop
  endfacet
  facet normal 0 0 1
    outer loop
      vertex 1.22939 -4.58815 4
      vertex 0.993027 -11.3225 4
      vertex 0.993684 -11.3227 4
    endloop
  endfacet
  facet normal 0 0 1
    outer loop
      vertex 0.800102 -11.264 4
      vertex 1.22939 -4.58815 4
      vertex 0.926679 -4.65873 4
    endloop
  endfacet
  facet normal 0 0 1
    outer loop
      vertex 1.22939 -4.58815 4
      vertex 0.800102 -11.264 4
      vertex 0.993027 -11.3225 4
    endloop
  endfacet
  facet normal 0 0 1
    outer loop
      vertex 0.603093 -11.218 4
      vertex 0.926679 -4.65873 4
      vertex 0.619999 -4.70936 4
    endloop
  endfacet
  facet normal 0 0 1
    outer loop
      vertex 0.926679 -4.65873 4
      vertex 0.603762 -11.2182 4
      vertex 0.800102 -11.264 4
    endloop
  endfacet
  facet normal 0 0 1
    outer loop
      vertex 0.926679 -4.65873 4
      vertex 0.603093 -11.218 4
      vertex 0.603762 -11.2182 4
    endloop
  endfacet
  facet normal 0 0 1
    outer loop
      vertex 0.619999 -4.70936 4
      vertex 0.40418 -11.1852 4
      vertex 0.603093 -11.218 4
    endloop
  endfacet
  facet normal 0 0 1
    outer loop
      vertex 0.619999 -4.70936 4
      vertex 0.403503 -11.1851 4
      vertex 0.40418 -11.1852 4
    endloop
  endfacet
  facet normal -0 0 1
    outer loop
      vertex 0.310664 -4.73983 4
      vertex 0.403503 -11.1851 4
      vertex 0.619999 -4.70936 4
    endloop
  endfacet
  facet normal 0 0 1
    outer loop
      vertex 0.403503 -11.1851 4
      vertex 0.310664 -4.73983 4
      vertex 0.402819 -11.185 4
    endloop
  endfacet
  facet normal 0 0 1
    outer loop
      vertex 0.310664 -4.73983 4
      vertex 0.202184 -11.1653 4
      vertex 0.402819 -11.185 4
    endloop
  endfacet
  facet normal 0 0 1
    outer loop
      vertex 0.310664 -4.73983 4
      vertex 0.201498 -11.1652 4
      vertex 0.202184 -11.1653 4
    endloop
  endfacet
  facet normal -0 0 1
    outer loop
      vertex 0 -4.75 4
      vertex 0.201498 -11.1652 4
      vertex 0.310664 -4.73983 4
    endloop
  endfacet
  facet normal 0 0 1
    outer loop
      vertex 0 -4.75 4
      vertex 0 -11.1586 4
      vertex 0.201498 -11.1652 4
    endloop
  endfacet
  facet normal 0 0 1
    outer loop
      vertex 0 -4.75 4
      vertex -0.201498 -11.1652 4
      vertex 0 -11.1586 4
    endloop
  endfacet
  facet normal 0 0 1
    outer loop
      vertex -0.310664 -4.73983 4
      vertex -0.201498 -11.1652 4
      vertex 0 -4.75 4
    endloop
  endfacet
  facet normal 0 0 1
    outer loop
      vertex -0.201498 -11.1652 4
      vertex -0.310664 -4.73983 4
      vertex -0.202184 -11.1653 4
    endloop
  endfacet
  facet normal 0 0 1
    outer loop
      vertex -0.310664 -4.73983 4
      vertex -0.402819 -11.185 4
      vertex -0.202184 -11.1653 4
    endloop
  endfacet
  facet normal 0 0 1
    outer loop
      vertex -0.310664 -4.73983 4
      vertex -0.403503 -11.1851 4
      vertex -0.402819 -11.185 4
    endloop
  endfacet
  facet normal 0 0 1
    outer loop
      vertex -0.619999 -4.70936 4
      vertex -0.403503 -11.1851 4
      vertex -0.310664 -4.73983 4
    endloop
  endfacet
  facet normal 0 0 1
    outer loop
      vertex -0.403503 -11.1851 4
      vertex -0.619999 -4.70936 4
      vertex -0.40418 -11.1852 4
    endloop
  endfacet
  facet normal 0 0 1
    outer loop
      vertex -0.40418 -11.1852 4
      vertex -0.619999 -4.70936 4
      vertex -0.603093 -11.218 4
    endloop
  endfacet
  facet normal 0 0 1
    outer loop
      vertex -0.926679 -4.65873 4
      vertex -0.603093 -11.218 4
      vertex -0.619999 -4.70936 4
    endloop
  endfacet
  facet normal 0 0 1
    outer loop
      vertex -0.603093 -11.218 4
      vertex -0.926679 -4.65873 4
      vertex -0.603762 -11.2182 4
    endloop
  endfacet
  facet normal 0 0 1
    outer loop
      vertex -0.603762 -11.2182 4
      vertex -0.926679 -4.65873 4
      vertex -0.800102 -11.264 4
    endloop
  endfacet
  facet normal 0 0 1
    outer loop
      vertex -1.22939 -4.58815 4
      vertex -0.800102 -11.264 4
      vertex -0.926679 -4.65873 4
    endloop
  endfacet
  facet normal 0 0 1
    outer loop
      vertex -0.800102 -11.264 4
      vertex -1.22939 -4.58815 4
      vertex -0.993027 -11.3225 4
    endloop
  endfacet
  facet normal 0 0 1
    outer loop
      vertex -0.993027 -11.3225 4
      vertex -1.22939 -4.58815 4
      vertex -0.993684 -11.3227 4
    endloop
  endfacet
  facet normal 0 0 1
    outer loop
      vertex -0.993684 -11.3227 4
      vertex -1.22939 -4.58815 4
      vertex -0.994327 -11.3229 4
    endloop
  endfacet
  facet normal 0 0 1
    outer loop
      vertex -0.994327 -11.3229 4
      vertex -1.22939 -4.58815 4
      vertex -1.18301 -11.394 4
    endloop
  endfacet
  facet normal 0 0 1
    outer loop
      vertex -1.52684 -4.49792 4
      vertex -1.18301 -11.394 4
      vertex -1.22939 -4.58815 4
    endloop
  endfacet
  facet normal 0 0 1
    outer loop
      vertex -1.18301 -11.394 4
      vertex -1.52684 -4.49792 4
      vertex -1.36665 -11.4772 4
    endloop
  endfacet
  facet normal 0 0 1
    outer loop
      vertex -1.36665 -11.4772 4
      vertex -1.52684 -4.49792 4
      vertex -1.36727 -11.4774 4
    endloop
  endfacet
  facet normal 0 0 1
    outer loop
      vertex -1.81775 -4.38843 4
      vertex -1.36727 -11.4774 4
      vertex -1.52684 -4.49792 4
    endloop
  endfacet
  facet normal 0 0 1
    outer loop
      vertex -1.36727 -11.4774 4
      vertex -1.81775 -4.38843 4
      vertex -1.36788 -11.4778 4
    endloop
  endfacet
  facet normal 0 0 1
    outer loop
      vertex -1.36788 -11.4778 4
      vertex -1.81775 -4.38843 4
      vertex -1.54568 -11.5728 4
    endloop
  endfacet
  facet normal 0 0 1
    outer loop
      vertex -2.10087 -4.26015 4
      vertex -1.54568 -11.5728 4
      vertex -1.81775 -4.38843 4
    endloop
  endfacet
  facet normal 0 0 1
    outer loop
      vertex -1.54568 -11.5728 4
      vertex -2.10087 -4.26015 4
      vertex -1.71688 -11.6793 4
    endloop
  endfacet
  facet normal 0 0 1
    outer loop
      vertex -1.71688 -11.6793 4
      vertex -2.10087 -4.26015 4
      vertex -1.71747 -11.6796 4
    endloop
  endfacet
  facet normal 0 0 1
    outer loop
      vertex -1.71747 -11.6796 4
      vertex -2.10087 -4.26015 4
      vertex -1.71802 -11.68 4
    endloop
  endfacet
  facet normal 0 0 1
    outer loop
      vertex -2.375 -4.11362 4
      vertex -1.71802 -11.68 4
      vertex -2.10087 -4.26015 4
    endloop
  endfacet
  facet normal 0 0 1
    outer loop
      vertex -1.71802 -11.68 4
      vertex -2.375 -4.11362 4
      vertex -1.8819 -11.7975 4
    endloop
  endfacet
  facet normal 0 0 1
    outer loop
      vertex -1.8819 -11.7975 4
      vertex -2.375 -4.11362 4
      vertex -1.88243 -11.7979 4
    endloop
  endfacet
  facet normal 0 0 1
    outer loop
      vertex -1.88243 -11.7979 4
      vertex -2.375 -4.11362 4
      vertex -2.03827 -11.9258 4
    endloop
  endfacet
  facet normal 0 0 1
    outer loop
      vertex -2.63896 -3.94948 4
      vertex -2.03827 -11.9258 4
      vertex -2.375 -4.11362 4
    endloop
  endfacet
  facet normal 0 0 1
    outer loop
      vertex -2.03827 -11.9258 4
      vertex -2.63896 -3.94948 4
      vertex -2.18542 -12.0636 4
    endloop
  endfacet
  facet normal 0 0 1
    outer loop
      vertex -2.18542 -12.0636 4
      vertex -2.63896 -3.94948 4
      vertex -2.18592 -12.0641 4
    endloop
  endfacet
  facet normal 0 0 1
    outer loop
      vertex -2.89162 -3.76843 4
      vertex -2.18592 -12.0641 4
      vertex -2.63896 -3.94948 4
    endloop
  endfacet
  facet normal 0 0 1
    outer loop
      vertex -2.18592 -12.0641 4
      vertex -2.89162 -3.76843 4
      vertex -2.18639 -12.0646 4
    endloop
  endfacet
  facet normal 0 0 1
    outer loop
      vertex -2.18639 -12.0646 4
      vertex -2.89162 -3.76843 4
      vertex -2.32421 -12.2117 4
    endloop
  endfacet
  facet normal 0 0 1
    outer loop
      vertex -3.13189 -3.57124 4
      vertex -2.32421 -12.2117 4
      vertex -2.89162 -3.76843 4
    endloop
  endfacet
  facet normal 0 0 1
    outer loop
      vertex -2.32421 -12.2117 4
      vertex -3.13189 -3.57124 4
      vertex -2.4521 -12.3676 4
    endloop
  endfacet
  facet normal 0 0 1
    outer loop
      vertex -2.4521 -12.3676 4
      vertex -3.13189 -3.57124 4
      vertex -2.45254 -12.3681 4
    endloop
  endfacet
  facet normal 0 0 1
    outer loop
      vertex -3.35876 -3.35876 4
      vertex -2.45254 -12.3681 4
      vertex -3.13189 -3.57124 4
    endloop
  endfacet
  facet normal 0 0 1
    outer loop
      vertex -2.45254 -12.3681 4
      vertex -3.35876 -3.35876 4
      vertex -2.56997 -12.532 4
    endloop
  endfacet
  facet normal 0 0 1
    outer loop
      vertex -2.56997 -12.532 4
      vertex -3.35876 -3.35876 4
      vertex -2.57037 -12.5325 4
    endloop
  endfacet
  facet normal 0 0 1
    outer loop
      vertex -2.57037 -12.5325 4
      vertex -3.35876 -3.35876 4
      vertex -2.57073 -12.5331 4
    endloop
  endfacet
  facet normal 0 0 1
    outer loop
      vertex -3.57124 -3.13189 4
      vertex -2.57073 -12.5331 4
      vertex -3.35876 -3.35876 4
    endloop
  endfacet
  facet normal 0 0 1
    outer loop
      vertex -2.57073 -12.5331 4
      vertex -3.57124 -3.13189 4
      vertex -2.67719 -12.7043 4
    endloop
  endfacet
  facet normal 0 0 1
    outer loop
      vertex -2.67719 -12.7043 4
      vertex -3.57124 -3.13189 4
      vertex -2.77223 -12.8821 4
    endloop
  endfacet
  facet normal 0 0 1
    outer loop
      vertex -3.76843 -2.89162 4
      vertex -2.77223 -12.8821 4
      vertex -3.57124 -3.13189 4
    endloop
  endfacet
  facet normal 0 0 1
    outer loop
      vertex -2.77223 -12.8821 4
      vertex -3.76843 -2.89162 4
      vertex -2.77255 -12.8827 4
    endloop
  endfacet
  facet normal 0 0 1
    outer loop
      vertex -2.77255 -12.8827 4
      vertex -3.76843 -2.89162 4
      vertex -2.77284 -12.8834 4
    endloop
  endfacet
  facet normal 0 0 1
    outer loop
      vertex -2.77284 -12.8834 4
      vertex -3.76843 -2.89162 4
      vertex -2.85604 -13.067 4
    endloop
  endfacet
  facet normal 0 0 1
    outer loop
      vertex -3.94948 -2.63896 4
      vertex -2.85604 -13.067 4
      vertex -3.76843 -2.89162 4
    endloop
  endfacet
  facet normal 0 0 1
    outer loop
      vertex -2.85604 -13.067 4
      vertex -3.94948 -2.63896 4
      vertex -2.92706 -13.2557 4
    endloop
  endfacet
  facet normal 0 0 1
    outer loop
      vertex -2.92706 -13.2557 4
      vertex -3.94948 -2.63896 4
      vertex -2.9273 -13.2563 4
    endloop
  endfacet
  facet normal 0 0 1
    outer loop
      vertex -4.11362 -2.375 4
      vertex -2.9273 -13.2563 4
      vertex -3.94948 -2.63896 4
    endloop
  endfacet
  facet normal 0 0 1
    outer loop
      vertex -2.9273 -13.2563 4
      vertex -4.11362 -2.375 4
      vertex -2.9275 -13.257 4
    endloop
  endfacet
  facet normal 0 0 1
    outer loop
      vertex -2.9275 -13.257 4
      vertex -4.11362 -2.375 4
      vertex -2.98602 -13.4499 4
    endloop
  endfacet
  facet normal 0 0 1
    outer loop
      vertex -4.26015 -2.10087 4
      vertex -2.98602 -13.4499 4
      vertex -4.11362 -2.375 4
    endloop
  endfacet
  facet normal 0 0 1
    outer loop
      vertex -2.98602 -13.4499 4
      vertex -4.26015 -2.10087 4
      vertex -3.0318 -13.6462 4
    endloop
  endfacet
  facet normal 0 0 1
    outer loop
      vertex -3.0318 -13.6462 4
      vertex -4.26015 -2.10087 4
      vertex -3.03196 -13.6469 4
    endloop
  endfacet
  facet normal 0 0 1
    outer loop
      vertex 3.08476 -14.0485 4
      vertex 18.796 -16.4836 4
      vertex 19.8338 -15.219 4
    endloop
  endfacet
  facet normal 0 0 1
    outer loop
      vertex 3.08476 -14.0485 4
      vertex 17.6777 -17.6777 4
      vertex 18.796 -16.4836 4
    endloop
  endfacet
  facet normal 0 0 1
    outer loop
      vertex 3.08476 -14.0485 4
      vertex 15.219 -19.8338 4
      vertex 16.4836 -18.796 4
    endloop
  endfacet
  facet normal 0 0 1
    outer loop
      vertex 15.219 -19.8338 4
      vertex 3.09136 -14.25 4
      vertex 13.8893 -20.7867 4
    endloop
  endfacet
  facet normal 0 0 1
    outer loop
      vertex 13.8893 -20.7867 4
      vertex 3.06491 -14.6535 4
      vertex 12.5 -21.6506 4
    endloop
  endfacet
  facet normal -0 0 1
    outer loop
      vertex 3.06491 -14.6535 4
      vertex 13.8893 -20.7867 4
      vertex 3.06498 -14.6528 4
    endloop
  endfacet
  facet normal -0 0 1
    outer loop
      vertex 3.06498 -14.6528 4
      vertex 13.8893 -20.7867 4
      vertex 3.08474 -14.4522 4
    endloop
  endfacet
  facet normal -0 0 1
    outer loop
      vertex 3.08474 -14.4522 4
      vertex 13.8893 -20.7867 4
      vertex 3.08476 -14.4515 4
    endloop
  endfacet
  facet normal -0 0 1
    outer loop
      vertex 3.08476 -14.4515 4
      vertex 13.8893 -20.7867 4
      vertex 3.09136 -14.25 4
    endloop
  endfacet
  facet normal 0 0 1
    outer loop
      vertex 3.08476 -14.0485 4
      vertex 16.4836 -18.796 4
      vertex 17.6777 -17.6777 4
    endloop
  endfacet
  facet normal 0 0 1
    outer loop
      vertex 3.08476 -14.0485 4
      vertex 3.76843 -2.89162 4
      vertex 3.57124 -3.13189 4
    endloop
  endfacet
  facet normal 0 0 1
    outer loop
      vertex 3.08476 -14.0485 4
      vertex 3.57124 -3.13189 4
      vertex 3.35876 -3.35876 4
    endloop
  endfacet
  facet normal -0 0 1
    outer loop
      vertex 3.0648 -14.6542 4
      vertex 12.5 -21.6506 4
      vertex 3.06491 -14.6535 4
    endloop
  endfacet
  facet normal 0 0 1
    outer loop
      vertex 2.45254 -12.3681 4
      vertex 3.35876 -3.35876 4
      vertex 3.13189 -3.57124 4
    endloop
  endfacet
  facet normal -0 0 1
    outer loop
      vertex 3.03196 -14.8531 4
      vertex 12.5 -21.6506 4
      vertex 3.0648 -14.6542 4
    endloop
  endfacet
  facet normal -0 0 1
    outer loop
      vertex 3.0318 -14.8538 4
      vertex 12.5 -21.6506 4
      vertex 3.03196 -14.8531 4
    endloop
  endfacet
  facet normal -0 0 1
    outer loop
      vertex 2.98602 -15.0501 4
      vertex 12.5 -21.6506 4
      vertex 3.0318 -14.8538 4
    endloop
  endfacet
  facet normal 0 0 1
    outer loop
      vertex 12.5 -21.6506 4
      vertex 2.98602 -15.0501 4
      vertex 11.0572 -22.4218 4
    endloop
  endfacet
  facet normal -0 0 1
    outer loop
      vertex 2.9275 -15.243 4
      vertex 11.0572 -22.4218 4
      vertex 2.98602 -15.0501 4
    endloop
  endfacet
  facet normal -0 0 1
    outer loop
      vertex 2.9273 -15.2437 4
      vertex 11.0572 -22.4218 4
      vertex 2.9275 -15.243 4
    endloop
  endfacet
  facet normal -0 0 1
    outer loop
      vertex 2.92706 -15.2443 4
      vertex 11.0572 -22.4218 4
      vertex 2.9273 -15.2437 4
    endloop
  endfacet
  facet normal -0 0 1
    outer loop
      vertex 2.85604 -15.433 4
      vertex 11.0572 -22.4218 4
      vertex 2.92706 -15.2443 4
    endloop
  endfacet
  facet normal 0 0 1
    outer loop
      vertex 11.0572 -22.4218 4
      vertex 2.85604 -15.433 4
      vertex 9.56709 -23.097 4
    endloop
  endfacet
  facet normal -0 0 1
    outer loop
      vertex 2.77284 -15.6166 4
      vertex 9.56709 -23.097 4
      vertex 2.85604 -15.433 4
    endloop
  endfacet
  facet normal -0 0 1
    outer loop
      vertex 2.77255 -15.6173 4
      vertex 9.56709 -23.097 4
      vertex 2.77284 -15.6166 4
    endloop
  endfacet
  facet normal -0 0 1
    outer loop
      vertex 2.77223 -15.6179 4
      vertex 9.56709 -23.097 4
      vertex 2.77255 -15.6173 4
    endloop
  endfacet
  facet normal -0 0 1
    outer loop
      vertex 2.67719 -15.7957 4
      vertex 9.56709 -23.097 4
      vertex 2.77223 -15.6179 4
    endloop
  endfacet
  facet normal 0 0 1
    outer loop
      vertex 9.56709 -23.097 4
      vertex 2.67719 -15.7957 4
      vertex 8.03599 -23.6733 4
    endloop
  endfacet
  facet normal -0 0 1
    outer loop
      vertex 2.57073 -15.9669 4
      vertex 8.03599 -23.6733 4
      vertex 2.67719 -15.7957 4
    endloop
  endfacet
  facet normal -0 0 1
    outer loop
      vertex 2.57037 -15.9675 4
      vertex 8.03599 -23.6733 4
      vertex 2.57073 -15.9669 4
    endloop
  endfacet
  facet normal -0 0 1
    outer loop
      vertex 2.56997 -15.968 4
      vertex 8.03599 -23.6733 4
      vertex 2.57037 -15.9675 4
    endloop
  endfacet
  facet normal -0 0 1
    outer loop
      vertex 2.45254 -16.1319 4
      vertex 8.03599 -23.6733 4
      vertex 2.56997 -15.968 4
    endloop
  endfacet
  facet normal -0 0 1
    outer loop
      vertex 2.4521 -16.1324 4
      vertex 8.03599 -23.6733 4
      vertex 2.45254 -16.1319 4
    endloop
  endfacet
  facet normal -0 0 1
    outer loop
      vertex 2.32421 -16.2883 4
      vertex 8.03599 -23.6733 4
      vertex 2.4521 -16.1324 4
    endloop
  endfacet
  facet normal 0 0 1
    outer loop
      vertex 8.03599 -23.6733 4
      vertex 2.32421 -16.2883 4
      vertex 6.47048 -24.1481 4
    endloop
  endfacet
  facet normal -0 0 1
    outer loop
      vertex 2.18639 -16.4354 4
      vertex 6.47048 -24.1481 4
      vertex 2.32421 -16.2883 4
    endloop
  endfacet
  facet normal -0 0 1
    outer loop
      vertex 2.18592 -16.4359 4
      vertex 6.47048 -24.1481 4
      vertex 2.18639 -16.4354 4
    endloop
  endfacet
  facet normal -0 0 1
    outer loop
      vertex 2.18542 -16.4364 4
      vertex 6.47048 -24.1481 4
      vertex 2.18592 -16.4359 4
    endloop
  endfacet
  facet normal -0 0 1
    outer loop
      vertex 2.03827 -16.5742 4
      vertex 6.47048 -24.1481 4
      vertex 2.18542 -16.4364 4
    endloop
  endfacet
  facet normal -0 0 1
    outer loop
      vertex 1.88243 -16.7021 4
      vertex 6.47048 -24.1481 4
      vertex 2.03827 -16.5742 4
    endloop
  endfacet
  facet normal 0 0 1
    outer loop
      vertex 6.47048 -24.1481 4
      vertex 1.88243 -16.7021 4
      vertex 4.87726 -24.5196 4
    endloop
  endfacet
  facet normal -0 0 1
    outer loop
      vertex 1.8819 -16.7025 4
      vertex 4.87726 -24.5196 4
      vertex 1.88243 -16.7021 4
    endloop
  endfacet
  facet normal -0 0 1
    outer loop
      vertex 1.71802 -16.82 4
      vertex 4.87726 -24.5196 4
      vertex 1.8819 -16.7025 4
    endloop
  endfacet
  facet normal -0 0 1
    outer loop
      vertex 1.71747 -16.8204 4
      vertex 4.87726 -24.5196 4
      vertex 1.71802 -16.82 4
    endloop
  endfacet
  facet normal -0 0 1
    outer loop
      vertex 1.71688 -16.8207 4
      vertex 4.87726 -24.5196 4
      vertex 1.71747 -16.8204 4
    endloop
  endfacet
  facet normal -0 0 1
    outer loop
      vertex 1.54568 -16.9272 4
      vertex 4.87726 -24.5196 4
      vertex 1.71688 -16.8207 4
    endloop
  endfacet
  facet normal 0 0 1
    outer loop
      vertex 4.87726 -24.5196 4
      vertex 1.54568 -16.9272 4
      vertex 3.26315 -24.7861 4
    endloop
  endfacet
  facet normal -0 0 1
    outer loop
      vertex 1.36788 -17.0222 4
      vertex 3.26315 -24.7861 4
      vertex 1.54568 -16.9272 4
    endloop
  endfacet
  facet normal -0 0 1
    outer loop
      vertex 1.36727 -17.0226 4
      vertex 3.26315 -24.7861 4
      vertex 1.36788 -17.0222 4
    endloop
  endfacet
  facet normal -0 0 1
    outer loop
      vertex 1.36665 -17.0228 4
      vertex 3.26315 -24.7861 4
      vertex 1.36727 -17.0226 4
    endloop
  endfacet
  facet normal -0 0 1
    outer loop
      vertex 1.18301 -17.106 4
      vertex 3.26315 -24.7861 4
      vertex 1.36665 -17.0228 4
    endloop
  endfacet
  facet normal -0 0 1
    outer loop
      vertex 0.994327 -17.1771 4
      vertex 3.26315 -24.7861 4
      vertex 1.18301 -17.106 4
    endloop
  endfacet
  facet normal -0 0 1
    outer loop
      vertex 0.993684 -17.1773 4
      vertex 3.26315 -24.7861 4
      vertex 0.994327 -17.1771 4
    endloop
  endfacet
  facet normal -0 0 1
    outer loop
      vertex 0.993027 -17.1775 4
      vertex 3.26315 -24.7861 4
      vertex 0.993684 -17.1773 4
    endloop
  endfacet
  facet normal 0 0 1
    outer loop
      vertex 3.26315 -24.7861 4
      vertex 0.993027 -17.1775 4
      vertex 1.63508 -24.9465 4
    endloop
  endfacet
  facet normal -0 0 1
    outer loop
      vertex 0.800102 -17.236 4
      vertex 1.63508 -24.9465 4
      vertex 0.993027 -17.1775 4
    endloop
  endfacet
  facet normal -0 0 1
    outer loop
      vertex 0.603762 -17.2818 4
      vertex 1.63508 -24.9465 4
      vertex 0.800102 -17.236 4
    endloop
  endfacet
  facet normal -0 0 1
    outer loop
      vertex 0.603093 -17.282 4
      vertex 1.63508 -24.9465 4
      vertex 0.603762 -17.2818 4
    endloop
  endfacet
  facet normal -0 0 1
    outer loop
      vertex 0.40418 -17.3148 4
      vertex 1.63508 -24.9465 4
      vertex 0.603093 -17.282 4
    endloop
  endfacet
  facet normal -0 0 1
    outer loop
      vertex 0.403503 -17.3149 4
      vertex 1.63508 -24.9465 4
      vertex 0.40418 -17.3148 4
    endloop
  endfacet
  facet normal -0 0 1
    outer loop
      vertex 0.402819 -17.315 4
      vertex 1.63508 -24.9465 4
      vertex 0.403503 -17.3149 4
    endloop
  endfacet
  facet normal -0 0 1
    outer loop
      vertex 0.202184 -17.3347 4
      vertex 1.63508 -24.9465 4
      vertex 0.402819 -17.315 4
    endloop
  endfacet
  facet normal 0 0 1
    outer loop
      vertex 0 -25 4
      vertex 0.202184 -17.3347 4
      vertex 0.201498 -17.3348 4
    endloop
  endfacet
  facet normal 0 0 1
    outer loop
      vertex 0 -25 4
      vertex 0.201498 -17.3348 4
      vertex 0 -17.3414 4
    endloop
  endfacet
  facet normal 0 0 1
    outer loop
      vertex 0.202184 -17.3347 4
      vertex 0 -25 4
      vertex 1.63508 -24.9465 4
    endloop
  endfacet
  facet normal 0 0 1
    outer loop
      vertex -0.201498 -17.3348 4
      vertex 0 -25 4
      vertex 0 -17.3414 4
    endloop
  endfacet
  facet normal 0 0 1
    outer loop
      vertex -0.202184 -17.3347 4
      vertex 0 -25 4
      vertex -0.201498 -17.3348 4
    endloop
  endfacet
  facet normal 0 0 1
    outer loop
      vertex -0.402819 -17.315 4
      vertex 0 -25 4
      vertex -0.202184 -17.3347 4
    endloop
  endfacet
  facet normal 0 0 1
    outer loop
      vertex -1.63508 -24.9465 4
      vertex -0.402819 -17.315 4
      vertex -0.403503 -17.3149 4
    endloop
  endfacet
  facet normal 0 0 1
    outer loop
      vertex -1.63508 -24.9465 4
      vertex -0.403503 -17.3149 4
      vertex -0.40418 -17.3148 4
    endloop
  endfacet
  facet normal 0 0 1
    outer loop
      vertex -1.63508 -24.9465 4
      vertex -0.40418 -17.3148 4
      vertex -0.603093 -17.282 4
    endloop
  endfacet
  facet normal 0 0 1
    outer loop
      vertex -1.63508 -24.9465 4
      vertex -0.603093 -17.282 4
      vertex -0.603762 -17.2818 4
    endloop
  endfacet
  facet normal 0 0 1
    outer loop
      vertex -1.63508 -24.9465 4
      vertex -0.603762 -17.2818 4
      vertex -0.800102 -17.236 4
    endloop
  endfacet
  facet normal 0 0 1
    outer loop
      vertex -1.63508 -24.9465 4
      vertex -0.800102 -17.236 4
      vertex -0.993027 -17.1775 4
    endloop
  endfacet
  facet normal 0 0 1
    outer loop
      vertex -3.26315 -24.7861 4
      vertex -0.993027 -17.1775 4
      vertex -0.993684 -17.1773 4
    endloop
  endfacet
  facet normal 0 0 1
    outer loop
      vertex -3.26315 -24.7861 4
      vertex -0.993684 -17.1773 4
      vertex -0.994327 -17.1771 4
    endloop
  endfacet
  facet normal 0 0 1
    outer loop
      vertex -3.26315 -24.7861 4
      vertex -0.994327 -17.1771 4
      vertex -1.18301 -17.106 4
    endloop
  endfacet
  facet normal 0 0 1
    outer loop
      vertex -3.26315 -24.7861 4
      vertex -1.18301 -17.106 4
      vertex -1.36665 -17.0228 4
    endloop
  endfacet
  facet normal 0 0 1
    outer loop
      vertex -3.26315 -24.7861 4
      vertex -1.36665 -17.0228 4
      vertex -1.36727 -17.0226 4
    endloop
  endfacet
  facet normal 0 0 1
    outer loop
      vertex -3.26315 -24.7861 4
      vertex -1.36727 -17.0226 4
      vertex -1.36788 -17.0222 4
    endloop
  endfacet
  facet normal 0 0 1
    outer loop
      vertex -3.26315 -24.7861 4
      vertex -1.36788 -17.0222 4
      vertex -1.54568 -16.9272 4
    endloop
  endfacet
  facet normal 0 0 1
    outer loop
      vertex -0.402819 -17.315 4
      vertex -1.63508 -24.9465 4
      vertex 0 -25 4
    endloop
  endfacet
  facet normal 0 0 1
    outer loop
      vertex -4.87726 -24.5196 4
      vertex -1.54568 -16.9272 4
      vertex -1.71688 -16.8207 4
    endloop
  endfacet
  facet normal 0 0 1
    outer loop
      vertex -4.87726 -24.5196 4
      vertex -1.71688 -16.8207 4
      vertex -1.71747 -16.8204 4
    endloop
  endfacet
  facet normal 0 0 1
    outer loop
      vertex -4.87726 -24.5196 4
      vertex -1.71747 -16.8204 4
      vertex -1.71802 -16.82 4
    endloop
  endfacet
  facet normal 0 0 1
    outer loop
      vertex -4.87726 -24.5196 4
      vertex -1.71802 -16.82 4
      vertex -1.8819 -16.7025 4
    endloop
  endfacet
  facet normal 0 0 1
    outer loop
      vertex -4.87726 -24.5196 4
      vertex -1.8819 -16.7025 4
      vertex -1.88243 -16.7021 4
    endloop
  endfacet
  facet normal 0 0 1
    outer loop
      vertex -6.47048 -24.1481 4
      vertex -1.88243 -16.7021 4
      vertex -2.03827 -16.5742 4
    endloop
  endfacet
  facet normal 0 0 1
    outer loop
      vertex -6.47048 -24.1481 4
      vertex -2.03827 -16.5742 4
      vertex -2.18542 -16.4364 4
    endloop
  endfacet
  facet normal 0 0 1
    outer loop
      vertex -6.47048 -24.1481 4
      vertex -2.18542 -16.4364 4
      vertex -2.18592 -16.4359 4
    endloop
  endfacet
  facet normal 0 0 1
    outer loop
      vertex -6.47048 -24.1481 4
      vertex -2.18592 -16.4359 4
      vertex -2.18639 -16.4354 4
    endloop
  endfacet
  facet normal 0 0 1
    outer loop
      vertex -6.47048 -24.1481 4
      vertex -2.18639 -16.4354 4
      vertex -2.32421 -16.2883 4
    endloop
  endfacet
  facet normal 0 0 1
    outer loop
      vertex -8.03599 -23.6733 4
      vertex -2.32421 -16.2883 4
      vertex -2.4521 -16.1324 4
    endloop
  endfacet
  facet normal 0 0 1
    outer loop
      vertex -8.03599 -23.6733 4
      vertex -2.4521 -16.1324 4
      vertex -2.45254 -16.1319 4
    endloop
  endfacet
  facet normal 0 0 1
    outer loop
      vertex -8.03599 -23.6733 4
      vertex -2.45254 -16.1319 4
      vertex -2.56997 -15.968 4
    endloop
  endfacet
  facet normal 0 0 1
    outer loop
      vertex -8.03599 -23.6733 4
      vertex -2.56997 -15.968 4
      vertex -2.57037 -15.9675 4
    endloop
  endfacet
  facet normal 0 0 1
    outer loop
      vertex -8.03599 -23.6733 4
      vertex -2.57037 -15.9675 4
      vertex -2.57073 -15.9669 4
    endloop
  endfacet
  facet normal 0 0 1
    outer loop
      vertex -8.03599 -23.6733 4
      vertex -2.57073 -15.9669 4
      vertex -2.67719 -15.7957 4
    endloop
  endfacet
  facet normal 0 0 1
    outer loop
      vertex -8.03599 -23.6733 4
      vertex -2.67719 -15.7957 4
      vertex -2.77223 -15.6179 4
    endloop
  endfacet
  facet normal 0 0 1
    outer loop
      vertex -8.03599 -23.6733 4
      vertex -2.77223 -15.6179 4
      vertex -2.77255 -15.6173 4
    endloop
  endfacet
  facet normal 0 0 1
    outer loop
      vertex -8.03599 -23.6733 4
      vertex -2.77255 -15.6173 4
      vertex -2.77284 -15.6166 4
    endloop
  endfacet
  facet normal 0 0 1
    outer loop
      vertex -8.03599 -23.6733 4
      vertex -2.77284 -15.6166 4
      vertex -2.85604 -15.433 4
    endloop
  endfacet
  facet normal 0 0 1
    outer loop
      vertex -8.03599 -23.6733 4
      vertex -2.85604 -15.433 4
      vertex -2.92706 -15.2443 4
    endloop
  endfacet
  facet normal 0 0 1
    outer loop
      vertex -8.03599 -23.6733 4
      vertex -2.92706 -15.2443 4
      vertex -2.9273 -15.2437 4
    endloop
  endfacet
  facet normal 0 0 1
    outer loop
      vertex -8.03599 -23.6733 4
      vertex -2.9273 -15.2437 4
      vertex -2.9275 -15.243 4
    endloop
  endfacet
  facet normal 0 0 1
    outer loop
      vertex -8.03599 -23.6733 4
      vertex -2.9275 -15.243 4
      vertex -2.98602 -15.0501 4
    endloop
  endfacet
  facet normal 0 0 1
    outer loop
      vertex -8.03599 -23.6733 4
      vertex -2.98602 -15.0501 4
      vertex -3.0318 -14.8538 4
    endloop
  endfacet
  facet normal 0 0 1
    outer loop
      vertex -8.03599 -23.6733 4
      vertex -3.0318 -14.8538 4
      vertex -3.03196 -14.8531 4
    endloop
  endfacet
  facet normal 0 0 1
    outer loop
      vertex -8.03599 -23.6733 4
      vertex -3.03196 -14.8531 4
      vertex -3.0648 -14.6542 4
    endloop
  endfacet
  facet normal 0 0 1
    outer loop
      vertex -8.03599 -23.6733 4
      vertex -3.0648 -14.6542 4
      vertex -3.06491 -14.6535 4
    endloop
  endfacet
  facet normal 0 0 1
    outer loop
      vertex -8.03599 -23.6733 4
      vertex -3.06498 -14.6528 4
      vertex -3.08474 -14.4522 4
    endloop
  endfacet
  facet normal 0 0 1
    outer loop
      vertex -0.993027 -17.1775 4
      vertex -3.26315 -24.7861 4
      vertex -1.63508 -24.9465 4
    endloop
  endfacet
  facet normal 0 0 1
    outer loop
      vertex -3.06498 -14.6528 4
      vertex -8.03599 -23.6733 4
      vertex -3.06491 -14.6535 4
    endloop
  endfacet
  facet normal 0 0 1
    outer loop
      vertex -8.03599 -23.6733 4
      vertex -3.08474 -14.4522 4
      vertex -3.08476 -14.4515 4
    endloop
  endfacet
  facet normal 0 0 1
    outer loop
      vertex -8.03599 -23.6733 4
      vertex -3.08476 -14.4515 4
      vertex -3.09136 -14.25 4
    endloop
  endfacet
  facet normal 0 0 1
    outer loop
      vertex -4.38843 -1.81775 4
      vertex -3.03196 -13.6469 4
      vertex -4.26015 -2.10087 4
    endloop
  endfacet
  facet normal 0 0 1
    outer loop
      vertex -8.03599 -23.6733 4
      vertex -3.03196 -13.6469 4
      vertex -4.38843 -1.81775 4
    endloop
  endfacet
  facet normal 0 0 1
    outer loop
      vertex -3.03196 -13.6469 4
      vertex -8.03599 -23.6733 4
      vertex -3.0648 -13.8458 4
    endloop
  endfacet
  facet normal 0 0 1
    outer loop
      vertex -3.0648 -13.8458 4
      vertex -8.03599 -23.6733 4
      vertex -3.06491 -13.8465 4
    endloop
  endfacet
  facet normal 0 0 1
    outer loop
      vertex -3.06491 -13.8465 4
      vertex -8.03599 -23.6733 4
      vertex -3.06498 -13.8472 4
    endloop
  endfacet
  facet normal 0 0 1
    outer loop
      vertex -3.06498 -13.8472 4
      vertex -8.03599 -23.6733 4
      vertex -3.08474 -14.0478 4
    endloop
  endfacet
  facet normal 0 0 1
    outer loop
      vertex -3.08474 -14.0478 4
      vertex -8.03599 -23.6733 4
      vertex -3.08476 -14.0485 4
    endloop
  endfacet
  facet normal 0 0 1
    outer loop
      vertex -3.08476 -14.0485 4
      vertex -8.03599 -23.6733 4
      vertex -3.09136 -14.25 4
    endloop
  endfacet
  facet normal 0 0 1
    outer loop
      vertex -8.03599 -23.6733 4
      vertex -4.38843 -1.81775 4
      vertex -4.49792 -1.52684 4
    endloop
  endfacet
  facet normal -0 0 1
    outer loop
      vertex -9.56831 5.75773 4
      vertex -3.94948 2.63896 4
      vertex -9.4851 5.94136 4
    endloop
  endfacet
  facet normal -0 0 1
    outer loop
      vertex -9.4851 5.94136 4
      vertex -3.94948 2.63896 4
      vertex -9.48482 5.94199 4
    endloop
  endfacet
  facet normal 0 0 1
    outer loop
      vertex -3.76843 2.89162 4
      vertex -9.48482 5.94199 4
      vertex -3.94948 2.63896 4
    endloop
  endfacet
  facet normal -0 0 1
    outer loop
      vertex -9.48482 5.94199 4
      vertex -3.76843 2.89162 4
      vertex -9.48458 5.94263 4
    endloop
  endfacet
  facet normal 0 0 1
    outer loop
      vertex -1.54568 -16.9272 4
      vertex -4.87726 -24.5196 4
      vertex -3.26315 -24.7861 4
    endloop
  endfacet
  facet normal -0 0 1
    outer loop
      vertex -9.48458 5.94263 4
      vertex -3.76843 2.89162 4
      vertex -9.41356 6.13131 4
    endloop
  endfacet
  facet normal 0 0 1
    outer loop
      vertex -3.13189 3.57124 4
      vertex -9.27595 6.7215 4
      vertex -3.35876 3.35876 4
    endloop
  endfacet
  facet normal 0 0 1
    outer loop
      vertex -10.1549 9.31092 4
      vertex -4.87726 24.5196 4
      vertex -6.47048 24.1481 4
    endloop
  endfacet
  facet normal -0 0 1
    outer loop
      vertex -9.56863 5.75712 4
      vertex -3.94948 2.63896 4
      vertex -9.56831 5.75773 4
    endloop
  endfacet
  facet normal 0 0 1
    outer loop
      vertex -10.3026 9.44921 4
      vertex -6.47048 24.1481 4
      vertex -8.03599 23.6733 4
    endloop
  endfacet
  facet normal 0 0 1
    outer loop
      vertex -1.88243 -16.7021 4
      vertex -6.47048 -24.1481 4
      vertex -4.87726 -24.5196 4
    endloop
  endfacet
  facet normal 0 0 1
    outer loop
      vertex -2.32421 -16.2883 4
      vertex -8.03599 -23.6733 4
      vertex -6.47048 -24.1481 4
    endloop
  endfacet
  facet normal 0 0 1
    outer loop
      vertex -3.57124 3.13189 4
      vertex -9.41356 6.13131 4
      vertex -3.76843 2.89162 4
    endloop
  endfacet
  facet normal -0 0 1
    outer loop
      vertex -9.41356 6.13131 4
      vertex -3.57124 3.13189 4
      vertex -9.41336 6.13197 4
    endloop
  endfacet
  facet normal -0 0 1
    outer loop
      vertex -9.41336 6.13197 4
      vertex -3.57124 3.13189 4
      vertex -9.35484 6.3249 4
    endloop
  endfacet
  facet normal 0 0 1
    outer loop
      vertex -3.35876 3.35876 4
      vertex -9.35484 6.3249 4
      vertex -3.57124 3.13189 4
    endloop
  endfacet
  facet normal -0 0 1
    outer loop
      vertex -9.35484 6.3249 4
      vertex -3.35876 3.35876 4
      vertex -9.30906 6.52124 4
    endloop
  endfacet
  facet normal -0 0 1
    outer loop
      vertex -9.30906 6.52124 4
      vertex -3.35876 3.35876 4
      vertex -9.3089 6.52191 4
    endloop
  endfacet
  facet normal -0 0 1
    outer loop
      vertex -9.3089 6.52191 4
      vertex -3.35876 3.35876 4
      vertex -9.30879 6.52258 4
    endloop
  endfacet
  facet normal -0 0 1
    outer loop
      vertex -9.30879 6.52258 4
      vertex -3.35876 3.35876 4
      vertex -9.27595 6.7215 4
    endloop
  endfacet
  facet normal 0 0 1
    outer loop
      vertex -4.87726 24.5196 4
      vertex -9.35504 7.92576 4
      vertex -9.35484 7.9251 4
    endloop
  endfacet
  facet normal 0 0 1
    outer loop
      vertex -4.87726 24.5196 4
      vertex -9.41356 8.11868 4
      vertex -9.35504 7.92576 4
    endloop
  endfacet
  facet normal 0 0 1
    outer loop
      vertex -4.87726 24.5196 4
      vertex -9.48458 8.30737 4
      vertex -9.41356 8.11868 4
    endloop
  endfacet
  facet normal 0 0 1
    outer loop
      vertex -4.87726 24.5196 4
      vertex -9.48482 8.30801 4
      vertex -9.48458 8.30737 4
    endloop
  endfacet
  facet normal 0 0 1
    outer loop
      vertex -10.6234 9.69537 4
      vertex -8.03599 23.6733 4
      vertex -9.56709 23.097 4
    endloop
  endfacet
  facet normal 0 0 1
    outer loop
      vertex -4.87726 24.5196 4
      vertex -9.56802 8.49165 4
      vertex -9.48482 8.30801 4
    endloop
  endfacet
  facet normal 0 0 1
    outer loop
      vertex -4.87726 24.5196 4
      vertex -9.56831 8.49227 4
      vertex -9.56802 8.49165 4
    endloop
  endfacet
  facet normal 0 0 1
    outer loop
      vertex -4.87726 24.5196 4
      vertex -9.56863 8.49288 4
      vertex -9.56831 8.49227 4
    endloop
  endfacet
  facet normal 0 0 1
    outer loop
      vertex -4.87726 24.5196 4
      vertex -9.66367 8.67068 4
      vertex -9.56863 8.49288 4
    endloop
  endfacet
  facet normal 0 0 1
    outer loop
      vertex -4.87726 24.5196 4
      vertex -9.77013 8.84188 4
      vertex -9.66367 8.67068 4
    endloop
  endfacet
  facet normal 0 0 1
    outer loop
      vertex -4.87726 24.5196 4
      vertex -9.77049 8.84247 4
      vertex -9.77013 8.84188 4
    endloop
  endfacet
  facet normal 0 0 1
    outer loop
      vertex -4.87726 24.5196 4
      vertex -9.77089 8.84302 4
      vertex -9.77049 8.84247 4
    endloop
  endfacet
  facet normal 0 0 1
    outer loop
      vertex -4.87726 24.5196 4
      vertex -9.88832 9.0069 4
      vertex -9.77089 8.84302 4
    endloop
  endfacet
  facet normal 0 0 1
    outer loop
      vertex -4.87726 24.5196 4
      vertex -10.0162 9.16274 4
      vertex -9.88832 9.0069 4
    endloop
  endfacet
  facet normal 0 0 1
    outer loop
      vertex -4.87726 24.5196 4
      vertex -10.0167 9.16327 4
      vertex -10.0162 9.16274 4
    endloop
  endfacet
  facet normal 0 0 1
    outer loop
      vertex -4.87726 24.5196 4
      vertex -10.0171 9.16378 4
      vertex -10.0167 9.16327 4
    endloop
  endfacet
  facet normal 0 0 1
    outer loop
      vertex -4.87726 24.5196 4
      vertex -10.1549 9.31092 4
      vertex -10.0171 9.16378 4
    endloop
  endfacet
  facet normal 0 0 1
    outer loop
      vertex -6.47048 24.1481 4
      vertex -10.3021 9.44874 4
      vertex -10.1549 9.31092 4
    endloop
  endfacet
  facet normal 0 0 1
    outer loop
      vertex -6.47048 24.1481 4
      vertex -10.3026 9.44921 4
      vertex -10.3021 9.44874 4
    endloop
  endfacet
  facet normal 0 0 1
    outer loop
      vertex -8.03599 23.6733 4
      vertex -10.4584 9.5771 4
      vertex -10.3026 9.44921 4
    endloop
  endfacet
  facet normal 0 0 1
    outer loop
      vertex -8.03599 23.6733 4
      vertex -10.459 9.57754 4
      vertex -10.4584 9.5771 4
    endloop
  endfacet
  facet normal 0 0 1
    outer loop
      vertex -8.03599 23.6733 4
      vertex -10.4595 9.57794 4
      vertex -10.459 9.57754 4
    endloop
  endfacet
  facet normal 0 0 1
    outer loop
      vertex -8.03599 23.6733 4
      vertex -10.6234 9.69537 4
      vertex -10.4595 9.57794 4
    endloop
  endfacet
  facet normal 0 0 1
    outer loop
      vertex -9.56709 23.097 4
      vertex -10.624 9.69573 4
      vertex -10.6234 9.69537 4
    endloop
  endfacet
  facet normal 0 0 1
    outer loop
      vertex -9.56709 23.097 4
      vertex -10.7952 9.80219 4
      vertex -10.624 9.69573 4
    endloop
  endfacet
  facet normal -0 0 1
    outer loop
      vertex -11.0572 22.4218 4
      vertex -10.7952 9.80219 4
      vertex -9.56709 23.097 4
    endloop
  endfacet
  facet normal 0 0 1
    outer loop
      vertex -10.7952 9.80219 4
      vertex -11.0572 22.4218 4
      vertex -10.973 9.89723 4
    endloop
  endfacet
  facet normal 0 0 1
    outer loop
      vertex -10.973 9.89723 4
      vertex -11.0572 22.4218 4
      vertex -10.9736 9.89755 4
    endloop
  endfacet
  facet normal 0 0 1
    outer loop
      vertex -11.0572 22.4218 4
      vertex -11.1572 9.98076 4
      vertex -10.9736 9.89755 4
    endloop
  endfacet
  facet normal 0 0 1
    outer loop
      vertex -11.0572 22.4218 4
      vertex -11.1579 9.98104 4
      vertex -11.1572 9.98076 4
    endloop
  endfacet
  facet normal -0 0 1
    outer loop
      vertex -12.5 21.6506 4
      vertex -11.1579 9.98104 4
      vertex -11.0572 22.4218 4
    endloop
  endfacet
  facet normal 0 0 1
    outer loop
      vertex -11.1579 9.98104 4
      vertex -12.5 21.6506 4
      vertex -11.1585 9.98128 4
    endloop
  endfacet
  facet normal 0 0 1
    outer loop
      vertex -11.1585 9.98128 4
      vertex -12.5 21.6506 4
      vertex -11.3472 10.0523 4
    endloop
  endfacet
  facet normal 0 0 1
    outer loop
      vertex -11.3472 10.0523 4
      vertex -12.5 21.6506 4
      vertex -11.3478 10.0525 4
    endloop
  endfacet
  facet normal 0 0 1
    outer loop
      vertex -11.3478 10.0525 4
      vertex -12.5 21.6506 4
      vertex -11.5408 10.111 4
    endloop
  endfacet
  facet normal -0 0 1
    outer loop
      vertex -13.8893 20.7867 4
      vertex -11.5408 10.111 4
      vertex -12.5 21.6506 4
    endloop
  endfacet
  facet normal 0 0 1
    outer loop
      vertex -11.5408 10.111 4
      vertex -13.8893 20.7867 4
      vertex -11.7371 10.1568 4
    endloop
  endfacet
  facet normal 0 0 1
    outer loop
      vertex -11.7371 10.1568 4
      vertex -13.8893 20.7867 4
      vertex -11.7378 10.157 4
    endloop
  endfacet
  facet normal 0 0 1
    outer loop
      vertex -11.7378 10.157 4
      vertex -13.8893 20.7867 4
      vertex -11.7384 10.1571 4
    endloop
  endfacet
  facet normal 0 0 1
    outer loop
      vertex -11.7384 10.1571 4
      vertex -13.8893 20.7867 4
      vertex -11.9374 10.1899 4
    endloop
  endfacet
  facet normal -0 0 1
    outer loop
      vertex -15.219 19.8338 4
      vertex -11.9374 10.1899 4
      vertex -13.8893 20.7867 4
    endloop
  endfacet
  facet normal 0 0 1
    outer loop
      vertex -11.9374 10.1899 4
      vertex -15.219 19.8338 4
      vertex -12.138 10.2097 4
    endloop
  endfacet
  facet normal 0 0 1
    outer loop
      vertex -12.138 10.2097 4
      vertex -15.219 19.8338 4
      vertex -12.1387 10.2097 4
    endloop
  endfacet
  facet normal 0 0 1
    outer loop
      vertex -12.1387 10.2097 4
      vertex -15.219 19.8338 4
      vertex -12.1394 10.2098 4
    endloop
  endfacet
  facet normal 0 0 1
    outer loop
      vertex -12.1394 10.2098 4
      vertex -15.219 19.8338 4
      vertex -12.3409 10.2164 4
    endloop
  endfacet
  facet normal 0 0 1
    outer loop
      vertex -12.3409 10.2164 4
      vertex -15.219 19.8338 4
      vertex -12.5424 10.2098 4
    endloop
  endfacet
  facet normal -0 0 1
    outer loop
      vertex -16.4836 18.796 4
      vertex -12.5424 10.2098 4
      vertex -15.219 19.8338 4
    endloop
  endfacet
  facet normal 0 0 1
    outer loop
      vertex -12.5424 10.2098 4
      vertex -16.4836 18.796 4
      vertex -12.543 10.2097 4
    endloop
  endfacet
  facet normal 0 0 1
    outer loop
      vertex -12.543 10.2097 4
      vertex -16.4836 18.796 4
      vertex -12.5437 10.2097 4
    endloop
  endfacet
  facet normal 0 0 1
    outer loop
      vertex -12.5437 10.2097 4
      vertex -16.4836 18.796 4
      vertex -12.7444 10.1899 4
    endloop
  endfacet
  facet normal 0 0 1
    outer loop
      vertex -12.7444 10.1899 4
      vertex -16.4836 18.796 4
      vertex -12.745 10.1898 4
    endloop
  endfacet
  facet normal 0 0 1
    outer loop
      vertex -12.745 10.1898 4
      vertex -16.4836 18.796 4
      vertex -12.944 10.157 4
    endloop
  endfacet
  facet normal -0 0 1
    outer loop
      vertex -17.6777 17.6777 4
      vertex -12.944 10.157 4
      vertex -16.4836 18.796 4
    endloop
  endfacet
  facet normal 0 0 1
    outer loop
      vertex -12.944 10.157 4
      vertex -17.6777 17.6777 4
      vertex -13.1403 10.1112 4
    endloop
  endfacet
  facet normal 0 0 1
    outer loop
      vertex -13.1403 10.1112 4
      vertex -17.6777 17.6777 4
      vertex -13.141 10.111 4
    endloop
  endfacet
  facet normal 0 0 1
    outer loop
      vertex -13.141 10.111 4
      vertex -17.6777 17.6777 4
      vertex -13.1416 10.1108 4
    endloop
  endfacet
  facet normal 0 0 1
    outer loop
      vertex -13.1416 10.1108 4
      vertex -17.6777 17.6777 4
      vertex -13.3345 10.0523 4
    endloop
  endfacet
  facet normal 0 0 1
    outer loop
      vertex -13.3345 10.0523 4
      vertex -17.6777 17.6777 4
      vertex -13.5232 9.98128 4
    endloop
  endfacet
  facet normal 0 0 1
    outer loop
      vertex -13.5232 9.98128 4
      vertex -17.6777 17.6777 4
      vertex -13.5239 9.98104 4
    endloop
  endfacet
  facet normal -0 0 1
    outer loop
      vertex -18.796 16.4836 4
      vertex -13.5239 9.98104 4
      vertex -17.6777 17.6777 4
    endloop
  endfacet
  facet normal 0 0 1
    outer loop
      vertex -13.5239 9.98104 4
      vertex -18.796 16.4836 4
      vertex -13.7075 9.89784 4
    endloop
  endfacet
  facet normal 0 0 1
    outer loop
      vertex -13.7075 9.89784 4
      vertex -18.796 16.4836 4
      vertex -13.7081 9.89755 4
    endloop
  endfacet
  facet normal 0 0 1
    outer loop
      vertex -13.7081 9.89755 4
      vertex -18.796 16.4836 4
      vertex -13.7087 9.89723 4
    endloop
  endfacet
  facet normal 0 0 1
    outer loop
      vertex -13.7087 9.89723 4
      vertex -18.796 16.4836 4
      vertex -13.8865 9.80219 4
    endloop
  endfacet
  facet normal 0 0 1
    outer loop
      vertex -13.8865 9.80219 4
      vertex -18.796 16.4836 4
      vertex -14.0577 9.69573 4
    endloop
  endfacet
  facet normal -0 0 1
    outer loop
      vertex -19.8338 15.219 4
      vertex -14.0577 9.69573 4
      vertex -18.796 16.4836 4
    endloop
  endfacet
  facet normal 0 0 1
    outer loop
      vertex -14.0577 9.69573 4
      vertex -19.8338 15.219 4
      vertex -14.0583 9.69537 4
    endloop
  endfacet
  facet normal 0 0 1
    outer loop
      vertex -14.0583 9.69537 4
      vertex -19.8338 15.219 4
      vertex -14.0589 9.69497 4
    endloop
  endfacet
  facet normal 0 0 1
    outer loop
      vertex -14.0589 9.69497 4
      vertex -19.8338 15.219 4
      vertex -14.2228 9.57754 4
    endloop
  endfacet
  facet normal 0 0 1
    outer loop
      vertex -14.2228 9.57754 4
      vertex -19.8338 15.219 4
      vertex -14.3786 9.44964 4
    endloop
  endfacet
  facet normal 0 0 1
    outer loop
      vertex -14.3786 9.44964 4
      vertex -19.8338 15.219 4
      vertex -14.3791 9.44921 4
    endloop
  endfacet
  facet normal 0 0 1
    outer loop
      vertex -14.3791 9.44921 4
      vertex -19.8338 15.219 4
      vertex -14.3796 9.44874 4
    endloop
  endfacet
  facet normal 0 0 1
    outer loop
      vertex -14.3796 9.44874 4
      vertex -19.8338 15.219 4
      vertex -14.5268 9.31092 4
    endloop
  endfacet
  facet normal -0 0 1
    outer loop
      vertex -20.7867 13.8893 4
      vertex -14.5268 9.31092 4
      vertex -19.8338 15.219 4
    endloop
  endfacet
  facet normal 0 0 1
    outer loop
      vertex -14.5268 9.31092 4
      vertex -20.7867 13.8893 4
      vertex -14.6646 9.16377 4
    endloop
  endfacet
  facet normal 0 0 1
    outer loop
      vertex -14.6646 9.16377 4
      vertex -20.7867 13.8893 4
      vertex -14.6651 9.16327 4
    endloop
  endfacet
  facet normal 0 0 1
    outer loop
      vertex -14.6651 9.16327 4
      vertex -20.7867 13.8893 4
      vertex -14.793 9.00743 4
    endloop
  endfacet
  facet normal 0 0 1
    outer loop
      vertex -14.793 9.00743 4
      vertex -20.7867 13.8893 4
      vertex -14.7934 9.0069 4
    endloop
  endfacet
  facet normal 0 0 1
    outer loop
      vertex -14.7934 9.0069 4
      vertex -20.7867 13.8893 4
      vertex -14.7938 9.00634 4
    endloop
  endfacet
  facet normal 0 0 1
    outer loop
      vertex -14.7938 9.00634 4
      vertex -20.7867 13.8893 4
      vertex -14.9112 8.84247 4
    endloop
  endfacet
  facet normal -0 0 1
    outer loop
      vertex -21.6506 12.5 4
      vertex -14.9112 8.84247 4
      vertex -20.7867 13.8893 4
    endloop
  endfacet
  facet normal 0 0 1
    outer loop
      vertex -14.9112 8.84247 4
      vertex -21.6506 12.5 4
      vertex -14.9116 8.84188 4
    endloop
  endfacet
  facet normal 0 0 1
    outer loop
      vertex -14.9116 8.84188 4
      vertex -21.6506 12.5 4
      vertex -15.0181 8.67068 4
    endloop
  endfacet
  facet normal 0 0 1
    outer loop
      vertex -15.0181 8.67068 4
      vertex -21.6506 12.5 4
      vertex -15.1131 8.49288 4
    endloop
  endfacet
  facet normal 0 0 1
    outer loop
      vertex -15.1131 8.49288 4
      vertex -21.6506 12.5 4
      vertex -15.1134 8.49227 4
    endloop
  endfacet
  facet normal 0 0 1
    outer loop
      vertex -15.1134 8.49227 4
      vertex -21.6506 12.5 4
      vertex -15.1966 8.30864 4
    endloop
  endfacet
  facet normal -0 0 1
    outer loop
      vertex -22.4218 11.0572 4
      vertex -15.1966 8.30864 4
      vertex -21.6506 12.5 4
    endloop
  endfacet
  facet normal 0 0 1
    outer loop
      vertex -15.1966 8.30864 4
      vertex -22.4218 11.0572 4
      vertex -15.1969 8.30801 4
    endloop
  endfacet
  facet normal 0 0 1
    outer loop
      vertex -15.1969 8.30801 4
      vertex -22.4218 11.0572 4
      vertex -15.1971 8.30737 4
    endloop
  endfacet
  facet normal 0 0 1
    outer loop
      vertex -15.1971 8.30737 4
      vertex -22.4218 11.0572 4
      vertex -15.2682 8.11868 4
    endloop
  endfacet
  facet normal 0 0 1
    outer loop
      vertex -15.2682 8.11868 4
      vertex -22.4218 11.0572 4
      vertex -15.2684 8.11803 4
    endloop
  endfacet
  facet normal 0 0 1
    outer loop
      vertex -15.2684 8.11803 4
      vertex -22.4218 11.0572 4
      vertex -15.3269 7.9251 4
    endloop
  endfacet
  facet normal 0 0 1
    outer loop
      vertex -15.3269 7.9251 4
      vertex -22.4218 11.0572 4
      vertex -15.3727 7.72876 4
    endloop
  endfacet
  facet normal -0 0 1
    outer loop
      vertex -23.097 9.56709 4
      vertex -15.3727 7.72876 4
      vertex -22.4218 11.0572 4
    endloop
  endfacet
  facet normal 0 0 1
    outer loop
      vertex 14.5268 4.93908 4
      vertex 25 0 4
      vertex 24.9465 1.63508 4
    endloop
  endfacet
  facet normal 0 0 1
    outer loop
      vertex 14.7934 5.2431 4
      vertex 24.9465 1.63508 4
      vertex 24.7861 3.26315 4
    endloop
  endfacet
  facet normal 0 0 1
    outer loop
      vertex 25 0 4
      vertex 14.5268 4.93908 4
      vertex 14.3796 4.80126 4
    endloop
  endfacet
  facet normal 0 0 1
    outer loop
      vertex 15.0181 5.57932 4
      vertex 24.7861 3.26315 4
      vertex 24.5196 4.87726 4
    endloop
  endfacet
  facet normal 0 0 1
    outer loop
      vertex 24.9465 1.63508 4
      vertex 14.6646 5.08622 4
      vertex 14.5268 4.93908 4
    endloop
  endfacet
  facet normal -0 0 1
    outer loop
      vertex 15.2682 6.13132 4
      vertex 24.5196 4.87726 4
      vertex 24.1481 6.47048 4
    endloop
  endfacet
  facet normal 0 0 1
    outer loop
      vertex 24.9465 1.63508 4
      vertex 14.6651 5.08673 4
      vertex 14.6646 5.08622 4
    endloop
  endfacet
  facet normal -0 0 1
    outer loop
      vertex 15.4057 6.72082 4
      vertex 24.1481 6.47048 4
      vertex 23.6733 8.03599 4
    endloop
  endfacet
  facet normal 0 0 1
    outer loop
      vertex 24.9465 1.63508 4
      vertex 14.7934 5.2431 4
      vertex 14.6655 5.08726 4
    endloop
  endfacet
  facet normal 0 0 1
    outer loop
      vertex 15.4322 7.125 4
      vertex 23.6733 8.03599 4
      vertex 23.097 9.56709 4
    endloop
  endfacet
  facet normal 0 0 1
    outer loop
      vertex 24.7861 3.26315 4
      vertex 14.9112 5.40753 4
      vertex 14.9108 5.40698 4
    endloop
  endfacet
  facet normal 0 0 1
    outer loop
      vertex 15.3727 7.72876 4
      vertex 23.097 9.56709 4
      vertex 22.4218 11.0572 4
    endloop
  endfacet
  facet normal 0 0 1
    outer loop
      vertex 24.7861 3.26315 4
      vertex 15.0181 5.57932 4
      vertex 14.9116 5.40812 4
    endloop
  endfacet
  facet normal 0 0 1
    outer loop
      vertex 15.1966 8.30864 4
      vertex 22.4218 11.0572 4
      vertex 21.6506 12.5 4
    endloop
  endfacet
  facet normal 0 0 1
    outer loop
      vertex 24.5196 4.87726 4
      vertex 15.1969 5.94199 4
      vertex 15.1137 5.75835 4
    endloop
  endfacet
  facet normal 0 0 1
    outer loop
      vertex 14.9112 8.84247 4
      vertex 21.6506 12.5 4
      vertex 20.7867 13.8893 4
    endloop
  endfacet
  facet normal 0 0 1
    outer loop
      vertex 24.5196 4.87726 4
      vertex 15.2682 6.13132 4
      vertex 15.1971 5.94263 4
    endloop
  endfacet
  facet normal 0 0 1
    outer loop
      vertex 14.5268 9.31092 4
      vertex 20.7867 13.8893 4
      vertex 19.8338 15.219 4
    endloop
  endfacet
  facet normal 0 0 1
    outer loop
      vertex 24.1481 6.47048 4
      vertex 15.3269 6.3249 4
      vertex 15.3267 6.32424 4
    endloop
  endfacet
  facet normal 0 0 1
    outer loop
      vertex 14.0577 9.69573 4
      vertex 19.8338 15.219 4
      vertex 18.796 16.4836 4
    endloop
  endfacet
  facet normal 0 0 1
    outer loop
      vertex 24.1481 6.47048 4
      vertex 15.3728 6.52191 4
      vertex 15.327 6.32557 4
    endloop
  endfacet
  facet normal 0 0 1
    outer loop
      vertex 13.5239 9.98104 4
      vertex 18.796 16.4836 4
      vertex 17.6777 17.6777 4
    endloop
  endfacet
  facet normal 0 0 1
    outer loop
      vertex 23.6733 8.03599 4
      vertex 15.4058 6.7215 4
      vertex 15.4057 6.72082 4
    endloop
  endfacet
  facet normal 0 0 1
    outer loop
      vertex 12.944 10.157 4
      vertex 17.6777 17.6777 4
      vertex 16.4836 18.796 4
    endloop
  endfacet
  facet normal 0 0 1
    outer loop
      vertex 23.6733 8.03599 4
      vertex 15.4256 6.92282 4
      vertex 15.4255 6.92213 4
    endloop
  endfacet
  facet normal 0 0 1
    outer loop
      vertex 23.6733 8.03599 4
      vertex 15.4322 7.125 4
      vertex 15.4256 6.9235 4
    endloop
  endfacet
  facet normal 0 0 1
    outer loop
      vertex 23.097 9.56709 4
      vertex 15.4256 7.3265 4
      vertex 15.4322 7.125 4
    endloop
  endfacet
  facet normal 0 0 1
    outer loop
      vertex 23.097 9.56709 4
      vertex 15.4256 7.32718 4
      vertex 15.4256 7.3265 4
    endloop
  endfacet
  facet normal 0 0 1
    outer loop
      vertex 23.097 9.56709 4
      vertex 15.4255 7.32787 4
      vertex 15.4256 7.32718 4
    endloop
  endfacet
  facet normal 0 0 1
    outer loop
      vertex 23.097 9.56709 4
      vertex 15.4058 7.5285 4
      vertex 15.4255 7.32787 4
    endloop
  endfacet
  facet normal 0 0 1
    outer loop
      vertex 23.097 9.56709 4
      vertex 15.3729 7.72742 4
      vertex 15.4058 7.5285 4
    endloop
  endfacet
  facet normal 0 0 1
    outer loop
      vertex 23.097 9.56709 4
      vertex 15.3728 7.72809 4
      vertex 15.3729 7.72742 4
    endloop
  endfacet
  facet normal 0 0 1
    outer loop
      vertex 23.097 9.56709 4
      vertex 15.3727 7.72876 4
      vertex 15.3728 7.72809 4
    endloop
  endfacet
  facet normal 0 0 1
    outer loop
      vertex 22.4218 11.0572 4
      vertex 15.3269 7.9251 4
      vertex 15.3727 7.72876 4
    endloop
  endfacet
  facet normal 0 0 1
    outer loop
      vertex 22.4218 11.0572 4
      vertex 15.2684 8.11803 4
      vertex 15.3269 7.9251 4
    endloop
  endfacet
  facet normal 0 0 1
    outer loop
      vertex 22.4218 11.0572 4
      vertex 15.2682 8.11868 4
      vertex 15.2684 8.11803 4
    endloop
  endfacet
  facet normal 0 0 1
    outer loop
      vertex 12.5424 10.2098 4
      vertex 16.4836 18.796 4
      vertex 15.219 19.8338 4
    endloop
  endfacet
  facet normal 0 0 1
    outer loop
      vertex 22.4218 11.0572 4
      vertex 15.1971 8.30737 4
      vertex 15.2682 8.11868 4
    endloop
  endfacet
  facet normal 0 0 1
    outer loop
      vertex 22.4218 11.0572 4
      vertex 15.1969 8.30801 4
      vertex 15.1971 8.30737 4
    endloop
  endfacet
  facet normal 0 0 1
    outer loop
      vertex 22.4218 11.0572 4
      vertex 15.1966 8.30864 4
      vertex 15.1969 8.30801 4
    endloop
  endfacet
  facet normal 0 0 1
    outer loop
      vertex 21.6506 12.5 4
      vertex 15.1134 8.49227 4
      vertex 15.1966 8.30864 4
    endloop
  endfacet
  facet normal 0 0 1
    outer loop
      vertex 21.6506 12.5 4
      vertex 15.1131 8.49288 4
      vertex 15.1134 8.49227 4
    endloop
  endfacet
  facet normal 0 0 1
    outer loop
      vertex 21.6506 12.5 4
      vertex 15.0181 8.67068 4
      vertex 15.1131 8.49288 4
    endloop
  endfacet
  facet normal 0 0 1
    outer loop
      vertex 21.6506 12.5 4
      vertex 14.9116 8.84188 4
      vertex 15.0181 8.67068 4
    endloop
  endfacet
  facet normal 0 0 1
    outer loop
      vertex 21.6506 12.5 4
      vertex 14.9112 8.84247 4
      vertex 14.9116 8.84188 4
    endloop
  endfacet
  facet normal 0 0 1
    outer loop
      vertex 20.7867 13.8893 4
      vertex 14.7938 9.00634 4
      vertex 14.9112 8.84247 4
    endloop
  endfacet
  facet normal 0 0 1
    outer loop
      vertex 20.7867 13.8893 4
      vertex 14.7934 9.0069 4
      vertex 14.7938 9.00634 4
    endloop
  endfacet
  facet normal 0 0 1
    outer loop
      vertex 20.7867 13.8893 4
      vertex 14.793 9.00743 4
      vertex 14.7934 9.0069 4
    endloop
  endfacet
  facet normal 0 0 1
    outer loop
      vertex 20.7867 13.8893 4
      vertex 14.6651 9.16327 4
      vertex 14.793 9.00743 4
    endloop
  endfacet
  facet normal 0 0 1
    outer loop
      vertex 20.7867 13.8893 4
      vertex 14.6646 9.16377 4
      vertex 14.6651 9.16327 4
    endloop
  endfacet
  facet normal 0 0 1
    outer loop
      vertex 20.7867 13.8893 4
      vertex 14.5268 9.31092 4
      vertex 14.6646 9.16377 4
    endloop
  endfacet
  facet normal 0 0 1
    outer loop
      vertex 19.8338 15.219 4
      vertex 14.3796 9.44874 4
      vertex 14.5268 9.31092 4
    endloop
  endfacet
  facet normal 0 0 1
    outer loop
      vertex 19.8338 15.219 4
      vertex 14.3791 9.44921 4
      vertex 14.3796 9.44874 4
    endloop
  endfacet
  facet normal 0 0 1
    outer loop
      vertex 19.8338 15.219 4
      vertex 14.3786 9.44964 4
      vertex 14.3791 9.44921 4
    endloop
  endfacet
  facet normal 0 0 1
    outer loop
      vertex 19.8338 15.219 4
      vertex 14.2228 9.57754 4
      vertex 14.3786 9.44964 4
    endloop
  endfacet
  facet normal 0 0 1
    outer loop
      vertex 19.8338 15.219 4
      vertex 14.0589 9.69497 4
      vertex 14.2228 9.57754 4
    endloop
  endfacet
  facet normal 0 0 1
    outer loop
      vertex 19.8338 15.219 4
      vertex 14.0583 9.69537 4
      vertex 14.0589 9.69497 4
    endloop
  endfacet
  facet normal 0 0 1
    outer loop
      vertex 19.8338 15.219 4
      vertex 14.0577 9.69573 4
      vertex 14.0583 9.69537 4
    endloop
  endfacet
  facet normal 0 0 1
    outer loop
      vertex 11.9374 10.1899 4
      vertex 15.219 19.8338 4
      vertex 13.8893 20.7867 4
    endloop
  endfacet
  facet normal 0 0 1
    outer loop
      vertex 18.796 16.4836 4
      vertex 13.8865 9.80219 4
      vertex 14.0577 9.69573 4
    endloop
  endfacet
  facet normal 0 0 1
    outer loop
      vertex 18.796 16.4836 4
      vertex 13.7087 9.89723 4
      vertex 13.8865 9.80219 4
    endloop
  endfacet
  facet normal 0 0 1
    outer loop
      vertex 18.796 16.4836 4
      vertex 13.7081 9.89755 4
      vertex 13.7087 9.89723 4
    endloop
  endfacet
  facet normal 0 0 1
    outer loop
      vertex 18.796 16.4836 4
      vertex 13.7075 9.89784 4
      vertex 13.7081 9.89755 4
    endloop
  endfacet
  facet normal 0 0 1
    outer loop
      vertex 18.796 16.4836 4
      vertex 13.5239 9.98104 4
      vertex 13.7075 9.89784 4
    endloop
  endfacet
  facet normal 0 0 1
    outer loop
      vertex 17.6777 17.6777 4
      vertex 13.5232 9.98128 4
      vertex 13.5239 9.98104 4
    endloop
  endfacet
  facet normal 0 0 1
    outer loop
      vertex 17.6777 17.6777 4
      vertex 13.3345 10.0523 4
      vertex 13.5232 9.98128 4
    endloop
  endfacet
  facet normal 0 0 1
    outer loop
      vertex 17.6777 17.6777 4
      vertex 13.1416 10.1108 4
      vertex 13.3345 10.0523 4
    endloop
  endfacet
  facet normal 0 0 1
    outer loop
      vertex 17.6777 17.6777 4
      vertex 13.141 10.111 4
      vertex 13.1416 10.1108 4
    endloop
  endfacet
  facet normal 0 0 1
    outer loop
      vertex 17.6777 17.6777 4
      vertex 13.1403 10.1112 4
      vertex 13.141 10.111 4
    endloop
  endfacet
  facet normal 0 0 1
    outer loop
      vertex 17.6777 17.6777 4
      vertex 12.944 10.157 4
      vertex 13.1403 10.1112 4
    endloop
  endfacet
  facet normal 0 0 1
    outer loop
      vertex 16.4836 18.796 4
      vertex 12.745 10.1898 4
      vertex 12.944 10.157 4
    endloop
  endfacet
  facet normal 0 0 1
    outer loop
      vertex 16.4836 18.796 4
      vertex 12.7444 10.1899 4
      vertex 12.745 10.1898 4
    endloop
  endfacet
  facet normal 0 0 1
    outer loop
      vertex 16.4836 18.796 4
      vertex 12.5437 10.2097 4
      vertex 12.7444 10.1899 4
    endloop
  endfacet
  facet normal 0 0 1
    outer loop
      vertex 16.4836 18.796 4
      vertex 12.543 10.2097 4
      vertex 12.5437 10.2097 4
    endloop
  endfacet
  facet normal 0 0 1
    outer loop
      vertex 16.4836 18.796 4
      vertex 12.5424 10.2098 4
      vertex 12.543 10.2097 4
    endloop
  endfacet
  facet normal 0 0 1
    outer loop
      vertex 11.5408 10.111 4
      vertex 13.8893 20.7867 4
      vertex 12.5 21.6506 4
    endloop
  endfacet
  facet normal 0 0 1
    outer loop
      vertex 15.219 19.8338 4
      vertex 12.3409 10.2164 4
      vertex 12.5424 10.2098 4
    endloop
  endfacet
  facet normal 0 0 1
    outer loop
      vertex 15.219 19.8338 4
      vertex 12.1394 10.2098 4
      vertex 12.3409 10.2164 4
    endloop
  endfacet
  facet normal 0 0 1
    outer loop
      vertex 15.219 19.8338 4
      vertex 12.1387 10.2097 4
      vertex 12.1394 10.2098 4
    endloop
  endfacet
  facet normal 0 0 1
    outer loop
      vertex 15.219 19.8338 4
      vertex 12.138 10.2097 4
      vertex 12.1387 10.2097 4
    endloop
  endfacet
  facet normal 0 0 1
    outer loop
      vertex 15.219 19.8338 4
      vertex 11.9374 10.1899 4
      vertex 12.138 10.2097 4
    endloop
  endfacet
  facet normal 0 0 1
    outer loop
      vertex 13.8893 20.7867 4
      vertex 11.7384 10.1571 4
      vertex 11.9374 10.1899 4
    endloop
  endfacet
  facet normal 0 0 1
    outer loop
      vertex 13.8893 20.7867 4
      vertex 11.7378 10.157 4
      vertex 11.7384 10.1571 4
    endloop
  endfacet
  facet normal 0 0 1
    outer loop
      vertex 13.8893 20.7867 4
      vertex 11.7371 10.1568 4
      vertex 11.7378 10.157 4
    endloop
  endfacet
  facet normal 0 0 1
    outer loop
      vertex 13.8893 20.7867 4
      vertex 11.5408 10.111 4
      vertex 11.7371 10.1568 4
    endloop
  endfacet
  facet normal 0 0 1
    outer loop
      vertex 12.5 21.6506 4
      vertex 11.3478 10.0525 4
      vertex 11.5408 10.111 4
    endloop
  endfacet
  facet normal 0 0 1
    outer loop
      vertex 12.5 21.6506 4
      vertex 11.3472 10.0523 4
      vertex 11.3478 10.0525 4
    endloop
  endfacet
  facet normal 0 0 1
    outer loop
      vertex 12.5 21.6506 4
      vertex 11.1585 9.98128 4
      vertex 11.3472 10.0523 4
    endloop
  endfacet
  facet normal 0 0 1
    outer loop
      vertex 12.5 21.6506 4
      vertex 11.1579 9.98104 4
      vertex 11.1585 9.98128 4
    endloop
  endfacet
  facet normal 0 0 1
    outer loop
      vertex 11.0572 22.4218 4
      vertex 11.1579 9.98104 4
      vertex 12.5 21.6506 4
    endloop
  endfacet
  facet normal 0 0 1
    outer loop
      vertex 11.1579 9.98104 4
      vertex 11.0572 22.4218 4
      vertex 11.1572 9.98076 4
    endloop
  endfacet
  facet normal 0 0 1
    outer loop
      vertex 11.0572 22.4218 4
      vertex 10.9736 9.89755 4
      vertex 11.1572 9.98076 4
    endloop
  endfacet
  facet normal 0 0 1
    outer loop
      vertex 11.0572 22.4218 4
      vertex 10.973 9.89723 4
      vertex 10.9736 9.89755 4
    endloop
  endfacet
  facet normal 0 0 1
    outer loop
      vertex 11.0572 22.4218 4
      vertex 10.7952 9.80219 4
      vertex 10.973 9.89723 4
    endloop
  endfacet
  facet normal 0 0 1
    outer loop
      vertex 9.56709 23.097 4
      vertex 10.7952 9.80219 4
      vertex 11.0572 22.4218 4
    endloop
  endfacet
  facet normal 0 0 1
    outer loop
      vertex 10.7952 9.80219 4
      vertex 9.56709 23.097 4
      vertex 10.624 9.69573 4
    endloop
  endfacet
  facet normal 0 0 1
    outer loop
      vertex 10.624 9.69573 4
      vertex 9.56709 23.097 4
      vertex 10.6234 9.69537 4
    endloop
  endfacet
  facet normal 0 0 1
    outer loop
      vertex 8.03599 23.6733 4
      vertex 10.6234 9.69537 4
      vertex 9.56709 23.097 4
    endloop
  endfacet
  facet normal 0 0 1
    outer loop
      vertex 10.6234 9.69537 4
      vertex 8.03599 23.6733 4
      vertex 10.4595 9.57794 4
    endloop
  endfacet
  facet normal 0 0 1
    outer loop
      vertex 10.4595 9.57794 4
      vertex 8.03599 23.6733 4
      vertex 10.459 9.57754 4
    endloop
  endfacet
  facet normal 0 0 1
    outer loop
      vertex 10.459 9.57754 4
      vertex 8.03599 23.6733 4
      vertex 10.4584 9.5771 4
    endloop
  endfacet
  facet normal 0 0 1
    outer loop
      vertex 10.4584 9.5771 4
      vertex 8.03599 23.6733 4
      vertex 10.3026 9.44921 4
    endloop
  endfacet
  facet normal 0 0 1
    outer loop
      vertex 6.47048 24.1481 4
      vertex 10.3026 9.44921 4
      vertex 8.03599 23.6733 4
    endloop
  endfacet
  facet normal 0 0 1
    outer loop
      vertex 10.3026 9.44921 4
      vertex 6.47048 24.1481 4
      vertex 10.3021 9.44874 4
    endloop
  endfacet
  facet normal 0 0 1
    outer loop
      vertex 10.3021 9.44874 4
      vertex 6.47048 24.1481 4
      vertex 10.1549 9.31092 4
    endloop
  endfacet
  facet normal 0 0 1
    outer loop
      vertex 4.87726 24.5196 4
      vertex 10.1549 9.31092 4
      vertex 6.47048 24.1481 4
    endloop
  endfacet
  facet normal 0 0 1
    outer loop
      vertex 10.1549 9.31092 4
      vertex 4.87726 24.5196 4
      vertex 10.0171 9.16378 4
    endloop
  endfacet
  facet normal 0 0 1
    outer loop
      vertex 10.0171 9.16378 4
      vertex 4.87726 24.5196 4
      vertex 10.0167 9.16327 4
    endloop
  endfacet
  facet normal 0 0 1
    outer loop
      vertex 10.0167 9.16327 4
      vertex 4.87726 24.5196 4
      vertex 10.0162 9.16274 4
    endloop
  endfacet
  facet normal 0 0 1
    outer loop
      vertex 10.0162 9.16274 4
      vertex 4.87726 24.5196 4
      vertex 9.88832 9.0069 4
    endloop
  endfacet
  facet normal 0 0 1
    outer loop
      vertex 3.26315 24.7861 4
      vertex 9.88832 9.0069 4
      vertex 4.87726 24.5196 4
    endloop
  endfacet
  facet normal 0 0 1
    outer loop
      vertex 9.88832 9.0069 4
      vertex 3.26315 24.7861 4
      vertex 9.77089 8.84302 4
    endloop
  endfacet
  facet normal 0 0 1
    outer loop
      vertex 9.77089 8.84302 4
      vertex 3.26315 24.7861 4
      vertex 9.77049 8.84247 4
    endloop
  endfacet
  facet normal 0 0 1
    outer loop
      vertex 0.619999 4.70936 4
      vertex 9.77049 8.84247 4
      vertex 3.26315 24.7861 4
    endloop
  endfacet
  facet normal 0 0 1
    outer loop
      vertex 9.77049 8.84247 4
      vertex 0.619999 4.70936 4
      vertex 9.77013 8.84188 4
    endloop
  endfacet
  facet normal 0 0 1
    outer loop
      vertex 9.77013 8.84188 4
      vertex 0.619999 4.70936 4
      vertex 9.66367 8.67068 4
    endloop
  endfacet
  facet normal 0 -0 1
    outer loop
      vertex 0.926679 4.65873 4
      vertex 9.66367 8.67068 4
      vertex 0.619999 4.70936 4
    endloop
  endfacet
  facet normal 0 0 1
    outer loop
      vertex 9.66367 8.67068 4
      vertex 0.926679 4.65873 4
      vertex 9.56863 8.49288 4
    endloop
  endfacet
  facet normal 0 0 1
    outer loop
      vertex 9.56863 8.49288 4
      vertex 0.926679 4.65873 4
      vertex 9.56831 8.49227 4
    endloop
  endfacet
  facet normal 0 -0 1
    outer loop
      vertex 1.22939 4.58815 4
      vertex 9.56831 8.49227 4
      vertex 0.926679 4.65873 4
    endloop
  endfacet
  facet normal 0 0 1
    outer loop
      vertex 9.56831 8.49227 4
      vertex 1.22939 4.58815 4
      vertex 9.56802 8.49165 4
    endloop
  endfacet
  facet normal 0 0 1
    outer loop
      vertex 9.56802 8.49165 4
      vertex 1.22939 4.58815 4
      vertex 9.48482 8.30801 4
    endloop
  endfacet
  facet normal 0 -0 1
    outer loop
      vertex 1.52684 4.49792 4
      vertex 9.48482 8.30801 4
      vertex 1.22939 4.58815 4
    endloop
  endfacet
  facet normal 0 0 1
    outer loop
      vertex 9.48482 8.30801 4
      vertex 1.52684 4.49792 4
      vertex 9.48458 8.30737 4
    endloop
  endfacet
  facet normal 0 0 1
    outer loop
      vertex 9.48458 8.30737 4
      vertex 1.52684 4.49792 4
      vertex 9.41356 8.11868 4
    endloop
  endfacet
  facet normal 0 -0 1
    outer loop
      vertex 1.81775 4.38843 4
      vertex 9.41356 8.11868 4
      vertex 1.52684 4.49792 4
    endloop
  endfacet
  facet normal 0 0 1
    outer loop
      vertex 9.41356 8.11868 4
      vertex 1.81775 4.38843 4
      vertex 9.35504 7.92576 4
    endloop
  endfacet
  facet normal 0 0 1
    outer loop
      vertex 9.35504 7.92576 4
      vertex 1.81775 4.38843 4
      vertex 9.35484 7.9251 4
    endloop
  endfacet
  facet normal 0 0 1
    outer loop
      vertex 23.6733 8.03599 4
      vertex 15.4256 6.9235 4
      vertex 15.4256 6.92282 4
    endloop
  endfacet
  facet normal 0 0 1
    outer loop
      vertex 23.6733 8.03599 4
      vertex 15.4255 6.92213 4
      vertex 15.4058 6.7215 4
    endloop
  endfacet
  facet normal 0 0 1
    outer loop
      vertex 24.1481 6.47048 4
      vertex 15.4057 6.72082 4
      vertex 15.3728 6.52191 4
    endloop
  endfacet
  facet normal 0 0 1
    outer loop
      vertex 24.1481 6.47048 4
      vertex 15.327 6.32557 4
      vertex 15.3269 6.3249 4
    endloop
  endfacet
  facet normal 0 0 1
    outer loop
      vertex 24.1481 6.47048 4
      vertex 15.3267 6.32424 4
      vertex 15.2682 6.13132 4
    endloop
  endfacet
  facet normal 0 0 1
    outer loop
      vertex 24.5196 4.87726 4
      vertex 15.1971 5.94263 4
      vertex 15.1969 5.94199 4
    endloop
  endfacet
  facet normal 0 0 1
    outer loop
      vertex 24.5196 4.87726 4
      vertex 15.1137 5.75835 4
      vertex 15.1134 5.75773 4
    endloop
  endfacet
  facet normal 0 0 1
    outer loop
      vertex 24.5196 4.87726 4
      vertex 15.1134 5.75773 4
      vertex 15.1131 5.75712 4
    endloop
  endfacet
  facet normal 0 0 1
    outer loop
      vertex 24.5196 4.87726 4
      vertex 15.1131 5.75712 4
      vertex 15.0181 5.57932 4
    endloop
  endfacet
  facet normal 0 0 1
    outer loop
      vertex 24.7861 3.26315 4
      vertex 14.9116 5.40812 4
      vertex 14.9112 5.40753 4
    endloop
  endfacet
  facet normal 0 0 1
    outer loop
      vertex 24.7861 3.26315 4
      vertex 14.9108 5.40698 4
      vertex 14.7934 5.2431 4
    endloop
  endfacet
  facet normal 0 0 1
    outer loop
      vertex 24.9465 1.63508 4
      vertex 14.6655 5.08726 4
      vertex 14.6651 5.08673 4
    endloop
  endfacet
  facet normal 0 0 1
    outer loop
      vertex 25 0 4
      vertex 14.3796 4.80126 4
      vertex 14.3791 4.80079 4
    endloop
  endfacet
  facet normal -0 0 1
    outer loop
      vertex 14.2233 4.6729 4
      vertex 25 0 4
      vertex 14.3791 4.80079 4
    endloop
  endfacet
  facet normal -0 0 1
    outer loop
      vertex 14.2228 4.67246 4
      vertex 25 0 4
      vertex 14.2233 4.6729 4
    endloop
  endfacet
  facet normal 0 0 1
    outer loop
      vertex 25 0 4
      vertex 14.2228 4.67246 4
      vertex 24.9465 -1.63508 4
    endloop
  endfacet
  facet normal -0 0 1
    outer loop
      vertex 14.2222 4.67206 4
      vertex 24.9465 -1.63508 4
      vertex 14.2228 4.67246 4
    endloop
  endfacet
  facet normal -0 0 1
    outer loop
      vertex 14.0583 4.55463 4
      vertex 24.9465 -1.63508 4
      vertex 14.2222 4.67206 4
    endloop
  endfacet
  facet normal -0 0 1
    outer loop
      vertex 14.0577 4.55427 4
      vertex 24.9465 -1.63508 4
      vertex 14.0583 4.55463 4
    endloop
  endfacet
  facet normal -0 0 1
    outer loop
      vertex 13.8865 4.44781 4
      vertex 24.9465 -1.63508 4
      vertex 14.0577 4.55427 4
    endloop
  endfacet
  facet normal 0 0 1
    outer loop
      vertex 24.9465 -1.63508 4
      vertex 13.8865 4.44781 4
      vertex 24.7861 -3.26315 4
    endloop
  endfacet
  facet normal -0 0 1
    outer loop
      vertex 13.7087 4.35277 4
      vertex 24.7861 -3.26315 4
      vertex 13.8865 4.44781 4
    endloop
  endfacet
  facet normal -0 0 1
    outer loop
      vertex 13.7081 4.35245 4
      vertex 24.7861 -3.26315 4
      vertex 13.7087 4.35277 4
    endloop
  endfacet
  facet normal 0 0 1
    outer loop
      vertex 24.7861 -3.26315 4
      vertex 13.7081 4.35245 4
      vertex 24.5196 -4.87726 4
    endloop
  endfacet
  facet normal -0 0 1
    outer loop
      vertex 13.5245 4.26924 4
      vertex 24.5196 -4.87726 4
      vertex 13.7081 4.35245 4
    endloop
  endfacet
  facet normal -0 0 1
    outer loop
      vertex 13.5239 4.26896 4
      vertex 24.5196 -4.87726 4
      vertex 13.5245 4.26924 4
    endloop
  endfacet
  facet normal -0 0 1
    outer loop
      vertex 13.5232 4.26872 4
      vertex 24.5196 -4.87726 4
      vertex 13.5239 4.26896 4
    endloop
  endfacet
  facet normal -0 0 1
    outer loop
      vertex 13.3345 4.1977 4
      vertex 24.5196 -4.87726 4
      vertex 13.5232 4.26872 4
    endloop
  endfacet
  facet normal 0 0 1
    outer loop
      vertex 24.5196 -4.87726 4
      vertex 13.3345 4.1977 4
      vertex 24.1481 -6.47048 4
    endloop
  endfacet
  facet normal -0 0 1
    outer loop
      vertex 13.3339 4.1975 4
      vertex 24.1481 -6.47048 4
      vertex 13.3345 4.1977 4
    endloop
  endfacet
  facet normal -0 0 1
    outer loop
      vertex 13.141 4.13898 4
      vertex 24.1481 -6.47048 4
      vertex 13.3339 4.1975 4
    endloop
  endfacet
  facet normal 0 0 1
    outer loop
      vertex 24.1481 -6.47048 4
      vertex 13.141 4.13898 4
      vertex 23.6733 -8.03599 4
    endloop
  endfacet
  facet normal -0 0 1
    outer loop
      vertex 12.9446 4.0932 4
      vertex 23.6733 -8.03599 4
      vertex 13.141 4.13898 4
    endloop
  endfacet
  facet normal -0 0 1
    outer loop
      vertex 12.944 4.09304 4
      vertex 23.6733 -8.03599 4
      vertex 12.9446 4.0932 4
    endloop
  endfacet
  facet normal -0 0 1
    outer loop
      vertex 12.9433 4.09293 4
      vertex 23.6733 -8.03599 4
      vertex 12.944 4.09304 4
    endloop
  endfacet
  facet normal 0 0 1
    outer loop
      vertex 23.6733 -8.03599 4
      vertex 12.9433 4.09293 4
      vertex 23.097 -9.56709 4
    endloop
  endfacet
  facet normal -0 0 1
    outer loop
      vertex 12.7444 4.06009 4
      vertex 23.097 -9.56709 4
      vertex 12.9433 4.09293 4
    endloop
  endfacet
  facet normal -0 0 1
    outer loop
      vertex 12.5437 4.04033 4
      vertex 23.097 -9.56709 4
      vertex 12.7444 4.06009 4
    endloop
  endfacet
  facet normal 0 0 1
    outer loop
      vertex 23.097 -9.56709 4
      vertex 12.5437 4.04033 4
      vertex 22.4218 -11.0572 4
    endloop
  endfacet
  facet normal -0 0 1
    outer loop
      vertex 12.543 4.04026 4
      vertex 22.4218 -11.0572 4
      vertex 12.5437 4.04033 4
    endloop
  endfacet
  facet normal 0 0 1
    outer loop
      vertex 12.1387 4.04026 4
      vertex 4.58815 -1.22939 4
      vertex 12.1394 4.04024 4
    endloop
  endfacet
  facet normal 0 0 1
    outer loop
      vertex 4.49792 -1.52684 4
      vertex 12.1394 4.04024 4
      vertex 4.58815 -1.22939 4
    endloop
  endfacet
  facet normal 0 0 1
    outer loop
      vertex 12.1394 4.04024 4
      vertex 4.49792 -1.52684 4
      vertex 12.3409 4.03364 4
    endloop
  endfacet
  facet normal -0 0 1
    outer loop
      vertex 12.3409 4.03364 4
      vertex 4.49792 -1.52684 4
      vertex 12.5424 4.04024 4
    endloop
  endfacet
  facet normal 0 0 1
    outer loop
      vertex 4.38843 -1.81775 4
      vertex 12.5424 4.04024 4
      vertex 4.49792 -1.52684 4
    endloop
  endfacet
  facet normal -0 0 1
    outer loop
      vertex 4.26015 -2.10087 4
      vertex 22.4218 -11.0572 4
      vertex 4.38843 -1.81775 4
    endloop
  endfacet
  facet normal 0 0 1
    outer loop
      vertex 12.543 4.04026 4
      vertex 4.38843 -1.81775 4
      vertex 22.4218 -11.0572 4
    endloop
  endfacet
  facet normal -0 0 1
    outer loop
      vertex 12.5424 4.04024 4
      vertex 4.38843 -1.81775 4
      vertex 12.543 4.04026 4
    endloop
  endfacet
  facet normal 0 0 1
    outer loop
      vertex 12.138 4.04033 4
      vertex 4.58815 -1.22939 4
      vertex 12.1387 4.04026 4
    endloop
  endfacet
  facet normal 0 0 1
    outer loop
      vertex 22.4218 -11.0572 4
      vertex 4.26015 -2.10087 4
      vertex 21.6506 -12.5 4
    endloop
  endfacet
  facet normal 0 0 1
    outer loop
      vertex 11.9374 4.06009 4
      vertex 4.58815 -1.22939 4
      vertex 12.138 4.04033 4
    endloop
  endfacet
  facet normal 0 0 1
    outer loop
      vertex 4.58815 -1.22939 4
      vertex 11.9374 4.06009 4
      vertex 4.65873 -0.926679 4
    endloop
  endfacet
  facet normal 0 0 1
    outer loop
      vertex 11.9367 4.0602 4
      vertex 4.65873 -0.926679 4
      vertex 11.9374 4.06009 4
    endloop
  endfacet
  facet normal 0 0 1
    outer loop
      vertex 11.7378 4.09304 4
      vertex 4.65873 -0.926679 4
      vertex 11.9367 4.0602 4
    endloop
  endfacet
  facet normal 0 0 1
    outer loop
      vertex 4.65873 -0.926679 4
      vertex 11.7378 4.09304 4
      vertex 4.70936 -0.619999 4
    endloop
  endfacet
  facet normal 0 0 1
    outer loop
      vertex 11.5414 4.13882 4
      vertex 4.70936 -0.619999 4
      vertex 11.7378 4.09304 4
    endloop
  endfacet
  facet normal 0 0 1
    outer loop
      vertex 11.5408 4.13898 4
      vertex 4.70936 -0.619999 4
      vertex 11.5414 4.13882 4
    endloop
  endfacet
  facet normal 0 0 1
    outer loop
      vertex 4.70936 -0.619999 4
      vertex 11.5408 4.13898 4
      vertex 4.73983 -0.310664 4
    endloop
  endfacet
  facet normal 0 0 1
    outer loop
      vertex 11.5401 4.13918 4
      vertex 4.73983 -0.310664 4
      vertex 11.5408 4.13898 4
    endloop
  endfacet
  facet normal 0 0 1
    outer loop
      vertex 11.3472 4.1977 4
      vertex 4.73983 -0.310664 4
      vertex 11.5401 4.13918 4
    endloop
  endfacet
  facet normal 0 0 1
    outer loop
      vertex 4.73983 -0.310664 4
      vertex 11.3472 4.1977 4
      vertex 4.75 0 4
    endloop
  endfacet
  facet normal 0 0 1
    outer loop
      vertex 4.75 0 4
      vertex 11.3472 4.1977 4
      vertex 11.1585 4.26872 4
    endloop
  endfacet
  facet normal 0 0 1
    outer loop
      vertex 4.75 0 4
      vertex 11.1585 4.26872 4
      vertex 11.1579 4.26896 4
    endloop
  endfacet
  facet normal -0 0 1
    outer loop
      vertex 4.11362 -2.375 4
      vertex 21.6506 -12.5 4
      vertex 4.26015 -2.10087 4
    endloop
  endfacet
  facet normal 0 0 1
    outer loop
      vertex 4.75 0 4
      vertex 11.1579 4.26896 4
      vertex 10.9742 4.35216 4
    endloop
  endfacet
  facet normal 0 0 1
    outer loop
      vertex 4.75 0 4
      vertex 10.9742 4.35216 4
      vertex 10.9736 4.35245 4
    endloop
  endfacet
  facet normal 0 0 1
    outer loop
      vertex 4.73983 0.310664 4
      vertex 10.9736 4.35245 4
      vertex 10.973 4.35277 4
    endloop
  endfacet
  facet normal 0 0 1
    outer loop
      vertex 4.73983 0.310664 4
      vertex 10.973 4.35277 4
      vertex 10.7952 4.44781 4
    endloop
  endfacet
  facet normal 0 0 1
    outer loop
      vertex 4.70936 0.619999 4
      vertex 10.7952 4.44781 4
      vertex 10.624 4.55427 4
    endloop
  endfacet
  facet normal 0 0 1
    outer loop
      vertex 4.70936 0.619999 4
      vertex 10.624 4.55427 4
      vertex 10.6234 4.55463 4
    endloop
  endfacet
  facet normal 0 0 1
    outer loop
      vertex 4.65873 0.926679 4
      vertex 10.6234 4.55463 4
      vertex 10.6228 4.55503 4
    endloop
  endfacet
  facet normal 0 0 1
    outer loop
      vertex 4.65873 0.926679 4
      vertex 10.6228 4.55503 4
      vertex 10.459 4.67246 4
    endloop
  endfacet
  facet normal 0 0 1
    outer loop
      vertex 4.58815 1.22939 4
      vertex 10.459 4.67246 4
      vertex 10.3031 4.80036 4
    endloop
  endfacet
  facet normal 0 0 1
    outer loop
      vertex 4.58815 1.22939 4
      vertex 10.3031 4.80036 4
      vertex 10.3026 4.80079 4
    endloop
  endfacet
  facet normal 0 0 1
    outer loop
      vertex 4.58815 1.22939 4
      vertex 10.3026 4.80079 4
      vertex 10.3021 4.80126 4
    endloop
  endfacet
  facet normal 0 0 1
    outer loop
      vertex 4.58815 1.22939 4
      vertex 10.3021 4.80126 4
      vertex 10.1549 4.93908 4
    endloop
  endfacet
  facet normal 0 0 1
    outer loop
      vertex 4.49792 1.52684 4
      vertex 10.1549 4.93908 4
      vertex 10.0171 5.08623 4
    endloop
  endfacet
  facet normal 0 0 1
    outer loop
      vertex 4.49792 1.52684 4
      vertex 10.0171 5.08623 4
      vertex 10.0167 5.08673 4
    endloop
  endfacet
  facet normal 0 0 1
    outer loop
      vertex 4.38843 1.81775 4
      vertex 10.0167 5.08673 4
      vertex 9.88876 5.24257 4
    endloop
  endfacet
  facet normal 0 0 1
    outer loop
      vertex 4.38843 1.81775 4
      vertex 9.88876 5.24257 4
      vertex 9.88832 5.2431 4
    endloop
  endfacet
  facet normal 0 0 1
    outer loop
      vertex 4.26015 2.10087 4
      vertex 9.88832 5.2431 4
      vertex 9.88792 5.24366 4
    endloop
  endfacet
  facet normal 0 0 1
    outer loop
      vertex 4.26015 2.10087 4
      vertex 9.88792 5.24366 4
      vertex 9.77049 5.40753 4
    endloop
  endfacet
  facet normal 0 0 1
    outer loop
      vertex 4.26015 2.10087 4
      vertex 9.77049 5.40753 4
      vertex 9.77013 5.40812 4
    endloop
  endfacet
  facet normal 0 0 1
    outer loop
      vertex 4.11362 2.375 4
      vertex 9.77013 5.40812 4
      vertex 9.66367 5.57932 4
    endloop
  endfacet
  facet normal 0 0 1
    outer loop
      vertex 4.11362 2.375 4
      vertex 9.66367 5.57932 4
      vertex 9.56863 5.75712 4
    endloop
  endfacet
  facet normal 0 0 1
    outer loop
      vertex 3.94948 2.63896 4
      vertex 9.56863 5.75712 4
      vertex 9.56831 5.75773 4
    endloop
  endfacet
  facet normal 0 0 1
    outer loop
      vertex 21.6506 -12.5 4
      vertex 4.11362 -2.375 4
      vertex 20.7867 -13.8893 4
    endloop
  endfacet
  facet normal 0 0 1
    outer loop
      vertex 3.94948 2.63896 4
      vertex 9.56831 5.75773 4
      vertex 9.4851 5.94136 4
    endloop
  endfacet
  facet normal 0 0 1
    outer loop
      vertex 3.94948 2.63896 4
      vertex 9.4851 5.94136 4
      vertex 9.48482 5.94199 4
    endloop
  endfacet
  facet normal 0 0 1
    outer loop
      vertex 3.76843 2.89162 4
      vertex 9.48482 5.94199 4
      vertex 9.48458 5.94263 4
    endloop
  endfacet
  facet normal 0 0 1
    outer loop
      vertex 3.76843 2.89162 4
      vertex 9.48458 5.94263 4
      vertex 9.41356 6.13131 4
    endloop
  endfacet
  facet normal 0 0 1
    outer loop
      vertex 3.57124 3.13189 4
      vertex 9.41356 6.13131 4
      vertex 9.41336 6.13197 4
    endloop
  endfacet
  facet normal 0 0 1
    outer loop
      vertex 3.57124 3.13189 4
      vertex 9.41336 6.13197 4
      vertex 9.35484 6.3249 4
    endloop
  endfacet
  facet normal 0 0 1
    outer loop
      vertex 3.35876 3.35876 4
      vertex 9.35484 6.3249 4
      vertex 9.30906 6.52124 4
    endloop
  endfacet
  facet normal 0 0 1
    outer loop
      vertex 3.35876 3.35876 4
      vertex 9.30906 6.52124 4
      vertex 9.3089 6.52191 4
    endloop
  endfacet
  facet normal 0 0 1
    outer loop
      vertex 3.35876 3.35876 4
      vertex 9.3089 6.52191 4
      vertex 9.30879 6.52258 4
    endloop
  endfacet
  facet normal 0 0 1
    outer loop
      vertex 3.35876 3.35876 4
      vertex 9.30879 6.52258 4
      vertex 9.27595 6.7215 4
    endloop
  endfacet
  facet normal 0 0 1
    outer loop
      vertex 3.13189 3.57124 4
      vertex 9.27595 6.7215 4
      vertex 9.25619 6.92213 4
    endloop
  endfacet
  facet normal 0 0 1
    outer loop
      vertex 3.13189 3.57124 4
      vertex 9.25619 6.92213 4
      vertex 9.25612 6.92282 4
    endloop
  endfacet
  facet normal 0 0 1
    outer loop
      vertex 2.89162 3.76843 4
      vertex 9.25612 6.92282 4
      vertex 9.2561 6.9235 4
    endloop
  endfacet
  facet normal 0 0 1
    outer loop
      vertex 2.89162 3.76843 4
      vertex 9.2561 6.9235 4
      vertex 9.2495 7.125 4
    endloop
  endfacet
  facet normal 0 0 1
    outer loop
      vertex 9.35484 7.9251 4
      vertex 1.81775 4.38843 4
      vertex 9.35468 7.92443 4
    endloop
  endfacet
  facet normal -0 0 1
    outer loop
      vertex 3.94948 -2.63896 4
      vertex 20.7867 -13.8893 4
      vertex 4.11362 -2.375 4
    endloop
  endfacet
  facet normal 0 -0 1
    outer loop
      vertex 2.10087 4.26015 4
      vertex 9.35468 7.92443 4
      vertex 1.81775 4.38843 4
    endloop
  endfacet
  facet normal 0 0 1
    outer loop
      vertex 20.7867 -13.8893 4
      vertex 3.94948 -2.63896 4
      vertex 19.8338 -15.219 4
    endloop
  endfacet
  facet normal 0 -0 1
    outer loop
      vertex 2.375 4.11362 4
      vertex 9.27606 7.52918 4
      vertex 2.10087 4.26015 4
    endloop
  endfacet
  facet normal -0 0 1
    outer loop
      vertex 3.76843 -2.89162 4
      vertex 19.8338 -15.219 4
      vertex 3.94948 -2.63896 4
    endloop
  endfacet
  facet normal -0 0 1
    outer loop
      vertex 3.08476 -14.0485 4
      vertex 19.8338 -15.219 4
      vertex 3.76843 -2.89162 4
    endloop
  endfacet
  facet normal 0 0 1
    outer loop
      vertex 10.9736 4.35245 4
      vertex 4.73983 0.310664 4
      vertex 4.75 0 4
    endloop
  endfacet
  facet normal 0 0 1
    outer loop
      vertex 10.7952 4.44781 4
      vertex 4.70936 0.619999 4
      vertex 4.73983 0.310664 4
    endloop
  endfacet
  facet normal 0 0 1
    outer loop
      vertex 10.6234 4.55463 4
      vertex 4.65873 0.926679 4
      vertex 4.70936 0.619999 4
    endloop
  endfacet
  facet normal 0 0 1
    outer loop
      vertex 10.459 4.67246 4
      vertex 4.58815 1.22939 4
      vertex 4.65873 0.926679 4
    endloop
  endfacet
  facet normal 0 0 1
    outer loop
      vertex 10.1549 4.93908 4
      vertex 4.49792 1.52684 4
      vertex 4.58815 1.22939 4
    endloop
  endfacet
  facet normal 0 0 1
    outer loop
      vertex 10.0167 5.08673 4
      vertex 4.38843 1.81775 4
      vertex 4.49792 1.52684 4
    endloop
  endfacet
  facet normal 0 0 1
    outer loop
      vertex 9.88832 5.2431 4
      vertex 4.26015 2.10087 4
      vertex 4.38843 1.81775 4
    endloop
  endfacet
  facet normal 0 0 1
    outer loop
      vertex 9.77013 5.40812 4
      vertex 4.11362 2.375 4
      vertex 4.26015 2.10087 4
    endloop
  endfacet
  facet normal 0 0 1
    outer loop
      vertex 9.56863 5.75712 4
      vertex 3.94948 2.63896 4
      vertex 4.11362 2.375 4
    endloop
  endfacet
  facet normal 0 0 1
    outer loop
      vertex 9.48482 5.94199 4
      vertex 3.76843 2.89162 4
      vertex 3.94948 2.63896 4
    endloop
  endfacet
  facet normal 0 0 1
    outer loop
      vertex 9.41356 6.13131 4
      vertex 3.57124 3.13189 4
      vertex 3.76843 2.89162 4
    endloop
  endfacet
  facet normal 0 0 1
    outer loop
      vertex 9.35484 6.3249 4
      vertex 3.35876 3.35876 4
      vertex 3.57124 3.13189 4
    endloop
  endfacet
  facet normal 0 0 1
    outer loop
      vertex 9.35468 7.92443 4
      vertex 2.10087 4.26015 4
      vertex 9.3089 7.72809 4
    endloop
  endfacet
  facet normal 0 0 1
    outer loop
      vertex 9.27595 6.7215 4
      vertex 3.13189 3.57124 4
      vertex 3.35876 3.35876 4
    endloop
  endfacet
  facet normal 0 0 1
    outer loop
      vertex 9.25612 6.92282 4
      vertex 2.89162 3.76843 4
      vertex 3.13189 3.57124 4
    endloop
  endfacet
  facet normal 0 0 1
    outer loop
      vertex 9.2495 7.125 4
      vertex 2.63896 3.94948 4
      vertex 2.89162 3.76843 4
    endloop
  endfacet
  facet normal 0 0 1
    outer loop
      vertex 9.2561 7.3265 4
      vertex 2.63896 3.94948 4
      vertex 9.2495 7.125 4
    endloop
  endfacet
  facet normal 0 0 1
    outer loop
      vertex 9.25612 7.32718 4
      vertex 2.63896 3.94948 4
      vertex 9.2561 7.3265 4
    endloop
  endfacet
  facet normal 0 -0 1
    outer loop
      vertex 2.63896 3.94948 4
      vertex 9.25612 7.32718 4
      vertex 2.375 4.11362 4
    endloop
  endfacet
  facet normal 0 0 1
    outer loop
      vertex 0.619999 4.70936 4
      vertex 3.26315 24.7861 4
      vertex 1.63508 24.9465 4
    endloop
  endfacet
  facet normal 0 0 1
    outer loop
      vertex 9.25619 7.32787 4
      vertex 2.375 4.11362 4
      vertex 9.25612 7.32718 4
    endloop
  endfacet
  facet normal 0 0 1
    outer loop
      vertex 9.27595 7.5285 4
      vertex 2.375 4.11362 4
      vertex 9.25619 7.32787 4
    endloop
  endfacet
  facet normal 0 0 1
    outer loop
      vertex 9.27606 7.52918 4
      vertex 2.375 4.11362 4
      vertex 9.27595 7.5285 4
    endloop
  endfacet
  facet normal 0 0 1
    outer loop
      vertex 9.3089 7.72809 4
      vertex 2.10087 4.26015 4
      vertex 9.27606 7.52918 4
    endloop
  endfacet
  facet normal 0 0 1
    outer loop
      vertex 1.63508 24.9465 4
      vertex 0.310664 4.73983 4
      vertex 0.619999 4.70936 4
    endloop
  endfacet
  facet normal 0 0 1
    outer loop
      vertex 0 25 4
      vertex 0.310664 4.73983 4
      vertex 1.63508 24.9465 4
    endloop
  endfacet
  facet normal 0 0 1
    outer loop
      vertex 0 25 4
      vertex 0 4.75 4
      vertex 0.310664 4.73983 4
    endloop
  endfacet
  facet normal 0 0 1
    outer loop
      vertex 0 25 4
      vertex -0.310664 4.73983 4
      vertex 0 4.75 4
    endloop
  endfacet
  facet normal -0 0 1
    outer loop
      vertex -1.63508 24.9465 4
      vertex -0.310664 4.73983 4
      vertex 0 25 4
    endloop
  endfacet
  facet normal 0 0 1
    outer loop
      vertex -0.310664 4.73983 4
      vertex -1.63508 24.9465 4
      vertex -0.619999 4.70936 4
    endloop
  endfacet
  facet normal -0 0 1
    outer loop
      vertex -3.26315 24.7861 4
      vertex -0.619999 4.70936 4
      vertex -1.63508 24.9465 4
    endloop
  endfacet
  facet normal -0 0 1
    outer loop
      vertex -9.35484 7.9251 4
      vertex -0.619999 4.70936 4
      vertex -3.26315 24.7861 4
    endloop
  endfacet
  facet normal 0 0 1
    outer loop
      vertex -9.35484 7.9251 4
      vertex -3.26315 24.7861 4
      vertex -4.87726 24.5196 4
    endloop
  endfacet
  facet normal 0 0 1
    outer loop
      vertex -0.619999 4.70936 4
      vertex -9.35484 7.9251 4
      vertex -0.926679 4.65873 4
    endloop
  endfacet
  facet normal 0 0 1
    outer loop
      vertex -0.926679 4.65873 4
      vertex -9.35484 7.9251 4
      vertex -1.22939 4.58815 4
    endloop
  endfacet
  facet normal 0 0 1
    outer loop
      vertex -1.22939 4.58815 4
      vertex -9.35484 7.9251 4
      vertex -1.52684 4.49792 4
    endloop
  endfacet
  facet normal 0 0 1
    outer loop
      vertex -1.52684 4.49792 4
      vertex -9.35484 7.9251 4
      vertex -1.81775 4.38843 4
    endloop
  endfacet
  facet normal 0 0 1
    outer loop
      vertex -1.81775 4.38843 4
      vertex -9.35484 7.9251 4
      vertex -2.10087 4.26015 4
    endloop
  endfacet
  facet normal -0 -0 1
    outer loop
      vertex -9.35468 7.92443 4
      vertex -2.10087 4.26015 4
      vertex -9.35484 7.9251 4
    endloop
  endfacet
  facet normal -0 -0 1
    outer loop
      vertex -9.3089 7.72809 4
      vertex -2.10087 4.26015 4
      vertex -9.35468 7.92443 4
    endloop
  endfacet
  facet normal 0 0 1
    outer loop
      vertex -2.10087 4.26015 4
      vertex -9.3089 7.72809 4
      vertex -2.375 4.11362 4
    endloop
  endfacet
  facet normal -0 -0 1
    outer loop
      vertex -9.27606 7.52918 4
      vertex -2.375 4.11362 4
      vertex -9.3089 7.72809 4
    endloop
  endfacet
  facet normal -0 -0 1
    outer loop
      vertex -9.27595 7.5285 4
      vertex -2.375 4.11362 4
      vertex -9.27606 7.52918 4
    endloop
  endfacet
  facet normal -0 -0 1
    outer loop
      vertex -9.25619 7.32787 4
      vertex -2.375 4.11362 4
      vertex -9.27595 7.5285 4
    endloop
  endfacet
  facet normal 0 0 1
    outer loop
      vertex -2.375 4.11362 4
      vertex -9.25619 7.32787 4
      vertex -2.63896 3.94948 4
    endloop
  endfacet
  facet normal -0 -0 1
    outer loop
      vertex -9.25612 7.32718 4
      vertex -2.63896 3.94948 4
      vertex -9.25619 7.32787 4
    endloop
  endfacet
  facet normal -0 -0 1
    outer loop
      vertex -9.2561 7.3265 4
      vertex -2.63896 3.94948 4
      vertex -9.25612 7.32718 4
    endloop
  endfacet
  facet normal -0 -0 1
    outer loop
      vertex -9.2495 7.125 4
      vertex -2.63896 3.94948 4
      vertex -9.2561 7.3265 4
    endloop
  endfacet
  facet normal 0 0 1
    outer loop
      vertex -2.63896 3.94948 4
      vertex -9.2495 7.125 4
      vertex -2.89162 3.76843 4
    endloop
  endfacet
  facet normal -0 0 1
    outer loop
      vertex -9.2561 6.9235 4
      vertex -2.89162 3.76843 4
      vertex -9.2495 7.125 4
    endloop
  endfacet
  facet normal -0 0 1
    outer loop
      vertex -9.25612 6.92282 4
      vertex -2.89162 3.76843 4
      vertex -9.2561 6.9235 4
    endloop
  endfacet
  facet normal 0 0 1
    outer loop
      vertex -2.89162 3.76843 4
      vertex -9.25612 6.92282 4
      vertex -3.13189 3.57124 4
    endloop
  endfacet
  facet normal -0 0 1
    outer loop
      vertex -9.27595 6.7215 4
      vertex -3.13189 3.57124 4
      vertex -9.25619 6.92213 4
    endloop
  endfacet
  facet normal -0 0 1
    outer loop
      vertex -9.25619 6.92213 4
      vertex -3.13189 3.57124 4
      vertex -9.25612 6.92282 4
    endloop
  endfacet
  facet normal -0.227084 -0.973875 0
    outer loop
      vertex -6.47048 -24.1481 0
      vertex -4.87726 -24.5196 4
      vertex -6.47048 -24.1481 4
    endloop
  endfacet
  facet normal -0.227084 -0.973875 -0
    outer loop
      vertex -4.87726 -24.5196 4
      vertex -6.47048 -24.1481 0
      vertex -4.87726 -24.5196 0
    endloop
  endfacet
  facet normal 0.0327026 0.999465 -0
    outer loop
      vertex 1.63508 24.9465 0
      vertex 0 25 4
      vertex 1.63508 24.9465 4
    endloop
  endfacet
  facet normal 0.0327026 0.999465 0
    outer loop
      vertex 0 25 4
      vertex 1.63508 24.9465 0
      vertex 0 25 0
    endloop
  endfacet
  facet normal -0.0327026 -0.999465 0
    outer loop
      vertex -1.63508 -24.9465 0
      vertex 0 -25 4
      vertex -1.63508 -24.9465 4
    endloop
  endfacet
  facet normal -0.0327026 -0.999465 -0
    outer loop
      vertex 0 -25 4
      vertex -1.63508 -24.9465 0
      vertex 0 -25 0
    endloop
  endfacet
  facet normal -0.956956 0.290233 0
    outer loop
      vertex -24.1481 6.47048 0
      vertex -23.6733 8.03599 4
      vertex -23.6733 8.03599 0
    endloop
  endfacet
  facet normal -0.956956 0.290233 0
    outer loop
      vertex -23.6733 8.03599 4
      vertex -24.1481 6.47048 0
      vertex -24.1481 6.47048 4
    endloop
  endfacet
  facet normal 0.634382 -0.77302 0
    outer loop
      vertex 15.219 -19.8338 0
      vertex 16.4836 -18.796 4
      vertex 15.219 -19.8338 4
    endloop
  endfacet
  facet normal 0.634382 -0.77302 0
    outer loop
      vertex 16.4836 -18.796 4
      vertex 15.219 -19.8338 0
      vertex 16.4836 -18.796 0
    endloop
  endfacet
  facet normal 0.683561 -0.729894 0
    outer loop
      vertex 16.4836 -18.796 0
      vertex 17.6777 -17.6777 4
      vertex 16.4836 -18.796 4
    endloop
  endfacet
  facet normal 0.683561 -0.729894 0
    outer loop
      vertex 17.6777 -17.6777 4
      vertex 16.4836 -18.796 0
      vertex 17.6777 -17.6777 0
    endloop
  endfacet
  facet normal -0.412727 0.910855 0
    outer loop
      vertex -9.56709 23.097 0
      vertex -11.0572 22.4218 4
      vertex -9.56709 23.097 4
    endloop
  endfacet
  facet normal -0.412727 0.910855 0
    outer loop
      vertex -11.0572 22.4218 4
      vertex -9.56709 23.097 0
      vertex -11.0572 22.4218 0
    endloop
  endfacet
  facet normal -0.4714 0.881919 0
    outer loop
      vertex -11.0572 22.4218 0
      vertex -12.5 21.6506 4
      vertex -11.0572 22.4218 4
    endloop
  endfacet
  facet normal -0.4714 0.881919 0
    outer loop
      vertex -12.5 21.6506 4
      vertex -11.0572 22.4218 0
      vertex -12.5 21.6506 0
    endloop
  endfacet
  facet normal 0 0 -1
    outer loop
      vertex -2.10087 4.26015 0
      vertex -10.7703 7.77556 0
      vertex -1.81775 4.38843 0
    endloop
  endfacet
  facet normal 0 0 -1
    outer loop
      vertex -10.8162 7.87689 0
      vertex -1.81775 4.38843 0
      vertex -10.7703 7.77556 0
    endloop
  endfacet
  facet normal 0 0 -1
    outer loop
      vertex -1.81775 4.38843 0
      vertex -10.8162 7.87689 0
      vertex -1.52684 4.49792 0
    endloop
  endfacet
  facet normal 0 0 -1
    outer loop
      vertex -10.8686 7.975 0
      vertex -1.52684 4.49792 0
      vertex -10.8162 7.87689 0
    endloop
  endfacet
  facet normal 0 0 -1
    outer loop
      vertex -10.9274 8.06947 0
      vertex -1.52684 4.49792 0
      vertex -10.8686 7.975 0
    endloop
  endfacet
  facet normal 0 0 -1
    outer loop
      vertex -1.52684 4.49792 0
      vertex -10.9274 8.06947 0
      vertex -1.22939 4.58815 0
    endloop
  endfacet
  facet normal 0 0 -1
    outer loop
      vertex -10.9922 8.15989 0
      vertex -1.22939 4.58815 0
      vertex -10.9274 8.06947 0
    endloop
  endfacet
  facet normal 0 0 -1
    outer loop
      vertex -1.22939 4.58815 0
      vertex -10.9922 8.15989 0
      vertex -6.47048 24.1481 0
    endloop
  endfacet
  facet normal 0 0 -1
    outer loop
      vertex -11.0627 8.24589 0
      vertex -6.47048 24.1481 0
      vertex -10.9922 8.15989 0
    endloop
  endfacet
  facet normal 0 0 -1
    outer loop
      vertex -11.1388 8.32708 0
      vertex -6.47048 24.1481 0
      vertex -11.0627 8.24589 0
    endloop
  endfacet
  facet normal 0 0 -1
    outer loop
      vertex -6.47048 24.1481 0
      vertex -11.1388 8.32708 0
      vertex -8.03599 23.6733 0
    endloop
  endfacet
  facet normal 0 0 -1
    outer loop
      vertex -11.22 8.40313 0
      vertex -8.03599 23.6733 0
      vertex -11.1388 8.32708 0
    endloop
  endfacet
  facet normal 0 0 -1
    outer loop
      vertex -8.03599 23.6733 0
      vertex -11.22 8.40313 0
      vertex -9.56709 23.097 0
    endloop
  endfacet
  facet normal 0 0 -1
    outer loop
      vertex -11.306 8.4737 0
      vertex -9.56709 23.097 0
      vertex -11.22 8.40313 0
    endloop
  endfacet
  facet normal 0 0 -1
    outer loop
      vertex -11.3964 8.5385 0
      vertex -9.56709 23.097 0
      vertex -11.306 8.4737 0
    endloop
  endfacet
  facet normal 0 0 -1
    outer loop
      vertex -9.56709 23.097 0
      vertex -11.3964 8.5385 0
      vertex -11.0572 22.4218 0
    endloop
  endfacet
  facet normal 0 0 -1
    outer loop
      vertex -11.4909 8.59724 0
      vertex -11.0572 22.4218 0
      vertex -11.3964 8.5385 0
    endloop
  endfacet
  facet normal 0 0 -1
    outer loop
      vertex -11.589 8.64968 0
      vertex -11.0572 22.4218 0
      vertex -11.4909 8.59724 0
    endloop
  endfacet
  facet normal 0 0 -1
    outer loop
      vertex -12.5 21.6506 0
      vertex -11.589 8.64968 0
      vertex -11.6903 8.69559 0
    endloop
  endfacet
  facet normal 0 0 -1
    outer loop
      vertex -12.5 21.6506 0
      vertex -11.6903 8.69559 0
      vertex -11.7944 8.73478 0
    endloop
  endfacet
  facet normal 0 0 -1
    outer loop
      vertex -13.8893 20.7867 0
      vertex -11.7944 8.73478 0
      vertex -11.9009 8.76707 0
    endloop
  endfacet
  facet normal 0 0 -1
    outer loop
      vertex -13.8893 20.7867 0
      vertex -11.9009 8.76707 0
      vertex -12.0092 8.79233 0
    endloop
  endfacet
  facet normal 0 0 -1
    outer loop
      vertex -15.219 19.8338 0
      vertex -12.0092 8.79233 0
      vertex -12.119 8.81046 0
    endloop
  endfacet
  facet normal 0 0 -1
    outer loop
      vertex -15.219 19.8338 0
      vertex -12.119 8.81046 0
      vertex -12.2297 8.82136 0
    endloop
  endfacet
  facet normal 0 0 -1
    outer loop
      vertex -15.219 19.8338 0
      vertex -12.2297 8.82136 0
      vertex -12.3409 8.825 0
    endloop
  endfacet
  facet normal 0 0 -1
    outer loop
      vertex -16.4836 18.796 0
      vertex -12.3409 8.825 0
      vertex -12.452 8.82136 0
    endloop
  endfacet
  facet normal 0 0 -1
    outer loop
      vertex -11.589 8.64968 0
      vertex -12.5 21.6506 0
      vertex -11.0572 22.4218 0
    endloop
  endfacet
  facet normal 0 0 -1
    outer loop
      vertex -16.4836 18.796 0
      vertex -12.452 8.82136 0
      vertex -12.5628 8.81046 0
    endloop
  endfacet
  facet normal 0 0 -1
    outer loop
      vertex -17.6777 17.6777 0
      vertex -12.5628 8.81046 0
      vertex -12.6725 8.79233 0
    endloop
  endfacet
  facet normal 0 0 -1
    outer loop
      vertex -17.6777 17.6777 0
      vertex -12.6725 8.79233 0
      vertex -12.7809 8.76707 0
    endloop
  endfacet
  facet normal 0 0 -1
    outer loop
      vertex -17.6777 17.6777 0
      vertex -12.7809 8.76707 0
      vertex -12.8873 8.73478 0
    endloop
  endfacet
  facet normal 0 0 -1
    outer loop
      vertex -18.796 16.4836 0
      vertex -12.8873 8.73478 0
      vertex -12.9914 8.69559 0
    endloop
  endfacet
  facet normal 0 0 -1
    outer loop
      vertex -18.796 16.4836 0
      vertex -12.9914 8.69559 0
      vertex -13.0928 8.64968 0
    endloop
  endfacet
  facet normal 0 0 -1
    outer loop
      vertex -18.796 16.4836 0
      vertex -13.0928 8.64968 0
      vertex -13.1909 8.59724 0
    endloop
  endfacet
  facet normal 0 0 -1
    outer loop
      vertex -19.8338 15.219 0
      vertex -13.1909 8.59724 0
      vertex -13.2853 8.5385 0
    endloop
  endfacet
  facet normal 0 0 -1
    outer loop
      vertex -19.8338 15.219 0
      vertex -13.2853 8.5385 0
      vertex -13.3758 8.4737 0
    endloop
  endfacet
  facet normal 0 0 -1
    outer loop
      vertex -19.8338 15.219 0
      vertex -13.3758 8.4737 0
      vertex -13.4617 8.40313 0
    endloop
  endfacet
  facet normal 0 0 -1
    outer loop
      vertex -20.7867 13.8893 0
      vertex -13.4617 8.40313 0
      vertex -13.5429 8.32708 0
    endloop
  endfacet
  facet normal 0 0 -1
    outer loop
      vertex -20.7867 13.8893 0
      vertex -13.5429 8.32708 0
      vertex -13.619 8.24589 0
    endloop
  endfacet
  facet normal 0 0 -1
    outer loop
      vertex -20.7867 13.8893 0
      vertex -13.619 8.24589 0
      vertex -13.6896 8.15989 0
    endloop
  endfacet
  facet normal 0 0 -1
    outer loop
      vertex -21.6506 12.5 0
      vertex -13.6896 8.15989 0
      vertex -13.7544 8.06947 0
    endloop
  endfacet
  facet normal 0 0 -1
    outer loop
      vertex -21.6506 12.5 0
      vertex -13.7544 8.06947 0
      vertex -13.8131 7.975 0
    endloop
  endfacet
  facet normal 0 0 -1
    outer loop
      vertex -21.6506 12.5 0
      vertex -13.8131 7.975 0
      vertex -13.8655 7.87689 0
    endloop
  endfacet
  facet normal 0 0 -1
    outer loop
      vertex -11.7944 8.73478 0
      vertex -13.8893 20.7867 0
      vertex -12.5 21.6506 0
    endloop
  endfacet
  facet normal 0 0 -1
    outer loop
      vertex -21.6506 12.5 0
      vertex -13.8655 7.87689 0
      vertex -13.9115 7.77556 0
    endloop
  endfacet
  facet normal 0 0 -1
    outer loop
      vertex -22.4218 11.0572 0
      vertex -13.9115 7.77556 0
      vertex -13.9506 7.67145 0
    endloop
  endfacet
  facet normal 0 0 -1
    outer loop
      vertex -22.4218 11.0572 0
      vertex -13.9506 7.67145 0
      vertex -13.9829 7.56499 0
    endloop
  endfacet
  facet normal 0 0 -1
    outer loop
      vertex -22.4218 11.0572 0
      vertex -13.9829 7.56499 0
      vertex -14.0082 7.45665 0
    endloop
  endfacet
  facet normal 0 0 -1
    outer loop
      vertex -23.097 9.56709 0
      vertex -14.0082 7.45665 0
      vertex -14.0263 7.34689 0
    endloop
  endfacet
  facet normal 0 0 -1
    outer loop
      vertex -23.097 9.56709 0
      vertex -14.0263 7.34689 0
      vertex -14.0372 7.23619 0
    endloop
  endfacet
  facet normal 0 0 -1
    outer loop
      vertex -23.097 9.56709 0
      vertex -14.0372 7.23619 0
      vertex -14.0409 7.125 0
    endloop
  endfacet
  facet normal -0 0 -1
    outer loop
      vertex -13.3758 5.7763 0
      vertex -25 0 0
      vertex -13.4617 5.84687 0
    endloop
  endfacet
  facet normal 0 0 -1
    outer loop
      vertex -12.0092 8.79233 0
      vertex -15.219 19.8338 0
      vertex -13.8893 20.7867 0
    endloop
  endfacet
  facet normal 0 -0 -1
    outer loop
      vertex -24.9465 1.63508 0
      vertex -13.4617 5.84687 0
      vertex -25 0 0
    endloop
  endfacet
  facet normal 0 0 -1
    outer loop
      vertex -12.3409 8.825 0
      vertex -16.4836 18.796 0
      vertex -15.219 19.8338 0
    endloop
  endfacet
  facet normal -0 0 -1
    outer loop
      vertex -13.4617 5.84687 0
      vertex -24.9465 1.63508 0
      vertex -13.5429 5.92292 0
    endloop
  endfacet
  facet normal 0 0 -1
    outer loop
      vertex -12.5628 8.81046 0
      vertex -17.6777 17.6777 0
      vertex -16.4836 18.796 0
    endloop
  endfacet
  facet normal -0 0 -1
    outer loop
      vertex -13.5429 5.92292 0
      vertex -24.9465 1.63508 0
      vertex -13.619 6.00411 0
    endloop
  endfacet
  facet normal 0 0 -1
    outer loop
      vertex -12.8873 8.73478 0
      vertex -18.796 16.4836 0
      vertex -17.6777 17.6777 0
    endloop
  endfacet
  facet normal 0 -0 -1
    outer loop
      vertex -24.7861 3.26315 0
      vertex -13.619 6.00411 0
      vertex -24.9465 1.63508 0
    endloop
  endfacet
  facet normal 0 0 -1
    outer loop
      vertex -13.1909 8.59724 0
      vertex -19.8338 15.219 0
      vertex -18.796 16.4836 0
    endloop
  endfacet
  facet normal -0 0 -1
    outer loop
      vertex -13.619 6.00411 0
      vertex -24.7861 3.26315 0
      vertex -13.6896 6.09011 0
    endloop
  endfacet
  facet normal 0 0 -1
    outer loop
      vertex -13.4617 8.40313 0
      vertex -20.7867 13.8893 0
      vertex -19.8338 15.219 0
    endloop
  endfacet
  facet normal -0 0 -1
    outer loop
      vertex -13.6896 6.09011 0
      vertex -24.7861 3.26315 0
      vertex -13.7544 6.18053 0
    endloop
  endfacet
  facet normal 0 0 -1
    outer loop
      vertex -13.6896 8.15989 0
      vertex -21.6506 12.5 0
      vertex -20.7867 13.8893 0
    endloop
  endfacet
  facet normal -0 0 -1
    outer loop
      vertex -13.7544 6.18053 0
      vertex -24.7861 3.26315 0
      vertex -13.8131 6.275 0
    endloop
  endfacet
  facet normal 0 0 -1
    outer loop
      vertex -13.9115 7.77556 0
      vertex -22.4218 11.0572 0
      vertex -21.6506 12.5 0
    endloop
  endfacet
  facet normal 0 -0 -1
    outer loop
      vertex -24.5196 4.87726 0
      vertex -13.8131 6.275 0
      vertex -24.7861 3.26315 0
    endloop
  endfacet
  facet normal 0 0 -1
    outer loop
      vertex -14.0082 7.45665 0
      vertex -23.097 9.56709 0
      vertex -22.4218 11.0572 0
    endloop
  endfacet
  facet normal -0 0 -1
    outer loop
      vertex -13.8131 6.275 0
      vertex -24.5196 4.87726 0
      vertex -13.8655 6.37311 0
    endloop
  endfacet
  facet normal 0 0 -1
    outer loop
      vertex -14.0409 7.125 0
      vertex -23.6733 8.03599 0
      vertex -23.097 9.56709 0
    endloop
  endfacet
  facet normal -0 0 -1
    outer loop
      vertex -13.8655 6.37311 0
      vertex -24.5196 4.87726 0
      vertex -13.9115 6.47444 0
    endloop
  endfacet
  facet normal 0 0 -1
    outer loop
      vertex -14.0372 7.01382 0
      vertex -23.6733 8.03599 0
      vertex -14.0409 7.125 0
    endloop
  endfacet
  facet normal 0 -0 -1
    outer loop
      vertex -24.1481 6.47048 0
      vertex -13.9115 6.47444 0
      vertex -24.5196 4.87726 0
    endloop
  endfacet
  facet normal 0 0 -1
    outer loop
      vertex -14.0263 6.90311 0
      vertex -23.6733 8.03599 0
      vertex -14.0372 7.01382 0
    endloop
  endfacet
  facet normal -0 0 -1
    outer loop
      vertex -13.9115 6.47444 0
      vertex -24.1481 6.47048 0
      vertex -13.9506 6.57855 0
    endloop
  endfacet
  facet normal 0 0 -1
    outer loop
      vertex -14.0082 6.79335 0
      vertex -23.6733 8.03599 0
      vertex -14.0263 6.90311 0
    endloop
  endfacet
  facet normal -0 0 -1
    outer loop
      vertex -13.9506 6.57855 0
      vertex -24.1481 6.47048 0
      vertex -13.9829 6.68501 0
    endloop
  endfacet
  facet normal 0 -0 -1
    outer loop
      vertex -23.6733 8.03599 0
      vertex -14.0082 6.79335 0
      vertex -24.1481 6.47048 0
    endloop
  endfacet
  facet normal -0 0 -1
    outer loop
      vertex -13.9829 6.68501 0
      vertex -24.1481 6.47048 0
      vertex -14.0082 6.79335 0
    endloop
  endfacet
  facet normal 0 0 -1
    outer loop
      vertex 3.57124 3.13189 0
      vertex 10.6988 6.68501 0
      vertex 3.76843 2.89162 0
    endloop
  endfacet
  facet normal -0 0 -1
    outer loop
      vertex 10.6988 6.68501 0
      vertex 3.57124 3.13189 0
      vertex 10.6735 6.79335 0
    endloop
  endfacet
  facet normal 0 0 -1
    outer loop
      vertex 3.35876 3.35876 0
      vertex 10.6735 6.79335 0
      vertex 3.57124 3.13189 0
    endloop
  endfacet
  facet normal -0 0 -1
    outer loop
      vertex 10.6735 6.79335 0
      vertex 3.35876 3.35876 0
      vertex 10.6554 6.90311 0
    endloop
  endfacet
  facet normal -0 0 -1
    outer loop
      vertex 10.6554 6.90311 0
      vertex 3.35876 3.35876 0
      vertex 10.6445 7.01381 0
    endloop
  endfacet
  facet normal 0 0 -1
    outer loop
      vertex 3.13189 3.57124 0
      vertex 10.6445 7.01381 0
      vertex 3.35876 3.35876 0
    endloop
  endfacet
  facet normal -0 0 -1
    outer loop
      vertex 10.6445 7.01381 0
      vertex 3.13189 3.57124 0
      vertex 10.6409 7.125 0
    endloop
  endfacet
  facet normal 0 0 -1
    outer loop
      vertex 2.89162 3.76843 0
      vertex 10.6409 7.125 0
      vertex 3.13189 3.57124 0
    endloop
  endfacet
  facet normal -0 0 -1
    outer loop
      vertex 10.6409 7.125 0
      vertex 2.89162 3.76843 0
      vertex 10.6445 7.23618 0
    endloop
  endfacet
  facet normal -0 0 -1
    outer loop
      vertex 10.6445 7.23618 0
      vertex 2.89162 3.76843 0
      vertex 10.6554 7.34689 0
    endloop
  endfacet
  facet normal 0 0 -1
    outer loop
      vertex 2.63896 3.94948 0
      vertex 10.6554 7.34689 0
      vertex 2.89162 3.76843 0
    endloop
  endfacet
  facet normal -0 0 -1
    outer loop
      vertex 10.6554 7.34689 0
      vertex 2.63896 3.94948 0
      vertex 10.6735 7.45665 0
    endloop
  endfacet
  facet normal 0 0 -1
    outer loop
      vertex 2.375 4.11362 0
      vertex 10.6735 7.45665 0
      vertex 2.63896 3.94948 0
    endloop
  endfacet
  facet normal -0 0 -1
    outer loop
      vertex 10.6735 7.45665 0
      vertex 2.375 4.11362 0
      vertex 10.6988 7.56499 0
    endloop
  endfacet
  facet normal -0 0 -1
    outer loop
      vertex 10.6988 7.56499 0
      vertex 2.375 4.11362 0
      vertex 10.7311 7.67145 0
    endloop
  endfacet
  facet normal 0 0 -1
    outer loop
      vertex 2.10087 4.26015 0
      vertex 10.7311 7.67145 0
      vertex 2.375 4.11362 0
    endloop
  endfacet
  facet normal 0 0 -1
    outer loop
      vertex 1.81775 4.38843 0
      vertex 10.7311 7.67145 0
      vertex 2.10087 4.26015 0
    endloop
  endfacet
  facet normal 0 0 -1
    outer loop
      vertex 1.52684 4.49792 0
      vertex 10.7311 7.67145 0
      vertex 1.81775 4.38843 0
    endloop
  endfacet
  facet normal 0 0 -1
    outer loop
      vertex 1.22939 4.58815 0
      vertex 10.7311 7.67145 0
      vertex 1.52684 4.49792 0
    endloop
  endfacet
  facet normal 0 0 -1
    outer loop
      vertex 0.926679 4.65873 0
      vertex 10.7311 7.67145 0
      vertex 1.22939 4.58815 0
    endloop
  endfacet
  facet normal -0 0 -1
    outer loop
      vertex 10.7311 7.67145 0
      vertex 0.926679 4.65873 0
      vertex 4.87726 24.5196 0
    endloop
  endfacet
  facet normal -0 0 -1
    outer loop
      vertex 4.87726 24.5196 0
      vertex 0.926679 4.65873 0
      vertex 3.26315 24.7861 0
    endloop
  endfacet
  facet normal 0 0 -1
    outer loop
      vertex 0.619999 4.70936 0
      vertex 3.26315 24.7861 0
      vertex 0.926679 4.65873 0
    endloop
  endfacet
  facet normal -0 0 -1
    outer loop
      vertex 3.26315 24.7861 0
      vertex 0.619999 4.70936 0
      vertex 1.63508 24.9465 0
    endloop
  endfacet
  facet normal 0 0 -1
    outer loop
      vertex 0.310664 4.73983 0
      vertex 1.63508 24.9465 0
      vertex 0.619999 4.70936 0
    endloop
  endfacet
  facet normal 0 0 -1
    outer loop
      vertex 0 4.75 0
      vertex 1.63508 24.9465 0
      vertex 0.310664 4.73983 0
    endloop
  endfacet
  facet normal 0 0 -1
    outer loop
      vertex 0 4.75 0
      vertex 0 25 0
      vertex 1.63508 24.9465 0
    endloop
  endfacet
  facet normal 0 0 -1
    outer loop
      vertex -0.310664 4.73983 0
      vertex 0 25 0
      vertex 0 4.75 0
    endloop
  endfacet
  facet normal 0 0 -1
    outer loop
      vertex -1.63508 24.9465 0
      vertex -0.310664 4.73983 0
      vertex -0.619999 4.70936 0
    endloop
  endfacet
  facet normal 0 0 -1
    outer loop
      vertex -3.26315 24.7861 0
      vertex -0.619999 4.70936 0
      vertex -0.926679 4.65873 0
    endloop
  endfacet
  facet normal 0 0 -1
    outer loop
      vertex -4.87726 24.5196 0
      vertex -0.926679 4.65873 0
      vertex -1.22939 4.58815 0
    endloop
  endfacet
  facet normal 0 0 -1
    outer loop
      vertex -10.6988 7.56499 0
      vertex -2.375 4.11362 0
      vertex -10.6735 7.45665 0
    endloop
  endfacet
  facet normal 0 0 -1
    outer loop
      vertex -0.310664 4.73983 0
      vertex -1.63508 24.9465 0
      vertex 0 25 0
    endloop
  endfacet
  facet normal 0 0 -1
    outer loop
      vertex -2.63896 3.94948 0
      vertex -10.6735 7.45665 0
      vertex -2.375 4.11362 0
    endloop
  endfacet
  facet normal 0 0 -1
    outer loop
      vertex -10.6735 7.45665 0
      vertex -2.63896 3.94948 0
      vertex -10.6554 7.34689 0
    endloop
  endfacet
  facet normal 0 0 -1
    outer loop
      vertex -2.89162 3.76843 0
      vertex -10.6554 7.34689 0
      vertex -2.63896 3.94948 0
    endloop
  endfacet
  facet normal 0 0 -1
    outer loop
      vertex -10.6554 7.34689 0
      vertex -2.89162 3.76843 0
      vertex -10.6445 7.23618 0
    endloop
  endfacet
  facet normal 0 0 -1
    outer loop
      vertex -10.6445 7.23618 0
      vertex -2.89162 3.76843 0
      vertex -10.6409 7.125 0
    endloop
  endfacet
  facet normal 0 0 -1
    outer loop
      vertex -10.6409 7.125 0
      vertex -2.89162 3.76843 0
      vertex -3.13189 3.57124 0
    endloop
  endfacet
  facet normal 0 0 -1
    outer loop
      vertex -0.619999 4.70936 0
      vertex -3.26315 24.7861 0
      vertex -1.63508 24.9465 0
    endloop
  endfacet
  facet normal 0 0 -1
    outer loop
      vertex -10.6445 7.01381 0
      vertex -3.13189 3.57124 0
      vertex -3.35876 3.35876 0
    endloop
  endfacet
  facet normal 0 0 -1
    outer loop
      vertex -10.6735 6.79335 0
      vertex -3.35876 3.35876 0
      vertex -3.57124 3.13189 0
    endloop
  endfacet
  facet normal 0 0 -1
    outer loop
      vertex -10.6988 6.68501 0
      vertex -3.57124 3.13189 0
      vertex -3.76843 2.89162 0
    endloop
  endfacet
  facet normal 0 0 -1
    outer loop
      vertex -10.7703 6.47444 0
      vertex -3.76843 2.89162 0
      vertex -3.94948 2.63896 0
    endloop
  endfacet
  facet normal 0 0 -1
    outer loop
      vertex -10.8162 6.37311 0
      vertex -3.94948 2.63896 0
      vertex -4.11362 2.375 0
    endloop
  endfacet
  facet normal 0 0 -1
    outer loop
      vertex -10.9274 6.18053 0
      vertex -4.11362 2.375 0
      vertex -4.26015 2.10087 0
    endloop
  endfacet
  facet normal 0 0 -1
    outer loop
      vertex -10.9922 6.09011 0
      vertex -4.26015 2.10087 0
      vertex -4.38843 1.81775 0
    endloop
  endfacet
  facet normal 0 0 -1
    outer loop
      vertex -11.1388 5.92292 0
      vertex -4.38843 1.81775 0
      vertex -4.49792 1.52684 0
    endloop
  endfacet
  facet normal 0 0 -1
    outer loop
      vertex -11.22 5.84687 0
      vertex -4.49792 1.52684 0
      vertex -4.58815 1.22939 0
    endloop
  endfacet
  facet normal 0 0 -1
    outer loop
      vertex -11.3964 5.7115 0
      vertex -4.58815 1.22939 0
      vertex -4.65873 0.926679 0
    endloop
  endfacet
  facet normal 0 0 -1
    outer loop
      vertex -11.4909 5.65276 0
      vertex -4.65873 0.926679 0
      vertex -4.70936 0.619999 0
    endloop
  endfacet
  facet normal 0 0 -1
    outer loop
      vertex -11.6903 5.55441 0
      vertex -4.70936 0.619999 0
      vertex -4.73983 0.310664 0
    endloop
  endfacet
  facet normal 0 0 -1
    outer loop
      vertex -10.7311 7.67145 0
      vertex -2.375 4.11362 0
      vertex -10.6988 7.56499 0
    endloop
  endfacet
  facet normal 0 0 -1
    outer loop
      vertex -11.7944 5.51522 0
      vertex -4.73983 0.310664 0
      vertex -4.75 0 0
    endloop
  endfacet
  facet normal 0 0 -1
    outer loop
      vertex -19.8338 -15.219 0
      vertex -3.76843 -2.89162 0
      vertex -18.796 -16.4836 0
    endloop
  endfacet
  facet normal -0 0 -1
    outer loop
      vertex -3.76843 -2.89162 0
      vertex -19.8338 -15.219 0
      vertex -3.94948 -2.63896 0
    endloop
  endfacet
  facet normal 0 0 -1
    outer loop
      vertex -3.35876 3.35876 0
      vertex -10.6554 6.90311 0
      vertex -10.6445 7.01381 0
    endloop
  endfacet
  facet normal 0 0 -1
    outer loop
      vertex -21.6506 -12.5 0
      vertex -4.11362 -2.375 0
      vertex -20.7867 -13.8893 0
    endloop
  endfacet
  facet normal 0 0 -1
    outer loop
      vertex -3.13189 3.57124 0
      vertex -10.6445 7.01381 0
      vertex -10.6409 7.125 0
    endloop
  endfacet
  facet normal -0 0 -1
    outer loop
      vertex -4.11362 -2.375 0
      vertex -21.6506 -12.5 0
      vertex -4.26015 -2.10087 0
    endloop
  endfacet
  facet normal 0 0 -1
    outer loop
      vertex -1.22939 4.58815 0
      vertex -6.47048 24.1481 0
      vertex -4.87726 24.5196 0
    endloop
  endfacet
  facet normal 0 0 -1
    outer loop
      vertex -10.7703 7.77556 0
      vertex -2.10087 4.26015 0
      vertex -10.7311 7.67145 0
    endloop
  endfacet
  facet normal 0 0 -1
    outer loop
      vertex -2.375 4.11362 0
      vertex -10.7311 7.67145 0
      vertex -2.10087 4.26015 0
    endloop
  endfacet
  facet normal 0 0 -1
    outer loop
      vertex -0.926679 4.65873 0
      vertex -4.87726 24.5196 0
      vertex -3.26315 24.7861 0
    endloop
  endfacet
  facet normal 0 0 -1
    outer loop
      vertex -3.35876 3.35876 0
      vertex -10.6735 6.79335 0
      vertex -10.6554 6.90311 0
    endloop
  endfacet
  facet normal 0 0 -1
    outer loop
      vertex -3.57124 3.13189 0
      vertex -10.6988 6.68501 0
      vertex -10.6735 6.79335 0
    endloop
  endfacet
  facet normal 0 0 -1
    outer loop
      vertex -3.76843 2.89162 0
      vertex -10.7311 6.57855 0
      vertex -10.6988 6.68501 0
    endloop
  endfacet
  facet normal 0 0 -1
    outer loop
      vertex -3.76843 2.89162 0
      vertex -10.7703 6.47444 0
      vertex -10.7311 6.57855 0
    endloop
  endfacet
  facet normal 0 0 -1
    outer loop
      vertex -3.94948 2.63896 0
      vertex -10.8162 6.37311 0
      vertex -10.7703 6.47444 0
    endloop
  endfacet
  facet normal 0 0 -1
    outer loop
      vertex -4.11362 2.375 0
      vertex -10.8686 6.275 0
      vertex -10.8162 6.37311 0
    endloop
  endfacet
  facet normal 0 0 -1
    outer loop
      vertex -4.11362 2.375 0
      vertex -10.9274 6.18053 0
      vertex -10.8686 6.275 0
    endloop
  endfacet
  facet normal 0 0 -1
    outer loop
      vertex -4.26015 2.10087 0
      vertex -10.9922 6.09011 0
      vertex -10.9274 6.18053 0
    endloop
  endfacet
  facet normal 0 0 -1
    outer loop
      vertex -23.6733 -8.03599 0
      vertex -12.5628 5.43954 0
      vertex -4.49792 -1.52684 0
    endloop
  endfacet
  facet normal 0 0 -1
    outer loop
      vertex -4.38843 1.81775 0
      vertex -11.0627 6.00411 0
      vertex -10.9922 6.09011 0
    endloop
  endfacet
  facet normal 0 0 -1
    outer loop
      vertex -4.38843 1.81775 0
      vertex -11.1388 5.92292 0
      vertex -11.0627 6.00411 0
    endloop
  endfacet
  facet normal 0 0 -1
    outer loop
      vertex -4.49792 1.52684 0
      vertex -11.22 5.84687 0
      vertex -11.1388 5.92292 0
    endloop
  endfacet
  facet normal 0 0 -1
    outer loop
      vertex -4.58815 1.22939 0
      vertex -11.306 5.7763 0
      vertex -11.22 5.84687 0
    endloop
  endfacet
  facet normal 0 0 -1
    outer loop
      vertex -4.58815 1.22939 0
      vertex -11.3964 5.7115 0
      vertex -11.306 5.7763 0
    endloop
  endfacet
  facet normal 0 0 -1
    outer loop
      vertex -4.65873 0.926679 0
      vertex -11.4909 5.65276 0
      vertex -11.3964 5.7115 0
    endloop
  endfacet
  facet normal 0 0 -1
    outer loop
      vertex -4.70936 0.619999 0
      vertex -11.589 5.60032 0
      vertex -11.4909 5.65276 0
    endloop
  endfacet
  facet normal 0 0 -1
    outer loop
      vertex -4.49792 -1.52684 0
      vertex -12.5628 5.43954 0
      vertex -4.58815 -1.22939 0
    endloop
  endfacet
  facet normal 0 0 -1
    outer loop
      vertex -4.58815 -1.22939 0
      vertex -12.452 5.42864 0
      vertex -4.65873 -0.926679 0
    endloop
  endfacet
  facet normal 0 0 -1
    outer loop
      vertex -4.70936 0.619999 0
      vertex -11.6903 5.55441 0
      vertex -11.589 5.60032 0
    endloop
  endfacet
  facet normal -0 -0 -1
    outer loop
      vertex -12.3409 5.425 0
      vertex -4.65873 -0.926679 0
      vertex -12.452 5.42864 0
    endloop
  endfacet
  facet normal 0 0 -1
    outer loop
      vertex -4.73983 0.310664 0
      vertex -11.7944 5.51522 0
      vertex -11.6903 5.55441 0
    endloop
  endfacet
  facet normal 0 0 -1
    outer loop
      vertex -4.75 0 0
      vertex -11.9009 5.48293 0
      vertex -11.7944 5.51522 0
    endloop
  endfacet
  facet normal 0 0 -1
    outer loop
      vertex -4.75 0 0
      vertex -12.0092 5.45766 0
      vertex -11.9009 5.48293 0
    endloop
  endfacet
  facet normal 0 0 -1
    outer loop
      vertex -4.73983 -0.310664 0
      vertex -12.0092 5.45766 0
      vertex -4.75 0 0
    endloop
  endfacet
  facet normal 0 -0 -1
    outer loop
      vertex -12.0092 5.45766 0
      vertex -4.73983 -0.310664 0
      vertex -12.119 5.43954 0
    endloop
  endfacet
  facet normal 0 0 -1
    outer loop
      vertex -4.70936 -0.619999 0
      vertex -12.119 5.43954 0
      vertex -4.73983 -0.310664 0
    endloop
  endfacet
  facet normal 0 -0 -1
    outer loop
      vertex -12.119 5.43954 0
      vertex -4.70936 -0.619999 0
      vertex -12.2297 5.42864 0
    endloop
  endfacet
  facet normal 0 -0 -1
    outer loop
      vertex -12.2297 5.42864 0
      vertex -4.70936 -0.619999 0
      vertex -12.3409 5.425 0
    endloop
  endfacet
  facet normal 0 0 -1
    outer loop
      vertex -4.65873 -0.926679 0
      vertex -12.3409 5.425 0
      vertex -4.70936 -0.619999 0
    endloop
  endfacet
  facet normal -0 -0 -1
    outer loop
      vertex -12.452 5.42864 0
      vertex -4.58815 -1.22939 0
      vertex -12.5628 5.43954 0
    endloop
  endfacet
  facet normal 0 0 -1
    outer loop
      vertex -20.7867 -13.8893 0
      vertex -3.94948 -2.63896 0
      vertex -19.8338 -15.219 0
    endloop
  endfacet
  facet normal -0 0 -1
    outer loop
      vertex -3.94948 -2.63896 0
      vertex -20.7867 -13.8893 0
      vertex -4.11362 -2.375 0
    endloop
  endfacet
  facet normal 0 0 -1
    outer loop
      vertex -22.4218 -11.0572 0
      vertex -4.26015 -2.10087 0
      vertex -21.6506 -12.5 0
    endloop
  endfacet
  facet normal -0 0 -1
    outer loop
      vertex -4.26015 -2.10087 0
      vertex -22.4218 -11.0572 0
      vertex -4.38843 -1.81775 0
    endloop
  endfacet
  facet normal 0 0 -1
    outer loop
      vertex -23.097 -9.56709 0
      vertex -4.38843 -1.81775 0
      vertex -22.4218 -11.0572 0
    endloop
  endfacet
  facet normal -0 0 -1
    outer loop
      vertex -4.38843 -1.81775 0
      vertex -23.097 -9.56709 0
      vertex -4.49792 -1.52684 0
    endloop
  endfacet
  facet normal 0 0 -1
    outer loop
      vertex -23.6733 -8.03599 0
      vertex -4.49792 -1.52684 0
      vertex -23.097 -9.56709 0
    endloop
  endfacet
  facet normal -0 0 -1
    outer loop
      vertex -12.5628 5.43954 0
      vertex -23.6733 -8.03599 0
      vertex -12.6725 5.45767 0
    endloop
  endfacet
  facet normal 0 0 -1
    outer loop
      vertex -24.1481 -6.47048 0
      vertex -12.6725 5.45767 0
      vertex -23.6733 -8.03599 0
    endloop
  endfacet
  facet normal -0 0 -1
    outer loop
      vertex -12.6725 5.45767 0
      vertex -24.1481 -6.47048 0
      vertex -12.7809 5.48293 0
    endloop
  endfacet
  facet normal 0 0 -1
    outer loop
      vertex -24.5196 -4.87726 0
      vertex -12.7809 5.48293 0
      vertex -24.1481 -6.47048 0
    endloop
  endfacet
  facet normal -0 0 -1
    outer loop
      vertex -12.7809 5.48293 0
      vertex -24.5196 -4.87726 0
      vertex -12.8873 5.51522 0
    endloop
  endfacet
  facet normal -0 0 -1
    outer loop
      vertex -12.8873 5.51522 0
      vertex -24.5196 -4.87726 0
      vertex -12.9914 5.55441 0
    endloop
  endfacet
  facet normal 0 0 -1
    outer loop
      vertex -24.7861 -3.26315 0
      vertex -12.9914 5.55441 0
      vertex -24.5196 -4.87726 0
    endloop
  endfacet
  facet normal -0 0 -1
    outer loop
      vertex -12.9914 5.55441 0
      vertex -24.7861 -3.26315 0
      vertex -13.0928 5.60032 0
    endloop
  endfacet
  facet normal 0 0 -1
    outer loop
      vertex -24.9465 -1.63508 0
      vertex -13.0928 5.60032 0
      vertex -24.7861 -3.26315 0
    endloop
  endfacet
  facet normal -0 0 -1
    outer loop
      vertex -13.0928 5.60032 0
      vertex -24.9465 -1.63508 0
      vertex -13.1909 5.65276 0
    endloop
  endfacet
  facet normal -0 0 -1
    outer loop
      vertex -13.1909 5.65276 0
      vertex -24.9465 -1.63508 0
      vertex -13.2853 5.7115 0
    endloop
  endfacet
  facet normal 0 0 -1
    outer loop
      vertex -25 0 0
      vertex -13.2853 5.7115 0
      vertex -24.9465 -1.63508 0
    endloop
  endfacet
  facet normal -0 0 -1
    outer loop
      vertex -13.2853 5.7115 0
      vertex -25 0 0
      vertex -13.3758 5.7763 0
    endloop
  endfacet
  facet normal 0 0 -1
    outer loop
      vertex 1.52468 -13.4981 0
      vertex 3.35876 -3.35876 0
      vertex 1.57059 -13.5994 0
    endloop
  endfacet
  facet normal 0 0 -1
    outer loop
      vertex 3.35876 -3.35876 0
      vertex 1.52468 -13.4981 0
      vertex 3.13189 -3.57124 0
    endloop
  endfacet
  facet normal 0 0 -1
    outer loop
      vertex 1.47224 -13.4 0
      vertex 3.13189 -3.57124 0
      vertex 1.52468 -13.4981 0
    endloop
  endfacet
  facet normal 0 0 -1
    outer loop
      vertex 3.13189 -3.57124 0
      vertex 1.47224 -13.4 0
      vertex 2.89162 -3.76843 0
    endloop
  endfacet
  facet normal 0 0 -1
    outer loop
      vertex 1.4135 -13.3055 0
      vertex 2.89162 -3.76843 0
      vertex 1.47224 -13.4 0
    endloop
  endfacet
  facet normal 0 0 -1
    outer loop
      vertex 1.3487 -13.2151 0
      vertex 2.89162 -3.76843 0
      vertex 1.4135 -13.3055 0
    endloop
  endfacet
  facet normal 0 0 -1
    outer loop
      vertex 2.89162 -3.76843 0
      vertex 1.3487 -13.2151 0
      vertex 2.63896 -3.94948 0
    endloop
  endfacet
  facet normal 0 0 -1
    outer loop
      vertex 1.27813 -13.1291 0
      vertex 2.63896 -3.94948 0
      vertex 1.3487 -13.2151 0
    endloop
  endfacet
  facet normal 0 0 -1
    outer loop
      vertex 2.63896 -3.94948 0
      vertex 1.27813 -13.1291 0
      vertex 2.375 -4.11362 0
    endloop
  endfacet
  facet normal 0 0 -1
    outer loop
      vertex 1.20208 -13.0479 0
      vertex 2.375 -4.11362 0
      vertex 1.27813 -13.1291 0
    endloop
  endfacet
  facet normal 0 0 -1
    outer loop
      vertex 1.12089 -12.9719 0
      vertex 2.375 -4.11362 0
      vertex 1.20208 -13.0479 0
    endloop
  endfacet
  facet normal 0 0 -1
    outer loop
      vertex 2.375 -4.11362 0
      vertex 1.12089 -12.9719 0
      vertex 2.10087 -4.26015 0
    endloop
  endfacet
  facet normal 0 0 -1
    outer loop
      vertex 1.03489 -12.9013 0
      vertex 2.10087 -4.26015 0
      vertex 1.12089 -12.9719 0
    endloop
  endfacet
  facet normal 0 0 -1
    outer loop
      vertex 2.10087 -4.26015 0
      vertex 1.03489 -12.9013 0
      vertex 1.81775 -4.38843 0
    endloop
  endfacet
  facet normal 0 0 -1
    outer loop
      vertex 0.944468 -12.8365 0
      vertex 1.81775 -4.38843 0
      vertex 1.03489 -12.9013 0
    endloop
  endfacet
  facet normal 0 0 -1
    outer loop
      vertex 0.849999 -12.7778 0
      vertex 1.81775 -4.38843 0
      vertex 0.944468 -12.8365 0
    endloop
  endfacet
  facet normal 0 0 -1
    outer loop
      vertex 1.81775 -4.38843 0
      vertex 0.849999 -12.7778 0
      vertex 1.52684 -4.49792 0
    endloop
  endfacet
  facet normal 0 0 -1
    outer loop
      vertex 0.75189 -12.7253 0
      vertex 1.52684 -4.49792 0
      vertex 0.849999 -12.7778 0
    endloop
  endfacet
  facet normal 0 0 -1
    outer loop
      vertex 1.52684 -4.49792 0
      vertex 0.75189 -12.7253 0
      vertex 1.22939 -4.58815 0
    endloop
  endfacet
  facet normal 0 0 -1
    outer loop
      vertex 0.650561 -12.6794 0
      vertex 1.22939 -4.58815 0
      vertex 0.75189 -12.7253 0
    endloop
  endfacet
  facet normal 0 0 -1
    outer loop
      vertex 0.546447 -12.6402 0
      vertex 1.22939 -4.58815 0
      vertex 0.650561 -12.6794 0
    endloop
  endfacet
  facet normal 0 0 -1
    outer loop
      vertex 1.22939 -4.58815 0
      vertex 0.546447 -12.6402 0
      vertex 0.926679 -4.65873 0
    endloop
  endfacet
  facet normal 0 0 -1
    outer loop
      vertex 0.439992 -12.6079 0
      vertex 0.926679 -4.65873 0
      vertex 0.546447 -12.6402 0
    endloop
  endfacet
  facet normal 0 0 -1
    outer loop
      vertex 0.926679 -4.65873 0
      vertex 0.439992 -12.6079 0
      vertex 0.619999 -4.70936 0
    endloop
  endfacet
  facet normal 0 0 -1
    outer loop
      vertex 0.331653 -12.5827 0
      vertex 0.619999 -4.70936 0
      vertex 0.439992 -12.6079 0
    endloop
  endfacet
  facet normal 0 0 -1
    outer loop
      vertex 0.221894 -12.5645 0
      vertex 0.619999 -4.70936 0
      vertex 0.331653 -12.5827 0
    endloop
  endfacet
  facet normal 0 0 -1
    outer loop
      vertex 0.619999 -4.70936 0
      vertex 0.221894 -12.5645 0
      vertex 0.310664 -4.73983 0
    endloop
  endfacet
  facet normal 0 0 -1
    outer loop
      vertex 0.111185 -12.5536 0
      vertex 0.310664 -4.73983 0
      vertex 0.221894 -12.5645 0
    endloop
  endfacet
  facet normal 0 0 -1
    outer loop
      vertex 0 -4.75 0
      vertex 0.111185 -12.5536 0
      vertex 0 -12.55 0
    endloop
  endfacet
  facet normal 0 0 -1
    outer loop
      vertex 0.111185 -12.5536 0
      vertex 0 -4.75 0
      vertex 0.310664 -4.73983 0
    endloop
  endfacet
  facet normal 0 0 -1
    outer loop
      vertex -0.111185 -12.5536 0
      vertex 0 -4.75 0
      vertex 0 -12.55 0
    endloop
  endfacet
  facet normal 0 0 -1
    outer loop
      vertex -0.310664 -4.73983 0
      vertex -0.111185 -12.5536 0
      vertex -0.221894 -12.5645 0
    endloop
  endfacet
  facet normal 0 0 -1
    outer loop
      vertex -0.111185 -12.5536 0
      vertex -0.310664 -4.73983 0
      vertex 0 -4.75 0
    endloop
  endfacet
  facet normal 0 0 -1
    outer loop
      vertex -0.619999 -4.70936 0
      vertex -0.221894 -12.5645 0
      vertex -0.331653 -12.5827 0
    endloop
  endfacet
  facet normal 0 0 -1
    outer loop
      vertex -0.619999 -4.70936 0
      vertex -0.331653 -12.5827 0
      vertex -0.439992 -12.6079 0
    endloop
  endfacet
  facet normal 0 0 -1
    outer loop
      vertex -0.926679 -4.65873 0
      vertex -0.439992 -12.6079 0
      vertex -0.546447 -12.6402 0
    endloop
  endfacet
  facet normal 0 0 -1
    outer loop
      vertex -0.221894 -12.5645 0
      vertex -0.619999 -4.70936 0
      vertex -0.310664 -4.73983 0
    endloop
  endfacet
  facet normal 0 0 -1
    outer loop
      vertex -1.22939 -4.58815 0
      vertex -0.546447 -12.6402 0
      vertex -0.650561 -12.6794 0
    endloop
  endfacet
  facet normal 0 0 -1
    outer loop
      vertex -1.22939 -4.58815 0
      vertex -0.650561 -12.6794 0
      vertex -0.75189 -12.7253 0
    endloop
  endfacet
  facet normal 0 0 -1
    outer loop
      vertex -1.52684 -4.49792 0
      vertex -0.75189 -12.7253 0
      vertex -0.849999 -12.7778 0
    endloop
  endfacet
  facet normal 0 0 -1
    outer loop
      vertex -0.439992 -12.6079 0
      vertex -0.926679 -4.65873 0
      vertex -0.619999 -4.70936 0
    endloop
  endfacet
  facet normal 0 0 -1
    outer loop
      vertex -1.81775 -4.38843 0
      vertex -0.849999 -12.7778 0
      vertex -0.944468 -12.8365 0
    endloop
  endfacet
  facet normal 0 0 -1
    outer loop
      vertex -1.81775 -4.38843 0
      vertex -0.944468 -12.8365 0
      vertex -1.03489 -12.9013 0
    endloop
  endfacet
  facet normal 0 0 -1
    outer loop
      vertex -2.10087 -4.26015 0
      vertex -1.03489 -12.9013 0
      vertex -1.12089 -12.9719 0
    endloop
  endfacet
  facet normal 0 0 -1
    outer loop
      vertex -2.375 -4.11362 0
      vertex -1.12089 -12.9719 0
      vertex -1.20208 -13.0479 0
    endloop
  endfacet
  facet normal 0 0 -1
    outer loop
      vertex -0.546447 -12.6402 0
      vertex -1.22939 -4.58815 0
      vertex -0.926679 -4.65873 0
    endloop
  endfacet
  facet normal 0 0 -1
    outer loop
      vertex -2.375 -4.11362 0
      vertex -1.20208 -13.0479 0
      vertex -1.27813 -13.1291 0
    endloop
  endfacet
  facet normal 0 0 -1
    outer loop
      vertex -2.63896 -3.94948 0
      vertex -1.27813 -13.1291 0
      vertex -1.3487 -13.2151 0
    endloop
  endfacet
  facet normal 0 0 -1
    outer loop
      vertex -2.89162 -3.76843 0
      vertex -1.3487 -13.2151 0
      vertex -1.4135 -13.3055 0
    endloop
  endfacet
  facet normal 0 0 -1
    outer loop
      vertex -2.89162 -3.76843 0
      vertex -1.4135 -13.3055 0
      vertex -1.47224 -13.4 0
    endloop
  endfacet
  facet normal 0 0 -1
    outer loop
      vertex -3.13189 -3.57124 0
      vertex -1.47224 -13.4 0
      vertex -1.52468 -13.4981 0
    endloop
  endfacet
  facet normal 0 0 -1
    outer loop
      vertex -0.75189 -12.7253 0
      vertex -1.52684 -4.49792 0
      vertex -1.22939 -4.58815 0
    endloop
  endfacet
  facet normal 0 0 -1
    outer loop
      vertex -3.35876 -3.35876 0
      vertex -1.52468 -13.4981 0
      vertex -1.57059 -13.5994 0
    endloop
  endfacet
  facet normal 0 0 -1
    outer loop
      vertex -18.796 -16.4836 0
      vertex -1.57059 -13.5994 0
      vertex -1.60978 -13.7036 0
    endloop
  endfacet
  facet normal -0 0 -1
    outer loop
      vertex -1.68546 -14.0281 0
      vertex -15.219 -19.8338 0
      vertex -1.66733 -13.9183 0
    endloop
  endfacet
  facet normal 0 0 -1
    outer loop
      vertex -15.219 -19.8338 0
      vertex -1.69636 -14.1388 0
      vertex -13.8893 -20.7867 0
    endloop
  endfacet
  facet normal 0 0 -1
    outer loop
      vertex -13.8893 -20.7867 0
      vertex -1.69636 -14.3612 0
      vertex -12.5 -21.6506 0
    endloop
  endfacet
  facet normal -0 0 -1
    outer loop
      vertex -1.66733 -14.5817 0
      vertex -12.5 -21.6506 0
      vertex -1.68546 -14.4719 0
    endloop
  endfacet
  facet normal -0 0 -1
    outer loop
      vertex -1.64207 -14.69 0
      vertex -11.0572 -22.4218 0
      vertex -1.66733 -14.5817 0
    endloop
  endfacet
  facet normal 0 0 -1
    outer loop
      vertex -0.849999 -12.7778 0
      vertex -1.81775 -4.38843 0
      vertex -1.52684 -4.49792 0
    endloop
  endfacet
  facet normal 0 0 -1
    outer loop
      vertex 13.2853 5.7115 0
      vertex 25 0 0
      vertex 24.9465 -1.63508 0
    endloop
  endfacet
  facet normal 0 0 -1
    outer loop
      vertex 13.0928 5.60032 0
      vertex 24.9465 -1.63508 0
      vertex 24.7861 -3.26315 0
    endloop
  endfacet
  facet normal 0 0 -1
    outer loop
      vertex 25 0 0
      vertex 13.2853 5.7115 0
      vertex 13.3758 5.7763 0
    endloop
  endfacet
  facet normal 0 0 -1
    outer loop
      vertex 12.9914 5.55441 0
      vertex 24.7861 -3.26315 0
      vertex 24.5196 -4.87726 0
    endloop
  endfacet
  facet normal 0 0 -1
    outer loop
      vertex 25 0 0
      vertex 13.4617 5.84687 0
      vertex 24.9465 1.63508 0
    endloop
  endfacet
  facet normal 0 0 -1
    outer loop
      vertex 12.7809 5.48293 0
      vertex 24.5196 -4.87726 0
      vertex 24.1481 -6.47048 0
    endloop
  endfacet
  facet normal 0 -0 -1
    outer loop
      vertex 13.5429 5.92292 0
      vertex 24.9465 1.63508 0
      vertex 13.4617 5.84687 0
    endloop
  endfacet
  facet normal 0 0 -1
    outer loop
      vertex 12.6725 5.45767 0
      vertex 24.1481 -6.47048 0
      vertex 23.6733 -8.03599 0
    endloop
  endfacet
  facet normal 0 0 -1
    outer loop
      vertex 24.9465 1.63508 0
      vertex 13.619 6.00411 0
      vertex 24.7861 3.26315 0
    endloop
  endfacet
  facet normal 0 0 -1
    outer loop
      vertex 4.49792 -1.52684 0
      vertex 23.6733 -8.03599 0
      vertex 23.097 -9.56709 0
    endloop
  endfacet
  facet normal 0 -0 -1
    outer loop
      vertex 13.7544 6.18053 0
      vertex 24.7861 3.26315 0
      vertex 13.6896 6.09011 0
    endloop
  endfacet
  facet normal 0 0 -1
    outer loop
      vertex 4.38843 -1.81775 0
      vertex 23.097 -9.56709 0
      vertex 22.4218 -11.0572 0
    endloop
  endfacet
  facet normal 0 -0 -1
    outer loop
      vertex 13.8131 6.275 0
      vertex 24.5196 4.87726 0
      vertex 13.7544 6.18053 0
    endloop
  endfacet
  facet normal 0 0 -1
    outer loop
      vertex 4.26015 -2.10087 0
      vertex 22.4218 -11.0572 0
      vertex 21.6506 -12.5 0
    endloop
  endfacet
  facet normal 0 0 -1
    outer loop
      vertex 24.5196 4.87726 0
      vertex 13.9115 6.47444 0
      vertex 24.1481 6.47048 0
    endloop
  endfacet
  facet normal 0 0 -1
    outer loop
      vertex 4.11362 -2.375 0
      vertex 21.6506 -12.5 0
      vertex 20.7867 -13.8893 0
    endloop
  endfacet
  facet normal 0 -0 -1
    outer loop
      vertex 13.9829 6.68501 0
      vertex 24.1481 6.47048 0
      vertex 13.9506 6.57855 0
    endloop
  endfacet
  facet normal 0 0 -1
    outer loop
      vertex 3.94948 -2.63896 0
      vertex 20.7867 -13.8893 0
      vertex 19.8338 -15.219 0
    endloop
  endfacet
  facet normal 0 0 -1
    outer loop
      vertex 24.1481 6.47048 0
      vertex 14.0082 6.79335 0
      vertex 23.6733 8.03599 0
    endloop
  endfacet
  facet normal 0 0 -1
    outer loop
      vertex 3.76843 -2.89162 0
      vertex 19.8338 -15.219 0
      vertex 18.796 -16.4836 0
    endloop
  endfacet
  facet normal 0 -0 -1
    outer loop
      vertex 14.0409 7.125 0
      vertex 23.6733 8.03599 0
      vertex 14.0372 7.01382 0
    endloop
  endfacet
  facet normal 0 0 -1
    outer loop
      vertex 15.219 -19.8338 0
      vertex 1.68546 -14.0281 0
      vertex 16.4836 -18.796 0
    endloop
  endfacet
  facet normal 0 0 -1
    outer loop
      vertex 14.0372 7.23619 0
      vertex 23.097 9.56709 0
      vertex 14.0409 7.125 0
    endloop
  endfacet
  facet normal 0 0 -1
    outer loop
      vertex 1.68546 -14.0281 0
      vertex 15.219 -19.8338 0
      vertex 1.69636 -14.1388 0
    endloop
  endfacet
  facet normal 0 0 -1
    outer loop
      vertex 14.0082 7.45665 0
      vertex 23.097 9.56709 0
      vertex 14.0263 7.34689 0
    endloop
  endfacet
  facet normal 0 0 -1
    outer loop
      vertex 13.8893 -20.7867 0
      vertex 1.69636 -14.1388 0
      vertex 15.219 -19.8338 0
    endloop
  endfacet
  facet normal 0 0 -1
    outer loop
      vertex 13.9829 7.56499 0
      vertex 22.4218 11.0572 0
      vertex 14.0082 7.45665 0
    endloop
  endfacet
  facet normal 0 0 -1
    outer loop
      vertex 13.9115 7.77556 0
      vertex 22.4218 11.0572 0
      vertex 13.9506 7.67145 0
    endloop
  endfacet
  facet normal -0 0 -1
    outer loop
      vertex 22.4218 11.0572 0
      vertex 13.9115 7.77556 0
      vertex 21.6506 12.5 0
    endloop
  endfacet
  facet normal 0 0 -1
    outer loop
      vertex 13.9506 7.67145 0
      vertex 22.4218 11.0572 0
      vertex 13.9829 7.56499 0
    endloop
  endfacet
  facet normal -0 0 -1
    outer loop
      vertex 23.097 9.56709 0
      vertex 14.0082 7.45665 0
      vertex 22.4218 11.0572 0
    endloop
  endfacet
  facet normal 0 0 -1
    outer loop
      vertex 14.0263 7.34689 0
      vertex 23.097 9.56709 0
      vertex 14.0372 7.23619 0
    endloop
  endfacet
  facet normal -0 0 -1
    outer loop
      vertex 23.6733 8.03599 0
      vertex 14.0409 7.125 0
      vertex 23.097 9.56709 0
    endloop
  endfacet
  facet normal 0 -0 -1
    outer loop
      vertex 14.0372 7.01382 0
      vertex 23.6733 8.03599 0
      vertex 14.0263 6.90311 0
    endloop
  endfacet
  facet normal 0 0 -1
    outer loop
      vertex 1.69636 -14.1388 0
      vertex 13.8893 -20.7867 0
      vertex 1.7 -14.25 0
    endloop
  endfacet
  facet normal 0 -0 -1
    outer loop
      vertex 14.0263 6.90311 0
      vertex 23.6733 8.03599 0
      vertex 14.0082 6.79335 0
    endloop
  endfacet
  facet normal 0 -0 -1
    outer loop
      vertex 14.0082 6.79335 0
      vertex 24.1481 6.47048 0
      vertex 13.9829 6.68501 0
    endloop
  endfacet
  facet normal 0 -0 -1
    outer loop
      vertex 13.9506 6.57855 0
      vertex 24.1481 6.47048 0
      vertex 13.9115 6.47444 0
    endloop
  endfacet
  facet normal 0 -0 -1
    outer loop
      vertex 13.9115 6.47444 0
      vertex 24.5196 4.87726 0
      vertex 13.8655 6.37311 0
    endloop
  endfacet
  facet normal 0 -0 -1
    outer loop
      vertex 13.8655 6.37311 0
      vertex 24.5196 4.87726 0
      vertex 13.8131 6.275 0
    endloop
  endfacet
  facet normal 0 0 -1
    outer loop
      vertex 24.7861 3.26315 0
      vertex 13.7544 6.18053 0
      vertex 24.5196 4.87726 0
    endloop
  endfacet
  facet normal 0 -0 -1
    outer loop
      vertex 13.6896 6.09011 0
      vertex 24.7861 3.26315 0
      vertex 13.619 6.00411 0
    endloop
  endfacet
  facet normal 0 -0 -1
    outer loop
      vertex 13.619 6.00411 0
      vertex 24.9465 1.63508 0
      vertex 13.5429 5.92292 0
    endloop
  endfacet
  facet normal 0 -0 -1
    outer loop
      vertex 13.4617 5.84687 0
      vertex 25 0 0
      vertex 13.3758 5.7763 0
    endloop
  endfacet
  facet normal 0 0 -1
    outer loop
      vertex 24.9465 -1.63508 0
      vertex 13.1909 5.65276 0
      vertex 13.2853 5.7115 0
    endloop
  endfacet
  facet normal 0 0 -1
    outer loop
      vertex 24.9465 -1.63508 0
      vertex 13.0928 5.60032 0
      vertex 13.1909 5.65276 0
    endloop
  endfacet
  facet normal 0 0 -1
    outer loop
      vertex 24.7861 -3.26315 0
      vertex 12.9914 5.55441 0
      vertex 13.0928 5.60032 0
    endloop
  endfacet
  facet normal 0 0 -1
    outer loop
      vertex 24.5196 -4.87726 0
      vertex 12.8873 5.51522 0
      vertex 12.9914 5.55441 0
    endloop
  endfacet
  facet normal 0 0 -1
    outer loop
      vertex 24.5196 -4.87726 0
      vertex 12.7809 5.48293 0
      vertex 12.8873 5.51522 0
    endloop
  endfacet
  facet normal 0 0 -1
    outer loop
      vertex 22.4218 -11.0572 0
      vertex 4.26015 -2.10087 0
      vertex 4.38843 -1.81775 0
    endloop
  endfacet
  facet normal 0 0 -1
    outer loop
      vertex 23.097 -9.56709 0
      vertex 4.38843 -1.81775 0
      vertex 4.49792 -1.52684 0
    endloop
  endfacet
  facet normal 0 0 -1
    outer loop
      vertex 1.69636 -14.3612 0
      vertex 13.8893 -20.7867 0
      vertex 12.5 -21.6506 0
    endloop
  endfacet
  facet normal 0 0 -1
    outer loop
      vertex 24.1481 -6.47048 0
      vertex 12.6725 5.45767 0
      vertex 12.7809 5.48293 0
    endloop
  endfacet
  facet normal 0 -0 -1
    outer loop
      vertex 12.5628 5.43954 0
      vertex 23.6733 -8.03599 0
      vertex 4.49792 -1.52684 0
    endloop
  endfacet
  facet normal 0 0 -1
    outer loop
      vertex 23.6733 -8.03599 0
      vertex 12.5628 5.43954 0
      vertex 12.6725 5.45767 0
    endloop
  endfacet
  facet normal 0 -0 -1
    outer loop
      vertex 4.58815 -1.22939 0
      vertex 12.5628 5.43954 0
      vertex 4.49792 -1.52684 0
    endloop
  endfacet
  facet normal 0 -0 -1
    outer loop
      vertex 4.65873 -0.926679 0
      vertex 12.452 5.42864 0
      vertex 4.58815 -1.22939 0
    endloop
  endfacet
  facet normal 0 0 -1
    outer loop
      vertex 12.452 5.42864 0
      vertex 4.65873 -0.926679 0
      vertex 12.3409 5.425 0
    endloop
  endfacet
  facet normal -0 0 -1
    outer loop
      vertex 12.3409 5.425 0
      vertex 4.65873 -0.926679 0
      vertex 12.2297 5.42864 0
    endloop
  endfacet
  facet normal 0 -0 -1
    outer loop
      vertex 4.70936 -0.619999 0
      vertex 12.2297 5.42864 0
      vertex 4.65873 -0.926679 0
    endloop
  endfacet
  facet normal -0 0 -1
    outer loop
      vertex 12.2297 5.42864 0
      vertex 4.70936 -0.619999 0
      vertex 12.119 5.43954 0
    endloop
  endfacet
  facet normal 0 -0 -1
    outer loop
      vertex 4.73983 -0.310664 0
      vertex 12.119 5.43954 0
      vertex 4.70936 -0.619999 0
    endloop
  endfacet
  facet normal -0 0 -1
    outer loop
      vertex 12.119 5.43954 0
      vertex 4.73983 -0.310664 0
      vertex 12.0092 5.45766 0
    endloop
  endfacet
  facet normal 0 -0 -1
    outer loop
      vertex 4.75 0 0
      vertex 12.0092 5.45766 0
      vertex 4.73983 -0.310664 0
    endloop
  endfacet
  facet normal -0 0 -1
    outer loop
      vertex 12.0092 5.45766 0
      vertex 4.75 0 0
      vertex 11.9009 5.48293 0
    endloop
  endfacet
  facet normal -0 0 -1
    outer loop
      vertex 11.9009 5.48293 0
      vertex 4.75 0 0
      vertex 11.7944 5.51522 0
    endloop
  endfacet
  facet normal 0 0 -1
    outer loop
      vertex 4.73983 0.310664 0
      vertex 11.7944 5.51522 0
      vertex 4.75 0 0
    endloop
  endfacet
  facet normal 0 0 -1
    outer loop
      vertex 1.66733 -14.5817 0
      vertex 12.5 -21.6506 0
      vertex 11.0572 -22.4218 0
    endloop
  endfacet
  facet normal -0 0 -1
    outer loop
      vertex 11.7944 5.51522 0
      vertex 4.73983 0.310664 0
      vertex 11.6903 5.55441 0
    endloop
  endfacet
  facet normal 0 0 -1
    outer loop
      vertex 4.70936 0.619999 0
      vertex 11.6903 5.55441 0
      vertex 4.73983 0.310664 0
    endloop
  endfacet
  facet normal -0 0 -1
    outer loop
      vertex 11.6903 5.55441 0
      vertex 4.70936 0.619999 0
      vertex 11.589 5.60032 0
    endloop
  endfacet
  facet normal -0 0 -1
    outer loop
      vertex 11.589 5.60032 0
      vertex 4.70936 0.619999 0
      vertex 11.4909 5.65276 0
    endloop
  endfacet
  facet normal -0 0 -1
    outer loop
      vertex 11.4909 5.65276 0
      vertex 4.65873 0.926679 0
      vertex 11.3964 5.7115 0
    endloop
  endfacet
  facet normal 0 0 -1
    outer loop
      vertex 4.58815 1.22939 0
      vertex 11.3964 5.7115 0
      vertex 4.65873 0.926679 0
    endloop
  endfacet
  facet normal -0 0 -1
    outer loop
      vertex 11.3964 5.7115 0
      vertex 4.58815 1.22939 0
      vertex 11.306 5.7763 0
    endloop
  endfacet
  facet normal -0 0 -1
    outer loop
      vertex 11.306 5.7763 0
      vertex 4.58815 1.22939 0
      vertex 11.22 5.84687 0
    endloop
  endfacet
  facet normal 0 0 -1
    outer loop
      vertex 4.49792 1.52684 0
      vertex 11.22 5.84687 0
      vertex 4.58815 1.22939 0
    endloop
  endfacet
  facet normal -0 0 -1
    outer loop
      vertex 11.22 5.84687 0
      vertex 4.49792 1.52684 0
      vertex 11.1388 5.92292 0
    endloop
  endfacet
  facet normal 0 0 -1
    outer loop
      vertex 4.38843 1.81775 0
      vertex 11.1388 5.92292 0
      vertex 4.49792 1.52684 0
    endloop
  endfacet
  facet normal 0 0 -1
    outer loop
      vertex 1.60978 -14.7964 0
      vertex 11.0572 -22.4218 0
      vertex 9.56709 -23.097 0
    endloop
  endfacet
  facet normal 0 0 -1
    outer loop
      vertex 13.8655 7.87689 0
      vertex 21.6506 12.5 0
      vertex 13.9115 7.77556 0
    endloop
  endfacet
  facet normal 0 0 -1
    outer loop
      vertex 13.8131 7.975 0
      vertex 21.6506 12.5 0
      vertex 13.8655 7.87689 0
    endloop
  endfacet
  facet normal 0 0 -1
    outer loop
      vertex 13.7544 8.06947 0
      vertex 21.6506 12.5 0
      vertex 13.8131 7.975 0
    endloop
  endfacet
  facet normal 0 0 -1
    outer loop
      vertex 13.6896 8.15989 0
      vertex 21.6506 12.5 0
      vertex 13.7544 8.06947 0
    endloop
  endfacet
  facet normal -0 0 -1
    outer loop
      vertex 21.6506 12.5 0
      vertex 13.6896 8.15989 0
      vertex 20.7867 13.8893 0
    endloop
  endfacet
  facet normal 0 0 -1
    outer loop
      vertex 13.619 8.24589 0
      vertex 20.7867 13.8893 0
      vertex 13.6896 8.15989 0
    endloop
  endfacet
  facet normal 0 0 -1
    outer loop
      vertex 13.5429 8.32708 0
      vertex 20.7867 13.8893 0
      vertex 13.619 8.24589 0
    endloop
  endfacet
  facet normal 0 0 -1
    outer loop
      vertex 13.4617 8.40313 0
      vertex 20.7867 13.8893 0
      vertex 13.5429 8.32708 0
    endloop
  endfacet
  facet normal -0 0 -1
    outer loop
      vertex 20.7867 13.8893 0
      vertex 13.4617 8.40313 0
      vertex 19.8338 15.219 0
    endloop
  endfacet
  facet normal 0 0 -1
    outer loop
      vertex 13.3758 8.4737 0
      vertex 19.8338 15.219 0
      vertex 13.4617 8.40313 0
    endloop
  endfacet
  facet normal 0 0 -1
    outer loop
      vertex 13.2853 8.5385 0
      vertex 19.8338 15.219 0
      vertex 13.3758 8.4737 0
    endloop
  endfacet
  facet normal 0 0 -1
    outer loop
      vertex 13.1909 8.59724 0
      vertex 19.8338 15.219 0
      vertex 13.2853 8.5385 0
    endloop
  endfacet
  facet normal -0 0 -1
    outer loop
      vertex 19.8338 15.219 0
      vertex 13.1909 8.59724 0
      vertex 18.796 16.4836 0
    endloop
  endfacet
  facet normal 0 0 -1
    outer loop
      vertex 13.0928 8.64968 0
      vertex 18.796 16.4836 0
      vertex 13.1909 8.59724 0
    endloop
  endfacet
  facet normal 0 0 -1
    outer loop
      vertex 12.9914 8.69559 0
      vertex 18.796 16.4836 0
      vertex 13.0928 8.64968 0
    endloop
  endfacet
  facet normal 0 0 -1
    outer loop
      vertex 12.8873 8.73478 0
      vertex 18.796 16.4836 0
      vertex 12.9914 8.69559 0
    endloop
  endfacet
  facet normal -0 0 -1
    outer loop
      vertex 18.796 16.4836 0
      vertex 12.8873 8.73478 0
      vertex 17.6777 17.6777 0
    endloop
  endfacet
  facet normal 0 0 -1
    outer loop
      vertex 12.7809 8.76707 0
      vertex 17.6777 17.6777 0
      vertex 12.8873 8.73478 0
    endloop
  endfacet
  facet normal 0 0 -1
    outer loop
      vertex 12.6725 8.79233 0
      vertex 17.6777 17.6777 0
      vertex 12.7809 8.76707 0
    endloop
  endfacet
  facet normal 0 0 -1
    outer loop
      vertex 12.5628 8.81046 0
      vertex 17.6777 17.6777 0
      vertex 12.6725 8.79233 0
    endloop
  endfacet
  facet normal -0 0 -1
    outer loop
      vertex 17.6777 17.6777 0
      vertex 12.5628 8.81046 0
      vertex 16.4836 18.796 0
    endloop
  endfacet
  facet normal 0 0 -1
    outer loop
      vertex 12.452 8.82136 0
      vertex 16.4836 18.796 0
      vertex 12.5628 8.81046 0
    endloop
  endfacet
  facet normal 0 0 -1
    outer loop
      vertex 12.3409 8.825 0
      vertex 16.4836 18.796 0
      vertex 12.452 8.82136 0
    endloop
  endfacet
  facet normal -0 0 -1
    outer loop
      vertex 16.4836 18.796 0
      vertex 12.3409 8.825 0
      vertex 15.219 19.8338 0
    endloop
  endfacet
  facet normal 0 0 -1
    outer loop
      vertex 12.2297 8.82136 0
      vertex 15.219 19.8338 0
      vertex 12.3409 8.825 0
    endloop
  endfacet
  facet normal 0 0 -1
    outer loop
      vertex 12.119 8.81046 0
      vertex 15.219 19.8338 0
      vertex 12.2297 8.82136 0
    endloop
  endfacet
  facet normal 0 0 -1
    outer loop
      vertex 12.0092 8.79233 0
      vertex 15.219 19.8338 0
      vertex 12.119 8.81046 0
    endloop
  endfacet
  facet normal -0 0 -1
    outer loop
      vertex 15.219 19.8338 0
      vertex 12.0092 8.79233 0
      vertex 13.8893 20.7867 0
    endloop
  endfacet
  facet normal 0 0 -1
    outer loop
      vertex 11.9009 8.76707 0
      vertex 13.8893 20.7867 0
      vertex 12.0092 8.79233 0
    endloop
  endfacet
  facet normal 0 0 -1
    outer loop
      vertex 11.7944 8.73478 0
      vertex 13.8893 20.7867 0
      vertex 11.9009 8.76707 0
    endloop
  endfacet
  facet normal -0 0 -1
    outer loop
      vertex 13.8893 20.7867 0
      vertex 11.7944 8.73478 0
      vertex 12.5 21.6506 0
    endloop
  endfacet
  facet normal 0 0 -1
    outer loop
      vertex 11.6903 8.69559 0
      vertex 12.5 21.6506 0
      vertex 11.7944 8.73478 0
    endloop
  endfacet
  facet normal 0 0 -1
    outer loop
      vertex 11.589 8.64968 0
      vertex 12.5 21.6506 0
      vertex 11.6903 8.69559 0
    endloop
  endfacet
  facet normal 0 0 -1
    outer loop
      vertex 11.0572 22.4218 0
      vertex 11.589 8.64968 0
      vertex 11.4909 8.59724 0
    endloop
  endfacet
  facet normal 0 0 -1
    outer loop
      vertex 11.0572 22.4218 0
      vertex 11.4909 8.59724 0
      vertex 11.3964 8.5385 0
    endloop
  endfacet
  facet normal 0 0 -1
    outer loop
      vertex 9.56709 23.097 0
      vertex 11.3964 8.5385 0
      vertex 11.306 8.4737 0
    endloop
  endfacet
  facet normal 0 0 -1
    outer loop
      vertex 9.56709 23.097 0
      vertex 11.306 8.4737 0
      vertex 11.22 8.40313 0
    endloop
  endfacet
  facet normal 0 0 -1
    outer loop
      vertex 8.03599 23.6733 0
      vertex 11.22 8.40313 0
      vertex 11.1388 8.32708 0
    endloop
  endfacet
  facet normal 0 0 -1
    outer loop
      vertex 6.47048 24.1481 0
      vertex 11.1388 8.32708 0
      vertex 11.0627 8.24589 0
    endloop
  endfacet
  facet normal 0 0 -1
    outer loop
      vertex 11.589 8.64968 0
      vertex 11.0572 22.4218 0
      vertex 12.5 21.6506 0
    endloop
  endfacet
  facet normal 0 0 -1
    outer loop
      vertex 4.87726 24.5196 0
      vertex 11.0627 8.24589 0
      vertex 10.9922 8.15989 0
    endloop
  endfacet
  facet normal 0 0 -1
    outer loop
      vertex 4.87726 24.5196 0
      vertex 10.9922 8.15989 0
      vertex 10.9274 8.06947 0
    endloop
  endfacet
  facet normal 0 0 -1
    outer loop
      vertex 4.87726 24.5196 0
      vertex 10.9274 8.06947 0
      vertex 10.8686 7.975 0
    endloop
  endfacet
  facet normal 0 0 -1
    outer loop
      vertex 4.87726 24.5196 0
      vertex 10.8686 7.975 0
      vertex 10.8162 7.87689 0
    endloop
  endfacet
  facet normal 0 0 -1
    outer loop
      vertex 4.87726 24.5196 0
      vertex 10.8162 7.87689 0
      vertex 10.7703 7.77556 0
    endloop
  endfacet
  facet normal 0 0 -1
    outer loop
      vertex 4.87726 24.5196 0
      vertex 10.7703 7.77556 0
      vertex 10.7311 7.67145 0
    endloop
  endfacet
  facet normal -0 0 -1
    outer loop
      vertex 10.7703 6.47444 0
      vertex 3.76843 2.89162 0
      vertex 10.7311 6.57855 0
    endloop
  endfacet
  facet normal 0 0 -1
    outer loop
      vertex 3.76843 2.89162 0
      vertex 10.7703 6.47444 0
      vertex 3.94948 2.63896 0
    endloop
  endfacet
  facet normal -0 0 -1
    outer loop
      vertex 10.8162 6.37311 0
      vertex 3.94948 2.63896 0
      vertex 10.7703 6.47444 0
    endloop
  endfacet
  facet normal 0 0 -1
    outer loop
      vertex 3.94948 2.63896 0
      vertex 10.8162 6.37311 0
      vertex 4.11362 2.375 0
    endloop
  endfacet
  facet normal -0 0 -1
    outer loop
      vertex 10.8686 6.275 0
      vertex 4.11362 2.375 0
      vertex 10.8162 6.37311 0
    endloop
  endfacet
  facet normal -0 0 -1
    outer loop
      vertex 11.1388 5.92292 0
      vertex 4.38843 1.81775 0
      vertex 11.0627 6.00411 0
    endloop
  endfacet
  facet normal -0 0 -1
    outer loop
      vertex 10.7311 6.57855 0
      vertex 3.76843 2.89162 0
      vertex 10.6988 6.68501 0
    endloop
  endfacet
  facet normal 0 0 -1
    outer loop
      vertex 1.52468 -15.0019 0
      vertex 9.56709 -23.097 0
      vertex 8.03599 -23.6733 0
    endloop
  endfacet
  facet normal 0 0 -1
    outer loop
      vertex 11.3964 8.5385 0
      vertex 9.56709 23.097 0
      vertex 11.0572 22.4218 0
    endloop
  endfacet
  facet normal 0 0 -1
    outer loop
      vertex 1.3487 -15.2849 0
      vertex 8.03599 -23.6733 0
      vertex 6.47048 -24.1481 0
    endloop
  endfacet
  facet normal 0 0 -1
    outer loop
      vertex 11.22 8.40313 0
      vertex 8.03599 23.6733 0
      vertex 9.56709 23.097 0
    endloop
  endfacet
  facet normal 0 0 -1
    outer loop
      vertex 1.12089 -15.5281 0
      vertex 6.47048 -24.1481 0
      vertex 4.87726 -24.5196 0
    endloop
  endfacet
  facet normal 0 0 -1
    outer loop
      vertex 11.1388 8.32708 0
      vertex 6.47048 24.1481 0
      vertex 8.03599 23.6733 0
    endloop
  endfacet
  facet normal 0 0 -1
    outer loop
      vertex 11.0627 8.24589 0
      vertex 4.87726 24.5196 0
      vertex 6.47048 24.1481 0
    endloop
  endfacet
  facet normal -0 0 -1
    outer loop
      vertex 10.9274 6.18053 0
      vertex 4.11362 2.375 0
      vertex 10.8686 6.275 0
    endloop
  endfacet
  facet normal 0 0 -1
    outer loop
      vertex 4.11362 2.375 0
      vertex 10.9274 6.18053 0
      vertex 4.26015 2.10087 0
    endloop
  endfacet
  facet normal -0 0 -1
    outer loop
      vertex 10.9922 6.09011 0
      vertex 4.26015 2.10087 0
      vertex 10.9274 6.18053 0
    endloop
  endfacet
  facet normal 0 0 -1
    outer loop
      vertex 4.26015 2.10087 0
      vertex 10.9922 6.09011 0
      vertex 4.38843 1.81775 0
    endloop
  endfacet
  facet normal -0 0 -1
    outer loop
      vertex 11.0627 6.00411 0
      vertex 4.38843 1.81775 0
      vertex 10.9922 6.09011 0
    endloop
  endfacet
  facet normal 0 0 -1
    outer loop
      vertex 4.65873 0.926679 0
      vertex 11.4909 5.65276 0
      vertex 4.70936 0.619999 0
    endloop
  endfacet
  facet normal 0 0 -1
    outer loop
      vertex 12.5628 5.43954 0
      vertex 4.58815 -1.22939 0
      vertex 12.452 5.42864 0
    endloop
  endfacet
  facet normal 0 0 -1
    outer loop
      vertex 1.66733 -13.9183 0
      vertex 16.4836 -18.796 0
      vertex 1.68546 -14.0281 0
    endloop
  endfacet
  facet normal 0 0 -1
    outer loop
      vertex 21.6506 -12.5 0
      vertex 4.11362 -2.375 0
      vertex 4.26015 -2.10087 0
    endloop
  endfacet
  facet normal 0 0 -1
    outer loop
      vertex 20.7867 -13.8893 0
      vertex 3.94948 -2.63896 0
      vertex 4.11362 -2.375 0
    endloop
  endfacet
  facet normal 0 0 -1
    outer loop
      vertex 19.8338 -15.219 0
      vertex 3.76843 -2.89162 0
      vertex 3.94948 -2.63896 0
    endloop
  endfacet
  facet normal 0 0 -1
    outer loop
      vertex 18.796 -16.4836 0
      vertex 3.57124 -3.13189 0
      vertex 3.76843 -2.89162 0
    endloop
  endfacet
  facet normal 0 0 -1
    outer loop
      vertex 0.849999 -15.7222 0
      vertex 4.87726 -24.5196 0
      vertex 3.26315 -24.7861 0
    endloop
  endfacet
  facet normal 0 0 -1
    outer loop
      vertex 1.64207 -13.81 0
      vertex 16.4836 -18.796 0
      vertex 1.66733 -13.9183 0
    endloop
  endfacet
  facet normal 0 0 -1
    outer loop
      vertex 16.4836 -18.796 0
      vertex 1.64207 -13.81 0
      vertex 17.6777 -17.6777 0
    endloop
  endfacet
  facet normal 0 0 -1
    outer loop
      vertex 1.60978 -13.7036 0
      vertex 17.6777 -17.6777 0
      vertex 1.64207 -13.81 0
    endloop
  endfacet
  facet normal 0 0 -1
    outer loop
      vertex 17.6777 -17.6777 0
      vertex 1.60978 -13.7036 0
      vertex 18.796 -16.4836 0
    endloop
  endfacet
  facet normal 0 0 -1
    outer loop
      vertex 1.57059 -13.5994 0
      vertex 18.796 -16.4836 0
      vertex 1.60978 -13.7036 0
    endloop
  endfacet
  facet normal 0 0 -1
    outer loop
      vertex 18.796 -16.4836 0
      vertex 1.57059 -13.5994 0
      vertex 3.57124 -3.13189 0
    endloop
  endfacet
  facet normal 0 0 -1
    outer loop
      vertex 3.57124 -3.13189 0
      vertex 1.57059 -13.5994 0
      vertex 3.35876 -3.35876 0
    endloop
  endfacet
  facet normal 0 0 -1
    outer loop
      vertex 13.8893 -20.7867 0
      vertex 1.69636 -14.3612 0
      vertex 1.7 -14.25 0
    endloop
  endfacet
  facet normal 0 0 -1
    outer loop
      vertex 12.5 -21.6506 0
      vertex 1.68546 -14.4719 0
      vertex 1.69636 -14.3612 0
    endloop
  endfacet
  facet normal 0 0 -1
    outer loop
      vertex 12.5 -21.6506 0
      vertex 1.66733 -14.5817 0
      vertex 1.68546 -14.4719 0
    endloop
  endfacet
  facet normal 0 0 -1
    outer loop
      vertex 11.0572 -22.4218 0
      vertex 1.64207 -14.69 0
      vertex 1.66733 -14.5817 0
    endloop
  endfacet
  facet normal 0 0 -1
    outer loop
      vertex 0.546447 -15.8598 0
      vertex 3.26315 -24.7861 0
      vertex 1.63508 -24.9465 0
    endloop
  endfacet
  facet normal 0 0 -1
    outer loop
      vertex 11.0572 -22.4218 0
      vertex 1.60978 -14.7964 0
      vertex 1.64207 -14.69 0
    endloop
  endfacet
  facet normal 0 0 -1
    outer loop
      vertex 9.56709 -23.097 0
      vertex 1.57059 -14.9006 0
      vertex 1.60978 -14.7964 0
    endloop
  endfacet
  facet normal 0 0 -1
    outer loop
      vertex 9.56709 -23.097 0
      vertex 1.52468 -15.0019 0
      vertex 1.57059 -14.9006 0
    endloop
  endfacet
  facet normal 0 0 -1
    outer loop
      vertex 8.03599 -23.6733 0
      vertex 1.47224 -15.1 0
      vertex 1.52468 -15.0019 0
    endloop
  endfacet
  facet normal 0 0 -1
    outer loop
      vertex 8.03599 -23.6733 0
      vertex 1.4135 -15.1945 0
      vertex 1.47224 -15.1 0
    endloop
  endfacet
  facet normal 0 0 -1
    outer loop
      vertex 8.03599 -23.6733 0
      vertex 1.3487 -15.2849 0
      vertex 1.4135 -15.1945 0
    endloop
  endfacet
  facet normal 0 0 -1
    outer loop
      vertex 6.47048 -24.1481 0
      vertex 1.27813 -15.3709 0
      vertex 1.3487 -15.2849 0
    endloop
  endfacet
  facet normal 0 0 -1
    outer loop
      vertex 6.47048 -24.1481 0
      vertex 1.20208 -15.4521 0
      vertex 1.27813 -15.3709 0
    endloop
  endfacet
  facet normal 0 0 -1
    outer loop
      vertex 6.47048 -24.1481 0
      vertex 1.12089 -15.5281 0
      vertex 1.20208 -15.4521 0
    endloop
  endfacet
  facet normal 0 0 -1
    outer loop
      vertex 4.87726 -24.5196 0
      vertex 1.03489 -15.5987 0
      vertex 1.12089 -15.5281 0
    endloop
  endfacet
  facet normal 0 0 -1
    outer loop
      vertex 4.87726 -24.5196 0
      vertex 0.944468 -15.6635 0
      vertex 1.03489 -15.5987 0
    endloop
  endfacet
  facet normal 0 0 -1
    outer loop
      vertex 4.87726 -24.5196 0
      vertex 0.849999 -15.7222 0
      vertex 0.944468 -15.6635 0
    endloop
  endfacet
  facet normal 0 0 -1
    outer loop
      vertex 3.26315 -24.7861 0
      vertex 0.75189 -15.7747 0
      vertex 0.849999 -15.7222 0
    endloop
  endfacet
  facet normal 0 0 -1
    outer loop
      vertex 3.26315 -24.7861 0
      vertex 0.650561 -15.8206 0
      vertex 0.75189 -15.7747 0
    endloop
  endfacet
  facet normal 0 0 -1
    outer loop
      vertex 3.26315 -24.7861 0
      vertex 0.546447 -15.8598 0
      vertex 0.650561 -15.8206 0
    endloop
  endfacet
  facet normal 0 0 -1
    outer loop
      vertex 1.63508 -24.9465 0
      vertex 0.439992 -15.8921 0
      vertex 0.546447 -15.8598 0
    endloop
  endfacet
  facet normal 0 0 -1
    outer loop
      vertex 1.63508 -24.9465 0
      vertex 0.331653 -15.9173 0
      vertex 0.439992 -15.8921 0
    endloop
  endfacet
  facet normal 0 0 -1
    outer loop
      vertex 1.63508 -24.9465 0
      vertex 0.221894 -15.9355 0
      vertex 0.331653 -15.9173 0
    endloop
  endfacet
  facet normal 0 0 -1
    outer loop
      vertex 0 -25 0
      vertex 0.221894 -15.9355 0
      vertex 1.63508 -24.9465 0
    endloop
  endfacet
  facet normal 0 0 -1
    outer loop
      vertex 0.221894 -15.9355 0
      vertex 0 -25 0
      vertex 0.111185 -15.9464 0
    endloop
  endfacet
  facet normal 0 0 -1
    outer loop
      vertex 0 -25 0
      vertex 0 -15.95 0
      vertex 0.111185 -15.9464 0
    endloop
  endfacet
  facet normal 0 0 -1
    outer loop
      vertex 0 -25 0
      vertex -0.111185 -15.9464 0
      vertex 0 -15.95 0
    endloop
  endfacet
  facet normal 0 0 -1
    outer loop
      vertex 0 -25 0
      vertex -0.221894 -15.9355 0
      vertex -0.111185 -15.9464 0
    endloop
  endfacet
  facet normal 0 0 -1
    outer loop
      vertex -1.63508 -24.9465 0
      vertex -0.221894 -15.9355 0
      vertex 0 -25 0
    endloop
  endfacet
  facet normal -0 0 -1
    outer loop
      vertex -0.221894 -15.9355 0
      vertex -1.63508 -24.9465 0
      vertex -0.331653 -15.9173 0
    endloop
  endfacet
  facet normal -0 0 -1
    outer loop
      vertex -0.331653 -15.9173 0
      vertex -1.63508 -24.9465 0
      vertex -0.439992 -15.8921 0
    endloop
  endfacet
  facet normal -0 0 -1
    outer loop
      vertex -0.439992 -15.8921 0
      vertex -1.63508 -24.9465 0
      vertex -0.546447 -15.8598 0
    endloop
  endfacet
  facet normal 0 0 -1
    outer loop
      vertex -3.26315 -24.7861 0
      vertex -0.546447 -15.8598 0
      vertex -1.63508 -24.9465 0
    endloop
  endfacet
  facet normal -0 0 -1
    outer loop
      vertex -0.546447 -15.8598 0
      vertex -3.26315 -24.7861 0
      vertex -0.650561 -15.8206 0
    endloop
  endfacet
  facet normal -0 0 -1
    outer loop
      vertex -0.650561 -15.8206 0
      vertex -3.26315 -24.7861 0
      vertex -0.75189 -15.7747 0
    endloop
  endfacet
  facet normal -0 0 -1
    outer loop
      vertex -0.75189 -15.7747 0
      vertex -3.26315 -24.7861 0
      vertex -0.849999 -15.7222 0
    endloop
  endfacet
  facet normal 0 0 -1
    outer loop
      vertex -4.87726 -24.5196 0
      vertex -0.849999 -15.7222 0
      vertex -3.26315 -24.7861 0
    endloop
  endfacet
  facet normal -0 0 -1
    outer loop
      vertex -0.849999 -15.7222 0
      vertex -4.87726 -24.5196 0
      vertex -0.944468 -15.6635 0
    endloop
  endfacet
  facet normal -0 0 -1
    outer loop
      vertex -0.944468 -15.6635 0
      vertex -4.87726 -24.5196 0
      vertex -1.03489 -15.5987 0
    endloop
  endfacet
  facet normal -0 0 -1
    outer loop
      vertex -1.03489 -15.5987 0
      vertex -4.87726 -24.5196 0
      vertex -1.12089 -15.5281 0
    endloop
  endfacet
  facet normal 0 0 -1
    outer loop
      vertex -6.47048 -24.1481 0
      vertex -1.12089 -15.5281 0
      vertex -4.87726 -24.5196 0
    endloop
  endfacet
  facet normal -0 0 -1
    outer loop
      vertex -1.12089 -15.5281 0
      vertex -6.47048 -24.1481 0
      vertex -1.20208 -15.4521 0
    endloop
  endfacet
  facet normal -0 0 -1
    outer loop
      vertex -1.20208 -15.4521 0
      vertex -6.47048 -24.1481 0
      vertex -1.27813 -15.3709 0
    endloop
  endfacet
  facet normal -0 0 -1
    outer loop
      vertex -1.27813 -15.3709 0
      vertex -6.47048 -24.1481 0
      vertex -1.3487 -15.2849 0
    endloop
  endfacet
  facet normal 0 0 -1
    outer loop
      vertex -8.03599 -23.6733 0
      vertex -1.3487 -15.2849 0
      vertex -6.47048 -24.1481 0
    endloop
  endfacet
  facet normal -0 0 -1
    outer loop
      vertex -1.3487 -15.2849 0
      vertex -8.03599 -23.6733 0
      vertex -1.4135 -15.1945 0
    endloop
  endfacet
  facet normal -0 0 -1
    outer loop
      vertex -1.4135 -15.1945 0
      vertex -8.03599 -23.6733 0
      vertex -1.47224 -15.1 0
    endloop
  endfacet
  facet normal -0 0 -1
    outer loop
      vertex -1.47224 -15.1 0
      vertex -8.03599 -23.6733 0
      vertex -1.52468 -15.0019 0
    endloop
  endfacet
  facet normal 0 0 -1
    outer loop
      vertex -9.56709 -23.097 0
      vertex -1.52468 -15.0019 0
      vertex -8.03599 -23.6733 0
    endloop
  endfacet
  facet normal -0 0 -1
    outer loop
      vertex -1.52468 -15.0019 0
      vertex -9.56709 -23.097 0
      vertex -1.57059 -14.9006 0
    endloop
  endfacet
  facet normal -0 0 -1
    outer loop
      vertex -1.57059 -14.9006 0
      vertex -9.56709 -23.097 0
      vertex -1.60978 -14.7964 0
    endloop
  endfacet
  facet normal 0 0 -1
    outer loop
      vertex -11.0572 -22.4218 0
      vertex -1.60978 -14.7964 0
      vertex -9.56709 -23.097 0
    endloop
  endfacet
  facet normal -0 0 -1
    outer loop
      vertex -1.60978 -14.7964 0
      vertex -11.0572 -22.4218 0
      vertex -1.64207 -14.69 0
    endloop
  endfacet
  facet normal 0 0 -1
    outer loop
      vertex -12.5 -21.6506 0
      vertex -1.66733 -14.5817 0
      vertex -11.0572 -22.4218 0
    endloop
  endfacet
  facet normal 0 0 -1
    outer loop
      vertex -1.03489 -12.9013 0
      vertex -2.10087 -4.26015 0
      vertex -1.81775 -4.38843 0
    endloop
  endfacet
  facet normal 0 0 -1
    outer loop
      vertex -1.12089 -12.9719 0
      vertex -2.375 -4.11362 0
      vertex -2.10087 -4.26015 0
    endloop
  endfacet
  facet normal 0 0 -1
    outer loop
      vertex -1.27813 -13.1291 0
      vertex -2.63896 -3.94948 0
      vertex -2.375 -4.11362 0
    endloop
  endfacet
  facet normal 0 0 -1
    outer loop
      vertex -1.3487 -13.2151 0
      vertex -2.89162 -3.76843 0
      vertex -2.63896 -3.94948 0
    endloop
  endfacet
  facet normal 0 0 -1
    outer loop
      vertex -1.47224 -13.4 0
      vertex -3.13189 -3.57124 0
      vertex -2.89162 -3.76843 0
    endloop
  endfacet
  facet normal 0 0 -1
    outer loop
      vertex -1.52468 -13.4981 0
      vertex -3.35876 -3.35876 0
      vertex -3.13189 -3.57124 0
    endloop
  endfacet
  facet normal 0 0 -1
    outer loop
      vertex -1.57059 -13.5994 0
      vertex -3.57124 -3.13189 0
      vertex -3.35876 -3.35876 0
    endloop
  endfacet
  facet normal -0 0 -1
    outer loop
      vertex -1.66733 -13.9183 0
      vertex -16.4836 -18.796 0
      vertex -1.64207 -13.81 0
    endloop
  endfacet
  facet normal -0 0 -1
    outer loop
      vertex -1.69636 -14.1388 0
      vertex -15.219 -19.8338 0
      vertex -1.68546 -14.0281 0
    endloop
  endfacet
  facet normal -0 0 -1
    outer loop
      vertex -1.69636 -14.3612 0
      vertex -13.8893 -20.7867 0
      vertex -1.7 -14.25 0
    endloop
  endfacet
  facet normal -0 0 -1
    outer loop
      vertex -1.68546 -14.4719 0
      vertex -12.5 -21.6506 0
      vertex -1.69636 -14.3612 0
    endloop
  endfacet
  facet normal -0 0 -1
    outer loop
      vertex -1.7 -14.25 0
      vertex -13.8893 -20.7867 0
      vertex -1.69636 -14.1388 0
    endloop
  endfacet
  facet normal 0 0 -1
    outer loop
      vertex -16.4836 -18.796 0
      vertex -1.66733 -13.9183 0
      vertex -15.219 -19.8338 0
    endloop
  endfacet
  facet normal 0 0 -1
    outer loop
      vertex -17.6777 -17.6777 0
      vertex -1.64207 -13.81 0
      vertex -16.4836 -18.796 0
    endloop
  endfacet
  facet normal -0 0 -1
    outer loop
      vertex -1.64207 -13.81 0
      vertex -17.6777 -17.6777 0
      vertex -1.60978 -13.7036 0
    endloop
  endfacet
  facet normal 0 0 -1
    outer loop
      vertex -18.796 -16.4836 0
      vertex -1.60978 -13.7036 0
      vertex -17.6777 -17.6777 0
    endloop
  endfacet
  facet normal -0 0 -1
    outer loop
      vertex -3.57124 -3.13189 0
      vertex -18.796 -16.4836 0
      vertex -3.76843 -2.89162 0
    endloop
  endfacet
  facet normal -0 0 -1
    outer loop
      vertex -1.57059 -13.5994 0
      vertex -18.796 -16.4836 0
      vertex -3.57124 -3.13189 0
    endloop
  endfacet
  facet normal -0.910855 0.412727 0
    outer loop
      vertex -23.097 9.56709 0
      vertex -22.4218 11.0572 4
      vertex -22.4218 11.0572 0
    endloop
  endfacet
  facet normal -0.910855 0.412727 0
    outer loop
      vertex -22.4218 11.0572 4
      vertex -23.097 9.56709 0
      vertex -23.097 9.56709 4
    endloop
  endfacet
  facet normal -0.999465 0.0327188 0
    outer loop
      vertex 4.73983 -0.310664 0
      vertex 4.75 0 4
      vertex 4.75 0 0
    endloop
  endfacet
  facet normal -0.999465 0.0327188 0
    outer loop
      vertex 4.75 0 4
      vertex 4.73983 -0.310664 0
      vertex 4.73983 -0.310664 4
    endloop
  endfacet
  facet normal -0.995184 -0.0980272 0
    outer loop
      vertex 4.73983 0.310664 0
      vertex 4.70936 0.619999 4
      vertex 4.70936 0.619999 0
    endloop
  endfacet
  facet normal -0.995184 -0.0980272 0
    outer loop
      vertex 4.70936 0.619999 4
      vertex 4.73983 0.310664 0
      vertex 4.73983 0.310664 4
    endloop
  endfacet
  facet normal -0.999465 -0.0327188 0
    outer loop
      vertex 4.75 0 0
      vertex 4.73983 0.310664 4
      vertex 4.73983 0.310664 0
    endloop
  endfacet
  facet normal -0.999465 -0.0327188 0
    outer loop
      vertex 4.73983 0.310664 4
      vertex 4.75 0 0
      vertex 4.75 0 4
    endloop
  endfacet
  facet normal -0.986645 -0.162886 0
    outer loop
      vertex 4.70936 0.619999 0
      vertex 4.65873 0.926679 4
      vertex 4.65873 0.926679 0
    endloop
  endfacet
  facet normal -0.986645 -0.162886 0
    outer loop
      vertex 4.65873 0.926679 4
      vertex 4.70936 0.619999 0
      vertex 4.70936 0.619999 4
    endloop
  endfacet
  facet normal 0.773002 -0.634404 0
    outer loop
      vertex -3.76843 2.89162 4
      vertex -3.57124 3.13189 0
      vertex -3.57124 3.13189 4
    endloop
  endfacet
  facet normal 0.773002 -0.634404 0
    outer loop
      vertex -3.57124 3.13189 0
      vertex -3.76843 2.89162 4
      vertex -3.76843 2.89162 0
    endloop
  endfacet
  facet normal 0.973879 0.227069 0
    outer loop
      vertex -4.58815 -1.22939 4
      vertex -4.65873 -0.926679 0
      vertex -4.65873 -0.926679 4
    endloop
  endfacet
  facet normal 0.973879 0.227069 0
    outer loop
      vertex -4.65873 -0.926679 0
      vertex -4.58815 -1.22939 4
      vertex -4.58815 -1.22939 0
    endloop
  endfacet
  facet normal -0.0327188 0.999465 0
    outer loop
      vertex 0.310664 -4.73983 0
      vertex 0 -4.75 4
      vertex 0.310664 -4.73983 4
    endloop
  endfacet
  facet normal -0.0327188 0.999465 0
    outer loop
      vertex 0 -4.75 4
      vertex 0.310664 -4.73983 0
      vertex 0 -4.75 0
    endloop
  endfacet
  facet normal -0.881915 -0.471408 0
    outer loop
      vertex 4.26015 2.10087 0
      vertex 4.11362 2.375 4
      vertex 4.11362 2.375 0
    endloop
  endfacet
  facet normal -0.881915 -0.471408 0
    outer loop
      vertex 4.11362 2.375 4
      vertex 4.26015 2.10087 0
      vertex 4.26015 2.10087 4
    endloop
  endfacet
  facet normal 0.935907 0.352248 0
    outer loop
      vertex -4.38843 -1.81775 4
      vertex -4.49792 -1.52684 0
      vertex -4.49792 -1.52684 4
    endloop
  endfacet
  facet normal 0.935907 0.352248 0
    outer loop
      vertex -4.49792 -1.52684 0
      vertex -4.38843 -1.81775 4
      vertex -4.38843 -1.81775 0
    endloop
  endfacet
  facet normal 0.729875 0.68358 0
    outer loop
      vertex -3.35876 -3.35876 4
      vertex -3.57124 -3.13189 0
      vertex -3.57124 -3.13189 4
    endloop
  endfacet
  facet normal 0.729875 0.68358 0
    outer loop
      vertex -3.57124 -3.13189 0
      vertex -3.35876 -3.35876 4
      vertex -3.35876 -3.35876 0
    endloop
  endfacet
  facet normal -0.58247 -0.812852 0
    outer loop
      vertex 2.63896 3.94948 0
      vertex 2.89162 3.76843 4
      vertex 2.63896 3.94948 4
    endloop
  endfacet
  facet normal -0.58247 -0.812852 -0
    outer loop
      vertex 2.89162 3.76843 4
      vertex 2.63896 3.94948 0
      vertex 2.89162 3.76843 0
    endloop
  endfacet
  facet normal 0.68358 -0.729875 0
    outer loop
      vertex -3.35876 3.35876 0
      vertex -3.13189 3.57124 4
      vertex -3.35876 3.35876 4
    endloop
  endfacet
  facet normal 0.68358 -0.729875 0
    outer loop
      vertex -3.13189 3.57124 4
      vertex -3.35876 3.35876 0
      vertex -3.13189 3.57124 0
    endloop
  endfacet
  facet normal 0.986645 0.162886 0
    outer loop
      vertex -4.65873 -0.926679 4
      vertex -4.70936 -0.619999 0
      vertex -4.70936 -0.619999 4
    endloop
  endfacet
  facet normal 0.986645 0.162886 0
    outer loop
      vertex -4.70936 -0.619999 0
      vertex -4.65873 -0.926679 4
      vertex -4.65873 -0.926679 0
    endloop
  endfacet
  facet normal -0.956941 -0.290283 0
    outer loop
      vertex 4.58815 1.22939 0
      vertex 4.49792 1.52684 4
      vertex 4.49792 1.52684 0
    endloop
  endfacet
  facet normal -0.956941 -0.290283 0
    outer loop
      vertex 4.49792 1.52684 4
      vertex 4.58815 1.22939 0
      vertex 4.58815 1.22939 4
    endloop
  endfacet
  facet normal -0.162886 0.986645 0
    outer loop
      vertex 0.926679 -4.65873 0
      vertex 0.619999 -4.70936 4
      vertex 0.926679 -4.65873 4
    endloop
  endfacet
  facet normal -0.162886 0.986645 0
    outer loop
      vertex 0.619999 -4.70936 4
      vertex 0.926679 -4.65873 0
      vertex 0.619999 -4.70936 0
    endloop
  endfacet
  facet normal -0.729875 0.68358 0
    outer loop
      vertex 3.35876 -3.35876 0
      vertex 3.57124 -3.13189 4
      vertex 3.57124 -3.13189 0
    endloop
  endfacet
  facet normal -0.729875 0.68358 0
    outer loop
      vertex 3.57124 -3.13189 4
      vertex 3.35876 -3.35876 0
      vertex 3.35876 -3.35876 4
    endloop
  endfacet
  facet normal -0.935907 0.352248 0
    outer loop
      vertex 4.38843 -1.81775 0
      vertex 4.49792 -1.52684 4
      vertex 4.49792 -1.52684 0
    endloop
  endfacet
  facet normal -0.935907 0.352248 0
    outer loop
      vertex 4.49792 -1.52684 4
      vertex 4.38843 -1.81775 0
      vertex 4.38843 -1.81775 4
    endloop
  endfacet
  facet normal 0.849203 0.528066 0
    outer loop
      vertex -3.94948 -2.63896 4
      vertex -4.11362 -2.375 0
      vertex -4.11362 -2.375 4
    endloop
  endfacet
  facet normal 0.849203 0.528066 0
    outer loop
      vertex -4.11362 -2.375 0
      vertex -3.94948 -2.63896 4
      vertex -3.94948 -2.63896 0
    endloop
  endfacet
  facet normal 0.812852 0.58247 0
    outer loop
      vertex -3.76843 -2.89162 4
      vertex -3.94948 -2.63896 0
      vertex -3.94948 -2.63896 4
    endloop
  endfacet
  facet normal 0.812852 0.58247 0
    outer loop
      vertex -3.94948 -2.63896 0
      vertex -3.76843 -2.89162 4
      vertex -3.76843 -2.89162 0
    endloop
  endfacet
  facet normal -0.0980272 0.995184 0
    outer loop
      vertex 0.619999 -4.70936 0
      vertex 0.310664 -4.73983 4
      vertex 0.619999 -4.70936 4
    endloop
  endfacet
  facet normal -0.0980272 0.995184 0
    outer loop
      vertex 0.310664 -4.73983 4
      vertex 0.619999 -4.70936 0
      vertex 0.310664 -4.73983 0
    endloop
  endfacet
  facet normal -0.58247 0.812852 0
    outer loop
      vertex 2.89162 -3.76843 0
      vertex 2.63896 -3.94948 4
      vertex 2.89162 -3.76843 4
    endloop
  endfacet
  facet normal -0.58247 0.812852 0
    outer loop
      vertex 2.63896 -3.94948 4
      vertex 2.89162 -3.76843 0
      vertex 2.63896 -3.94948 0
    endloop
  endfacet
  facet normal -0.68358 -0.729875 0
    outer loop
      vertex 3.13189 3.57124 0
      vertex 3.35876 3.35876 4
      vertex 3.13189 3.57124 4
    endloop
  endfacet
  facet normal -0.68358 -0.729875 -0
    outer loop
      vertex 3.35876 3.35876 4
      vertex 3.13189 3.57124 0
      vertex 3.35876 3.35876 0
    endloop
  endfacet
  facet normal -0.528066 0.849203 0
    outer loop
      vertex 2.63896 -3.94948 0
      vertex 2.375 -4.11362 4
      vertex 2.63896 -3.94948 4
    endloop
  endfacet
  facet normal -0.528066 0.849203 0
    outer loop
      vertex 2.375 -4.11362 4
      vertex 2.63896 -3.94948 0
      vertex 2.375 -4.11362 0
    endloop
  endfacet
  facet normal 0.528066 0.849203 -0
    outer loop
      vertex -2.375 -4.11362 0
      vertex -2.63896 -3.94948 4
      vertex -2.375 -4.11362 4
    endloop
  endfacet
  facet normal 0.528066 0.849203 0
    outer loop
      vertex -2.63896 -3.94948 4
      vertex -2.375 -4.11362 0
      vertex -2.63896 -3.94948 0
    endloop
  endfacet
  facet normal -0.973879 -0.227069 0
    outer loop
      vertex 4.65873 0.926679 0
      vertex 4.58815 1.22939 4
      vertex 4.58815 1.22939 0
    endloop
  endfacet
  facet normal -0.973879 -0.227069 0
    outer loop
      vertex 4.58815 1.22939 4
      vertex 4.65873 0.926679 0
      vertex 4.65873 0.926679 4
    endloop
  endfacet
  facet normal 0.973879 -0.227069 0
    outer loop
      vertex -4.65873 0.926679 4
      vertex -4.58815 1.22939 0
      vertex -4.58815 1.22939 4
    endloop
  endfacet
  facet normal 0.973879 -0.227069 0
    outer loop
      vertex -4.58815 1.22939 0
      vertex -4.65873 0.926679 4
      vertex -4.65873 0.926679 0
    endloop
  endfacet
  facet normal -0.881915 0.471408 0
    outer loop
      vertex 4.11362 -2.375 0
      vertex 4.26015 -2.10087 4
      vertex 4.26015 -2.10087 0
    endloop
  endfacet
  facet normal -0.881915 0.471408 0
    outer loop
      vertex 4.26015 -2.10087 4
      vertex 4.11362 -2.375 0
      vertex 4.11362 -2.375 4
    endloop
  endfacet
  facet normal 0.227069 -0.973879 0
    outer loop
      vertex -1.22939 4.58815 0
      vertex -0.926679 4.65873 4
      vertex -1.22939 4.58815 4
    endloop
  endfacet
  facet normal 0.227069 -0.973879 0
    outer loop
      vertex -0.926679 4.65873 4
      vertex -1.22939 4.58815 0
      vertex -0.926679 4.65873 0
    endloop
  endfacet
  facet normal -0.849203 -0.528066 0
    outer loop
      vertex 4.11362 2.375 0
      vertex 3.94948 2.63896 4
      vertex 3.94948 2.63896 0
    endloop
  endfacet
  facet normal -0.849203 -0.528066 0
    outer loop
      vertex 3.94948 2.63896 4
      vertex 4.11362 2.375 0
      vertex 4.11362 2.375 4
    endloop
  endfacet
  facet normal 0.634404 -0.773002 0
    outer loop
      vertex -3.13189 3.57124 0
      vertex -2.89162 3.76843 4
      vertex -3.13189 3.57124 4
    endloop
  endfacet
  facet normal 0.634404 -0.773002 0
    outer loop
      vertex -2.89162 3.76843 4
      vertex -3.13189 3.57124 0
      vertex -2.89162 3.76843 0
    endloop
  endfacet
  facet normal 0.812852 -0.58247 0
    outer loop
      vertex -3.94948 2.63896 4
      vertex -3.76843 2.89162 0
      vertex -3.76843 2.89162 4
    endloop
  endfacet
  facet normal 0.812852 -0.58247 0
    outer loop
      vertex -3.76843 2.89162 0
      vertex -3.94948 2.63896 4
      vertex -3.94948 2.63896 0
    endloop
  endfacet
  facet normal 0.162886 0.986645 -0
    outer loop
      vertex -0.619999 -4.70936 0
      vertex -0.926679 -4.65873 4
      vertex -0.619999 -4.70936 4
    endloop
  endfacet
  facet normal 0.162886 0.986645 0
    outer loop
      vertex -0.926679 -4.65873 4
      vertex -0.619999 -4.70936 0
      vertex -0.926679 -4.65873 0
    endloop
  endfacet
  facet normal -0.634404 0.773002 0
    outer loop
      vertex 3.13189 -3.57124 0
      vertex 2.89162 -3.76843 4
      vertex 3.13189 -3.57124 4
    endloop
  endfacet
  facet normal -0.634404 0.773002 0
    outer loop
      vertex 2.89162 -3.76843 4
      vertex 3.13189 -3.57124 0
      vertex 2.89162 -3.76843 0
    endloop
  endfacet
  facet normal 0.935907 -0.352248 0
    outer loop
      vertex -4.49792 1.52684 4
      vertex -4.38843 1.81775 0
      vertex -4.38843 1.81775 4
    endloop
  endfacet
  facet normal 0.935907 -0.352248 0
    outer loop
      vertex -4.38843 1.81775 0
      vertex -4.49792 1.52684 4
      vertex -4.49792 1.52684 0
    endloop
  endfacet
  facet normal -0.412707 0.910864 0
    outer loop
      vertex 2.10087 -4.26015 0
      vertex 1.81775 -4.38843 4
      vertex 2.10087 -4.26015 4
    endloop
  endfacet
  facet normal -0.412707 0.910864 0
    outer loop
      vertex 1.81775 -4.38843 4
      vertex 2.10087 -4.26015 0
      vertex 1.81775 -4.38843 0
    endloop
  endfacet
  facet normal 0.0980272 -0.995184 0
    outer loop
      vertex -0.619999 4.70936 0
      vertex -0.310664 4.73983 4
      vertex -0.619999 4.70936 4
    endloop
  endfacet
  facet normal 0.0980272 -0.995184 0
    outer loop
      vertex -0.310664 4.73983 4
      vertex -0.619999 4.70936 0
      vertex -0.310664 4.73983 0
    endloop
  endfacet
  facet normal -0.935907 -0.352248 0
    outer loop
      vertex 4.49792 1.52684 0
      vertex 4.38843 1.81775 4
      vertex 4.38843 1.81775 0
    endloop
  endfacet
  facet normal -0.935907 -0.352248 0
    outer loop
      vertex 4.38843 1.81775 4
      vertex 4.49792 1.52684 0
      vertex 4.49792 1.52684 4
    endloop
  endfacet
  facet normal 0.910864 0.412707 0
    outer loop
      vertex -4.26015 -2.10087 4
      vertex -4.38843 -1.81775 0
      vertex -4.38843 -1.81775 4
    endloop
  endfacet
  facet normal 0.910864 0.412707 0
    outer loop
      vertex -4.38843 -1.81775 0
      vertex -4.26015 -2.10087 4
      vertex -4.26015 -2.10087 0
    endloop
  endfacet
  facet normal 0.999465 -0.0327188 0
    outer loop
      vertex -4.75 0 4
      vertex -4.73983 0.310664 0
      vertex -4.73983 0.310664 4
    endloop
  endfacet
  facet normal 0.999465 -0.0327188 0
    outer loop
      vertex -4.73983 0.310664 0
      vertex -4.75 0 4
      vertex -4.75 0 0
    endloop
  endfacet
  facet normal -0.634404 -0.773002 0
    outer loop
      vertex 2.89162 3.76843 0
      vertex 3.13189 3.57124 4
      vertex 2.89162 3.76843 4
    endloop
  endfacet
  facet normal -0.634404 -0.773002 -0
    outer loop
      vertex 3.13189 3.57124 4
      vertex 2.89162 3.76843 0
      vertex 3.13189 3.57124 0
    endloop
  endfacet
  facet normal -0.412707 -0.910864 0
    outer loop
      vertex 1.81775 4.38843 0
      vertex 2.10087 4.26015 4
      vertex 1.81775 4.38843 4
    endloop
  endfacet
  facet normal -0.412707 -0.910864 -0
    outer loop
      vertex 2.10087 4.26015 4
      vertex 1.81775 4.38843 0
      vertex 2.10087 4.26015 0
    endloop
  endfacet
  facet normal -0.773002 -0.634404 0
    outer loop
      vertex 3.76843 2.89162 0
      vertex 3.57124 3.13189 4
      vertex 3.57124 3.13189 0
    endloop
  endfacet
  facet normal -0.773002 -0.634404 0
    outer loop
      vertex 3.57124 3.13189 4
      vertex 3.76843 2.89162 0
      vertex 3.76843 2.89162 4
    endloop
  endfacet
  facet normal 0.471408 0.881915 -0
    outer loop
      vertex -2.10087 -4.26015 0
      vertex -2.375 -4.11362 4
      vertex -2.10087 -4.26015 4
    endloop
  endfacet
  facet normal 0.471408 0.881915 0
    outer loop
      vertex -2.375 -4.11362 4
      vertex -2.10087 -4.26015 0
      vertex -2.375 -4.11362 0
    endloop
  endfacet
  facet normal -0.773002 0.634404 0
    outer loop
      vertex 3.57124 -3.13189 0
      vertex 3.76843 -2.89162 4
      vertex 3.76843 -2.89162 0
    endloop
  endfacet
  facet normal -0.773002 0.634404 0
    outer loop
      vertex 3.76843 -2.89162 4
      vertex 3.57124 -3.13189 0
      vertex 3.57124 -3.13189 4
    endloop
  endfacet
  facet normal -0.227069 -0.973879 0
    outer loop
      vertex 0.926679 4.65873 0
      vertex 1.22939 4.58815 4
      vertex 0.926679 4.65873 4
    endloop
  endfacet
  facet normal -0.227069 -0.973879 -0
    outer loop
      vertex 1.22939 4.58815 4
      vertex 0.926679 4.65873 0
      vertex 1.22939 4.58815 0
    endloop
  endfacet
  facet normal 0.0980272 0.995184 -0
    outer loop
      vertex -0.310664 -4.73983 0
      vertex -0.619999 -4.70936 4
      vertex -0.310664 -4.73983 4
    endloop
  endfacet
  facet normal 0.0980272 0.995184 0
    outer loop
      vertex -0.619999 -4.70936 4
      vertex -0.310664 -4.73983 0
      vertex -0.619999 -4.70936 0
    endloop
  endfacet
  facet normal -0.986645 0.162886 0
    outer loop
      vertex 4.65873 -0.926679 0
      vertex 4.70936 -0.619999 4
      vertex 4.70936 -0.619999 0
    endloop
  endfacet
  facet normal -0.986645 0.162886 0
    outer loop
      vertex 4.70936 -0.619999 4
      vertex 4.65873 -0.926679 0
      vertex 4.65873 -0.926679 4
    endloop
  endfacet
  facet normal 0.956941 -0.290283 0
    outer loop
      vertex -4.58815 1.22939 4
      vertex -4.49792 1.52684 0
      vertex -4.49792 1.52684 4
    endloop
  endfacet
  facet normal 0.956941 -0.290283 0
    outer loop
      vertex -4.49792 1.52684 0
      vertex -4.58815 1.22939 4
      vertex -4.58815 1.22939 0
    endloop
  endfacet
  facet normal -0.910864 -0.412707 0
    outer loop
      vertex 4.38843 1.81775 0
      vertex 4.26015 2.10087 4
      vertex 4.26015 2.10087 0
    endloop
  endfacet
  facet normal -0.910864 -0.412707 0
    outer loop
      vertex 4.26015 2.10087 4
      vertex 4.38843 1.81775 0
      vertex 4.38843 1.81775 4
    endloop
  endfacet
  facet normal 0.881915 -0.471408 0
    outer loop
      vertex -4.26015 2.10087 4
      vertex -4.11362 2.375 0
      vertex -4.11362 2.375 4
    endloop
  endfacet
  facet normal 0.881915 -0.471408 0
    outer loop
      vertex -4.11362 2.375 0
      vertex -4.26015 2.10087 4
      vertex -4.26015 2.10087 0
    endloop
  endfacet
  facet normal -0.227069 0.973879 0
    outer loop
      vertex 1.22939 -4.58815 0
      vertex 0.926679 -4.65873 4
      vertex 1.22939 -4.58815 4
    endloop
  endfacet
  facet normal -0.227069 0.973879 0
    outer loop
      vertex 0.926679 -4.65873 4
      vertex 1.22939 -4.58815 0
      vertex 0.926679 -4.65873 0
    endloop
  endfacet
  facet normal -0.290283 0.956941 0
    outer loop
      vertex 1.52684 -4.49792 0
      vertex 1.22939 -4.58815 4
      vertex 1.52684 -4.49792 4
    endloop
  endfacet
  facet normal -0.290283 0.956941 0
    outer loop
      vertex 1.22939 -4.58815 4
      vertex 1.52684 -4.49792 0
      vertex 1.22939 -4.58815 0
    endloop
  endfacet
  facet normal -0.995184 0.0980272 0
    outer loop
      vertex 4.70936 -0.619999 0
      vertex 4.73983 -0.310664 4
      vertex 4.73983 -0.310664 0
    endloop
  endfacet
  facet normal -0.995184 0.0980272 0
    outer loop
      vertex 4.73983 -0.310664 4
      vertex 4.70936 -0.619999 0
      vertex 4.70936 -0.619999 4
    endloop
  endfacet
  facet normal -0.973879 0.227069 0
    outer loop
      vertex 4.58815 -1.22939 0
      vertex 4.65873 -0.926679 4
      vertex 4.65873 -0.926679 0
    endloop
  endfacet
  facet normal -0.973879 0.227069 0
    outer loop
      vertex 4.65873 -0.926679 4
      vertex 4.58815 -1.22939 0
      vertex 4.58815 -1.22939 4
    endloop
  endfacet
  facet normal 0.290283 0.956941 -0
    outer loop
      vertex -1.22939 -4.58815 0
      vertex -1.52684 -4.49792 4
      vertex -1.22939 -4.58815 4
    endloop
  endfacet
  facet normal 0.290283 0.956941 0
    outer loop
      vertex -1.52684 -4.49792 4
      vertex -1.22939 -4.58815 0
      vertex -1.52684 -4.49792 0
    endloop
  endfacet
  facet normal -0.0980272 -0.995184 0
    outer loop
      vertex 0.310664 4.73983 0
      vertex 0.619999 4.70936 4
      vertex 0.310664 4.73983 4
    endloop
  endfacet
  facet normal -0.0980272 -0.995184 -0
    outer loop
      vertex 0.619999 4.70936 4
      vertex 0.310664 4.73983 0
      vertex 0.619999 4.70936 0
    endloop
  endfacet
  facet normal 0.162886 -0.986645 0
    outer loop
      vertex -0.926679 4.65873 0
      vertex -0.619999 4.70936 4
      vertex -0.926679 4.65873 4
    endloop
  endfacet
  facet normal 0.162886 -0.986645 0
    outer loop
      vertex -0.619999 4.70936 4
      vertex -0.926679 4.65873 0
      vertex -0.619999 4.70936 0
    endloop
  endfacet
  facet normal 0.471408 -0.881915 0
    outer loop
      vertex -2.375 4.11362 0
      vertex -2.10087 4.26015 4
      vertex -2.375 4.11362 4
    endloop
  endfacet
  facet normal 0.471408 -0.881915 0
    outer loop
      vertex -2.10087 4.26015 4
      vertex -2.375 4.11362 0
      vertex -2.10087 4.26015 0
    endloop
  endfacet
  facet normal -0.812852 0.58247 0
    outer loop
      vertex 3.76843 -2.89162 0
      vertex 3.94948 -2.63896 4
      vertex 3.94948 -2.63896 0
    endloop
  endfacet
  facet normal -0.812852 0.58247 0
    outer loop
      vertex 3.94948 -2.63896 4
      vertex 3.76843 -2.89162 0
      vertex 3.76843 -2.89162 4
    endloop
  endfacet
  facet normal 0.773002 0.634404 0
    outer loop
      vertex -3.57124 -3.13189 4
      vertex -3.76843 -2.89162 0
      vertex -3.76843 -2.89162 4
    endloop
  endfacet
  facet normal 0.773002 0.634404 0
    outer loop
      vertex -3.76843 -2.89162 0
      vertex -3.57124 -3.13189 4
      vertex -3.57124 -3.13189 0
    endloop
  endfacet
  facet normal 0.290283 -0.956941 0
    outer loop
      vertex -1.52684 4.49792 0
      vertex -1.22939 4.58815 4
      vertex -1.52684 4.49792 4
    endloop
  endfacet
  facet normal 0.290283 -0.956941 0
    outer loop
      vertex -1.22939 4.58815 4
      vertex -1.52684 4.49792 0
      vertex -1.22939 4.58815 0
    endloop
  endfacet
  facet normal -0.956941 0.290283 0
    outer loop
      vertex 4.49792 -1.52684 0
      vertex 4.58815 -1.22939 4
      vertex 4.58815 -1.22939 0
    endloop
  endfacet
  facet normal -0.956941 0.290283 0
    outer loop
      vertex 4.58815 -1.22939 4
      vertex 4.49792 -1.52684 0
      vertex 4.49792 -1.52684 4
    endloop
  endfacet
  facet normal -0.471408 0.881915 0
    outer loop
      vertex 2.375 -4.11362 0
      vertex 2.10087 -4.26015 4
      vertex 2.375 -4.11362 4
    endloop
  endfacet
  facet normal -0.471408 0.881915 0
    outer loop
      vertex 2.10087 -4.26015 4
      vertex 2.375 -4.11362 0
      vertex 2.10087 -4.26015 0
    endloop
  endfacet
  facet normal -0.0327188 -0.999465 0
    outer loop
      vertex 0 4.75 0
      vertex 0.310664 4.73983 4
      vertex 0 4.75 4
    endloop
  endfacet
  facet normal -0.0327188 -0.999465 -0
    outer loop
      vertex 0.310664 4.73983 4
      vertex 0 4.75 0
      vertex 0.310664 4.73983 0
    endloop
  endfacet
  facet normal 0.0327188 0.999465 -0
    outer loop
      vertex 0 -4.75 0
      vertex -0.310664 -4.73983 4
      vertex 0 -4.75 4
    endloop
  endfacet
  facet normal 0.0327188 0.999465 0
    outer loop
      vertex -0.310664 -4.73983 4
      vertex 0 -4.75 0
      vertex -0.310664 -4.73983 0
    endloop
  endfacet
  facet normal 0.528066 -0.849203 0
    outer loop
      vertex -2.63896 3.94948 0
      vertex -2.375 4.11362 4
      vertex -2.63896 3.94948 4
    endloop
  endfacet
  facet normal 0.528066 -0.849203 0
    outer loop
      vertex -2.375 4.11362 4
      vertex -2.63896 3.94948 0
      vertex -2.375 4.11362 0
    endloop
  endfacet
  facet normal 0.849203 -0.528066 0
    outer loop
      vertex -4.11362 2.375 4
      vertex -3.94948 2.63896 0
      vertex -3.94948 2.63896 4
    endloop
  endfacet
  facet normal 0.849203 -0.528066 0
    outer loop
      vertex -3.94948 2.63896 0
      vertex -4.11362 2.375 4
      vertex -4.11362 2.375 0
    endloop
  endfacet
  facet normal 0.352248 -0.935907 0
    outer loop
      vertex -1.81775 4.38843 0
      vertex -1.52684 4.49792 4
      vertex -1.81775 4.38843 4
    endloop
  endfacet
  facet normal 0.352248 -0.935907 0
    outer loop
      vertex -1.52684 4.49792 4
      vertex -1.81775 4.38843 0
      vertex -1.52684 4.49792 0
    endloop
  endfacet
  facet normal 0.999465 0.0327188 0
    outer loop
      vertex -4.73983 -0.310664 4
      vertex -4.75 0 0
      vertex -4.75 0 4
    endloop
  endfacet
  facet normal 0.999465 0.0327188 0
    outer loop
      vertex -4.75 0 0
      vertex -4.73983 -0.310664 4
      vertex -4.73983 -0.310664 0
    endloop
  endfacet
  facet normal -0.849203 0.528066 0
    outer loop
      vertex 3.94948 -2.63896 0
      vertex 4.11362 -2.375 4
      vertex 4.11362 -2.375 0
    endloop
  endfacet
  facet normal -0.849203 0.528066 0
    outer loop
      vertex 4.11362 -2.375 4
      vertex 3.94948 -2.63896 0
      vertex 3.94948 -2.63896 4
    endloop
  endfacet
  facet normal -0.910864 0.412707 0
    outer loop
      vertex 4.26015 -2.10087 0
      vertex 4.38843 -1.81775 4
      vertex 4.38843 -1.81775 0
    endloop
  endfacet
  facet normal -0.910864 0.412707 0
    outer loop
      vertex 4.38843 -1.81775 4
      vertex 4.26015 -2.10087 0
      vertex 4.26015 -2.10087 4
    endloop
  endfacet
  facet normal -0.162886 -0.986645 0
    outer loop
      vertex 0.619999 4.70936 0
      vertex 0.926679 4.65873 4
      vertex 0.619999 4.70936 4
    endloop
  endfacet
  facet normal -0.162886 -0.986645 -0
    outer loop
      vertex 0.926679 4.65873 4
      vertex 0.619999 4.70936 0
      vertex 0.926679 4.65873 0
    endloop
  endfacet
  facet normal 0.956941 0.290283 0
    outer loop
      vertex -4.49792 -1.52684 4
      vertex -4.58815 -1.22939 0
      vertex -4.58815 -1.22939 4
    endloop
  endfacet
  facet normal 0.956941 0.290283 0
    outer loop
      vertex -4.58815 -1.22939 0
      vertex -4.49792 -1.52684 4
      vertex -4.49792 -1.52684 0
    endloop
  endfacet
  facet normal -0.729875 -0.68358 0
    outer loop
      vertex 3.57124 3.13189 0
      vertex 3.35876 3.35876 4
      vertex 3.35876 3.35876 0
    endloop
  endfacet
  facet normal -0.729875 -0.68358 0
    outer loop
      vertex 3.35876 3.35876 4
      vertex 3.57124 3.13189 0
      vertex 3.57124 3.13189 4
    endloop
  endfacet
  facet normal 0.58247 -0.812852 0
    outer loop
      vertex -2.89162 3.76843 0
      vertex -2.63896 3.94948 4
      vertex -2.89162 3.76843 4
    endloop
  endfacet
  facet normal 0.58247 -0.812852 0
    outer loop
      vertex -2.63896 3.94948 4
      vertex -2.89162 3.76843 0
      vertex -2.63896 3.94948 0
    endloop
  endfacet
  facet normal 0.881915 0.471408 0
    outer loop
      vertex -4.11362 -2.375 4
      vertex -4.26015 -2.10087 0
      vertex -4.26015 -2.10087 4
    endloop
  endfacet
  facet normal 0.881915 0.471408 0
    outer loop
      vertex -4.26015 -2.10087 0
      vertex -4.11362 -2.375 4
      vertex -4.11362 -2.375 0
    endloop
  endfacet
  facet normal 0.995184 0.0980272 0
    outer loop
      vertex -4.70936 -0.619999 4
      vertex -4.73983 -0.310664 0
      vertex -4.73983 -0.310664 4
    endloop
  endfacet
  facet normal 0.995184 0.0980272 0
    outer loop
      vertex -4.73983 -0.310664 0
      vertex -4.70936 -0.619999 4
      vertex -4.70936 -0.619999 0
    endloop
  endfacet
  facet normal 0.986645 -0.162886 0
    outer loop
      vertex -4.70936 0.619999 4
      vertex -4.65873 0.926679 0
      vertex -4.65873 0.926679 4
    endloop
  endfacet
  facet normal 0.986645 -0.162886 0
    outer loop
      vertex -4.65873 0.926679 0
      vertex -4.70936 0.619999 4
      vertex -4.70936 0.619999 0
    endloop
  endfacet
  facet normal 0.58247 0.812852 -0
    outer loop
      vertex -2.63896 -3.94948 0
      vertex -2.89162 -3.76843 4
      vertex -2.63896 -3.94948 4
    endloop
  endfacet
  facet normal 0.58247 0.812852 0
    outer loop
      vertex -2.89162 -3.76843 4
      vertex -2.63896 -3.94948 0
      vertex -2.89162 -3.76843 0
    endloop
  endfacet
  facet normal 0.412707 -0.910864 0
    outer loop
      vertex -2.10087 4.26015 0
      vertex -1.81775 4.38843 4
      vertex -2.10087 4.26015 4
    endloop
  endfacet
  facet normal 0.412707 -0.910864 0
    outer loop
      vertex -1.81775 4.38843 4
      vertex -2.10087 4.26015 0
      vertex -1.81775 4.38843 0
    endloop
  endfacet
  facet normal -0.528066 -0.849203 0
    outer loop
      vertex 2.375 4.11362 0
      vertex 2.63896 3.94948 4
      vertex 2.375 4.11362 4
    endloop
  endfacet
  facet normal -0.528066 -0.849203 -0
    outer loop
      vertex 2.63896 3.94948 4
      vertex 2.375 4.11362 0
      vertex 2.63896 3.94948 0
    endloop
  endfacet
  facet normal 0.227069 0.973879 -0
    outer loop
      vertex -0.926679 -4.65873 0
      vertex -1.22939 -4.58815 4
      vertex -0.926679 -4.65873 4
    endloop
  endfacet
  facet normal 0.227069 0.973879 0
    outer loop
      vertex -1.22939 -4.58815 4
      vertex -0.926679 -4.65873 0
      vertex -1.22939 -4.58815 0
    endloop
  endfacet
  facet normal 0.0327188 -0.999465 0
    outer loop
      vertex -0.310664 4.73983 0
      vertex 0 4.75 4
      vertex -0.310664 4.73983 4
    endloop
  endfacet
  facet normal 0.0327188 -0.999465 0
    outer loop
      vertex 0 4.75 4
      vertex -0.310664 4.73983 0
      vertex 0 4.75 0
    endloop
  endfacet
  facet normal -0.68358 0.729875 0
    outer loop
      vertex 3.35876 -3.35876 0
      vertex 3.13189 -3.57124 4
      vertex 3.35876 -3.35876 4
    endloop
  endfacet
  facet normal -0.68358 0.729875 0
    outer loop
      vertex 3.13189 -3.57124 4
      vertex 3.35876 -3.35876 0
      vertex 3.13189 -3.57124 0
    endloop
  endfacet
  facet normal -0.352248 -0.935907 0
    outer loop
      vertex 1.52684 4.49792 0
      vertex 1.81775 4.38843 4
      vertex 1.52684 4.49792 4
    endloop
  endfacet
  facet normal -0.352248 -0.935907 -0
    outer loop
      vertex 1.81775 4.38843 4
      vertex 1.52684 4.49792 0
      vertex 1.81775 4.38843 0
    endloop
  endfacet
  facet normal 0.729875 -0.68358 0
    outer loop
      vertex -3.57124 3.13189 4
      vertex -3.35876 3.35876 0
      vertex -3.35876 3.35876 4
    endloop
  endfacet
  facet normal 0.729875 -0.68358 0
    outer loop
      vertex -3.35876 3.35876 0
      vertex -3.57124 3.13189 4
      vertex -3.57124 3.13189 0
    endloop
  endfacet
  facet normal -0.290283 -0.956941 0
    outer loop
      vertex 1.22939 4.58815 0
      vertex 1.52684 4.49792 4
      vertex 1.22939 4.58815 4
    endloop
  endfacet
  facet normal -0.290283 -0.956941 -0
    outer loop
      vertex 1.52684 4.49792 4
      vertex 1.22939 4.58815 0
      vertex 1.52684 4.49792 0
    endloop
  endfacet
  facet normal -0.471408 -0.881915 0
    outer loop
      vertex 2.10087 4.26015 0
      vertex 2.375 4.11362 4
      vertex 2.10087 4.26015 4
    endloop
  endfacet
  facet normal -0.471408 -0.881915 -0
    outer loop
      vertex 2.375 4.11362 4
      vertex 2.10087 4.26015 0
      vertex 2.375 4.11362 0
    endloop
  endfacet
  facet normal 0.352248 0.935907 -0
    outer loop
      vertex -1.52684 -4.49792 0
      vertex -1.81775 -4.38843 4
      vertex -1.52684 -4.49792 4
    endloop
  endfacet
  facet normal 0.352248 0.935907 0
    outer loop
      vertex -1.81775 -4.38843 4
      vertex -1.52684 -4.49792 0
      vertex -1.81775 -4.38843 0
    endloop
  endfacet
  facet normal -0.812852 -0.58247 0
    outer loop
      vertex 3.94948 2.63896 0
      vertex 3.76843 2.89162 4
      vertex 3.76843 2.89162 0
    endloop
  endfacet
  facet normal -0.812852 -0.58247 0
    outer loop
      vertex 3.76843 2.89162 4
      vertex 3.94948 2.63896 0
      vertex 3.94948 2.63896 4
    endloop
  endfacet
  facet normal -0.352248 0.935907 0
    outer loop
      vertex 1.81775 -4.38843 0
      vertex 1.52684 -4.49792 4
      vertex 1.81775 -4.38843 4
    endloop
  endfacet
  facet normal -0.352248 0.935907 0
    outer loop
      vertex 1.52684 -4.49792 4
      vertex 1.81775 -4.38843 0
      vertex 1.52684 -4.49792 0
    endloop
  endfacet
  facet normal 0.68358 0.729875 -0
    outer loop
      vertex -3.13189 -3.57124 0
      vertex -3.35876 -3.35876 4
      vertex -3.13189 -3.57124 4
    endloop
  endfacet
  facet normal 0.68358 0.729875 0
    outer loop
      vertex -3.35876 -3.35876 4
      vertex -3.13189 -3.57124 0
      vertex -3.35876 -3.35876 0
    endloop
  endfacet
  facet normal 0.634404 0.773002 -0
    outer loop
      vertex -2.89162 -3.76843 0
      vertex -3.13189 -3.57124 4
      vertex -2.89162 -3.76843 4
    endloop
  endfacet
  facet normal 0.634404 0.773002 0
    outer loop
      vertex -3.13189 -3.57124 4
      vertex -2.89162 -3.76843 0
      vertex -3.13189 -3.57124 0
    endloop
  endfacet
  facet normal 0.995184 -0.0980272 0
    outer loop
      vertex -4.73983 0.310664 4
      vertex -4.70936 0.619999 0
      vertex -4.70936 0.619999 4
    endloop
  endfacet
  facet normal 0.995184 -0.0980272 0
    outer loop
      vertex -4.70936 0.619999 0
      vertex -4.73983 0.310664 4
      vertex -4.73983 0.310664 0
    endloop
  endfacet
  facet normal 0.412707 0.910864 -0
    outer loop
      vertex -1.81775 -4.38843 0
      vertex -2.10087 -4.26015 4
      vertex -1.81775 -4.38843 4
    endloop
  endfacet
  facet normal 0.412707 0.910864 0
    outer loop
      vertex -2.10087 -4.26015 4
      vertex -1.81775 -4.38843 0
      vertex -2.10087 -4.26015 0
    endloop
  endfacet
  facet normal 0.910864 -0.412707 0
    outer loop
      vertex -4.38843 1.81775 4
      vertex -4.26015 2.10087 0
      vertex -4.26015 2.10087 4
    endloop
  endfacet
  facet normal 0.910864 -0.412707 0
    outer loop
      vertex -4.26015 2.10087 0
      vertex -4.38843 1.81775 4
      vertex -4.38843 1.81775 0
    endloop
  endfacet
endsolid OpenSCAD_Model
