solid OpenSCAD_Model
  facet normal 0.471398 0.88192 -0
    outer loop
      vertex 10.975 19.0093 4
      vertex 9.70824 19.6864 38
      vertex 10.975 19.0093 38
    endloop
  endfacet
  facet normal 0.471398 0.88192 0
    outer loop
      vertex 9.70824 19.6864 38
      vertex 10.975 19.0093 4
      vertex 9.70824 19.6864 4
    endloop
  endfacet
  facet normal 0.999465 0.0327214 0
    outer loop
      vertex 21.95 0 38
      vertex 21.903 1.4356 4
      vertex 21.903 1.4356 38
    endloop
  endfacet
  facet normal 0.999465 0.0327214 0
    outer loop
      vertex 21.903 1.4356 4
      vertex 21.95 0 38
      vertex 21.95 0 4
    endloop
  endfacet
  facet normal 0.995184 -0.098025 0
    outer loop
      vertex 21.7622 -2.86505 38
      vertex 21.903 -1.4356 4
      vertex 21.903 -1.4356 38
    endloop
  endfacet
  facet normal 0.995184 -0.098025 0
    outer loop
      vertex 21.903 -1.4356 4
      vertex 21.7622 -2.86505 38
      vertex 21.7622 -2.86505 4
    endloop
  endfacet
  facet normal 0.999465 -0.0327214 0
    outer loop
      vertex 21.903 -1.4356 38
      vertex 21.95 0 4
      vertex 21.95 0 38
    endloop
  endfacet
  facet normal 0.999465 -0.0327214 0
    outer loop
      vertex 21.95 0 4
      vertex 21.903 -1.4356 38
      vertex 21.903 -1.4356 4
    endloop
  endfacet
  facet normal 0.412706 0.910864 -0
    outer loop
      vertex 9.70824 19.6864 4
      vertex 8.3999 20.2792 38
      vertex 9.70824 19.6864 38
    endloop
  endfacet
  facet normal 0.412706 0.910864 0
    outer loop
      vertex 8.3999 20.2792 38
      vertex 9.70824 19.6864 4
      vertex 8.3999 20.2792 4
    endloop
  endfacet
  facet normal -0.935919 0.352214 0
    outer loop
      vertex -20.7851 7.0556 4
      vertex -20.2792 8.3999 38
      vertex -20.2792 8.3999 4
    endloop
  endfacet
  facet normal -0.935919 0.352214 0
    outer loop
      vertex -20.2792 8.3999 38
      vertex -20.7851 7.0556 4
      vertex -20.7851 7.0556 38
    endloop
  endfacet
  facet normal -0.956932 0.290313 0
    outer loop
      vertex -21.2021 5.68108 4
      vertex -20.7851 7.0556 38
      vertex -20.7851 7.0556 4
    endloop
  endfacet
  facet normal -0.956932 0.290313 0
    outer loop
      vertex -20.7851 7.0556 38
      vertex -21.2021 5.68108 4
      vertex -21.2021 5.68108 38
    endloop
  endfacet
  facet normal -0.582515 0.81282 0
    outer loop
      vertex -12.1948 18.2508 4
      vertex -13.3623 17.4141 38
      vertex -12.1948 18.2508 38
    endloop
  endfacet
  facet normal -0.582515 0.81282 0
    outer loop
      vertex -13.3623 17.4141 38
      vertex -12.1948 18.2508 4
      vertex -13.3623 17.4141 4
    endloop
  endfacet
  facet normal 0.290313 0.956932 -0
    outer loop
      vertex 7.0556 20.7851 4
      vertex 5.68108 21.2021 38
      vertex 7.0556 20.7851 38
    endloop
  endfacet
  facet normal 0.290313 0.956932 0
    outer loop
      vertex 5.68108 21.2021 38
      vertex 7.0556 20.7851 4
      vertex 5.68108 21.2021 4
    endloop
  endfacet
  facet normal -0.973887 -0.227033 0
    outer loop
      vertex -21.2021 -5.68108 4
      vertex -21.5282 -4.28223 38
      vertex -21.5282 -4.28223 4
    endloop
  endfacet
  facet normal -0.973887 -0.227033 0
    outer loop
      vertex -21.5282 -4.28223 38
      vertex -21.2021 -5.68108 4
      vertex -21.2021 -5.68108 38
    endloop
  endfacet
  facet normal -0.849209 0.528058 0
    outer loop
      vertex -19.0093 10.975 4
      vertex -18.2508 12.1948 38
      vertex -18.2508 12.1948 4
    endloop
  endfacet
  facet normal -0.849209 0.528058 0
    outer loop
      vertex -18.2508 12.1948 38
      vertex -19.0093 10.975 4
      vertex -19.0093 10.975 38
    endloop
  endfacet
  facet normal 0.0327214 0.999465 -0
    outer loop
      vertex 1.4356 21.903 4
      vertex 0 21.95 38
      vertex 1.4356 21.903 38
    endloop
  endfacet
  facet normal 0.0327214 0.999465 0
    outer loop
      vertex 0 21.95 38
      vertex 1.4356 21.903 4
      vertex 0 21.95 4
    endloop
  endfacet
  facet normal 0.162911 0.986641 -0
    outer loop
      vertex 4.28223 21.5282 4
      vertex 2.86505 21.7622 38
      vertex 4.28223 21.5282 38
    endloop
  endfacet
  facet normal 0.162911 0.986641 0
    outer loop
      vertex 2.86505 21.7622 38
      vertex 4.28223 21.5282 4
      vertex 2.86505 21.7622 4
    endloop
  endfacet
  facet normal -0.935919 -0.352214 0
    outer loop
      vertex -20.2792 -8.3999 4
      vertex -20.7851 -7.0556 38
      vertex -20.7851 -7.0556 4
    endloop
  endfacet
  facet normal -0.935919 -0.352214 0
    outer loop
      vertex -20.7851 -7.0556 38
      vertex -20.2792 -8.3999 4
      vertex -20.2792 -8.3999 38
    endloop
  endfacet
  facet normal 0.973887 0.227033 0
    outer loop
      vertex 21.5282 4.28223 38
      vertex 21.2021 5.68108 4
      vertex 21.2021 5.68108 38
    endloop
  endfacet
  facet normal 0.973887 0.227033 0
    outer loop
      vertex 21.2021 5.68108 4
      vertex 21.5282 4.28223 38
      vertex 21.5282 4.28223 4
    endloop
  endfacet
  facet normal 0.528058 0.849209 -0
    outer loop
      vertex 12.1948 18.2508 4
      vertex 10.975 19.0093 38
      vertex 12.1948 18.2508 38
    endloop
  endfacet
  facet normal 0.528058 0.849209 0
    outer loop
      vertex 10.975 19.0093 38
      vertex 12.1948 18.2508 4
      vertex 10.975 19.0093 4
    endloop
  endfacet
  facet normal -0.956932 -0.290313 0
    outer loop
      vertex -20.7851 -7.0556 4
      vertex -21.2021 -5.68108 38
      vertex -21.2021 -5.68108 4
    endloop
  endfacet
  facet normal -0.956932 -0.290313 0
    outer loop
      vertex -21.2021 -5.68108 38
      vertex -20.7851 -7.0556 4
      vertex -20.7851 -7.0556 38
    endloop
  endfacet
  facet normal 0.582515 -0.81282 0
    outer loop
      vertex 12.1948 -18.2508 4
      vertex 13.3623 -17.4141 38
      vertex 12.1948 -18.2508 38
    endloop
  endfacet
  facet normal 0.582515 -0.81282 0
    outer loop
      vertex 13.3623 -17.4141 38
      vertex 12.1948 -18.2508 4
      vertex 13.3623 -17.4141 4
    endloop
  endfacet
  facet normal -0.412706 0.910864 0
    outer loop
      vertex -8.3999 20.2792 4
      vertex -9.70824 19.6864 38
      vertex -8.3999 20.2792 38
    endloop
  endfacet
  facet normal -0.412706 0.910864 0
    outer loop
      vertex -9.70824 19.6864 38
      vertex -8.3999 20.2792 4
      vertex -9.70824 19.6864 4
    endloop
  endfacet
  facet normal -0.910864 0.412706 0
    outer loop
      vertex -20.2792 8.3999 4
      vertex -19.6864 9.70824 38
      vertex -19.6864 9.70824 4
    endloop
  endfacet
  facet normal -0.910864 0.412706 0
    outer loop
      vertex -19.6864 9.70824 38
      vertex -20.2792 8.3999 4
      vertex -20.2792 8.3999 38
    endloop
  endfacet
  facet normal -0.995184 0.098025 0
    outer loop
      vertex -21.903 1.4356 4
      vertex -21.7622 2.86505 38
      vertex -21.7622 2.86505 4
    endloop
  endfacet
  facet normal -0.995184 0.098025 0
    outer loop
      vertex -21.7622 2.86505 38
      vertex -21.903 1.4356 4
      vertex -21.903 1.4356 38
    endloop
  endfacet
  facet normal 0.412706 -0.910864 0
    outer loop
      vertex 8.3999 -20.2792 4
      vertex 9.70824 -19.6864 38
      vertex 8.3999 -20.2792 38
    endloop
  endfacet
  facet normal 0.412706 -0.910864 0
    outer loop
      vertex 9.70824 -19.6864 38
      vertex 8.3999 -20.2792 4
      vertex 9.70824 -19.6864 4
    endloop
  endfacet
  facet normal 0.81282 -0.582515 0
    outer loop
      vertex 17.4141 -13.3623 38
      vertex 18.2508 -12.1948 4
      vertex 18.2508 -12.1948 38
    endloop
  endfacet
  facet normal 0.81282 -0.582515 0
    outer loop
      vertex 18.2508 -12.1948 4
      vertex 17.4141 -13.3623 38
      vertex 17.4141 -13.3623 4
    endloop
  endfacet
  facet normal -0.352214 -0.935919 0
    outer loop
      vertex -8.3999 -20.2792 4
      vertex -7.0556 -20.7851 38
      vertex -8.3999 -20.2792 38
    endloop
  endfacet
  facet normal -0.352214 -0.935919 -0
    outer loop
      vertex -7.0556 -20.7851 38
      vertex -8.3999 -20.2792 4
      vertex -7.0556 -20.7851 4
    endloop
  endfacet
  facet normal 0.77301 0.634393 0
    outer loop
      vertex 17.4141 13.3623 38
      vertex 16.5029 14.4726 4
      vertex 16.5029 14.4726 38
    endloop
  endfacet
  facet normal 0.77301 0.634393 0
    outer loop
      vertex 16.5029 14.4726 4
      vertex 17.4141 13.3623 38
      vertex 17.4141 13.3623 4
    endloop
  endfacet
  facet normal -0.849209 -0.528058 0
    outer loop
      vertex -18.2508 -12.1948 4
      vertex -19.0093 -10.975 38
      vertex -19.0093 -10.975 4
    endloop
  endfacet
  facet normal -0.849209 -0.528058 0
    outer loop
      vertex -19.0093 -10.975 38
      vertex -18.2508 -12.1948 4
      vertex -18.2508 -12.1948 38
    endloop
  endfacet
  facet normal 0.729876 0.68358 0
    outer loop
      vertex 16.5029 14.4726 38
      vertex 15.521 15.521 4
      vertex 15.521 15.521 38
    endloop
  endfacet
  facet normal 0.729876 0.68358 0
    outer loop
      vertex 15.521 15.521 4
      vertex 16.5029 14.4726 38
      vertex 16.5029 14.4726 4
    endloop
  endfacet
  facet normal -0.986641 -0.162911 0
    outer loop
      vertex -21.5282 -4.28223 4
      vertex -21.7622 -2.86505 38
      vertex -21.7622 -2.86505 4
    endloop
  endfacet
  facet normal -0.986641 -0.162911 0
    outer loop
      vertex -21.7622 -2.86505 38
      vertex -21.5282 -4.28223 4
      vertex -21.5282 -4.28223 38
    endloop
  endfacet
  facet normal 0.634393 -0.77301 0
    outer loop
      vertex 13.3623 -17.4141 4
      vertex 14.4726 -16.5029 38
      vertex 13.3623 -17.4141 38
    endloop
  endfacet
  facet normal 0.634393 -0.77301 0
    outer loop
      vertex 14.4726 -16.5029 38
      vertex 13.3623 -17.4141 4
      vertex 14.4726 -16.5029 4
    endloop
  endfacet
  facet normal 0.986641 -0.162911 0
    outer loop
      vertex 21.5282 -4.28223 38
      vertex 21.7622 -2.86505 4
      vertex 21.7622 -2.86505 38
    endloop
  endfacet
  facet normal 0.986641 -0.162911 0
    outer loop
      vertex 21.7622 -2.86505 4
      vertex 21.5282 -4.28223 38
      vertex 21.5282 -4.28223 4
    endloop
  endfacet
  facet normal -0.412706 -0.910864 0
    outer loop
      vertex -9.70824 -19.6864 4
      vertex -8.3999 -20.2792 38
      vertex -9.70824 -19.6864 38
    endloop
  endfacet
  facet normal -0.412706 -0.910864 -0
    outer loop
      vertex -8.3999 -20.2792 38
      vertex -9.70824 -19.6864 4
      vertex -8.3999 -20.2792 4
    endloop
  endfacet
  facet normal -0.162911 -0.986641 0
    outer loop
      vertex -4.28223 -21.5282 4
      vertex -2.86505 -21.7622 38
      vertex -4.28223 -21.5282 38
    endloop
  endfacet
  facet normal -0.162911 -0.986641 -0
    outer loop
      vertex -2.86505 -21.7622 38
      vertex -4.28223 -21.5282 4
      vertex -2.86505 -21.7622 4
    endloop
  endfacet
  facet normal 0.227033 0.973887 -0
    outer loop
      vertex 5.68108 21.2021 4
      vertex 4.28223 21.5282 38
      vertex 5.68108 21.2021 38
    endloop
  endfacet
  facet normal 0.227033 0.973887 0
    outer loop
      vertex 4.28223 21.5282 38
      vertex 5.68108 21.2021 4
      vertex 4.28223 21.5282 4
    endloop
  endfacet
  facet normal -0.162911 0.986641 0
    outer loop
      vertex -2.86505 21.7622 4
      vertex -4.28223 21.5282 38
      vertex -2.86505 21.7622 38
    endloop
  endfacet
  facet normal -0.162911 0.986641 0
    outer loop
      vertex -4.28223 21.5282 38
      vertex -2.86505 21.7622 4
      vertex -4.28223 21.5282 4
    endloop
  endfacet
  facet normal 0.162911 -0.986641 0
    outer loop
      vertex 2.86505 -21.7622 4
      vertex 4.28223 -21.5282 38
      vertex 2.86505 -21.7622 38
    endloop
  endfacet
  facet normal 0.162911 -0.986641 0
    outer loop
      vertex 4.28223 -21.5282 38
      vertex 2.86505 -21.7622 4
      vertex 4.28223 -21.5282 4
    endloop
  endfacet
  facet normal 0.956932 -0.290313 0
    outer loop
      vertex 20.7851 -7.0556 38
      vertex 21.2021 -5.68108 4
      vertex 21.2021 -5.68108 38
    endloop
  endfacet
  facet normal 0.956932 -0.290313 0
    outer loop
      vertex 21.2021 -5.68108 4
      vertex 20.7851 -7.0556 38
      vertex 20.7851 -7.0556 4
    endloop
  endfacet
  facet normal 0.81282 0.582515 0
    outer loop
      vertex 18.2508 12.1948 38
      vertex 17.4141 13.3623 4
      vertex 17.4141 13.3623 38
    endloop
  endfacet
  facet normal 0.81282 0.582515 0
    outer loop
      vertex 17.4141 13.3623 4
      vertex 18.2508 12.1948 38
      vertex 18.2508 12.1948 4
    endloop
  endfacet
  facet normal 0.68358 -0.729876 0
    outer loop
      vertex 14.4726 -16.5029 4
      vertex 15.521 -15.521 38
      vertex 14.4726 -16.5029 38
    endloop
  endfacet
  facet normal 0.68358 -0.729876 0
    outer loop
      vertex 15.521 -15.521 38
      vertex 14.4726 -16.5029 4
      vertex 15.521 -15.521 4
    endloop
  endfacet
  facet normal 0.935919 0.352214 0
    outer loop
      vertex 20.7851 7.0556 38
      vertex 20.2792 8.3999 4
      vertex 20.2792 8.3999 38
    endloop
  endfacet
  facet normal 0.935919 0.352214 0
    outer loop
      vertex 20.2792 8.3999 4
      vertex 20.7851 7.0556 38
      vertex 20.7851 7.0556 4
    endloop
  endfacet
  facet normal -0.582515 -0.81282 0
    outer loop
      vertex -13.3623 -17.4141 4
      vertex -12.1948 -18.2508 38
      vertex -13.3623 -17.4141 38
    endloop
  endfacet
  facet normal -0.582515 -0.81282 -0
    outer loop
      vertex -12.1948 -18.2508 38
      vertex -13.3623 -17.4141 4
      vertex -12.1948 -18.2508 4
    endloop
  endfacet
  facet normal -0.999465 -0.0327214 0
    outer loop
      vertex -21.903 -1.4356 4
      vertex -21.95 0 38
      vertex -21.95 0 4
    endloop
  endfacet
  facet normal -0.999465 -0.0327214 0
    outer loop
      vertex -21.95 0 38
      vertex -21.903 -1.4356 4
      vertex -21.903 -1.4356 38
    endloop
  endfacet
  facet normal 0.935919 -0.352214 0
    outer loop
      vertex 20.2792 -8.3999 38
      vertex 20.7851 -7.0556 4
      vertex 20.7851 -7.0556 38
    endloop
  endfacet
  facet normal 0.935919 -0.352214 0
    outer loop
      vertex 20.7851 -7.0556 4
      vertex 20.2792 -8.3999 38
      vertex 20.2792 -8.3999 4
    endloop
  endfacet
  facet normal 0.995184 0.098025 0
    outer loop
      vertex 21.903 1.4356 38
      vertex 21.7622 2.86505 4
      vertex 21.7622 2.86505 38
    endloop
  endfacet
  facet normal 0.995184 0.098025 0
    outer loop
      vertex 21.7622 2.86505 4
      vertex 21.903 1.4356 38
      vertex 21.903 1.4356 4
    endloop
  endfacet
  facet normal -0.88192 0.471398 0
    outer loop
      vertex -19.6864 9.70824 4
      vertex -19.0093 10.975 38
      vertex -19.0093 10.975 4
    endloop
  endfacet
  facet normal -0.88192 0.471398 0
    outer loop
      vertex -19.0093 10.975 38
      vertex -19.6864 9.70824 4
      vertex -19.6864 9.70824 38
    endloop
  endfacet
  facet normal 0.849209 -0.528058 0
    outer loop
      vertex 18.2508 -12.1948 38
      vertex 19.0093 -10.975 4
      vertex 19.0093 -10.975 38
    endloop
  endfacet
  facet normal 0.849209 -0.528058 0
    outer loop
      vertex 19.0093 -10.975 4
      vertex 18.2508 -12.1948 38
      vertex 18.2508 -12.1948 4
    endloop
  endfacet
  facet normal -0.634393 0.77301 0
    outer loop
      vertex -13.3623 17.4141 4
      vertex -14.4726 16.5029 38
      vertex -13.3623 17.4141 38
    endloop
  endfacet
  facet normal -0.634393 0.77301 0
    outer loop
      vertex -14.4726 16.5029 38
      vertex -13.3623 17.4141 4
      vertex -14.4726 16.5029 4
    endloop
  endfacet
  facet normal -0.986641 0.162911 0
    outer loop
      vertex -21.7622 2.86505 4
      vertex -21.5282 4.28223 38
      vertex -21.5282 4.28223 4
    endloop
  endfacet
  facet normal -0.986641 0.162911 0
    outer loop
      vertex -21.5282 4.28223 38
      vertex -21.7622 2.86505 4
      vertex -21.7622 2.86505 38
    endloop
  endfacet
  facet normal 0.88192 -0.471398 0
    outer loop
      vertex 19.0093 -10.975 38
      vertex 19.6864 -9.70824 4
      vertex 19.6864 -9.70824 38
    endloop
  endfacet
  facet normal 0.88192 -0.471398 0
    outer loop
      vertex 19.6864 -9.70824 4
      vertex 19.0093 -10.975 38
      vertex 19.0093 -10.975 4
    endloop
  endfacet
  facet normal -0.227033 -0.973887 0
    outer loop
      vertex -5.68108 -21.2021 4
      vertex -4.28223 -21.5282 38
      vertex -5.68108 -21.2021 38
    endloop
  endfacet
  facet normal -0.227033 -0.973887 -0
    outer loop
      vertex -4.28223 -21.5282 38
      vertex -5.68108 -21.2021 4
      vertex -4.28223 -21.5282 4
    endloop
  endfacet
  facet normal -0.88192 -0.471398 0
    outer loop
      vertex -19.0093 -10.975 4
      vertex -19.6864 -9.70824 38
      vertex -19.6864 -9.70824 4
    endloop
  endfacet
  facet normal -0.88192 -0.471398 0
    outer loop
      vertex -19.6864 -9.70824 38
      vertex -19.0093 -10.975 4
      vertex -19.0093 -10.975 38
    endloop
  endfacet
  facet normal -0.227033 0.973887 0
    outer loop
      vertex -4.28223 21.5282 4
      vertex -5.68108 21.2021 38
      vertex -4.28223 21.5282 38
    endloop
  endfacet
  facet normal -0.227033 0.973887 0
    outer loop
      vertex -5.68108 21.2021 38
      vertex -4.28223 21.5282 4
      vertex -5.68108 21.2021 4
    endloop
  endfacet
  facet normal -0.634393 -0.77301 0
    outer loop
      vertex -14.4726 -16.5029 4
      vertex -13.3623 -17.4141 38
      vertex -14.4726 -16.5029 38
    endloop
  endfacet
  facet normal -0.634393 -0.77301 -0
    outer loop
      vertex -13.3623 -17.4141 38
      vertex -14.4726 -16.5029 4
      vertex -13.3623 -17.4141 4
    endloop
  endfacet
  facet normal 0 0 1
    outer loop
      vertex 11.075 0 38
      vertex 21.95 0 38
      vertex 21.903 1.4356 38
    endloop
  endfacet
  facet normal 0 0 1
    outer loop
      vertex 11.0513 0.724339 38
      vertex 21.903 1.4356 38
      vertex 21.7622 2.86505 38
    endloop
  endfacet
  facet normal 0 0 1
    outer loop
      vertex 21.95 0 38
      vertex 11.075 0 38
      vertex 21.903 -1.4356 38
    endloop
  endfacet
  facet normal 0 0 1
    outer loop
      vertex 10.9803 1.44558 38
      vertex 21.7622 2.86505 38
      vertex 21.5282 4.28223 38
    endloop
  endfacet
  facet normal -0 0 1
    outer loop
      vertex 11.0513 -0.724339 38
      vertex 21.903 -1.4356 38
      vertex 11.075 0 38
    endloop
  endfacet
  facet normal 0 0 1
    outer loop
      vertex 10.8622 2.16062 38
      vertex 21.5282 4.28223 38
      vertex 21.2021 5.68108 38
    endloop
  endfacet
  facet normal 0 0 1
    outer loop
      vertex 21.903 -1.4356 38
      vertex 11.0513 -0.724339 38
      vertex 21.7622 -2.86505 38
    endloop
  endfacet
  facet normal 0 0 1
    outer loop
      vertex 10.6976 2.86642 38
      vertex 21.2021 5.68108 38
      vertex 20.7851 7.0556 38
    endloop
  endfacet
  facet normal -0 0 1
    outer loop
      vertex 10.9803 -1.44558 38
      vertex 21.7622 -2.86505 38
      vertex 11.0513 -0.724339 38
    endloop
  endfacet
  facet normal 0 0 1
    outer loop
      vertex 10.4873 3.55994 38
      vertex 20.7851 7.0556 38
      vertex 20.2792 8.3999 38
    endloop
  endfacet
  facet normal 0 0 1
    outer loop
      vertex 21.7622 -2.86505 38
      vertex 10.9803 -1.44558 38
      vertex 21.5282 -4.28223 38
    endloop
  endfacet
  facet normal 0 0 1
    outer loop
      vertex 10.232 4.23822 38
      vertex 20.2792 8.3999 38
      vertex 19.6864 9.70824 38
    endloop
  endfacet
  facet normal -0 0 1
    outer loop
      vertex 10.8622 -2.16062 38
      vertex 21.5282 -4.28223 38
      vertex 10.9803 -1.44558 38
    endloop
  endfacet
  facet normal 0 0 1
    outer loop
      vertex 9.93287 4.89835 38
      vertex 19.6864 9.70824 38
      vertex 19.0093 10.975 38
    endloop
  endfacet
  facet normal 0 0 1
    outer loop
      vertex 21.5282 -4.28223 38
      vertex 10.8622 -2.16062 38
      vertex 21.2021 -5.68108 38
    endloop
  endfacet
  facet normal 0 0 1
    outer loop
      vertex 9.59123 5.5375 38
      vertex 19.0093 10.975 38
      vertex 18.2508 12.1948 38
    endloop
  endfacet
  facet normal -0 0 1
    outer loop
      vertex 10.6976 -2.86642 38
      vertex 21.2021 -5.68108 38
      vertex 10.8622 -2.16062 38
    endloop
  endfacet
  facet normal 0 0 1
    outer loop
      vertex 9.20853 6.15294 38
      vertex 18.2508 12.1948 38
      vertex 17.4141 13.3623 38
    endloop
  endfacet
  facet normal 0 0 1
    outer loop
      vertex 21.2021 -5.68108 38
      vertex 10.6976 -2.86642 38
      vertex 20.7851 -7.0556 38
    endloop
  endfacet
  facet normal 0 0 1
    outer loop
      vertex 8.78639 6.74203 38
      vertex 17.4141 13.3623 38
      vertex 16.5029 14.4726 38
    endloop
  endfacet
  facet normal -0 0 1
    outer loop
      vertex 10.4873 -3.55994 38
      vertex 20.7851 -7.0556 38
      vertex 10.6976 -2.86642 38
    endloop
  endfacet
  facet normal 0 0 1
    outer loop
      vertex 8.32663 7.30225 38
      vertex 16.5029 14.4726 38
      vertex 15.521 15.521 38
    endloop
  endfacet
  facet normal 0 0 1
    outer loop
      vertex 20.7851 -7.0556 38
      vertex 10.4873 -3.55994 38
      vertex 20.2792 -8.3999 38
    endloop
  endfacet
  facet normal 0 0 1
    outer loop
      vertex 7.83121 7.83121 38
      vertex 15.521 15.521 38
      vertex 14.4726 16.5029 38
    endloop
  endfacet
  facet normal -0 0 1
    outer loop
      vertex 10.232 -4.23822 38
      vertex 20.2792 -8.3999 38
      vertex 10.4873 -3.55994 38
    endloop
  endfacet
  facet normal 0 0 1
    outer loop
      vertex 7.30225 8.32663 38
      vertex 14.4726 16.5029 38
      vertex 13.3623 17.4141 38
    endloop
  endfacet
  facet normal 0 0 1
    outer loop
      vertex 20.2792 -8.3999 38
      vertex 10.232 -4.23822 38
      vertex 19.6864 -9.70824 38
    endloop
  endfacet
  facet normal 0 0 1
    outer loop
      vertex 6.74203 8.78639 38
      vertex 13.3623 17.4141 38
      vertex 12.1948 18.2508 38
    endloop
  endfacet
  facet normal -0 0 1
    outer loop
      vertex 9.93287 -4.89835 38
      vertex 19.6864 -9.70824 38
      vertex 10.232 -4.23822 38
    endloop
  endfacet
  facet normal 0 0 1
    outer loop
      vertex 19.6864 -9.70824 38
      vertex 9.93287 -4.89835 38
      vertex 19.0093 -10.975 38
    endloop
  endfacet
  facet normal 0 0 1
    outer loop
      vertex 21.903 1.4356 38
      vertex 11.0513 0.724339 38
      vertex 11.075 0 38
    endloop
  endfacet
  facet normal 0 0 1
    outer loop
      vertex 21.7622 2.86505 38
      vertex 10.9803 1.44558 38
      vertex 11.0513 0.724339 38
    endloop
  endfacet
  facet normal 0 0 1
    outer loop
      vertex 6.15294 9.20853 38
      vertex 12.1948 18.2508 38
      vertex 10.975 19.0093 38
    endloop
  endfacet
  facet normal 0 0 1
    outer loop
      vertex 21.5282 4.28223 38
      vertex 10.8622 2.16062 38
      vertex 10.9803 1.44558 38
    endloop
  endfacet
  facet normal 0 0 1
    outer loop
      vertex 21.2021 5.68108 38
      vertex 10.6976 2.86642 38
      vertex 10.8622 2.16062 38
    endloop
  endfacet
  facet normal 0 0 1
    outer loop
      vertex 20.7851 7.0556 38
      vertex 10.4873 3.55994 38
      vertex 10.6976 2.86642 38
    endloop
  endfacet
  facet normal 0 0 1
    outer loop
      vertex 20.2792 8.3999 38
      vertex 10.232 4.23822 38
      vertex 10.4873 3.55994 38
    endloop
  endfacet
  facet normal 0 0 1
    outer loop
      vertex 19.6864 9.70824 38
      vertex 9.93287 4.89835 38
      vertex 10.232 4.23822 38
    endloop
  endfacet
  facet normal 0 0 1
    outer loop
      vertex 5.5375 9.59123 38
      vertex 10.975 19.0093 38
      vertex 9.70824 19.6864 38
    endloop
  endfacet
  facet normal 0 0 1
    outer loop
      vertex 19.0093 10.975 38
      vertex 9.59123 5.5375 38
      vertex 9.93287 4.89835 38
    endloop
  endfacet
  facet normal 0 0 1
    outer loop
      vertex 18.2508 12.1948 38
      vertex 9.20853 6.15294 38
      vertex 9.59123 5.5375 38
    endloop
  endfacet
  facet normal 0 0 1
    outer loop
      vertex 17.4141 13.3623 38
      vertex 8.78639 6.74203 38
      vertex 9.20853 6.15294 38
    endloop
  endfacet
  facet normal 0 0 1
    outer loop
      vertex 4.89835 9.93287 38
      vertex 9.70824 19.6864 38
      vertex 8.3999 20.2792 38
    endloop
  endfacet
  facet normal 0 0 1
    outer loop
      vertex 16.5029 14.4726 38
      vertex 8.32663 7.30225 38
      vertex 8.78639 6.74203 38
    endloop
  endfacet
  facet normal 0 0 1
    outer loop
      vertex 15.521 15.521 38
      vertex 7.83121 7.83121 38
      vertex 8.32663 7.30225 38
    endloop
  endfacet
  facet normal 0 0 1
    outer loop
      vertex 14.4726 16.5029 38
      vertex 7.30225 8.32663 38
      vertex 7.83121 7.83121 38
    endloop
  endfacet
  facet normal 0 0 1
    outer loop
      vertex 4.23822 10.232 38
      vertex 8.3999 20.2792 38
      vertex 7.0556 20.7851 38
    endloop
  endfacet
  facet normal 0 0 1
    outer loop
      vertex 13.3623 17.4141 38
      vertex 6.74203 8.78639 38
      vertex 7.30225 8.32663 38
    endloop
  endfacet
  facet normal 0 0 1
    outer loop
      vertex 12.1948 18.2508 38
      vertex 6.15294 9.20853 38
      vertex 6.74203 8.78639 38
    endloop
  endfacet
  facet normal 0 0 1
    outer loop
      vertex 3.55994 10.4873 38
      vertex 7.0556 20.7851 38
      vertex 5.68108 21.2021 38
    endloop
  endfacet
  facet normal 0 0 1
    outer loop
      vertex 10.975 19.0093 38
      vertex 5.5375 9.59123 38
      vertex 6.15294 9.20853 38
    endloop
  endfacet
  facet normal 0 0 1
    outer loop
      vertex 9.70824 19.6864 38
      vertex 4.89835 9.93287 38
      vertex 5.5375 9.59123 38
    endloop
  endfacet
  facet normal 0 0 1
    outer loop
      vertex 2.86642 10.6976 38
      vertex 5.68108 21.2021 38
      vertex 4.28223 21.5282 38
    endloop
  endfacet
  facet normal 0 0 1
    outer loop
      vertex 8.3999 20.2792 38
      vertex 4.23822 10.232 38
      vertex 4.89835 9.93287 38
    endloop
  endfacet
  facet normal 0 0 1
    outer loop
      vertex 7.0556 20.7851 38
      vertex 3.55994 10.4873 38
      vertex 4.23822 10.232 38
    endloop
  endfacet
  facet normal 0 0 1
    outer loop
      vertex 5.68108 21.2021 38
      vertex 2.86642 10.6976 38
      vertex 3.55994 10.4873 38
    endloop
  endfacet
  facet normal 0 0 1
    outer loop
      vertex 2.16062 10.8622 38
      vertex 4.28223 21.5282 38
      vertex 2.86505 21.7622 38
    endloop
  endfacet
  facet normal 0 0 1
    outer loop
      vertex 4.28223 21.5282 38
      vertex 2.16062 10.8622 38
      vertex 2.86642 10.6976 38
    endloop
  endfacet
  facet normal 0 0 1
    outer loop
      vertex 2.86505 21.7622 38
      vertex 1.44558 10.9803 38
      vertex 2.16062 10.8622 38
    endloop
  endfacet
  facet normal 0 0 1
    outer loop
      vertex 1.4356 21.903 38
      vertex 1.44558 10.9803 38
      vertex 2.86505 21.7622 38
    endloop
  endfacet
  facet normal 0 0 1
    outer loop
      vertex 1.4356 21.903 38
      vertex 0.724339 11.0513 38
      vertex 1.44558 10.9803 38
    endloop
  endfacet
  facet normal 0 0 1
    outer loop
      vertex 0 21.95 38
      vertex 0.724339 11.0513 38
      vertex 1.4356 21.903 38
    endloop
  endfacet
  facet normal 0 0 1
    outer loop
      vertex 0 21.95 38
      vertex 0 11.075 38
      vertex 0.724339 11.0513 38
    endloop
  endfacet
  facet normal 0 0 1
    outer loop
      vertex 0 21.95 38
      vertex -0.724339 11.0513 38
      vertex 0 11.075 38
    endloop
  endfacet
  facet normal -0 0 1
    outer loop
      vertex -1.4356 21.903 38
      vertex -0.724339 11.0513 38
      vertex 0 21.95 38
    endloop
  endfacet
  facet normal 0 0 1
    outer loop
      vertex -1.4356 21.903 38
      vertex -1.44558 10.9803 38
      vertex -0.724339 11.0513 38
    endloop
  endfacet
  facet normal -0 0 1
    outer loop
      vertex -2.86505 21.7622 38
      vertex -1.44558 10.9803 38
      vertex -1.4356 21.903 38
    endloop
  endfacet
  facet normal 0 0 1
    outer loop
      vertex -1.44558 10.9803 38
      vertex -2.86505 21.7622 38
      vertex -2.16062 10.8622 38
    endloop
  endfacet
  facet normal -0 0 1
    outer loop
      vertex -4.28223 21.5282 38
      vertex -2.16062 10.8622 38
      vertex -2.86505 21.7622 38
    endloop
  endfacet
  facet normal 0 0 1
    outer loop
      vertex -2.16062 10.8622 38
      vertex -4.28223 21.5282 38
      vertex -2.86642 10.6976 38
    endloop
  endfacet
  facet normal -0 0 1
    outer loop
      vertex -5.68108 21.2021 38
      vertex -2.86642 10.6976 38
      vertex -4.28223 21.5282 38
    endloop
  endfacet
  facet normal 0 0 1
    outer loop
      vertex -2.86642 10.6976 38
      vertex -5.68108 21.2021 38
      vertex -3.55994 10.4873 38
    endloop
  endfacet
  facet normal -0 0 1
    outer loop
      vertex -7.0556 20.7851 38
      vertex -3.55994 10.4873 38
      vertex -5.68108 21.2021 38
    endloop
  endfacet
  facet normal 0 0 1
    outer loop
      vertex -3.55994 10.4873 38
      vertex -7.0556 20.7851 38
      vertex -4.23822 10.232 38
    endloop
  endfacet
  facet normal -0 0 1
    outer loop
      vertex -8.3999 20.2792 38
      vertex -4.23822 10.232 38
      vertex -7.0556 20.7851 38
    endloop
  endfacet
  facet normal 0 0 1
    outer loop
      vertex -4.23822 10.232 38
      vertex -8.3999 20.2792 38
      vertex -4.89835 9.93287 38
    endloop
  endfacet
  facet normal -0 0 1
    outer loop
      vertex -9.70824 19.6864 38
      vertex -4.89835 9.93287 38
      vertex -8.3999 20.2792 38
    endloop
  endfacet
  facet normal 0 0 1
    outer loop
      vertex -4.89835 9.93287 38
      vertex -9.70824 19.6864 38
      vertex -5.5375 9.59123 38
    endloop
  endfacet
  facet normal -0 0 1
    outer loop
      vertex -10.975 19.0093 38
      vertex -5.5375 9.59123 38
      vertex -9.70824 19.6864 38
    endloop
  endfacet
  facet normal 0 0 1
    outer loop
      vertex -5.5375 9.59123 38
      vertex -10.975 19.0093 38
      vertex -6.15294 9.20853 38
    endloop
  endfacet
  facet normal -0 0 1
    outer loop
      vertex -12.1948 18.2508 38
      vertex -6.15294 9.20853 38
      vertex -10.975 19.0093 38
    endloop
  endfacet
  facet normal 0 0 1
    outer loop
      vertex -6.15294 9.20853 38
      vertex -12.1948 18.2508 38
      vertex -6.74203 8.78639 38
    endloop
  endfacet
  facet normal -0 0 1
    outer loop
      vertex -13.3623 17.4141 38
      vertex -6.74203 8.78639 38
      vertex -12.1948 18.2508 38
    endloop
  endfacet
  facet normal 0 0 1
    outer loop
      vertex -6.74203 8.78639 38
      vertex -13.3623 17.4141 38
      vertex -7.30225 8.32663 38
    endloop
  endfacet
  facet normal -0 0 1
    outer loop
      vertex -14.4726 16.5029 38
      vertex -7.30225 8.32663 38
      vertex -13.3623 17.4141 38
    endloop
  endfacet
  facet normal 0 0 1
    outer loop
      vertex -7.30225 8.32663 38
      vertex -14.4726 16.5029 38
      vertex -7.83121 7.83121 38
    endloop
  endfacet
  facet normal -0 0 1
    outer loop
      vertex -15.521 15.521 38
      vertex -7.83121 7.83121 38
      vertex -14.4726 16.5029 38
    endloop
  endfacet
  facet normal 0 0 1
    outer loop
      vertex -7.83121 7.83121 38
      vertex -15.521 15.521 38
      vertex -8.32663 7.30225 38
    endloop
  endfacet
  facet normal -0 0 1
    outer loop
      vertex -16.5029 14.4726 38
      vertex -8.32663 7.30225 38
      vertex -15.521 15.521 38
    endloop
  endfacet
  facet normal 0 0 1
    outer loop
      vertex -8.32663 7.30225 38
      vertex -16.5029 14.4726 38
      vertex -8.78639 6.74203 38
    endloop
  endfacet
  facet normal -0 0 1
    outer loop
      vertex -17.4141 13.3623 38
      vertex -8.78639 6.74203 38
      vertex -16.5029 14.4726 38
    endloop
  endfacet
  facet normal 0 0 1
    outer loop
      vertex -8.78639 6.74203 38
      vertex -17.4141 13.3623 38
      vertex -9.20853 6.15294 38
    endloop
  endfacet
  facet normal -0 0 1
    outer loop
      vertex -18.2508 12.1948 38
      vertex -9.20853 6.15294 38
      vertex -17.4141 13.3623 38
    endloop
  endfacet
  facet normal 0 0 1
    outer loop
      vertex -9.20853 6.15294 38
      vertex -18.2508 12.1948 38
      vertex -9.59123 5.5375 38
    endloop
  endfacet
  facet normal -0 0 1
    outer loop
      vertex -19.0093 10.975 38
      vertex -9.59123 5.5375 38
      vertex -18.2508 12.1948 38
    endloop
  endfacet
  facet normal 0 0 1
    outer loop
      vertex -9.59123 5.5375 38
      vertex -19.0093 10.975 38
      vertex -9.93287 4.89835 38
    endloop
  endfacet
  facet normal -0 0 1
    outer loop
      vertex 9.59123 -5.5375 38
      vertex 19.0093 -10.975 38
      vertex 9.93287 -4.89835 38
    endloop
  endfacet
  facet normal 0 0 1
    outer loop
      vertex 19.0093 -10.975 38
      vertex 9.59123 -5.5375 38
      vertex 18.2508 -12.1948 38
    endloop
  endfacet
  facet normal -0 0 1
    outer loop
      vertex 9.20853 -6.15294 38
      vertex 18.2508 -12.1948 38
      vertex 9.59123 -5.5375 38
    endloop
  endfacet
  facet normal 0 0 1
    outer loop
      vertex 18.2508 -12.1948 38
      vertex 9.20853 -6.15294 38
      vertex 17.4141 -13.3623 38
    endloop
  endfacet
  facet normal -0 0 1
    outer loop
      vertex 8.78639 -6.74203 38
      vertex 17.4141 -13.3623 38
      vertex 9.20853 -6.15294 38
    endloop
  endfacet
  facet normal 0 0 1
    outer loop
      vertex 17.4141 -13.3623 38
      vertex 8.78639 -6.74203 38
      vertex 16.5029 -14.4726 38
    endloop
  endfacet
  facet normal -0 0 1
    outer loop
      vertex 8.32663 -7.30225 38
      vertex 16.5029 -14.4726 38
      vertex 8.78639 -6.74203 38
    endloop
  endfacet
  facet normal 0 0 1
    outer loop
      vertex 16.5029 -14.4726 38
      vertex 8.32663 -7.30225 38
      vertex 15.521 -15.521 38
    endloop
  endfacet
  facet normal -0 0 1
    outer loop
      vertex 7.83121 -7.83121 38
      vertex 15.521 -15.521 38
      vertex 8.32663 -7.30225 38
    endloop
  endfacet
  facet normal 0 0 1
    outer loop
      vertex 15.521 -15.521 38
      vertex 7.83121 -7.83121 38
      vertex 14.4726 -16.5029 38
    endloop
  endfacet
  facet normal -0 0 1
    outer loop
      vertex 7.30225 -8.32663 38
      vertex 14.4726 -16.5029 38
      vertex 7.83121 -7.83121 38
    endloop
  endfacet
  facet normal 0 0 1
    outer loop
      vertex 14.4726 -16.5029 38
      vertex 7.30225 -8.32663 38
      vertex 13.3623 -17.4141 38
    endloop
  endfacet
  facet normal -0 0 1
    outer loop
      vertex 6.74203 -8.78639 38
      vertex 13.3623 -17.4141 38
      vertex 7.30225 -8.32663 38
    endloop
  endfacet
  facet normal 0 0 1
    outer loop
      vertex 13.3623 -17.4141 38
      vertex 6.74203 -8.78639 38
      vertex 12.1948 -18.2508 38
    endloop
  endfacet
  facet normal -0 0 1
    outer loop
      vertex 6.15294 -9.20853 38
      vertex 12.1948 -18.2508 38
      vertex 6.74203 -8.78639 38
    endloop
  endfacet
  facet normal 0 0 1
    outer loop
      vertex 12.1948 -18.2508 38
      vertex 6.15294 -9.20853 38
      vertex 10.975 -19.0093 38
    endloop
  endfacet
  facet normal -0 0 1
    outer loop
      vertex 5.5375 -9.59123 38
      vertex 10.975 -19.0093 38
      vertex 6.15294 -9.20853 38
    endloop
  endfacet
  facet normal 0 0 1
    outer loop
      vertex 10.975 -19.0093 38
      vertex 5.5375 -9.59123 38
      vertex 9.70824 -19.6864 38
    endloop
  endfacet
  facet normal -0 0 1
    outer loop
      vertex 4.89835 -9.93287 38
      vertex 9.70824 -19.6864 38
      vertex 5.5375 -9.59123 38
    endloop
  endfacet
  facet normal 0 0 1
    outer loop
      vertex 9.70824 -19.6864 38
      vertex 4.89835 -9.93287 38
      vertex 8.3999 -20.2792 38
    endloop
  endfacet
  facet normal -0 0 1
    outer loop
      vertex 4.23822 -10.232 38
      vertex 8.3999 -20.2792 38
      vertex 4.89835 -9.93287 38
    endloop
  endfacet
  facet normal 0 0 1
    outer loop
      vertex 8.3999 -20.2792 38
      vertex 4.23822 -10.232 38
      vertex 7.0556 -20.7851 38
    endloop
  endfacet
  facet normal -0 0 1
    outer loop
      vertex 3.55994 -10.4873 38
      vertex 7.0556 -20.7851 38
      vertex 4.23822 -10.232 38
    endloop
  endfacet
  facet normal 0 0 1
    outer loop
      vertex 7.0556 -20.7851 38
      vertex 3.55994 -10.4873 38
      vertex 5.68108 -21.2021 38
    endloop
  endfacet
  facet normal -0 0 1
    outer loop
      vertex 2.86642 -10.6976 38
      vertex 5.68108 -21.2021 38
      vertex 3.55994 -10.4873 38
    endloop
  endfacet
  facet normal 0 0 1
    outer loop
      vertex 5.68108 -21.2021 38
      vertex 2.86642 -10.6976 38
      vertex 4.28223 -21.5282 38
    endloop
  endfacet
  facet normal -0 0 1
    outer loop
      vertex 2.16062 -10.8622 38
      vertex 4.28223 -21.5282 38
      vertex 2.86642 -10.6976 38
    endloop
  endfacet
  facet normal 0 0 1
    outer loop
      vertex 4.28223 -21.5282 38
      vertex 2.16062 -10.8622 38
      vertex 2.86505 -21.7622 38
    endloop
  endfacet
  facet normal -0 0 1
    outer loop
      vertex 1.44558 -10.9803 38
      vertex 2.86505 -21.7622 38
      vertex 2.16062 -10.8622 38
    endloop
  endfacet
  facet normal 0 0 1
    outer loop
      vertex 1.44558 -10.9803 38
      vertex 1.4356 -21.903 38
      vertex 2.86505 -21.7622 38
    endloop
  endfacet
  facet normal -0 0 1
    outer loop
      vertex 0.724339 -11.0513 38
      vertex 1.4356 -21.903 38
      vertex 1.44558 -10.9803 38
    endloop
  endfacet
  facet normal -0 0 1
    outer loop
      vertex 0 -11.075 38
      vertex 1.4356 -21.903 38
      vertex 0.724339 -11.0513 38
    endloop
  endfacet
  facet normal 0 0 1
    outer loop
      vertex 0 -11.075 38
      vertex 0 -21.95 38
      vertex 1.4356 -21.903 38
    endloop
  endfacet
  facet normal 0 0 1
    outer loop
      vertex -0.724339 -11.0513 38
      vertex 0 -21.95 38
      vertex 0 -11.075 38
    endloop
  endfacet
  facet normal 0 0 1
    outer loop
      vertex -0.724339 -11.0513 38
      vertex -1.4356 -21.903 38
      vertex 0 -21.95 38
    endloop
  endfacet
  facet normal 0 0 1
    outer loop
      vertex -1.44558 -10.9803 38
      vertex -1.4356 -21.903 38
      vertex -0.724339 -11.0513 38
    endloop
  endfacet
  facet normal 0 0 1
    outer loop
      vertex -2.86505 -21.7622 38
      vertex -1.44558 -10.9803 38
      vertex -2.16062 -10.8622 38
    endloop
  endfacet
  facet normal 0 0 1
    outer loop
      vertex -1.44558 -10.9803 38
      vertex -2.86505 -21.7622 38
      vertex -1.4356 -21.903 38
    endloop
  endfacet
  facet normal 0 0 1
    outer loop
      vertex -4.28223 -21.5282 38
      vertex -2.16062 -10.8622 38
      vertex -2.86642 -10.6976 38
    endloop
  endfacet
  facet normal 0 0 1
    outer loop
      vertex -5.68108 -21.2021 38
      vertex -2.86642 -10.6976 38
      vertex -3.55994 -10.4873 38
    endloop
  endfacet
  facet normal 0 0 1
    outer loop
      vertex -7.0556 -20.7851 38
      vertex -3.55994 -10.4873 38
      vertex -4.23822 -10.232 38
    endloop
  endfacet
  facet normal 0 0 1
    outer loop
      vertex -2.16062 -10.8622 38
      vertex -4.28223 -21.5282 38
      vertex -2.86505 -21.7622 38
    endloop
  endfacet
  facet normal 0 0 1
    outer loop
      vertex -8.3999 -20.2792 38
      vertex -4.23822 -10.232 38
      vertex -4.89835 -9.93287 38
    endloop
  endfacet
  facet normal 0 0 1
    outer loop
      vertex -9.70824 -19.6864 38
      vertex -4.89835 -9.93287 38
      vertex -5.5375 -9.59123 38
    endloop
  endfacet
  facet normal 0 0 1
    outer loop
      vertex -2.86642 -10.6976 38
      vertex -5.68108 -21.2021 38
      vertex -4.28223 -21.5282 38
    endloop
  endfacet
  facet normal 0 0 1
    outer loop
      vertex -10.975 -19.0093 38
      vertex -5.5375 -9.59123 38
      vertex -6.15294 -9.20853 38
    endloop
  endfacet
  facet normal 0 0 1
    outer loop
      vertex -12.1948 -18.2508 38
      vertex -6.15294 -9.20853 38
      vertex -6.74203 -8.78639 38
    endloop
  endfacet
  facet normal 0 0 1
    outer loop
      vertex -3.55994 -10.4873 38
      vertex -7.0556 -20.7851 38
      vertex -5.68108 -21.2021 38
    endloop
  endfacet
  facet normal 0 0 1
    outer loop
      vertex -13.3623 -17.4141 38
      vertex -6.74203 -8.78639 38
      vertex -7.30225 -8.32663 38
    endloop
  endfacet
  facet normal 0 0 1
    outer loop
      vertex -14.4726 -16.5029 38
      vertex -7.30225 -8.32663 38
      vertex -7.83121 -7.83121 38
    endloop
  endfacet
  facet normal 0 0 1
    outer loop
      vertex -15.521 -15.521 38
      vertex -7.83121 -7.83121 38
      vertex -8.32663 -7.30225 38
    endloop
  endfacet
  facet normal 0 0 1
    outer loop
      vertex -4.23822 -10.232 38
      vertex -8.3999 -20.2792 38
      vertex -7.0556 -20.7851 38
    endloop
  endfacet
  facet normal 0 0 1
    outer loop
      vertex -16.5029 -14.4726 38
      vertex -8.32663 -7.30225 38
      vertex -8.78639 -6.74203 38
    endloop
  endfacet
  facet normal 0 0 1
    outer loop
      vertex -17.4141 -13.3623 38
      vertex -8.78639 -6.74203 38
      vertex -9.20853 -6.15294 38
    endloop
  endfacet
  facet normal 0 0 1
    outer loop
      vertex -18.2508 -12.1948 38
      vertex -9.20853 -6.15294 38
      vertex -9.59123 -5.5375 38
    endloop
  endfacet
  facet normal 0 0 1
    outer loop
      vertex -4.89835 -9.93287 38
      vertex -9.70824 -19.6864 38
      vertex -8.3999 -20.2792 38
    endloop
  endfacet
  facet normal 0 0 1
    outer loop
      vertex -19.0093 -10.975 38
      vertex -9.59123 -5.5375 38
      vertex -9.93287 -4.89835 38
    endloop
  endfacet
  facet normal 0 0 1
    outer loop
      vertex -19.6864 -9.70824 38
      vertex -9.93287 -4.89835 38
      vertex -10.232 -4.23822 38
    endloop
  endfacet
  facet normal 0 0 1
    outer loop
      vertex -20.2792 -8.3999 38
      vertex -10.232 -4.23822 38
      vertex -10.4873 -3.55994 38
    endloop
  endfacet
  facet normal 0 0 1
    outer loop
      vertex -20.7851 -7.0556 38
      vertex -10.4873 -3.55994 38
      vertex -10.6976 -2.86642 38
    endloop
  endfacet
  facet normal 0 0 1
    outer loop
      vertex -21.2021 -5.68108 38
      vertex -10.6976 -2.86642 38
      vertex -10.8622 -2.16062 38
    endloop
  endfacet
  facet normal 0 0 1
    outer loop
      vertex -5.5375 -9.59123 38
      vertex -10.975 -19.0093 38
      vertex -9.70824 -19.6864 38
    endloop
  endfacet
  facet normal 0 0 1
    outer loop
      vertex -21.5282 -4.28223 38
      vertex -10.8622 -2.16062 38
      vertex -10.9803 -1.44558 38
    endloop
  endfacet
  facet normal 0 0 1
    outer loop
      vertex -21.7622 -2.86505 38
      vertex -10.9803 -1.44558 38
      vertex -11.0513 -0.724339 38
    endloop
  endfacet
  facet normal 0 0 1
    outer loop
      vertex -21.903 -1.4356 38
      vertex -11.0513 -0.724339 38
      vertex -11.075 0 38
    endloop
  endfacet
  facet normal -0 0 1
    outer loop
      vertex -19.6864 9.70824 38
      vertex -9.93287 4.89835 38
      vertex -19.0093 10.975 38
    endloop
  endfacet
  facet normal 0 0 1
    outer loop
      vertex -6.15294 -9.20853 38
      vertex -12.1948 -18.2508 38
      vertex -10.975 -19.0093 38
    endloop
  endfacet
  facet normal 0 0 1
    outer loop
      vertex -9.93287 4.89835 38
      vertex -19.6864 9.70824 38
      vertex -10.232 4.23822 38
    endloop
  endfacet
  facet normal 0 0 1
    outer loop
      vertex -6.74203 -8.78639 38
      vertex -13.3623 -17.4141 38
      vertex -12.1948 -18.2508 38
    endloop
  endfacet
  facet normal -0 0 1
    outer loop
      vertex -20.2792 8.3999 38
      vertex -10.232 4.23822 38
      vertex -19.6864 9.70824 38
    endloop
  endfacet
  facet normal 0 0 1
    outer loop
      vertex -7.30225 -8.32663 38
      vertex -14.4726 -16.5029 38
      vertex -13.3623 -17.4141 38
    endloop
  endfacet
  facet normal 0 0 1
    outer loop
      vertex -10.232 4.23822 38
      vertex -20.2792 8.3999 38
      vertex -10.4873 3.55994 38
    endloop
  endfacet
  facet normal 0 0 1
    outer loop
      vertex -7.83121 -7.83121 38
      vertex -15.521 -15.521 38
      vertex -14.4726 -16.5029 38
    endloop
  endfacet
  facet normal -0 0 1
    outer loop
      vertex -20.7851 7.0556 38
      vertex -10.4873 3.55994 38
      vertex -20.2792 8.3999 38
    endloop
  endfacet
  facet normal 0 0 1
    outer loop
      vertex -8.32663 -7.30225 38
      vertex -16.5029 -14.4726 38
      vertex -15.521 -15.521 38
    endloop
  endfacet
  facet normal 0 0 1
    outer loop
      vertex -10.4873 3.55994 38
      vertex -20.7851 7.0556 38
      vertex -10.6976 2.86642 38
    endloop
  endfacet
  facet normal 0 0 1
    outer loop
      vertex -8.78639 -6.74203 38
      vertex -17.4141 -13.3623 38
      vertex -16.5029 -14.4726 38
    endloop
  endfacet
  facet normal -0 0 1
    outer loop
      vertex -21.2021 5.68108 38
      vertex -10.6976 2.86642 38
      vertex -20.7851 7.0556 38
    endloop
  endfacet
  facet normal 0 0 1
    outer loop
      vertex -9.20853 -6.15294 38
      vertex -18.2508 -12.1948 38
      vertex -17.4141 -13.3623 38
    endloop
  endfacet
  facet normal 0 0 1
    outer loop
      vertex -10.6976 2.86642 38
      vertex -21.2021 5.68108 38
      vertex -10.8622 2.16062 38
    endloop
  endfacet
  facet normal 0 0 1
    outer loop
      vertex -9.59123 -5.5375 38
      vertex -19.0093 -10.975 38
      vertex -18.2508 -12.1948 38
    endloop
  endfacet
  facet normal -0 0 1
    outer loop
      vertex -21.5282 4.28223 38
      vertex -10.8622 2.16062 38
      vertex -21.2021 5.68108 38
    endloop
  endfacet
  facet normal 0 0 1
    outer loop
      vertex -9.93287 -4.89835 38
      vertex -19.6864 -9.70824 38
      vertex -19.0093 -10.975 38
    endloop
  endfacet
  facet normal 0 0 1
    outer loop
      vertex -10.8622 2.16062 38
      vertex -21.5282 4.28223 38
      vertex -10.9803 1.44558 38
    endloop
  endfacet
  facet normal 0 0 1
    outer loop
      vertex -10.232 -4.23822 38
      vertex -20.2792 -8.3999 38
      vertex -19.6864 -9.70824 38
    endloop
  endfacet
  facet normal -0 0 1
    outer loop
      vertex -21.7622 2.86505 38
      vertex -10.9803 1.44558 38
      vertex -21.5282 4.28223 38
    endloop
  endfacet
  facet normal 0 0 1
    outer loop
      vertex -10.4873 -3.55994 38
      vertex -20.7851 -7.0556 38
      vertex -20.2792 -8.3999 38
    endloop
  endfacet
  facet normal 0 0 1
    outer loop
      vertex -10.9803 1.44558 38
      vertex -21.7622 2.86505 38
      vertex -11.0513 0.724339 38
    endloop
  endfacet
  facet normal 0 0 1
    outer loop
      vertex -10.6976 -2.86642 38
      vertex -21.2021 -5.68108 38
      vertex -20.7851 -7.0556 38
    endloop
  endfacet
  facet normal -0 0 1
    outer loop
      vertex -21.903 1.4356 38
      vertex -11.0513 0.724339 38
      vertex -21.7622 2.86505 38
    endloop
  endfacet
  facet normal 0 0 1
    outer loop
      vertex -10.8622 -2.16062 38
      vertex -21.5282 -4.28223 38
      vertex -21.2021 -5.68108 38
    endloop
  endfacet
  facet normal 0 0 1
    outer loop
      vertex -11.0513 0.724339 38
      vertex -21.903 1.4356 38
      vertex -11.075 0 38
    endloop
  endfacet
  facet normal 0 0 1
    outer loop
      vertex -10.9803 -1.44558 38
      vertex -21.7622 -2.86505 38
      vertex -21.5282 -4.28223 38
    endloop
  endfacet
  facet normal 0 0 1
    outer loop
      vertex -21.95 0 38
      vertex -11.075 0 38
      vertex -21.903 1.4356 38
    endloop
  endfacet
  facet normal 0 0 1
    outer loop
      vertex -11.0513 -0.724339 38
      vertex -21.903 -1.4356 38
      vertex -21.7622 -2.86505 38
    endloop
  endfacet
  facet normal 0 0 1
    outer loop
      vertex -11.075 0 38
      vertex -21.95 0 38
      vertex -21.903 -1.4356 38
    endloop
  endfacet
  facet normal -0.471398 -0.88192 0
    outer loop
      vertex -10.975 -19.0093 4
      vertex -9.70824 -19.6864 38
      vertex -10.975 -19.0093 38
    endloop
  endfacet
  facet normal -0.471398 -0.88192 -0
    outer loop
      vertex -9.70824 -19.6864 38
      vertex -10.975 -19.0093 4
      vertex -9.70824 -19.6864 4
    endloop
  endfacet
  facet normal 0.528058 -0.849209 0
    outer loop
      vertex 10.975 -19.0093 4
      vertex 12.1948 -18.2508 38
      vertex 10.975 -19.0093 38
    endloop
  endfacet
  facet normal 0.528058 -0.849209 0
    outer loop
      vertex 12.1948 -18.2508 38
      vertex 10.975 -19.0093 4
      vertex 12.1948 -18.2508 4
    endloop
  endfacet
  facet normal -0.81282 0.582515 0
    outer loop
      vertex -18.2508 12.1948 4
      vertex -17.4141 13.3623 38
      vertex -17.4141 13.3623 4
    endloop
  endfacet
  facet normal -0.81282 0.582515 0
    outer loop
      vertex -17.4141 13.3623 38
      vertex -18.2508 12.1948 4
      vertex -18.2508 12.1948 38
    endloop
  endfacet
  facet normal 0.88192 0.471398 0
    outer loop
      vertex 19.6864 9.70824 38
      vertex 19.0093 10.975 4
      vertex 19.0093 10.975 38
    endloop
  endfacet
  facet normal 0.88192 0.471398 0
    outer loop
      vertex 19.0093 10.975 4
      vertex 19.6864 9.70824 38
      vertex 19.6864 9.70824 4
    endloop
  endfacet
  facet normal -0.68358 0.729876 0
    outer loop
      vertex -14.4726 16.5029 4
      vertex -15.521 15.521 38
      vertex -14.4726 16.5029 38
    endloop
  endfacet
  facet normal -0.68358 0.729876 0
    outer loop
      vertex -15.521 15.521 38
      vertex -14.4726 16.5029 4
      vertex -15.521 15.521 4
    endloop
  endfacet
  facet normal 0.098025 0.995184 -0
    outer loop
      vertex 2.86505 21.7622 4
      vertex 1.4356 21.903 38
      vertex 2.86505 21.7622 38
    endloop
  endfacet
  facet normal 0.098025 0.995184 0
    outer loop
      vertex 1.4356 21.903 38
      vertex 2.86505 21.7622 4
      vertex 1.4356 21.903 4
    endloop
  endfacet
  facet normal -0.352214 0.935919 0
    outer loop
      vertex -7.0556 20.7851 4
      vertex -8.3999 20.2792 38
      vertex -7.0556 20.7851 38
    endloop
  endfacet
  facet normal -0.352214 0.935919 0
    outer loop
      vertex -8.3999 20.2792 38
      vertex -7.0556 20.7851 4
      vertex -8.3999 20.2792 4
    endloop
  endfacet
  facet normal 0.352214 0.935919 -0
    outer loop
      vertex 8.3999 20.2792 4
      vertex 7.0556 20.7851 38
      vertex 8.3999 20.2792 38
    endloop
  endfacet
  facet normal 0.352214 0.935919 0
    outer loop
      vertex 7.0556 20.7851 38
      vertex 8.3999 20.2792 4
      vertex 7.0556 20.7851 4
    endloop
  endfacet
  facet normal 0.910864 0.412706 0
    outer loop
      vertex 20.2792 8.3999 38
      vertex 19.6864 9.70824 4
      vertex 19.6864 9.70824 38
    endloop
  endfacet
  facet normal 0.910864 0.412706 0
    outer loop
      vertex 19.6864 9.70824 4
      vertex 20.2792 8.3999 38
      vertex 20.2792 8.3999 4
    endloop
  endfacet
  facet normal -0.098025 -0.995184 0
    outer loop
      vertex -2.86505 -21.7622 4
      vertex -1.4356 -21.903 38
      vertex -2.86505 -21.7622 38
    endloop
  endfacet
  facet normal -0.098025 -0.995184 -0
    outer loop
      vertex -1.4356 -21.903 38
      vertex -2.86505 -21.7622 4
      vertex -1.4356 -21.903 4
    endloop
  endfacet
  facet normal 0.956932 0.290313 0
    outer loop
      vertex 21.2021 5.68108 38
      vertex 20.7851 7.0556 4
      vertex 20.7851 7.0556 38
    endloop
  endfacet
  facet normal 0.956932 0.290313 0
    outer loop
      vertex 20.7851 7.0556 4
      vertex 21.2021 5.68108 38
      vertex 21.2021 5.68108 4
    endloop
  endfacet
  facet normal -0.68358 -0.729876 0
    outer loop
      vertex -15.521 -15.521 4
      vertex -14.4726 -16.5029 38
      vertex -15.521 -15.521 38
    endloop
  endfacet
  facet normal -0.68358 -0.729876 -0
    outer loop
      vertex -14.4726 -16.5029 38
      vertex -15.521 -15.521 4
      vertex -14.4726 -16.5029 4
    endloop
  endfacet
  facet normal 0.910864 -0.412706 0
    outer loop
      vertex 19.6864 -9.70824 38
      vertex 20.2792 -8.3999 4
      vertex 20.2792 -8.3999 38
    endloop
  endfacet
  facet normal 0.910864 -0.412706 0
    outer loop
      vertex 20.2792 -8.3999 4
      vertex 19.6864 -9.70824 38
      vertex 19.6864 -9.70824 4
    endloop
  endfacet
  facet normal 0.471398 -0.88192 0
    outer loop
      vertex 9.70824 -19.6864 4
      vertex 10.975 -19.0093 38
      vertex 9.70824 -19.6864 38
    endloop
  endfacet
  facet normal 0.471398 -0.88192 0
    outer loop
      vertex 10.975 -19.0093 38
      vertex 9.70824 -19.6864 4
      vertex 10.975 -19.0093 4
    endloop
  endfacet
  facet normal 0.973887 -0.227033 0
    outer loop
      vertex 21.2021 -5.68108 38
      vertex 21.5282 -4.28223 4
      vertex 21.5282 -4.28223 38
    endloop
  endfacet
  facet normal 0.973887 -0.227033 0
    outer loop
      vertex 21.5282 -4.28223 4
      vertex 21.2021 -5.68108 38
      vertex 21.2021 -5.68108 4
    endloop
  endfacet
  facet normal 0.729876 -0.68358 0
    outer loop
      vertex 15.521 -15.521 38
      vertex 16.5029 -14.4726 4
      vertex 16.5029 -14.4726 38
    endloop
  endfacet
  facet normal 0.729876 -0.68358 0
    outer loop
      vertex 16.5029 -14.4726 4
      vertex 15.521 -15.521 38
      vertex 15.521 -15.521 4
    endloop
  endfacet
  facet normal 0.77301 -0.634393 0
    outer loop
      vertex 16.5029 -14.4726 38
      vertex 17.4141 -13.3623 4
      vertex 17.4141 -13.3623 38
    endloop
  endfacet
  facet normal 0.77301 -0.634393 0
    outer loop
      vertex 17.4141 -13.3623 4
      vertex 16.5029 -14.4726 38
      vertex 16.5029 -14.4726 4
    endloop
  endfacet
  facet normal -0.910864 -0.412706 0
    outer loop
      vertex -19.6864 -9.70824 4
      vertex -20.2792 -8.3999 38
      vertex -20.2792 -8.3999 4
    endloop
  endfacet
  facet normal -0.910864 -0.412706 0
    outer loop
      vertex -20.2792 -8.3999 38
      vertex -19.6864 -9.70824 4
      vertex -19.6864 -9.70824 38
    endloop
  endfacet
  facet normal 0.0327214 -0.999465 0
    outer loop
      vertex 0 -21.95 4
      vertex 1.4356 -21.903 38
      vertex 0 -21.95 38
    endloop
  endfacet
  facet normal 0.0327214 -0.999465 0
    outer loop
      vertex 1.4356 -21.903 38
      vertex 0 -21.95 4
      vertex 1.4356 -21.903 4
    endloop
  endfacet
  facet normal -0.471398 0.88192 0
    outer loop
      vertex -9.70824 19.6864 4
      vertex -10.975 19.0093 38
      vertex -9.70824 19.6864 38
    endloop
  endfacet
  facet normal -0.471398 0.88192 0
    outer loop
      vertex -10.975 19.0093 38
      vertex -9.70824 19.6864 4
      vertex -10.975 19.0093 4
    endloop
  endfacet
  facet normal 0.68358 0.729876 -0
    outer loop
      vertex 15.521 15.521 4
      vertex 14.4726 16.5029 38
      vertex 15.521 15.521 38
    endloop
  endfacet
  facet normal 0.68358 0.729876 0
    outer loop
      vertex 14.4726 16.5029 38
      vertex 15.521 15.521 4
      vertex 14.4726 16.5029 4
    endloop
  endfacet
  facet normal -0.973887 0.227033 0
    outer loop
      vertex -21.5282 4.28223 4
      vertex -21.2021 5.68108 38
      vertex -21.2021 5.68108 4
    endloop
  endfacet
  facet normal -0.973887 0.227033 0
    outer loop
      vertex -21.2021 5.68108 38
      vertex -21.5282 4.28223 4
      vertex -21.5282 4.28223 38
    endloop
  endfacet
  facet normal -0.77301 0.634393 0
    outer loop
      vertex -17.4141 13.3623 4
      vertex -16.5029 14.4726 38
      vertex -16.5029 14.4726 4
    endloop
  endfacet
  facet normal -0.77301 0.634393 0
    outer loop
      vertex -16.5029 14.4726 38
      vertex -17.4141 13.3623 4
      vertex -17.4141 13.3623 38
    endloop
  endfacet
  facet normal -0.999465 0.0327214 0
    outer loop
      vertex -21.95 0 4
      vertex -21.903 1.4356 38
      vertex -21.903 1.4356 4
    endloop
  endfacet
  facet normal -0.999465 0.0327214 0
    outer loop
      vertex -21.903 1.4356 38
      vertex -21.95 0 4
      vertex -21.95 0 38
    endloop
  endfacet
  facet normal -0.995184 -0.098025 0
    outer loop
      vertex -21.7622 -2.86505 4
      vertex -21.903 -1.4356 38
      vertex -21.903 -1.4356 4
    endloop
  endfacet
  facet normal -0.995184 -0.098025 0
    outer loop
      vertex -21.903 -1.4356 38
      vertex -21.7622 -2.86505 4
      vertex -21.7622 -2.86505 38
    endloop
  endfacet
  facet normal 0.098025 -0.995184 0
    outer loop
      vertex 1.4356 -21.903 4
      vertex 2.86505 -21.7622 38
      vertex 1.4356 -21.903 38
    endloop
  endfacet
  facet normal 0.098025 -0.995184 0
    outer loop
      vertex 2.86505 -21.7622 38
      vertex 1.4356 -21.903 4
      vertex 2.86505 -21.7622 4
    endloop
  endfacet
  facet normal -0.81282 -0.582515 0
    outer loop
      vertex -17.4141 -13.3623 4
      vertex -18.2508 -12.1948 38
      vertex -18.2508 -12.1948 4
    endloop
  endfacet
  facet normal -0.81282 -0.582515 0
    outer loop
      vertex -18.2508 -12.1948 38
      vertex -17.4141 -13.3623 4
      vertex -17.4141 -13.3623 38
    endloop
  endfacet
  facet normal -0.77301 -0.634393 0
    outer loop
      vertex -16.5029 -14.4726 4
      vertex -17.4141 -13.3623 38
      vertex -17.4141 -13.3623 4
    endloop
  endfacet
  facet normal -0.77301 -0.634393 0
    outer loop
      vertex -17.4141 -13.3623 38
      vertex -16.5029 -14.4726 4
      vertex -16.5029 -14.4726 38
    endloop
  endfacet
  facet normal -0.290313 -0.956932 0
    outer loop
      vertex -7.0556 -20.7851 4
      vertex -5.68108 -21.2021 38
      vertex -7.0556 -20.7851 38
    endloop
  endfacet
  facet normal -0.290313 -0.956932 -0
    outer loop
      vertex -5.68108 -21.2021 38
      vertex -7.0556 -20.7851 4
      vertex -5.68108 -21.2021 4
    endloop
  endfacet
  facet normal -0.098025 0.995184 0
    outer loop
      vertex -1.4356 21.903 4
      vertex -2.86505 21.7622 38
      vertex -1.4356 21.903 38
    endloop
  endfacet
  facet normal -0.098025 0.995184 0
    outer loop
      vertex -2.86505 21.7622 38
      vertex -1.4356 21.903 4
      vertex -2.86505 21.7622 4
    endloop
  endfacet
  facet normal 0.227033 -0.973887 0
    outer loop
      vertex 4.28223 -21.5282 4
      vertex 5.68108 -21.2021 38
      vertex 4.28223 -21.5282 38
    endloop
  endfacet
  facet normal 0.227033 -0.973887 0
    outer loop
      vertex 5.68108 -21.2021 38
      vertex 4.28223 -21.5282 4
      vertex 5.68108 -21.2021 4
    endloop
  endfacet
  facet normal -0.0327214 -0.999465 0
    outer loop
      vertex -1.4356 -21.903 4
      vertex 0 -21.95 38
      vertex -1.4356 -21.903 38
    endloop
  endfacet
  facet normal -0.0327214 -0.999465 -0
    outer loop
      vertex 0 -21.95 38
      vertex -1.4356 -21.903 4
      vertex 0 -21.95 4
    endloop
  endfacet
  facet normal 0.352214 -0.935919 0
    outer loop
      vertex 7.0556 -20.7851 4
      vertex 8.3999 -20.2792 38
      vertex 7.0556 -20.7851 38
    endloop
  endfacet
  facet normal 0.352214 -0.935919 0
    outer loop
      vertex 8.3999 -20.2792 38
      vertex 7.0556 -20.7851 4
      vertex 8.3999 -20.2792 4
    endloop
  endfacet
  facet normal -0.729876 0.68358 0
    outer loop
      vertex -16.5029 14.4726 4
      vertex -15.521 15.521 38
      vertex -15.521 15.521 4
    endloop
  endfacet
  facet normal -0.729876 0.68358 0
    outer loop
      vertex -15.521 15.521 38
      vertex -16.5029 14.4726 4
      vertex -16.5029 14.4726 38
    endloop
  endfacet
  facet normal -0.0327214 0.999465 0
    outer loop
      vertex 0 21.95 4
      vertex -1.4356 21.903 38
      vertex 0 21.95 38
    endloop
  endfacet
  facet normal -0.0327214 0.999465 0
    outer loop
      vertex -1.4356 21.903 38
      vertex 0 21.95 4
      vertex -1.4356 21.903 4
    endloop
  endfacet
  facet normal 0.582515 0.81282 -0
    outer loop
      vertex 13.3623 17.4141 4
      vertex 12.1948 18.2508 38
      vertex 13.3623 17.4141 38
    endloop
  endfacet
  facet normal 0.582515 0.81282 0
    outer loop
      vertex 12.1948 18.2508 38
      vertex 13.3623 17.4141 4
      vertex 12.1948 18.2508 4
    endloop
  endfacet
  facet normal 0.849209 0.528058 0
    outer loop
      vertex 19.0093 10.975 38
      vertex 18.2508 12.1948 4
      vertex 18.2508 12.1948 38
    endloop
  endfacet
  facet normal 0.849209 0.528058 0
    outer loop
      vertex 18.2508 12.1948 4
      vertex 19.0093 10.975 38
      vertex 19.0093 10.975 4
    endloop
  endfacet
  facet normal 0.986641 0.162911 0
    outer loop
      vertex 21.7622 2.86505 38
      vertex 21.5282 4.28223 4
      vertex 21.5282 4.28223 38
    endloop
  endfacet
  facet normal 0.986641 0.162911 0
    outer loop
      vertex 21.5282 4.28223 4
      vertex 21.7622 2.86505 38
      vertex 21.7622 2.86505 4
    endloop
  endfacet
  facet normal -0.729876 -0.68358 0
    outer loop
      vertex -15.521 -15.521 4
      vertex -16.5029 -14.4726 38
      vertex -16.5029 -14.4726 4
    endloop
  endfacet
  facet normal -0.729876 -0.68358 0
    outer loop
      vertex -16.5029 -14.4726 38
      vertex -15.521 -15.521 4
      vertex -15.521 -15.521 38
    endloop
  endfacet
  facet normal -0.290313 0.956932 0
    outer loop
      vertex -5.68108 21.2021 4
      vertex -7.0556 20.7851 38
      vertex -5.68108 21.2021 38
    endloop
  endfacet
  facet normal -0.290313 0.956932 0
    outer loop
      vertex -7.0556 20.7851 38
      vertex -5.68108 21.2021 4
      vertex -7.0556 20.7851 4
    endloop
  endfacet
  facet normal 0.290313 -0.956932 0
    outer loop
      vertex 5.68108 -21.2021 4
      vertex 7.0556 -20.7851 38
      vertex 5.68108 -21.2021 38
    endloop
  endfacet
  facet normal 0.290313 -0.956932 0
    outer loop
      vertex 7.0556 -20.7851 38
      vertex 5.68108 -21.2021 4
      vertex 7.0556 -20.7851 4
    endloop
  endfacet
  facet normal -0.528058 -0.849209 0
    outer loop
      vertex -12.1948 -18.2508 4
      vertex -10.975 -19.0093 38
      vertex -12.1948 -18.2508 38
    endloop
  endfacet
  facet normal -0.528058 -0.849209 -0
    outer loop
      vertex -10.975 -19.0093 38
      vertex -12.1948 -18.2508 4
      vertex -10.975 -19.0093 4
    endloop
  endfacet
  facet normal -0.528058 0.849209 0
    outer loop
      vertex -10.975 19.0093 4
      vertex -12.1948 18.2508 38
      vertex -10.975 19.0093 38
    endloop
  endfacet
  facet normal -0.528058 0.849209 0
    outer loop
      vertex -12.1948 18.2508 38
      vertex -10.975 19.0093 4
      vertex -12.1948 18.2508 4
    endloop
  endfacet
  facet normal 0 0 1
    outer loop
      vertex 21.7622 2.86505 4
      vertex 25.7776 3.39368 4
      vertex 25.5004 5.07235 4
    endloop
  endfacet
  facet normal 0 0 1
    outer loop
      vertex 21.5282 4.28223 4
      vertex 25.5004 5.07235 4
      vertex 25.1141 6.72929 4
    endloop
  endfacet
  facet normal 0 0 1
    outer loop
      vertex 21.2021 5.68108 4
      vertex 25.1141 6.72929 4
      vertex 24.6202 8.35743 4
    endloop
  endfacet
  facet normal 0 0 1
    outer loop
      vertex 20.7851 7.0556 4
      vertex 24.6202 8.35743 4
      vertex 24.0209 9.94977 4
    endloop
  endfacet
  facet normal 0 0 1
    outer loop
      vertex 20.2792 8.3999 4
      vertex 24.0209 9.94977 4
      vertex 23.3187 11.4995 4
    endloop
  endfacet
  facet normal 0 0 1
    outer loop
      vertex 25.1141 6.72929 4
      vertex 21.2021 5.68108 4
      vertex 21.5282 4.28223 4
    endloop
  endfacet
  facet normal 0 0 1
    outer loop
      vertex 19.6864 9.70824 4
      vertex 23.3187 11.4995 4
      vertex 22.5167 13 4
    endloop
  endfacet
  facet normal -0 0 1
    outer loop
      vertex 21.7622 -2.86505 4
      vertex 25.7776 -3.39368 4
      vertex 25.8482 -2.67662 4
    endloop
  endfacet
  facet normal 0 0 1
    outer loop
      vertex 25.7776 -3.39368 4
      vertex 21.7622 -2.86505 4
      vertex 25.5004 -5.07235 4
    endloop
  endfacet
  facet normal 0 0 1
    outer loop
      vertex 25.5004 -5.07235 4
      vertex 21.5282 -4.28223 4
      vertex 25.1141 -6.72929 4
    endloop
  endfacet
  facet normal -0 0 1
    outer loop
      vertex 21.2021 -5.68108 4
      vertex 25.1141 -6.72929 4
      vertex 21.5282 -4.28223 4
    endloop
  endfacet
  facet normal -0 0 1
    outer loop
      vertex 20.7851 -7.0556 4
      vertex 24.6202 -8.35743 4
      vertex 21.2021 -5.68108 4
    endloop
  endfacet
  facet normal -0 0 1
    outer loop
      vertex 21.903 -1.4356 4
      vertex 25.8482 -2.67662 4
      vertex 23.1716 0 4
    endloop
  endfacet
  facet normal 0 0 1
    outer loop
      vertex 25.7776 3.39368 4
      vertex 21.7622 2.86505 4
      vertex 25.8482 2.67662 4
    endloop
  endfacet
  facet normal 0 0 1
    outer loop
      vertex 21.903 -1.4356 4
      vertex 23.1716 0 4
      vertex 21.95 0 4
    endloop
  endfacet
  facet normal 0 0 1
    outer loop
      vertex 25.8482 -2.67662 4
      vertex 21.903 -1.4356 4
      vertex 21.7622 -2.86505 4
    endloop
  endfacet
  facet normal 0 0 1
    outer loop
      vertex 23.1716 0 4
      vertex 21.903 1.4356 4
      vertex 21.95 0 4
    endloop
  endfacet
  facet normal 0 0 1
    outer loop
      vertex 25.8482 2.67662 4
      vertex 21.903 1.4356 4
      vertex 23.1716 0 4
    endloop
  endfacet
  facet normal 0 0 1
    outer loop
      vertex 19.0093 10.975 4
      vertex 22.5167 13 4
      vertex 21.6182 14.4448 4
    endloop
  endfacet
  facet normal 0 -0 1
    outer loop
      vertex 21.903 1.4356 4
      vertex 25.8482 2.67662 4
      vertex 21.7622 2.86505 4
    endloop
  endfacet
  facet normal 0 -0 1
    outer loop
      vertex 21.7622 2.86505 4
      vertex 25.5004 5.07235 4
      vertex 21.5282 4.28223 4
    endloop
  endfacet
  facet normal 0 0 1
    outer loop
      vertex 24.6202 8.35743 4
      vertex 20.7851 7.0556 4
      vertex 21.2021 5.68108 4
    endloop
  endfacet
  facet normal 0 0 1
    outer loop
      vertex 18.2508 12.1948 4
      vertex 21.6182 14.4448 4
      vertex 20.6272 15.8278 4
    endloop
  endfacet
  facet normal 0 0 1
    outer loop
      vertex 24.0209 9.94977 4
      vertex 20.2792 8.3999 4
      vertex 20.7851 7.0556 4
    endloop
  endfacet
  facet normal 0 0 1
    outer loop
      vertex 23.3187 11.4995 4
      vertex 19.6864 9.70824 4
      vertex 20.2792 8.3999 4
    endloop
  endfacet
  facet normal 0 0 1
    outer loop
      vertex 17.4141 13.3623 4
      vertex 20.6272 15.8278 4
      vertex 19.5478 17.143 4
    endloop
  endfacet
  facet normal 0 0 1
    outer loop
      vertex 22.5167 13 4
      vertex 19.0093 10.975 4
      vertex 19.6864 9.70824 4
    endloop
  endfacet
  facet normal 0 0 1
    outer loop
      vertex 16.5029 14.4726 4
      vertex 19.5478 17.143 4
      vertex 18.3848 18.3848 4
    endloop
  endfacet
  facet normal 0 0 1
    outer loop
      vertex 21.6182 14.4448 4
      vertex 18.2508 12.1948 4
      vertex 19.0093 10.975 4
    endloop
  endfacet
  facet normal 0 0 1
    outer loop
      vertex 20.6272 15.8278 4
      vertex 17.4141 13.3623 4
      vertex 18.2508 12.1948 4
    endloop
  endfacet
  facet normal 0 0 1
    outer loop
      vertex 15.521 15.521 4
      vertex 18.3848 18.3848 4
      vertex 17.143 19.5478 4
    endloop
  endfacet
  facet normal 0 0 1
    outer loop
      vertex 19.5478 17.143 4
      vertex 16.5029 14.4726 4
      vertex 17.4141 13.3623 4
    endloop
  endfacet
  facet normal 0 0 1
    outer loop
      vertex 14.4726 16.5029 4
      vertex 17.143 19.5478 4
      vertex 15.8278 20.6272 4
    endloop
  endfacet
  facet normal 0 0 1
    outer loop
      vertex 18.3848 18.3848 4
      vertex 15.521 15.521 4
      vertex 16.5029 14.4726 4
    endloop
  endfacet
  facet normal 0 0 1
    outer loop
      vertex 17.143 19.5478 4
      vertex 14.4726 16.5029 4
      vertex 15.521 15.521 4
    endloop
  endfacet
  facet normal 0 0 1
    outer loop
      vertex 13.3623 17.4141 4
      vertex 15.8278 20.6272 4
      vertex 14.4448 21.6182 4
    endloop
  endfacet
  facet normal 0 0 1
    outer loop
      vertex 15.8278 20.6272 4
      vertex 13.3623 17.4141 4
      vertex 14.4726 16.5029 4
    endloop
  endfacet
  facet normal 0 0 1
    outer loop
      vertex 12.1948 18.2508 4
      vertex 14.4448 21.6182 4
      vertex 13 22.5167 4
    endloop
  endfacet
  facet normal 0 0 1
    outer loop
      vertex 14.4448 21.6182 4
      vertex 12.1948 18.2508 4
      vertex 13.3623 17.4141 4
    endloop
  endfacet
  facet normal 0 0 1
    outer loop
      vertex 10.975 19.0093 4
      vertex 13 22.5167 4
      vertex 11.4995 23.3187 4
    endloop
  endfacet
  facet normal 0 0 1
    outer loop
      vertex 13 22.5167 4
      vertex 10.975 19.0093 4
      vertex 12.1948 18.2508 4
    endloop
  endfacet
  facet normal 0 0 1
    outer loop
      vertex 9.70824 19.6864 4
      vertex 11.4995 23.3187 4
      vertex 9.94977 24.0209 4
    endloop
  endfacet
  facet normal 0 0 1
    outer loop
      vertex 11.4995 23.3187 4
      vertex 9.70824 19.6864 4
      vertex 10.975 19.0093 4
    endloop
  endfacet
  facet normal 0 0 1
    outer loop
      vertex 9.94977 24.0209 4
      vertex 8.3999 20.2792 4
      vertex 9.70824 19.6864 4
    endloop
  endfacet
  facet normal 0 0 1
    outer loop
      vertex 8.35743 24.6202 4
      vertex 8.3999 20.2792 4
      vertex 9.94977 24.0209 4
    endloop
  endfacet
  facet normal 0 0 1
    outer loop
      vertex 8.35743 24.6202 4
      vertex 7.0556 20.7851 4
      vertex 8.3999 20.2792 4
    endloop
  endfacet
  facet normal 0 0 1
    outer loop
      vertex 6.72929 25.1141 4
      vertex 7.0556 20.7851 4
      vertex 8.35743 24.6202 4
    endloop
  endfacet
  facet normal 0 0 1
    outer loop
      vertex 6.72929 25.1141 4
      vertex 5.68108 21.2021 4
      vertex 7.0556 20.7851 4
    endloop
  endfacet
  facet normal 0 0 1
    outer loop
      vertex 5.07235 25.5004 4
      vertex 5.68108 21.2021 4
      vertex 6.72929 25.1141 4
    endloop
  endfacet
  facet normal 0 0 1
    outer loop
      vertex 5.07235 25.5004 4
      vertex 4.28223 21.5282 4
      vertex 5.68108 21.2021 4
    endloop
  endfacet
  facet normal 0 0 1
    outer loop
      vertex 3.39368 25.7776 4
      vertex 4.28223 21.5282 4
      vertex 5.07235 25.5004 4
    endloop
  endfacet
  facet normal 0 0 1
    outer loop
      vertex 3.39368 25.7776 4
      vertex 2.86505 21.7622 4
      vertex 4.28223 21.5282 4
    endloop
  endfacet
  facet normal 0 0 1
    outer loop
      vertex 1.70048 25.9443 4
      vertex 2.86505 21.7622 4
      vertex 3.39368 25.7776 4
    endloop
  endfacet
  facet normal 0 0 1
    outer loop
      vertex 1.70048 25.9443 4
      vertex 1.4356 21.903 4
      vertex 2.86505 21.7622 4
    endloop
  endfacet
  facet normal 0 0 1
    outer loop
      vertex 0 26 4
      vertex 1.4356 21.903 4
      vertex 1.70048 25.9443 4
    endloop
  endfacet
  facet normal 0 0 1
    outer loop
      vertex 0 26 4
      vertex 0 21.95 4
      vertex 1.4356 21.903 4
    endloop
  endfacet
  facet normal 0 0 1
    outer loop
      vertex 0 26 4
      vertex -1.4356 21.903 4
      vertex 0 21.95 4
    endloop
  endfacet
  facet normal -0 0 1
    outer loop
      vertex -1.70048 25.9443 4
      vertex -1.4356 21.903 4
      vertex 0 26 4
    endloop
  endfacet
  facet normal 0 0 1
    outer loop
      vertex -1.70048 25.9443 4
      vertex -2.86505 21.7622 4
      vertex -1.4356 21.903 4
    endloop
  endfacet
  facet normal -0 0 1
    outer loop
      vertex -3.39368 25.7776 4
      vertex -2.86505 21.7622 4
      vertex -1.70048 25.9443 4
    endloop
  endfacet
  facet normal 0 0 1
    outer loop
      vertex -3.39368 25.7776 4
      vertex -4.28223 21.5282 4
      vertex -2.86505 21.7622 4
    endloop
  endfacet
  facet normal -0 0 1
    outer loop
      vertex -5.07235 25.5004 4
      vertex -4.28223 21.5282 4
      vertex -3.39368 25.7776 4
    endloop
  endfacet
  facet normal 0 0 1
    outer loop
      vertex -5.07235 25.5004 4
      vertex -5.68108 21.2021 4
      vertex -4.28223 21.5282 4
    endloop
  endfacet
  facet normal -0 0 1
    outer loop
      vertex -6.72929 25.1141 4
      vertex -5.68108 21.2021 4
      vertex -5.07235 25.5004 4
    endloop
  endfacet
  facet normal 0 0 1
    outer loop
      vertex -6.72929 25.1141 4
      vertex -7.0556 20.7851 4
      vertex -5.68108 21.2021 4
    endloop
  endfacet
  facet normal -0 0 1
    outer loop
      vertex -8.35743 24.6202 4
      vertex -7.0556 20.7851 4
      vertex -6.72929 25.1141 4
    endloop
  endfacet
  facet normal 0 0 1
    outer loop
      vertex -8.35743 24.6202 4
      vertex -8.3999 20.2792 4
      vertex -7.0556 20.7851 4
    endloop
  endfacet
  facet normal -0 0 1
    outer loop
      vertex -9.94977 24.0209 4
      vertex -8.3999 20.2792 4
      vertex -8.35743 24.6202 4
    endloop
  endfacet
  facet normal 0 0 1
    outer loop
      vertex -8.3999 20.2792 4
      vertex -9.94977 24.0209 4
      vertex -9.70824 19.6864 4
    endloop
  endfacet
  facet normal -0 0 1
    outer loop
      vertex -11.4995 23.3187 4
      vertex -9.70824 19.6864 4
      vertex -9.94977 24.0209 4
    endloop
  endfacet
  facet normal 0 0 1
    outer loop
      vertex -9.70824 19.6864 4
      vertex -11.4995 23.3187 4
      vertex -10.975 19.0093 4
    endloop
  endfacet
  facet normal -0 0 1
    outer loop
      vertex -13 22.5167 4
      vertex -10.975 19.0093 4
      vertex -11.4995 23.3187 4
    endloop
  endfacet
  facet normal 0 0 1
    outer loop
      vertex -10.975 19.0093 4
      vertex -13 22.5167 4
      vertex -12.1948 18.2508 4
    endloop
  endfacet
  facet normal -0 0 1
    outer loop
      vertex -14.4448 21.6182 4
      vertex -12.1948 18.2508 4
      vertex -13 22.5167 4
    endloop
  endfacet
  facet normal 0 0 1
    outer loop
      vertex -12.1948 18.2508 4
      vertex -14.4448 21.6182 4
      vertex -13.3623 17.4141 4
    endloop
  endfacet
  facet normal -0 0 1
    outer loop
      vertex -15.8278 20.6272 4
      vertex -13.3623 17.4141 4
      vertex -14.4448 21.6182 4
    endloop
  endfacet
  facet normal 0 0 1
    outer loop
      vertex -13.3623 17.4141 4
      vertex -15.8278 20.6272 4
      vertex -14.4726 16.5029 4
    endloop
  endfacet
  facet normal -0 0 1
    outer loop
      vertex -17.143 19.5478 4
      vertex -14.4726 16.5029 4
      vertex -15.8278 20.6272 4
    endloop
  endfacet
  facet normal 0 0 1
    outer loop
      vertex -14.4726 16.5029 4
      vertex -17.143 19.5478 4
      vertex -15.521 15.521 4
    endloop
  endfacet
  facet normal -0 0 1
    outer loop
      vertex -18.3848 18.3848 4
      vertex -15.521 15.521 4
      vertex -17.143 19.5478 4
    endloop
  endfacet
  facet normal 0 0 1
    outer loop
      vertex -15.521 15.521 4
      vertex -18.3848 18.3848 4
      vertex -16.5029 14.4726 4
    endloop
  endfacet
  facet normal -0 0 1
    outer loop
      vertex -19.5478 17.143 4
      vertex -16.5029 14.4726 4
      vertex -18.3848 18.3848 4
    endloop
  endfacet
  facet normal 0 0 1
    outer loop
      vertex -16.5029 14.4726 4
      vertex -19.5478 17.143 4
      vertex -17.4141 13.3623 4
    endloop
  endfacet
  facet normal -0 0 1
    outer loop
      vertex -20.6272 15.8278 4
      vertex -17.4141 13.3623 4
      vertex -19.5478 17.143 4
    endloop
  endfacet
  facet normal 0 0 1
    outer loop
      vertex -17.4141 13.3623 4
      vertex -20.6272 15.8278 4
      vertex -18.2508 12.1948 4
    endloop
  endfacet
  facet normal -0 0 1
    outer loop
      vertex -21.6182 14.4448 4
      vertex -18.2508 12.1948 4
      vertex -20.6272 15.8278 4
    endloop
  endfacet
  facet normal 0 0 1
    outer loop
      vertex -18.2508 12.1948 4
      vertex -21.6182 14.4448 4
      vertex -19.0093 10.975 4
    endloop
  endfacet
  facet normal -0 0 1
    outer loop
      vertex -22.5167 13 4
      vertex -19.0093 10.975 4
      vertex -21.6182 14.4448 4
    endloop
  endfacet
  facet normal 0 0 1
    outer loop
      vertex -19.0093 10.975 4
      vertex -22.5167 13 4
      vertex -19.6864 9.70824 4
    endloop
  endfacet
  facet normal -0 0 1
    outer loop
      vertex -23.3187 11.4995 4
      vertex -19.6864 9.70824 4
      vertex -22.5167 13 4
    endloop
  endfacet
  facet normal 0 0 1
    outer loop
      vertex -19.6864 9.70824 4
      vertex -23.3187 11.4995 4
      vertex -20.2792 8.3999 4
    endloop
  endfacet
  facet normal -0 0 1
    outer loop
      vertex -24.0209 9.94977 4
      vertex -20.2792 8.3999 4
      vertex -23.3187 11.4995 4
    endloop
  endfacet
  facet normal 0 0 1
    outer loop
      vertex -20.2792 8.3999 4
      vertex -24.0209 9.94977 4
      vertex -20.7851 7.0556 4
    endloop
  endfacet
  facet normal -0 0 1
    outer loop
      vertex -24.6202 8.35743 4
      vertex -20.7851 7.0556 4
      vertex -24.0209 9.94977 4
    endloop
  endfacet
  facet normal 0 0 1
    outer loop
      vertex -20.7851 7.0556 4
      vertex -24.6202 8.35743 4
      vertex -21.2021 5.68108 4
    endloop
  endfacet
  facet normal -0 0 1
    outer loop
      vertex -25.1141 6.72929 4
      vertex -21.2021 5.68108 4
      vertex -24.6202 8.35743 4
    endloop
  endfacet
  facet normal 0 0 1
    outer loop
      vertex 25.5004 -5.07235 4
      vertex 21.7622 -2.86505 4
      vertex 21.5282 -4.28223 4
    endloop
  endfacet
  facet normal 0 0 1
    outer loop
      vertex 25.1141 -6.72929 4
      vertex 21.2021 -5.68108 4
      vertex 24.6202 -8.35743 4
    endloop
  endfacet
  facet normal 0 0 1
    outer loop
      vertex 24.6202 -8.35743 4
      vertex 20.7851 -7.0556 4
      vertex 24.0209 -9.94977 4
    endloop
  endfacet
  facet normal -0 0 1
    outer loop
      vertex 20.2792 -8.3999 4
      vertex 24.0209 -9.94977 4
      vertex 20.7851 -7.0556 4
    endloop
  endfacet
  facet normal 0 0 1
    outer loop
      vertex 24.0209 -9.94977 4
      vertex 20.2792 -8.3999 4
      vertex 23.3187 -11.4995 4
    endloop
  endfacet
  facet normal -0 0 1
    outer loop
      vertex 19.6864 -9.70824 4
      vertex 23.3187 -11.4995 4
      vertex 20.2792 -8.3999 4
    endloop
  endfacet
  facet normal 0 0 1
    outer loop
      vertex 23.3187 -11.4995 4
      vertex 19.6864 -9.70824 4
      vertex 22.5167 -13 4
    endloop
  endfacet
  facet normal -0 0 1
    outer loop
      vertex 19.0093 -10.975 4
      vertex 22.5167 -13 4
      vertex 19.6864 -9.70824 4
    endloop
  endfacet
  facet normal 0 0 1
    outer loop
      vertex 22.5167 -13 4
      vertex 19.0093 -10.975 4
      vertex 21.6182 -14.4448 4
    endloop
  endfacet
  facet normal -0 0 1
    outer loop
      vertex 18.2508 -12.1948 4
      vertex 21.6182 -14.4448 4
      vertex 19.0093 -10.975 4
    endloop
  endfacet
  facet normal 0 0 1
    outer loop
      vertex 21.6182 -14.4448 4
      vertex 18.2508 -12.1948 4
      vertex 20.6272 -15.8278 4
    endloop
  endfacet
  facet normal -0 0 1
    outer loop
      vertex 17.4141 -13.3623 4
      vertex 20.6272 -15.8278 4
      vertex 18.2508 -12.1948 4
    endloop
  endfacet
  facet normal 0 0 1
    outer loop
      vertex 20.6272 -15.8278 4
      vertex 17.4141 -13.3623 4
      vertex 19.5478 -17.143 4
    endloop
  endfacet
  facet normal -0 0 1
    outer loop
      vertex 16.5029 -14.4726 4
      vertex 19.5478 -17.143 4
      vertex 17.4141 -13.3623 4
    endloop
  endfacet
  facet normal 0 0 1
    outer loop
      vertex 19.5478 -17.143 4
      vertex 16.5029 -14.4726 4
      vertex 18.3848 -18.3848 4
    endloop
  endfacet
  facet normal -0 0 1
    outer loop
      vertex 15.521 -15.521 4
      vertex 18.3848 -18.3848 4
      vertex 16.5029 -14.4726 4
    endloop
  endfacet
  facet normal 0 0 1
    outer loop
      vertex 18.3848 -18.3848 4
      vertex 15.521 -15.521 4
      vertex 17.143 -19.5478 4
    endloop
  endfacet
  facet normal -0 0 1
    outer loop
      vertex 14.4726 -16.5029 4
      vertex 17.143 -19.5478 4
      vertex 15.521 -15.521 4
    endloop
  endfacet
  facet normal 0 0 1
    outer loop
      vertex 17.143 -19.5478 4
      vertex 14.4726 -16.5029 4
      vertex 15.8278 -20.6272 4
    endloop
  endfacet
  facet normal -0 0 1
    outer loop
      vertex 13.3623 -17.4141 4
      vertex 15.8278 -20.6272 4
      vertex 14.4726 -16.5029 4
    endloop
  endfacet
  facet normal 0 0 1
    outer loop
      vertex 15.8278 -20.6272 4
      vertex 13.3623 -17.4141 4
      vertex 14.4448 -21.6182 4
    endloop
  endfacet
  facet normal -0 0 1
    outer loop
      vertex 12.1948 -18.2508 4
      vertex 14.4448 -21.6182 4
      vertex 13.3623 -17.4141 4
    endloop
  endfacet
  facet normal 0 0 1
    outer loop
      vertex 14.4448 -21.6182 4
      vertex 12.1948 -18.2508 4
      vertex 13 -22.5167 4
    endloop
  endfacet
  facet normal -0 0 1
    outer loop
      vertex 10.975 -19.0093 4
      vertex 13 -22.5167 4
      vertex 12.1948 -18.2508 4
    endloop
  endfacet
  facet normal 0 0 1
    outer loop
      vertex 13 -22.5167 4
      vertex 10.975 -19.0093 4
      vertex 11.4995 -23.3187 4
    endloop
  endfacet
  facet normal -0 0 1
    outer loop
      vertex 9.70824 -19.6864 4
      vertex 11.4995 -23.3187 4
      vertex 10.975 -19.0093 4
    endloop
  endfacet
  facet normal 0 0 1
    outer loop
      vertex 11.4995 -23.3187 4
      vertex 9.70824 -19.6864 4
      vertex 9.94977 -24.0209 4
    endloop
  endfacet
  facet normal -0 0 1
    outer loop
      vertex 8.3999 -20.2792 4
      vertex 9.94977 -24.0209 4
      vertex 9.70824 -19.6864 4
    endloop
  endfacet
  facet normal 0 0 1
    outer loop
      vertex 8.3999 -20.2792 4
      vertex 8.35743 -24.6202 4
      vertex 9.94977 -24.0209 4
    endloop
  endfacet
  facet normal -0 0 1
    outer loop
      vertex 7.0556 -20.7851 4
      vertex 8.35743 -24.6202 4
      vertex 8.3999 -20.2792 4
    endloop
  endfacet
  facet normal 0 0 1
    outer loop
      vertex 7.0556 -20.7851 4
      vertex 6.72929 -25.1141 4
      vertex 8.35743 -24.6202 4
    endloop
  endfacet
  facet normal -0 0 1
    outer loop
      vertex 5.68108 -21.2021 4
      vertex 6.72929 -25.1141 4
      vertex 7.0556 -20.7851 4
    endloop
  endfacet
  facet normal 0 0 1
    outer loop
      vertex 5.68108 -21.2021 4
      vertex 5.07235 -25.5004 4
      vertex 6.72929 -25.1141 4
    endloop
  endfacet
  facet normal -0 0 1
    outer loop
      vertex 4.28223 -21.5282 4
      vertex 5.07235 -25.5004 4
      vertex 5.68108 -21.2021 4
    endloop
  endfacet
  facet normal 0 0 1
    outer loop
      vertex 4.28223 -21.5282 4
      vertex 3.39368 -25.7776 4
      vertex 5.07235 -25.5004 4
    endloop
  endfacet
  facet normal -0 0 1
    outer loop
      vertex 2.86505 -21.7622 4
      vertex 3.39368 -25.7776 4
      vertex 4.28223 -21.5282 4
    endloop
  endfacet
  facet normal 0 0 1
    outer loop
      vertex 2.86505 -21.7622 4
      vertex 1.70048 -25.9443 4
      vertex 3.39368 -25.7776 4
    endloop
  endfacet
  facet normal -0 0 1
    outer loop
      vertex 1.4356 -21.903 4
      vertex 1.70048 -25.9443 4
      vertex 2.86505 -21.7622 4
    endloop
  endfacet
  facet normal -0 0 1
    outer loop
      vertex 0 -21.95 4
      vertex 1.70048 -25.9443 4
      vertex 1.4356 -21.903 4
    endloop
  endfacet
  facet normal 0 0 1
    outer loop
      vertex 0 -21.95 4
      vertex 0 -26 4
      vertex 1.70048 -25.9443 4
    endloop
  endfacet
  facet normal 0 0 1
    outer loop
      vertex -1.4356 -21.903 4
      vertex 0 -26 4
      vertex 0 -21.95 4
    endloop
  endfacet
  facet normal 0 0 1
    outer loop
      vertex -1.4356 -21.903 4
      vertex -1.70048 -25.9443 4
      vertex 0 -26 4
    endloop
  endfacet
  facet normal 0 0 1
    outer loop
      vertex -2.86505 -21.7622 4
      vertex -1.70048 -25.9443 4
      vertex -1.4356 -21.903 4
    endloop
  endfacet
  facet normal 0 0 1
    outer loop
      vertex -2.86505 -21.7622 4
      vertex -3.39368 -25.7776 4
      vertex -1.70048 -25.9443 4
    endloop
  endfacet
  facet normal 0 0 1
    outer loop
      vertex -4.28223 -21.5282 4
      vertex -3.39368 -25.7776 4
      vertex -2.86505 -21.7622 4
    endloop
  endfacet
  facet normal 0 0 1
    outer loop
      vertex -4.28223 -21.5282 4
      vertex -5.07235 -25.5004 4
      vertex -3.39368 -25.7776 4
    endloop
  endfacet
  facet normal 0 0 1
    outer loop
      vertex -5.68108 -21.2021 4
      vertex -5.07235 -25.5004 4
      vertex -4.28223 -21.5282 4
    endloop
  endfacet
  facet normal 0 0 1
    outer loop
      vertex -5.68108 -21.2021 4
      vertex -6.72929 -25.1141 4
      vertex -5.07235 -25.5004 4
    endloop
  endfacet
  facet normal 0 0 1
    outer loop
      vertex -7.0556 -20.7851 4
      vertex -6.72929 -25.1141 4
      vertex -5.68108 -21.2021 4
    endloop
  endfacet
  facet normal 0 0 1
    outer loop
      vertex -7.0556 -20.7851 4
      vertex -8.35743 -24.6202 4
      vertex -6.72929 -25.1141 4
    endloop
  endfacet
  facet normal 0 0 1
    outer loop
      vertex -8.3999 -20.2792 4
      vertex -8.35743 -24.6202 4
      vertex -7.0556 -20.7851 4
    endloop
  endfacet
  facet normal 0 0 1
    outer loop
      vertex -9.94977 -24.0209 4
      vertex -8.3999 -20.2792 4
      vertex -9.70824 -19.6864 4
    endloop
  endfacet
  facet normal 0 0 1
    outer loop
      vertex -8.3999 -20.2792 4
      vertex -9.94977 -24.0209 4
      vertex -8.35743 -24.6202 4
    endloop
  endfacet
  facet normal 0 0 1
    outer loop
      vertex -11.4995 -23.3187 4
      vertex -9.70824 -19.6864 4
      vertex -10.975 -19.0093 4
    endloop
  endfacet
  facet normal 0 0 1
    outer loop
      vertex -9.70824 -19.6864 4
      vertex -11.4995 -23.3187 4
      vertex -9.94977 -24.0209 4
    endloop
  endfacet
  facet normal 0 0 1
    outer loop
      vertex -13 -22.5167 4
      vertex -10.975 -19.0093 4
      vertex -12.1948 -18.2508 4
    endloop
  endfacet
  facet normal 0 0 1
    outer loop
      vertex -10.975 -19.0093 4
      vertex -13 -22.5167 4
      vertex -11.4995 -23.3187 4
    endloop
  endfacet
  facet normal 0 0 1
    outer loop
      vertex -14.4448 -21.6182 4
      vertex -12.1948 -18.2508 4
      vertex -13.3623 -17.4141 4
    endloop
  endfacet
  facet normal 0 0 1
    outer loop
      vertex -12.1948 -18.2508 4
      vertex -14.4448 -21.6182 4
      vertex -13 -22.5167 4
    endloop
  endfacet
  facet normal 0 0 1
    outer loop
      vertex -15.8278 -20.6272 4
      vertex -13.3623 -17.4141 4
      vertex -14.4726 -16.5029 4
    endloop
  endfacet
  facet normal 0 0 1
    outer loop
      vertex -17.143 -19.5478 4
      vertex -14.4726 -16.5029 4
      vertex -15.521 -15.521 4
    endloop
  endfacet
  facet normal 0 0 1
    outer loop
      vertex -13.3623 -17.4141 4
      vertex -15.8278 -20.6272 4
      vertex -14.4448 -21.6182 4
    endloop
  endfacet
  facet normal 0 0 1
    outer loop
      vertex -18.3848 -18.3848 4
      vertex -15.521 -15.521 4
      vertex -16.5029 -14.4726 4
    endloop
  endfacet
  facet normal 0 0 1
    outer loop
      vertex -14.4726 -16.5029 4
      vertex -17.143 -19.5478 4
      vertex -15.8278 -20.6272 4
    endloop
  endfacet
  facet normal 0 0 1
    outer loop
      vertex -19.5478 -17.143 4
      vertex -16.5029 -14.4726 4
      vertex -17.4141 -13.3623 4
    endloop
  endfacet
  facet normal 0 0 1
    outer loop
      vertex -20.6272 -15.8278 4
      vertex -17.4141 -13.3623 4
      vertex -18.2508 -12.1948 4
    endloop
  endfacet
  facet normal 0 0 1
    outer loop
      vertex -15.521 -15.521 4
      vertex -18.3848 -18.3848 4
      vertex -17.143 -19.5478 4
    endloop
  endfacet
  facet normal 0 0 1
    outer loop
      vertex -21.6182 -14.4448 4
      vertex -18.2508 -12.1948 4
      vertex -19.0093 -10.975 4
    endloop
  endfacet
  facet normal 0 0 1
    outer loop
      vertex -16.5029 -14.4726 4
      vertex -19.5478 -17.143 4
      vertex -18.3848 -18.3848 4
    endloop
  endfacet
  facet normal 0 0 1
    outer loop
      vertex -22.5167 -13 4
      vertex -19.0093 -10.975 4
      vertex -19.6864 -9.70824 4
    endloop
  endfacet
  facet normal 0 0 1
    outer loop
      vertex -23.3187 -11.4995 4
      vertex -19.6864 -9.70824 4
      vertex -20.2792 -8.3999 4
    endloop
  endfacet
  facet normal 0 0 1
    outer loop
      vertex -17.4141 -13.3623 4
      vertex -20.6272 -15.8278 4
      vertex -19.5478 -17.143 4
    endloop
  endfacet
  facet normal 0 0 1
    outer loop
      vertex -24.0209 -9.94977 4
      vertex -20.2792 -8.3999 4
      vertex -20.7851 -7.0556 4
    endloop
  endfacet
  facet normal 0 0 1
    outer loop
      vertex -24.6202 -8.35743 4
      vertex -20.7851 -7.0556 4
      vertex -21.2021 -5.68108 4
    endloop
  endfacet
  facet normal 0 0 1
    outer loop
      vertex -25.1141 -6.72929 4
      vertex -21.2021 -5.68108 4
      vertex -21.5282 -4.28223 4
    endloop
  endfacet
  facet normal 0 0 1
    outer loop
      vertex -18.2508 -12.1948 4
      vertex -21.6182 -14.4448 4
      vertex -20.6272 -15.8278 4
    endloop
  endfacet
  facet normal 0 0 1
    outer loop
      vertex -25.5004 -5.07235 4
      vertex -21.5282 -4.28223 4
      vertex -21.7622 -2.86505 4
    endloop
  endfacet
  facet normal 0 0 1
    outer loop
      vertex -25.7776 -3.39368 4
      vertex -21.7622 -2.86505 4
      vertex -21.903 -1.4356 4
    endloop
  endfacet
  facet normal 0 0 1
    outer loop
      vertex -25.9443 -1.70048 4
      vertex -21.903 -1.4356 4
      vertex -21.95 0 4
    endloop
  endfacet
  facet normal 0 0 1
    outer loop
      vertex -21.2021 5.68108 4
      vertex -25.1141 6.72929 4
      vertex -21.5282 4.28223 4
    endloop
  endfacet
  facet normal 0 0 1
    outer loop
      vertex -19.0093 -10.975 4
      vertex -22.5167 -13 4
      vertex -21.6182 -14.4448 4
    endloop
  endfacet
  facet normal -0 0 1
    outer loop
      vertex -25.5004 5.07235 4
      vertex -21.5282 4.28223 4
      vertex -25.1141 6.72929 4
    endloop
  endfacet
  facet normal 0 0 1
    outer loop
      vertex -19.6864 -9.70824 4
      vertex -23.3187 -11.4995 4
      vertex -22.5167 -13 4
    endloop
  endfacet
  facet normal 0 0 1
    outer loop
      vertex -21.5282 4.28223 4
      vertex -25.5004 5.07235 4
      vertex -21.7622 2.86505 4
    endloop
  endfacet
  facet normal 0 0 1
    outer loop
      vertex -20.2792 -8.3999 4
      vertex -24.0209 -9.94977 4
      vertex -23.3187 -11.4995 4
    endloop
  endfacet
  facet normal -0 0 1
    outer loop
      vertex -25.7776 3.39368 4
      vertex -21.7622 2.86505 4
      vertex -25.5004 5.07235 4
    endloop
  endfacet
  facet normal 0 0 1
    outer loop
      vertex -20.7851 -7.0556 4
      vertex -24.6202 -8.35743 4
      vertex -24.0209 -9.94977 4
    endloop
  endfacet
  facet normal 0 0 1
    outer loop
      vertex -21.7622 2.86505 4
      vertex -25.7776 3.39368 4
      vertex -21.903 1.4356 4
    endloop
  endfacet
  facet normal 0 0 1
    outer loop
      vertex -21.2021 -5.68108 4
      vertex -25.1141 -6.72929 4
      vertex -24.6202 -8.35743 4
    endloop
  endfacet
  facet normal -0 0 1
    outer loop
      vertex -25.9443 1.70048 4
      vertex -21.903 1.4356 4
      vertex -25.7776 3.39368 4
    endloop
  endfacet
  facet normal 0 0 1
    outer loop
      vertex -21.5282 -4.28223 4
      vertex -25.5004 -5.07235 4
      vertex -25.1141 -6.72929 4
    endloop
  endfacet
  facet normal 0 0 1
    outer loop
      vertex -21.903 1.4356 4
      vertex -25.9443 1.70048 4
      vertex -21.95 0 4
    endloop
  endfacet
  facet normal 0 0 1
    outer loop
      vertex -21.7622 -2.86505 4
      vertex -25.7776 -3.39368 4
      vertex -25.5004 -5.07235 4
    endloop
  endfacet
  facet normal 0 0 1
    outer loop
      vertex -26 0 4
      vertex -21.95 0 4
      vertex -25.9443 1.70048 4
    endloop
  endfacet
  facet normal 0 0 1
    outer loop
      vertex -21.903 -1.4356 4
      vertex -25.9443 -1.70048 4
      vertex -25.7776 -3.39368 4
    endloop
  endfacet
  facet normal 0 0 1
    outer loop
      vertex -21.95 0 4
      vertex -26 0 4
      vertex -25.9443 -1.70048 4
    endloop
  endfacet
  facet normal 0.634393 0.77301 -0
    outer loop
      vertex 14.4726 16.5029 4
      vertex 13.3623 17.4141 38
      vertex 14.4726 16.5029 38
    endloop
  endfacet
  facet normal 0.634393 0.77301 0
    outer loop
      vertex 13.3623 17.4141 38
      vertex 14.4726 16.5029 4
      vertex 13.3623 17.4141 4
    endloop
  endfacet
  facet normal 0.995188 -0.0979838 0
    outer loop
      vertex 25.7776 -3.39368 4
      vertex 25.8482 -2.67662 0
      vertex 25.8482 -2.67662 4
    endloop
  endfacet
  facet normal 0.995188 -0.0979838 0
    outer loop
      vertex 25.8482 -2.67662 0
      vertex 25.7776 -3.39368 4
      vertex 25.7776 -3.39368 0
    endloop
  endfacet
  facet normal -0.582461 0.812859 0
    outer loop
      vertex -14.4448 21.6182 0
      vertex -15.8278 20.6272 4
      vertex -14.4448 21.6182 4
    endloop
  endfacet
  facet normal -0.582461 0.812859 0
    outer loop
      vertex -15.8278 20.6272 4
      vertex -14.4448 21.6182 0
      vertex -15.8278 20.6272 0
    endloop
  endfacet
  facet normal 0.41272 0.910858 -0
    outer loop
      vertex 11.4995 23.3187 0
      vertex 9.94977 24.0209 4
      vertex 11.4995 23.3187 4
    endloop
  endfacet
  facet normal 0.41272 0.910858 0
    outer loop
      vertex 9.94977 24.0209 4
      vertex 11.4995 23.3187 0
      vertex 9.94977 24.0209 0
    endloop
  endfacet
  facet normal -0.935909 0.352243 0
    outer loop
      vertex -24.6202 8.35743 0
      vertex -24.0209 9.94977 4
      vertex -24.0209 9.94977 0
    endloop
  endfacet
  facet normal -0.935909 0.352243 0
    outer loop
      vertex -24.0209 9.94977 4
      vertex -24.6202 8.35743 0
      vertex -24.6202 8.35743 4
    endloop
  endfacet
  facet normal 0.528096 0.849185 -0
    outer loop
      vertex 14.4448 21.6182 0
      vertex 13 22.5167 4
      vertex 14.4448 21.6182 4
    endloop
  endfacet
  facet normal 0.528096 0.849185 0
    outer loop
      vertex 13 22.5167 4
      vertex 14.4448 21.6182 0
      vertex 13 22.5167 0
    endloop
  endfacet
  facet normal -0.227052 -0.973883 0
    outer loop
      vertex -6.72929 -25.1141 0
      vertex -5.07235 -25.5004 4
      vertex -6.72929 -25.1141 4
    endloop
  endfacet
  facet normal -0.227052 -0.973883 -0
    outer loop
      vertex -5.07235 -25.5004 4
      vertex -6.72929 -25.1141 0
      vertex -5.07235 -25.5004 0
    endloop
  endfacet
  facet normal 0.471381 -0.88193 0
    outer loop
      vertex 11.4995 -23.3187 0
      vertex 13 -22.5167 4
      vertex 11.4995 -23.3187 4
    endloop
  endfacet
  facet normal 0.471381 -0.88193 0
    outer loop
      vertex 13 -22.5167 4
      vertex 11.4995 -23.3187 0
      vertex 13 -22.5167 0
    endloop
  endfacet
  facet normal -0.162924 0.986639 0
    outer loop
      vertex -3.39368 25.7776 0
      vertex -5.07235 25.5004 4
      vertex -3.39368 25.7776 4
    endloop
  endfacet
  facet normal -0.162924 0.986639 0
    outer loop
      vertex -5.07235 25.5004 4
      vertex -3.39368 25.7776 0
      vertex -5.07235 25.5004 0
    endloop
  endfacet
  facet normal 0.0327379 0.999464 -0
    outer loop
      vertex 1.70048 25.9443 0
      vertex 0 26 4
      vertex 1.70048 25.9443 4
    endloop
  endfacet
  facet normal 0.0327379 0.999464 0
    outer loop
      vertex 0 26 4
      vertex 1.70048 25.9443 0
      vertex 0 26 0
    endloop
  endfacet
  facet normal 0.162924 0.986639 -0
    outer loop
      vertex 5.07235 25.5004 0
      vertex 3.39368 25.7776 4
      vertex 5.07235 25.5004 4
    endloop
  endfacet
  facet normal 0.162924 0.986639 0
    outer loop
      vertex 3.39368 25.7776 4
      vertex 5.07235 25.5004 0
      vertex 3.39368 25.7776 0
    endloop
  endfacet
  facet normal 0.162924 -0.986639 0
    outer loop
      vertex 3.39368 -25.7776 0
      vertex 5.07235 -25.5004 4
      vertex 3.39368 -25.7776 4
    endloop
  endfacet
  facet normal 0.162924 -0.986639 0
    outer loop
      vertex 5.07235 -25.5004 4
      vertex 3.39368 -25.7776 0
      vertex 5.07235 -25.5004 0
    endloop
  endfacet
  facet normal -0.352243 0.935909 0
    outer loop
      vertex -8.35743 24.6202 0
      vertex -9.94977 24.0209 4
      vertex -8.35743 24.6202 4
    endloop
  endfacet
  facet normal -0.352243 0.935909 0
    outer loop
      vertex -9.94977 24.0209 4
      vertex -8.35743 24.6202 0
      vertex -9.94977 24.0209 0
    endloop
  endfacet
  facet normal 0.935909 0.352243 0
    outer loop
      vertex 24.6202 8.35743 4
      vertex 24.0209 9.94977 0
      vertex 24.0209 9.94977 4
    endloop
  endfacet
  facet normal 0.935909 0.352243 0
    outer loop
      vertex 24.0209 9.94977 0
      vertex 24.6202 8.35743 4
      vertex 24.6202 8.35743 0
    endloop
  endfacet
  facet normal -0.634408 0.772998 0
    outer loop
      vertex -15.8278 20.6272 0
      vertex -17.143 19.5478 4
      vertex -15.8278 20.6272 4
    endloop
  endfacet
  facet normal -0.634408 0.772998 0
    outer loop
      vertex -17.143 19.5478 4
      vertex -15.8278 20.6272 0
      vertex -17.143 19.5478 0
    endloop
  endfacet
  facet normal 0.935909 -0.352243 0
    outer loop
      vertex 24.0209 -9.94977 4
      vertex 24.6202 -8.35743 0
      vertex 24.6202 -8.35743 4
    endloop
  endfacet
  facet normal 0.935909 -0.352243 0
    outer loop
      vertex 24.6202 -8.35743 0
      vertex 24.0209 -9.94977 4
      vertex 24.0209 -9.94977 0
    endloop
  endfacet
  facet normal 0.582461 -0.812859 0
    outer loop
      vertex 14.4448 -21.6182 0
      vertex 15.8278 -20.6272 4
      vertex 14.4448 -21.6182 4
    endloop
  endfacet
  facet normal 0.582461 -0.812859 0
    outer loop
      vertex 15.8278 -20.6272 4
      vertex 14.4448 -21.6182 0
      vertex 15.8278 -20.6272 0
    endloop
  endfacet
  facet normal -0.729885 -0.68357 0
    outer loop
      vertex -18.3848 -18.3848 0
      vertex -19.5478 -17.143 4
      vertex -19.5478 -17.143 0
    endloop
  endfacet
  facet normal -0.729885 -0.68357 0
    outer loop
      vertex -19.5478 -17.143 4
      vertex -18.3848 -18.3848 0
      vertex -18.3848 -18.3848 4
    endloop
  endfacet
  facet normal 0.910858 0.41272 0
    outer loop
      vertex 24.0209 9.94977 4
      vertex 23.3187 11.4995 0
      vertex 23.3187 11.4995 4
    endloop
  endfacet
  facet normal 0.910858 0.41272 0
    outer loop
      vertex 23.3187 11.4995 0
      vertex 24.0209 9.94977 4
      vertex 24.0209 9.94977 0
    endloop
  endfacet
  facet normal -0.995188 0.0979789 0
    outer loop
      vertex -25.9443 1.70048 0
      vertex -25.7776 3.39368 4
      vertex -25.7776 3.39368 0
    endloop
  endfacet
  facet normal -0.995188 0.0979789 0
    outer loop
      vertex -25.7776 3.39368 4
      vertex -25.9443 1.70048 0
      vertex -25.9443 1.70048 4
    endloop
  endfacet
  facet normal 0.41272 -0.910858 0
    outer loop
      vertex 9.94977 -24.0209 0
      vertex 11.4995 -23.3187 4
      vertex 9.94977 -24.0209 4
    endloop
  endfacet
  facet normal 0.41272 -0.910858 0
    outer loop
      vertex 11.4995 -23.3187 4
      vertex 9.94977 -24.0209 0
      vertex 11.4995 -23.3187 0
    endloop
  endfacet
  facet normal -0.0979789 -0.995188 0
    outer loop
      vertex -3.39368 -25.7776 0
      vertex -1.70048 -25.9443 4
      vertex -3.39368 -25.7776 4
    endloop
  endfacet
  facet normal -0.0979789 -0.995188 -0
    outer loop
      vertex -1.70048 -25.9443 4
      vertex -3.39368 -25.7776 0
      vertex -1.70048 -25.9443 0
    endloop
  endfacet
  facet normal -0.41272 -0.910858 0
    outer loop
      vertex -11.4995 -23.3187 0
      vertex -9.94977 -24.0209 4
      vertex -11.4995 -23.3187 4
    endloop
  endfacet
  facet normal -0.41272 -0.910858 -0
    outer loop
      vertex -9.94977 -24.0209 4
      vertex -11.4995 -23.3187 0
      vertex -9.94977 -24.0209 0
    endloop
  endfacet
  facet normal -0.352243 -0.935909 0
    outer loop
      vertex -9.94977 -24.0209 0
      vertex -8.35743 -24.6202 4
      vertex -9.94977 -24.0209 4
    endloop
  endfacet
  facet normal -0.352243 -0.935909 -0
    outer loop
      vertex -8.35743 -24.6202 4
      vertex -9.94977 -24.0209 0
      vertex -8.35743 -24.6202 0
    endloop
  endfacet
  facet normal -0.849185 0.528096 0
    outer loop
      vertex -22.5167 13 0
      vertex -21.6182 14.4448 4
      vertex -21.6182 14.4448 0
    endloop
  endfacet
  facet normal -0.849185 0.528096 0
    outer loop
      vertex -21.6182 14.4448 4
      vertex -22.5167 13 0
      vertex -22.5167 13 4
    endloop
  endfacet
  facet normal -0.29029 -0.956939 0
    outer loop
      vertex -8.35743 -24.6202 0
      vertex -6.72929 -25.1141 4
      vertex -8.35743 -24.6202 4
    endloop
  endfacet
  facet normal -0.29029 -0.956939 -0
    outer loop
      vertex -6.72929 -25.1141 4
      vertex -8.35743 -24.6202 0
      vertex -6.72929 -25.1141 0
    endloop
  endfacet
  facet normal 0.910858 -0.41272 0
    outer loop
      vertex 23.3187 -11.4995 4
      vertex 24.0209 -9.94977 0
      vertex 24.0209 -9.94977 4
    endloop
  endfacet
  facet normal 0.910858 -0.41272 0
    outer loop
      vertex 24.0209 -9.94977 0
      vertex 23.3187 -11.4995 4
      vertex 23.3187 -11.4995 0
    endloop
  endfacet
  facet normal -0.471381 -0.88193 0
    outer loop
      vertex -13 -22.5167 0
      vertex -11.4995 -23.3187 4
      vertex -13 -22.5167 4
    endloop
  endfacet
  facet normal -0.471381 -0.88193 -0
    outer loop
      vertex -11.4995 -23.3187 4
      vertex -13 -22.5167 0
      vertex -11.4995 -23.3187 0
    endloop
  endfacet
  facet normal 0.68357 0.729885 -0
    outer loop
      vertex 18.3848 18.3848 0
      vertex 17.143 19.5478 4
      vertex 18.3848 18.3848 4
    endloop
  endfacet
  facet normal 0.68357 0.729885 0
    outer loop
      vertex 17.143 19.5478 4
      vertex 18.3848 18.3848 0
      vertex 17.143 19.5478 0
    endloop
  endfacet
  facet normal -0.956939 0.29029 0
    outer loop
      vertex -25.1141 6.72929 0
      vertex -24.6202 8.35743 4
      vertex -24.6202 8.35743 0
    endloop
  endfacet
  facet normal -0.956939 0.29029 0
    outer loop
      vertex -24.6202 8.35743 4
      vertex -25.1141 6.72929 0
      vertex -25.1141 6.72929 4
    endloop
  endfacet
  facet normal 0.729885 0.68357 0
    outer loop
      vertex 19.5478 17.143 4
      vertex 18.3848 18.3848 0
      vertex 18.3848 18.3848 4
    endloop
  endfacet
  facet normal 0.729885 0.68357 0
    outer loop
      vertex 18.3848 18.3848 0
      vertex 19.5478 17.143 4
      vertex 19.5478 17.143 0
    endloop
  endfacet
  facet normal -0.956939 -0.29029 0
    outer loop
      vertex -24.6202 -8.35743 0
      vertex -25.1141 -6.72929 4
      vertex -25.1141 -6.72929 0
    endloop
  endfacet
  facet normal -0.956939 -0.29029 0
    outer loop
      vertex -25.1141 -6.72929 4
      vertex -24.6202 -8.35743 0
      vertex -24.6202 -8.35743 4
    endloop
  endfacet
  facet normal -0.849185 -0.528096 0
    outer loop
      vertex -21.6182 -14.4448 0
      vertex -22.5167 -13 4
      vertex -22.5167 -13 0
    endloop
  endfacet
  facet normal -0.849185 -0.528096 0
    outer loop
      vertex -22.5167 -13 4
      vertex -21.6182 -14.4448 0
      vertex -21.6182 -14.4448 4
    endloop
  endfacet
  facet normal -0.528096 -0.849185 0
    outer loop
      vertex -14.4448 -21.6182 0
      vertex -13 -22.5167 4
      vertex -14.4448 -21.6182 4
    endloop
  endfacet
  facet normal -0.528096 -0.849185 -0
    outer loop
      vertex -13 -22.5167 4
      vertex -14.4448 -21.6182 0
      vertex -13 -22.5167 0
    endloop
  endfacet
  facet normal 0.812859 -0.582461 0
    outer loop
      vertex 20.6272 -15.8278 4
      vertex 21.6182 -14.4448 0
      vertex 21.6182 -14.4448 4
    endloop
  endfacet
  facet normal 0.812859 -0.582461 0
    outer loop
      vertex 21.6182 -14.4448 0
      vertex 20.6272 -15.8278 4
      vertex 20.6272 -15.8278 0
    endloop
  endfacet
  facet normal 0.986639 -0.162924 0
    outer loop
      vertex 25.5004 -5.07235 4
      vertex 25.7776 -3.39368 0
      vertex 25.7776 -3.39368 4
    endloop
  endfacet
  facet normal 0.986639 -0.162924 0
    outer loop
      vertex 25.7776 -3.39368 0
      vertex 25.5004 -5.07235 4
      vertex 25.5004 -5.07235 0
    endloop
  endfacet
  facet normal -0.162924 -0.986639 0
    outer loop
      vertex -5.07235 -25.5004 0
      vertex -3.39368 -25.7776 4
      vertex -5.07235 -25.5004 4
    endloop
  endfacet
  facet normal -0.162924 -0.986639 -0
    outer loop
      vertex -3.39368 -25.7776 4
      vertex -5.07235 -25.5004 0
      vertex -3.39368 -25.7776 0
    endloop
  endfacet
  facet normal 0.29029 0.956939 -0
    outer loop
      vertex 8.35743 24.6202 0
      vertex 6.72929 25.1141 4
      vertex 8.35743 24.6202 4
    endloop
  endfacet
  facet normal 0.29029 0.956939 0
    outer loop
      vertex 6.72929 25.1141 4
      vertex 8.35743 24.6202 0
      vertex 6.72929 25.1141 0
    endloop
  endfacet
  facet normal 0.986639 0.162924 0
    outer loop
      vertex 25.7776 3.39368 4
      vertex 25.5004 5.07235 0
      vertex 25.5004 5.07235 4
    endloop
  endfacet
  facet normal 0.986639 0.162924 0
    outer loop
      vertex 25.5004 5.07235 0
      vertex 25.7776 3.39368 4
      vertex 25.7776 3.39368 0
    endloop
  endfacet
  facet normal 0.634408 0.772998 -0
    outer loop
      vertex 17.143 19.5478 0
      vertex 15.8278 20.6272 4
      vertex 17.143 19.5478 4
    endloop
  endfacet
  facet normal 0.634408 0.772998 0
    outer loop
      vertex 15.8278 20.6272 4
      vertex 17.143 19.5478 0
      vertex 15.8278 20.6272 0
    endloop
  endfacet
  facet normal -0.68357 0.729885 0
    outer loop
      vertex -17.143 19.5478 0
      vertex -18.3848 18.3848 4
      vertex -17.143 19.5478 4
    endloop
  endfacet
  facet normal -0.68357 0.729885 0
    outer loop
      vertex -18.3848 18.3848 4
      vertex -17.143 19.5478 0
      vertex -18.3848 18.3848 0
    endloop
  endfacet
  facet normal 0.956939 -0.29029 0
    outer loop
      vertex 24.6202 -8.35743 4
      vertex 25.1141 -6.72929 0
      vertex 25.1141 -6.72929 4
    endloop
  endfacet
  facet normal 0.956939 -0.29029 0
    outer loop
      vertex 25.1141 -6.72929 0
      vertex 24.6202 -8.35743 4
      vertex 24.6202 -8.35743 0
    endloop
  endfacet
  facet normal 0.812859 0.582461 0
    outer loop
      vertex 21.6182 14.4448 4
      vertex 20.6272 15.8278 0
      vertex 20.6272 15.8278 4
    endloop
  endfacet
  facet normal 0.812859 0.582461 0
    outer loop
      vertex 20.6272 15.8278 0
      vertex 21.6182 14.4448 4
      vertex 21.6182 14.4448 0
    endloop
  endfacet
  facet normal 0.956939 0.29029 0
    outer loop
      vertex 25.1141 6.72929 4
      vertex 24.6202 8.35743 0
      vertex 24.6202 8.35743 4
    endloop
  endfacet
  facet normal 0.956939 0.29029 0
    outer loop
      vertex 24.6202 8.35743 0
      vertex 25.1141 6.72929 4
      vertex 25.1141 6.72929 0
    endloop
  endfacet
  facet normal 0.471381 0.88193 -0
    outer loop
      vertex 13 22.5167 0
      vertex 11.4995 23.3187 4
      vertex 13 22.5167 4
    endloop
  endfacet
  facet normal 0.471381 0.88193 0
    outer loop
      vertex 11.4995 23.3187 4
      vertex 13 22.5167 0
      vertex 11.4995 23.3187 0
    endloop
  endfacet
  facet normal -0.582461 -0.812859 0
    outer loop
      vertex -15.8278 -20.6272 0
      vertex -14.4448 -21.6182 4
      vertex -15.8278 -20.6272 4
    endloop
  endfacet
  facet normal -0.582461 -0.812859 -0
    outer loop
      vertex -14.4448 -21.6182 4
      vertex -15.8278 -20.6272 0
      vertex -14.4448 -21.6182 0
    endloop
  endfacet
  facet normal -0.999464 -0.0327379 0
    outer loop
      vertex -25.9443 -1.70048 0
      vertex -26 0 4
      vertex -26 0 0
    endloop
  endfacet
  facet normal -0.999464 -0.0327379 0
    outer loop
      vertex -26 0 4
      vertex -25.9443 -1.70048 0
      vertex -25.9443 -1.70048 4
    endloop
  endfacet
  facet normal -0.0979789 0.995188 0
    outer loop
      vertex -1.70048 25.9443 0
      vertex -3.39368 25.7776 4
      vertex -1.70048 25.9443 4
    endloop
  endfacet
  facet normal -0.0979789 0.995188 0
    outer loop
      vertex -3.39368 25.7776 4
      vertex -1.70048 25.9443 0
      vertex -3.39368 25.7776 0
    endloop
  endfacet
  facet normal 0.995188 0.0979838 0
    outer loop
      vertex 25.8482 2.67662 4
      vertex 25.7776 3.39368 0
      vertex 25.7776 3.39368 4
    endloop
  endfacet
  facet normal 0.995188 0.0979838 0
    outer loop
      vertex 25.7776 3.39368 0
      vertex 25.8482 2.67662 4
      vertex 25.8482 2.67662 0
    endloop
  endfacet
  facet normal 0.88193 -0.471381 0
    outer loop
      vertex 22.5167 -13 4
      vertex 23.3187 -11.4995 0
      vertex 23.3187 -11.4995 4
    endloop
  endfacet
  facet normal 0.88193 -0.471381 0
    outer loop
      vertex 23.3187 -11.4995 0
      vertex 22.5167 -13 4
      vertex 22.5167 -13 0
    endloop
  endfacet
  facet normal -0.986639 0.162924 0
    outer loop
      vertex -25.7776 3.39368 0
      vertex -25.5004 5.07235 4
      vertex -25.5004 5.07235 0
    endloop
  endfacet
  facet normal -0.986639 0.162924 0
    outer loop
      vertex -25.5004 5.07235 4
      vertex -25.7776 3.39368 0
      vertex -25.7776 3.39368 4
    endloop
  endfacet
  facet normal -0.227052 0.973883 0
    outer loop
      vertex -5.07235 25.5004 0
      vertex -6.72929 25.1141 4
      vertex -5.07235 25.5004 4
    endloop
  endfacet
  facet normal -0.227052 0.973883 0
    outer loop
      vertex -6.72929 25.1141 4
      vertex -5.07235 25.5004 0
      vertex -6.72929 25.1141 0
    endloop
  endfacet
  facet normal 0.772998 0.634408 0
    outer loop
      vertex 20.6272 15.8278 4
      vertex 19.5478 17.143 0
      vertex 19.5478 17.143 4
    endloop
  endfacet
  facet normal 0.772998 0.634408 0
    outer loop
      vertex 19.5478 17.143 0
      vertex 20.6272 15.8278 4
      vertex 20.6272 15.8278 0
    endloop
  endfacet
  facet normal -0.935909 -0.352243 0
    outer loop
      vertex -24.0209 -9.94977 0
      vertex -24.6202 -8.35743 4
      vertex -24.6202 -8.35743 0
    endloop
  endfacet
  facet normal -0.935909 -0.352243 0
    outer loop
      vertex -24.6202 -8.35743 4
      vertex -24.0209 -9.94977 0
      vertex -24.0209 -9.94977 4
    endloop
  endfacet
  facet normal 0 0 -1
    outer loop
      vertex 23.1716 0 0
      vertex 25.7776 -3.39368 0
      vertex 25.5004 -5.07235 0
    endloop
  endfacet
  facet normal 0 0 -1
    outer loop
      vertex 17.6051 -3.50187 0
      vertex 25.5004 -5.07235 0
      vertex 25.1141 -6.72929 0
    endloop
  endfacet
  facet normal 0 0 -1
    outer loop
      vertex 17.3384 -4.6458 0
      vertex 25.1141 -6.72929 0
      vertex 24.6202 -8.35743 0
    endloop
  endfacet
  facet normal 0 0 -1
    outer loop
      vertex 16.9974 -5.76984 0
      vertex 24.6202 -8.35743 0
      vertex 24.0209 -9.94977 0
    endloop
  endfacet
  facet normal 0 0 -1
    outer loop
      vertex 16.5836 -6.86917 0
      vertex 24.0209 -9.94977 0
      vertex 23.3187 -11.4995 0
    endloop
  endfacet
  facet normal 0 0 -1
    outer loop
      vertex 25.1141 -6.72929 0
      vertex 17.3384 -4.6458 0
      vertex 17.6051 -3.50187 0
    endloop
  endfacet
  facet normal 0 0 -1
    outer loop
      vertex 16.0989 -7.93908 0
      vertex 23.3187 -11.4995 0
      vertex 22.5167 -13 0
    endloop
  endfacet
  facet normal 0 0 -1
    outer loop
      vertex 23.1716 0 0
      vertex 25.7776 3.39368 0
      vertex 25.8482 2.67662 0
    endloop
  endfacet
  facet normal -0 0 -1
    outer loop
      vertex 25.7776 3.39368 0
      vertex 23.1716 0 0
      vertex 25.5004 5.07235 0
    endloop
  endfacet
  facet normal -0 0 -1
    outer loop
      vertex 25.5004 5.07235 0
      vertex 17.6051 3.50187 0
      vertex 25.1141 6.72929 0
    endloop
  endfacet
  facet normal 0 0 -1
    outer loop
      vertex 17.3384 4.6458 0
      vertex 25.1141 6.72929 0
      vertex 17.6051 3.50187 0
    endloop
  endfacet
  facet normal 0 0 -1
    outer loop
      vertex 16.9974 5.76984 0
      vertex 24.6202 8.35743 0
      vertex 17.3384 4.6458 0
    endloop
  endfacet
  facet normal 0 0 -1
    outer loop
      vertex 25.5004 5.07235 0
      vertex 23.1716 0 0
      vertex 17.6051 3.50187 0
    endloop
  endfacet
  facet normal 0 -0 -1
    outer loop
      vertex 23.1716 0 0
      vertex 25.5004 -5.07235 0
      vertex 17.6051 -3.50187 0
    endloop
  endfacet
  facet normal 0 0 -1
    outer loop
      vertex 17.9116 1.17399 0
      vertex 23.1716 0 0
      vertex 17.95 0 0
    endloop
  endfacet
  facet normal 0 0 -1
    outer loop
      vertex 15.5452 -8.975 0
      vertex 22.5167 -13 0
      vertex 21.6182 -14.4448 0
    endloop
  endfacet
  facet normal 0 0 -1
    outer loop
      vertex 17.7964 2.34295 0
      vertex 23.1716 0 0
      vertex 17.9116 1.17399 0
    endloop
  endfacet
  facet normal 0 0 -1
    outer loop
      vertex 14.9249 -9.97249 0
      vertex 21.6182 -14.4448 0
      vertex 20.6272 -15.8278 0
    endloop
  endfacet
  facet normal 0 0 -1
    outer loop
      vertex 17.6051 3.50187 0
      vertex 23.1716 0 0
      vertex 17.7964 2.34295 0
    endloop
  endfacet
  facet normal 0 0 -1
    outer loop
      vertex 14.2407 -10.9273 0
      vertex 20.6272 -15.8278 0
      vertex 19.5478 -17.143 0
    endloop
  endfacet
  facet normal -0 0 -1
    outer loop
      vertex 25.1141 6.72929 0
      vertex 17.3384 4.6458 0
      vertex 24.6202 8.35743 0
    endloop
  endfacet
  facet normal 0 0 -1
    outer loop
      vertex 13.4955 -11.8353 0
      vertex 19.5478 -17.143 0
      vertex 18.3848 -18.3848 0
    endloop
  endfacet
  facet normal -0 0 -1
    outer loop
      vertex 24.6202 8.35743 0
      vertex 16.9974 5.76984 0
      vertex 24.0209 9.94977 0
    endloop
  endfacet
  facet normal 0 0 -1
    outer loop
      vertex 16.5836 6.86917 0
      vertex 24.0209 9.94977 0
      vertex 16.9974 5.76984 0
    endloop
  endfacet
  facet normal -0 0 -1
    outer loop
      vertex 23.1716 0 0
      vertex 17.9116 -1.17399 0
      vertex 17.95 0 0
    endloop
  endfacet
  facet normal 0 0 -1
    outer loop
      vertex 23.1716 0 0
      vertex 17.7964 -2.34295 0
      vertex 17.9116 -1.17399 0
    endloop
  endfacet
  facet normal 0 0 -1
    outer loop
      vertex 23.1716 0 0
      vertex 17.6051 -3.50187 0
      vertex 17.7964 -2.34295 0
    endloop
  endfacet
  facet normal 0 0 -1
    outer loop
      vertex 25.7776 -3.39368 0
      vertex 23.1716 0 0
      vertex 25.8482 -2.67662 0
    endloop
  endfacet
  facet normal 0 0 -1
    outer loop
      vertex 12.6926 -12.6926 0
      vertex 18.3848 -18.3848 0
      vertex 17.143 -19.5478 0
    endloop
  endfacet
  facet normal 0 0 -1
    outer loop
      vertex 24.6202 -8.35743 0
      vertex 16.9974 -5.76984 0
      vertex 17.3384 -4.6458 0
    endloop
  endfacet
  facet normal 0 0 -1
    outer loop
      vertex 24.0209 -9.94977 0
      vertex 16.5836 -6.86917 0
      vertex 16.9974 -5.76984 0
    endloop
  endfacet
  facet normal 0 0 -1
    outer loop
      vertex 23.3187 -11.4995 0
      vertex 16.0989 -7.93908 0
      vertex 16.5836 -6.86917 0
    endloop
  endfacet
  facet normal 0 0 -1
    outer loop
      vertex 11.8353 -13.4955 0
      vertex 17.143 -19.5478 0
      vertex 15.8278 -20.6272 0
    endloop
  endfacet
  facet normal 0 0 -1
    outer loop
      vertex 22.5167 -13 0
      vertex 15.5452 -8.975 0
      vertex 16.0989 -7.93908 0
    endloop
  endfacet
  facet normal 0 0 -1
    outer loop
      vertex 21.6182 -14.4448 0
      vertex 14.9249 -9.97249 0
      vertex 15.5452 -8.975 0
    endloop
  endfacet
  facet normal 0 0 -1
    outer loop
      vertex 10.9273 -14.2407 0
      vertex 15.8278 -20.6272 0
      vertex 14.4448 -21.6182 0
    endloop
  endfacet
  facet normal 0 0 -1
    outer loop
      vertex 20.6272 -15.8278 0
      vertex 14.2407 -10.9273 0
      vertex 14.9249 -9.97249 0
    endloop
  endfacet
  facet normal 0 0 -1
    outer loop
      vertex 19.5478 -17.143 0
      vertex 13.4955 -11.8353 0
      vertex 14.2407 -10.9273 0
    endloop
  endfacet
  facet normal 0 0 -1
    outer loop
      vertex 9.97249 -14.9249 0
      vertex 14.4448 -21.6182 0
      vertex 13 -22.5167 0
    endloop
  endfacet
  facet normal 0 0 -1
    outer loop
      vertex 18.3848 -18.3848 0
      vertex 12.6926 -12.6926 0
      vertex 13.4955 -11.8353 0
    endloop
  endfacet
  facet normal 0 0 -1
    outer loop
      vertex 17.143 -19.5478 0
      vertex 11.8353 -13.4955 0
      vertex 12.6926 -12.6926 0
    endloop
  endfacet
  facet normal 0 0 -1
    outer loop
      vertex 8.975 -15.5452 0
      vertex 13 -22.5167 0
      vertex 11.4995 -23.3187 0
    endloop
  endfacet
  facet normal 0 0 -1
    outer loop
      vertex 15.8278 -20.6272 0
      vertex 10.9273 -14.2407 0
      vertex 11.8353 -13.4955 0
    endloop
  endfacet
  facet normal 0 0 -1
    outer loop
      vertex 14.4448 -21.6182 0
      vertex 9.97249 -14.9249 0
      vertex 10.9273 -14.2407 0
    endloop
  endfacet
  facet normal 0 0 -1
    outer loop
      vertex 7.93908 -16.0989 0
      vertex 11.4995 -23.3187 0
      vertex 9.94977 -24.0209 0
    endloop
  endfacet
  facet normal 0 0 -1
    outer loop
      vertex 13 -22.5167 0
      vertex 8.975 -15.5452 0
      vertex 9.97249 -14.9249 0
    endloop
  endfacet
  facet normal 0 0 -1
    outer loop
      vertex 6.86917 -16.5836 0
      vertex 9.94977 -24.0209 0
      vertex 8.35743 -24.6202 0
    endloop
  endfacet
  facet normal 0 0 -1
    outer loop
      vertex 11.4995 -23.3187 0
      vertex 7.93908 -16.0989 0
      vertex 8.975 -15.5452 0
    endloop
  endfacet
  facet normal 0 0 -1
    outer loop
      vertex 9.94977 -24.0209 0
      vertex 6.86917 -16.5836 0
      vertex 7.93908 -16.0989 0
    endloop
  endfacet
  facet normal 0 0 -1
    outer loop
      vertex 5.76984 -16.9974 0
      vertex 8.35743 -24.6202 0
      vertex 6.72929 -25.1141 0
    endloop
  endfacet
  facet normal 0 0 -1
    outer loop
      vertex 8.35743 -24.6202 0
      vertex 5.76984 -16.9974 0
      vertex 6.86917 -16.5836 0
    endloop
  endfacet
  facet normal 0 0 -1
    outer loop
      vertex 4.6458 -17.3384 0
      vertex 6.72929 -25.1141 0
      vertex 5.07235 -25.5004 0
    endloop
  endfacet
  facet normal 0 0 -1
    outer loop
      vertex 6.72929 -25.1141 0
      vertex 4.6458 -17.3384 0
      vertex 5.76984 -16.9974 0
    endloop
  endfacet
  facet normal 0 0 -1
    outer loop
      vertex 5.07235 -25.5004 0
      vertex 3.50187 -17.6051 0
      vertex 4.6458 -17.3384 0
    endloop
  endfacet
  facet normal 0 0 -1
    outer loop
      vertex 3.39368 -25.7776 0
      vertex 3.50187 -17.6051 0
      vertex 5.07235 -25.5004 0
    endloop
  endfacet
  facet normal 0 0 -1
    outer loop
      vertex 3.39368 -25.7776 0
      vertex 2.34295 -17.7964 0
      vertex 3.50187 -17.6051 0
    endloop
  endfacet
  facet normal 0 0 -1
    outer loop
      vertex 1.70048 -25.9443 0
      vertex 2.34295 -17.7964 0
      vertex 3.39368 -25.7776 0
    endloop
  endfacet
  facet normal 0 0 -1
    outer loop
      vertex 1.70048 -25.9443 0
      vertex 1.17399 -17.9116 0
      vertex 2.34295 -17.7964 0
    endloop
  endfacet
  facet normal 0 0 -1
    outer loop
      vertex 0 -26 0
      vertex 1.17399 -17.9116 0
      vertex 1.70048 -25.9443 0
    endloop
  endfacet
  facet normal 0 0 -1
    outer loop
      vertex 0 -26 0
      vertex 0 -17.95 0
      vertex 1.17399 -17.9116 0
    endloop
  endfacet
  facet normal 0 0 -1
    outer loop
      vertex 0 -26 0
      vertex -1.17399 -17.9116 0
      vertex 0 -17.95 0
    endloop
  endfacet
  facet normal 0 0 -1
    outer loop
      vertex -1.70048 -25.9443 0
      vertex -1.17399 -17.9116 0
      vertex 0 -26 0
    endloop
  endfacet
  facet normal 0 0 -1
    outer loop
      vertex -1.70048 -25.9443 0
      vertex -2.34295 -17.7964 0
      vertex -1.17399 -17.9116 0
    endloop
  endfacet
  facet normal 0 0 -1
    outer loop
      vertex -3.39368 -25.7776 0
      vertex -2.34295 -17.7964 0
      vertex -1.70048 -25.9443 0
    endloop
  endfacet
  facet normal 0 0 -1
    outer loop
      vertex -3.39368 -25.7776 0
      vertex -3.50187 -17.6051 0
      vertex -2.34295 -17.7964 0
    endloop
  endfacet
  facet normal 0 0 -1
    outer loop
      vertex -5.07235 -25.5004 0
      vertex -3.50187 -17.6051 0
      vertex -3.39368 -25.7776 0
    endloop
  endfacet
  facet normal -0 0 -1
    outer loop
      vertex -3.50187 -17.6051 0
      vertex -5.07235 -25.5004 0
      vertex -4.6458 -17.3384 0
    endloop
  endfacet
  facet normal 0 0 -1
    outer loop
      vertex -6.72929 -25.1141 0
      vertex -4.6458 -17.3384 0
      vertex -5.07235 -25.5004 0
    endloop
  endfacet
  facet normal -0 0 -1
    outer loop
      vertex -4.6458 -17.3384 0
      vertex -6.72929 -25.1141 0
      vertex -5.76984 -16.9974 0
    endloop
  endfacet
  facet normal 0 0 -1
    outer loop
      vertex -8.35743 -24.6202 0
      vertex -5.76984 -16.9974 0
      vertex -6.72929 -25.1141 0
    endloop
  endfacet
  facet normal -0 0 -1
    outer loop
      vertex -5.76984 -16.9974 0
      vertex -8.35743 -24.6202 0
      vertex -6.86917 -16.5836 0
    endloop
  endfacet
  facet normal 0 0 -1
    outer loop
      vertex -9.94977 -24.0209 0
      vertex -6.86917 -16.5836 0
      vertex -8.35743 -24.6202 0
    endloop
  endfacet
  facet normal -0 0 -1
    outer loop
      vertex -6.86917 -16.5836 0
      vertex -9.94977 -24.0209 0
      vertex -7.93908 -16.0989 0
    endloop
  endfacet
  facet normal 0 0 -1
    outer loop
      vertex -11.4995 -23.3187 0
      vertex -7.93908 -16.0989 0
      vertex -9.94977 -24.0209 0
    endloop
  endfacet
  facet normal -0 0 -1
    outer loop
      vertex -7.93908 -16.0989 0
      vertex -11.4995 -23.3187 0
      vertex -8.975 -15.5452 0
    endloop
  endfacet
  facet normal 0 0 -1
    outer loop
      vertex -13 -22.5167 0
      vertex -8.975 -15.5452 0
      vertex -11.4995 -23.3187 0
    endloop
  endfacet
  facet normal -0 0 -1
    outer loop
      vertex -8.975 -15.5452 0
      vertex -13 -22.5167 0
      vertex -9.97249 -14.9249 0
    endloop
  endfacet
  facet normal 0 0 -1
    outer loop
      vertex -14.4448 -21.6182 0
      vertex -9.97249 -14.9249 0
      vertex -13 -22.5167 0
    endloop
  endfacet
  facet normal -0 0 -1
    outer loop
      vertex -9.97249 -14.9249 0
      vertex -14.4448 -21.6182 0
      vertex -10.9273 -14.2407 0
    endloop
  endfacet
  facet normal 0 0 -1
    outer loop
      vertex -15.8278 -20.6272 0
      vertex -10.9273 -14.2407 0
      vertex -14.4448 -21.6182 0
    endloop
  endfacet
  facet normal -0 0 -1
    outer loop
      vertex -10.9273 -14.2407 0
      vertex -15.8278 -20.6272 0
      vertex -11.8353 -13.4955 0
    endloop
  endfacet
  facet normal 0 0 -1
    outer loop
      vertex -17.143 -19.5478 0
      vertex -11.8353 -13.4955 0
      vertex -15.8278 -20.6272 0
    endloop
  endfacet
  facet normal -0 0 -1
    outer loop
      vertex -11.8353 -13.4955 0
      vertex -17.143 -19.5478 0
      vertex -12.6926 -12.6926 0
    endloop
  endfacet
  facet normal 0 0 -1
    outer loop
      vertex -18.3848 -18.3848 0
      vertex -12.6926 -12.6926 0
      vertex -17.143 -19.5478 0
    endloop
  endfacet
  facet normal -0 0 -1
    outer loop
      vertex -12.6926 -12.6926 0
      vertex -18.3848 -18.3848 0
      vertex -13.4955 -11.8353 0
    endloop
  endfacet
  facet normal 0 0 -1
    outer loop
      vertex -19.5478 -17.143 0
      vertex -13.4955 -11.8353 0
      vertex -18.3848 -18.3848 0
    endloop
  endfacet
  facet normal -0 0 -1
    outer loop
      vertex -13.4955 -11.8353 0
      vertex -19.5478 -17.143 0
      vertex -14.2407 -10.9273 0
    endloop
  endfacet
  facet normal 0 0 -1
    outer loop
      vertex -20.6272 -15.8278 0
      vertex -14.2407 -10.9273 0
      vertex -19.5478 -17.143 0
    endloop
  endfacet
  facet normal -0 0 -1
    outer loop
      vertex -14.2407 -10.9273 0
      vertex -20.6272 -15.8278 0
      vertex -14.9249 -9.97249 0
    endloop
  endfacet
  facet normal 0 0 -1
    outer loop
      vertex -21.6182 -14.4448 0
      vertex -14.9249 -9.97249 0
      vertex -20.6272 -15.8278 0
    endloop
  endfacet
  facet normal -0 0 -1
    outer loop
      vertex -14.9249 -9.97249 0
      vertex -21.6182 -14.4448 0
      vertex -15.5452 -8.975 0
    endloop
  endfacet
  facet normal 0 0 -1
    outer loop
      vertex -22.5167 -13 0
      vertex -15.5452 -8.975 0
      vertex -21.6182 -14.4448 0
    endloop
  endfacet
  facet normal -0 0 -1
    outer loop
      vertex -15.5452 -8.975 0
      vertex -22.5167 -13 0
      vertex -16.0989 -7.93908 0
    endloop
  endfacet
  facet normal 0 0 -1
    outer loop
      vertex -23.3187 -11.4995 0
      vertex -16.0989 -7.93908 0
      vertex -22.5167 -13 0
    endloop
  endfacet
  facet normal 0 0 -1
    outer loop
      vertex -24.0209 -9.94977 0
      vertex -16.5836 -6.86917 0
      vertex -23.3187 -11.4995 0
    endloop
  endfacet
  facet normal -0 0 -1
    outer loop
      vertex -16.0989 -7.93908 0
      vertex -23.3187 -11.4995 0
      vertex -16.5836 -6.86917 0
    endloop
  endfacet
  facet normal -0 0 -1
    outer loop
      vertex 24.0209 9.94977 0
      vertex 16.5836 6.86917 0
      vertex 23.3187 11.4995 0
    endloop
  endfacet
  facet normal 0 0 -1
    outer loop
      vertex 16.0989 7.93908 0
      vertex 23.3187 11.4995 0
      vertex 16.5836 6.86917 0
    endloop
  endfacet
  facet normal -0 0 -1
    outer loop
      vertex 23.3187 11.4995 0
      vertex 16.0989 7.93908 0
      vertex 22.5167 13 0
    endloop
  endfacet
  facet normal 0 0 -1
    outer loop
      vertex 15.5452 8.975 0
      vertex 22.5167 13 0
      vertex 16.0989 7.93908 0
    endloop
  endfacet
  facet normal -0 0 -1
    outer loop
      vertex 22.5167 13 0
      vertex 15.5452 8.975 0
      vertex 21.6182 14.4448 0
    endloop
  endfacet
  facet normal 0 0 -1
    outer loop
      vertex 14.9249 9.97249 0
      vertex 21.6182 14.4448 0
      vertex 15.5452 8.975 0
    endloop
  endfacet
  facet normal -0 0 -1
    outer loop
      vertex 21.6182 14.4448 0
      vertex 14.9249 9.97249 0
      vertex 20.6272 15.8278 0
    endloop
  endfacet
  facet normal 0 0 -1
    outer loop
      vertex 14.2407 10.9273 0
      vertex 20.6272 15.8278 0
      vertex 14.9249 9.97249 0
    endloop
  endfacet
  facet normal -0 0 -1
    outer loop
      vertex 20.6272 15.8278 0
      vertex 14.2407 10.9273 0
      vertex 19.5478 17.143 0
    endloop
  endfacet
  facet normal 0 0 -1
    outer loop
      vertex 13.4955 11.8353 0
      vertex 19.5478 17.143 0
      vertex 14.2407 10.9273 0
    endloop
  endfacet
  facet normal -0 0 -1
    outer loop
      vertex 19.5478 17.143 0
      vertex 13.4955 11.8353 0
      vertex 18.3848 18.3848 0
    endloop
  endfacet
  facet normal 0 0 -1
    outer loop
      vertex 12.6926 12.6926 0
      vertex 18.3848 18.3848 0
      vertex 13.4955 11.8353 0
    endloop
  endfacet
  facet normal -0 0 -1
    outer loop
      vertex 18.3848 18.3848 0
      vertex 12.6926 12.6926 0
      vertex 17.143 19.5478 0
    endloop
  endfacet
  facet normal 0 0 -1
    outer loop
      vertex 11.8353 13.4955 0
      vertex 17.143 19.5478 0
      vertex 12.6926 12.6926 0
    endloop
  endfacet
  facet normal -0 0 -1
    outer loop
      vertex 17.143 19.5478 0
      vertex 11.8353 13.4955 0
      vertex 15.8278 20.6272 0
    endloop
  endfacet
  facet normal 0 0 -1
    outer loop
      vertex 10.9273 14.2407 0
      vertex 15.8278 20.6272 0
      vertex 11.8353 13.4955 0
    endloop
  endfacet
  facet normal -0 0 -1
    outer loop
      vertex 15.8278 20.6272 0
      vertex 10.9273 14.2407 0
      vertex 14.4448 21.6182 0
    endloop
  endfacet
  facet normal 0 0 -1
    outer loop
      vertex 9.97249 14.9249 0
      vertex 14.4448 21.6182 0
      vertex 10.9273 14.2407 0
    endloop
  endfacet
  facet normal -0 0 -1
    outer loop
      vertex 14.4448 21.6182 0
      vertex 9.97249 14.9249 0
      vertex 13 22.5167 0
    endloop
  endfacet
  facet normal 0 0 -1
    outer loop
      vertex 8.975 15.5452 0
      vertex 13 22.5167 0
      vertex 9.97249 14.9249 0
    endloop
  endfacet
  facet normal -0 0 -1
    outer loop
      vertex 13 22.5167 0
      vertex 8.975 15.5452 0
      vertex 11.4995 23.3187 0
    endloop
  endfacet
  facet normal 0 0 -1
    outer loop
      vertex 7.93908 16.0989 0
      vertex 11.4995 23.3187 0
      vertex 8.975 15.5452 0
    endloop
  endfacet
  facet normal -0 0 -1
    outer loop
      vertex 11.4995 23.3187 0
      vertex 7.93908 16.0989 0
      vertex 9.94977 24.0209 0
    endloop
  endfacet
  facet normal 0 0 -1
    outer loop
      vertex 6.86917 16.5836 0
      vertex 9.94977 24.0209 0
      vertex 7.93908 16.0989 0
    endloop
  endfacet
  facet normal -0 0 -1
    outer loop
      vertex 9.94977 24.0209 0
      vertex 6.86917 16.5836 0
      vertex 8.35743 24.6202 0
    endloop
  endfacet
  facet normal 0 0 -1
    outer loop
      vertex 5.76984 16.9974 0
      vertex 8.35743 24.6202 0
      vertex 6.86917 16.5836 0
    endloop
  endfacet
  facet normal -0 0 -1
    outer loop
      vertex 8.35743 24.6202 0
      vertex 5.76984 16.9974 0
      vertex 6.72929 25.1141 0
    endloop
  endfacet
  facet normal 0 0 -1
    outer loop
      vertex 4.6458 17.3384 0
      vertex 6.72929 25.1141 0
      vertex 5.76984 16.9974 0
    endloop
  endfacet
  facet normal -0 0 -1
    outer loop
      vertex 6.72929 25.1141 0
      vertex 4.6458 17.3384 0
      vertex 5.07235 25.5004 0
    endloop
  endfacet
  facet normal 0 0 -1
    outer loop
      vertex 3.50187 17.6051 0
      vertex 5.07235 25.5004 0
      vertex 4.6458 17.3384 0
    endloop
  endfacet
  facet normal 0 0 -1
    outer loop
      vertex 3.50187 17.6051 0
      vertex 3.39368 25.7776 0
      vertex 5.07235 25.5004 0
    endloop
  endfacet
  facet normal 0 0 -1
    outer loop
      vertex 2.34295 17.7964 0
      vertex 3.39368 25.7776 0
      vertex 3.50187 17.6051 0
    endloop
  endfacet
  facet normal 0 0 -1
    outer loop
      vertex 2.34295 17.7964 0
      vertex 1.70048 25.9443 0
      vertex 3.39368 25.7776 0
    endloop
  endfacet
  facet normal 0 0 -1
    outer loop
      vertex 1.17399 17.9116 0
      vertex 1.70048 25.9443 0
      vertex 2.34295 17.7964 0
    endloop
  endfacet
  facet normal 0 0 -1
    outer loop
      vertex 0 17.95 0
      vertex 1.70048 25.9443 0
      vertex 1.17399 17.9116 0
    endloop
  endfacet
  facet normal 0 0 -1
    outer loop
      vertex 0 17.95 0
      vertex 0 26 0
      vertex 1.70048 25.9443 0
    endloop
  endfacet
  facet normal 0 0 -1
    outer loop
      vertex -1.17399 17.9116 0
      vertex 0 26 0
      vertex 0 17.95 0
    endloop
  endfacet
  facet normal 0 0 -1
    outer loop
      vertex -1.17399 17.9116 0
      vertex -1.70048 25.9443 0
      vertex 0 26 0
    endloop
  endfacet
  facet normal 0 0 -1
    outer loop
      vertex -2.34295 17.7964 0
      vertex -1.70048 25.9443 0
      vertex -1.17399 17.9116 0
    endloop
  endfacet
  facet normal 0 0 -1
    outer loop
      vertex -2.34295 17.7964 0
      vertex -3.39368 25.7776 0
      vertex -1.70048 25.9443 0
    endloop
  endfacet
  facet normal 0 0 -1
    outer loop
      vertex -3.50187 17.6051 0
      vertex -3.39368 25.7776 0
      vertex -2.34295 17.7964 0
    endloop
  endfacet
  facet normal 0 0 -1
    outer loop
      vertex -5.07235 25.5004 0
      vertex -3.50187 17.6051 0
      vertex -4.6458 17.3384 0
    endloop
  endfacet
  facet normal 0 0 -1
    outer loop
      vertex -3.50187 17.6051 0
      vertex -5.07235 25.5004 0
      vertex -3.39368 25.7776 0
    endloop
  endfacet
  facet normal 0 0 -1
    outer loop
      vertex -6.72929 25.1141 0
      vertex -4.6458 17.3384 0
      vertex -5.76984 16.9974 0
    endloop
  endfacet
  facet normal 0 0 -1
    outer loop
      vertex -4.6458 17.3384 0
      vertex -6.72929 25.1141 0
      vertex -5.07235 25.5004 0
    endloop
  endfacet
  facet normal 0 0 -1
    outer loop
      vertex -8.35743 24.6202 0
      vertex -5.76984 16.9974 0
      vertex -6.86917 16.5836 0
    endloop
  endfacet
  facet normal 0 0 -1
    outer loop
      vertex -9.94977 24.0209 0
      vertex -6.86917 16.5836 0
      vertex -7.93908 16.0989 0
    endloop
  endfacet
  facet normal 0 0 -1
    outer loop
      vertex -5.76984 16.9974 0
      vertex -8.35743 24.6202 0
      vertex -6.72929 25.1141 0
    endloop
  endfacet
  facet normal 0 0 -1
    outer loop
      vertex -11.4995 23.3187 0
      vertex -7.93908 16.0989 0
      vertex -8.975 15.5452 0
    endloop
  endfacet
  facet normal 0 0 -1
    outer loop
      vertex -6.86917 16.5836 0
      vertex -9.94977 24.0209 0
      vertex -8.35743 24.6202 0
    endloop
  endfacet
  facet normal 0 0 -1
    outer loop
      vertex -13 22.5167 0
      vertex -8.975 15.5452 0
      vertex -9.97249 14.9249 0
    endloop
  endfacet
  facet normal 0 0 -1
    outer loop
      vertex -14.4448 21.6182 0
      vertex -9.97249 14.9249 0
      vertex -10.9273 14.2407 0
    endloop
  endfacet
  facet normal 0 0 -1
    outer loop
      vertex -7.93908 16.0989 0
      vertex -11.4995 23.3187 0
      vertex -9.94977 24.0209 0
    endloop
  endfacet
  facet normal 0 0 -1
    outer loop
      vertex -15.8278 20.6272 0
      vertex -10.9273 14.2407 0
      vertex -11.8353 13.4955 0
    endloop
  endfacet
  facet normal 0 0 -1
    outer loop
      vertex -17.143 19.5478 0
      vertex -11.8353 13.4955 0
      vertex -12.6926 12.6926 0
    endloop
  endfacet
  facet normal 0 0 -1
    outer loop
      vertex -8.975 15.5452 0
      vertex -13 22.5167 0
      vertex -11.4995 23.3187 0
    endloop
  endfacet
  facet normal 0 0 -1
    outer loop
      vertex -18.3848 18.3848 0
      vertex -12.6926 12.6926 0
      vertex -13.4955 11.8353 0
    endloop
  endfacet
  facet normal 0 0 -1
    outer loop
      vertex -19.5478 17.143 0
      vertex -13.4955 11.8353 0
      vertex -14.2407 10.9273 0
    endloop
  endfacet
  facet normal 0 0 -1
    outer loop
      vertex -9.97249 14.9249 0
      vertex -14.4448 21.6182 0
      vertex -13 22.5167 0
    endloop
  endfacet
  facet normal 0 0 -1
    outer loop
      vertex -20.6272 15.8278 0
      vertex -14.2407 10.9273 0
      vertex -14.9249 9.97249 0
    endloop
  endfacet
  facet normal 0 0 -1
    outer loop
      vertex -21.6182 14.4448 0
      vertex -14.9249 9.97249 0
      vertex -15.5452 8.975 0
    endloop
  endfacet
  facet normal 0 0 -1
    outer loop
      vertex -10.9273 14.2407 0
      vertex -15.8278 20.6272 0
      vertex -14.4448 21.6182 0
    endloop
  endfacet
  facet normal 0 0 -1
    outer loop
      vertex -22.5167 13 0
      vertex -15.5452 8.975 0
      vertex -16.0989 7.93908 0
    endloop
  endfacet
  facet normal 0 0 -1
    outer loop
      vertex -23.3187 11.4995 0
      vertex -16.0989 7.93908 0
      vertex -16.5836 6.86917 0
    endloop
  endfacet
  facet normal 0 0 -1
    outer loop
      vertex -24.0209 9.94977 0
      vertex -16.5836 6.86917 0
      vertex -16.9974 5.76984 0
    endloop
  endfacet
  facet normal 0 0 -1
    outer loop
      vertex -11.8353 13.4955 0
      vertex -17.143 19.5478 0
      vertex -15.8278 20.6272 0
    endloop
  endfacet
  facet normal 0 0 -1
    outer loop
      vertex -24.6202 8.35743 0
      vertex -16.9974 5.76984 0
      vertex -17.3384 4.6458 0
    endloop
  endfacet
  facet normal 0 0 -1
    outer loop
      vertex -25.1141 6.72929 0
      vertex -17.3384 4.6458 0
      vertex -17.6051 3.50187 0
    endloop
  endfacet
  facet normal 0 0 -1
    outer loop
      vertex -25.5004 5.07235 0
      vertex -17.6051 3.50187 0
      vertex -17.7964 2.34295 0
    endloop
  endfacet
  facet normal 0 0 -1
    outer loop
      vertex -25.7776 3.39368 0
      vertex -17.7964 2.34295 0
      vertex -17.9116 1.17399 0
    endloop
  endfacet
  facet normal 0 0 -1
    outer loop
      vertex -12.6926 12.6926 0
      vertex -18.3848 18.3848 0
      vertex -17.143 19.5478 0
    endloop
  endfacet
  facet normal 0 0 -1
    outer loop
      vertex -25.9443 1.70048 0
      vertex -17.9116 1.17399 0
      vertex -17.95 0 0
    endloop
  endfacet
  facet normal -0 0 -1
    outer loop
      vertex -16.5836 -6.86917 0
      vertex -24.0209 -9.94977 0
      vertex -16.9974 -5.76984 0
    endloop
  endfacet
  facet normal 0 0 -1
    outer loop
      vertex -24.6202 -8.35743 0
      vertex -16.9974 -5.76984 0
      vertex -24.0209 -9.94977 0
    endloop
  endfacet
  facet normal 0 0 -1
    outer loop
      vertex -13.4955 11.8353 0
      vertex -19.5478 17.143 0
      vertex -18.3848 18.3848 0
    endloop
  endfacet
  facet normal -0 0 -1
    outer loop
      vertex -16.9974 -5.76984 0
      vertex -24.6202 -8.35743 0
      vertex -17.3384 -4.6458 0
    endloop
  endfacet
  facet normal 0 0 -1
    outer loop
      vertex -14.2407 10.9273 0
      vertex -20.6272 15.8278 0
      vertex -19.5478 17.143 0
    endloop
  endfacet
  facet normal 0 0 -1
    outer loop
      vertex -25.1141 -6.72929 0
      vertex -17.3384 -4.6458 0
      vertex -24.6202 -8.35743 0
    endloop
  endfacet
  facet normal 0 0 -1
    outer loop
      vertex -14.9249 9.97249 0
      vertex -21.6182 14.4448 0
      vertex -20.6272 15.8278 0
    endloop
  endfacet
  facet normal -0 0 -1
    outer loop
      vertex -17.3384 -4.6458 0
      vertex -25.1141 -6.72929 0
      vertex -17.6051 -3.50187 0
    endloop
  endfacet
  facet normal 0 0 -1
    outer loop
      vertex -15.5452 8.975 0
      vertex -22.5167 13 0
      vertex -21.6182 14.4448 0
    endloop
  endfacet
  facet normal 0 0 -1
    outer loop
      vertex -25.5004 -5.07235 0
      vertex -17.6051 -3.50187 0
      vertex -25.1141 -6.72929 0
    endloop
  endfacet
  facet normal 0 0 -1
    outer loop
      vertex -16.0989 7.93908 0
      vertex -23.3187 11.4995 0
      vertex -22.5167 13 0
    endloop
  endfacet
  facet normal -0 0 -1
    outer loop
      vertex -17.6051 -3.50187 0
      vertex -25.5004 -5.07235 0
      vertex -17.7964 -2.34295 0
    endloop
  endfacet
  facet normal 0 0 -1
    outer loop
      vertex -16.5836 6.86917 0
      vertex -24.0209 9.94977 0
      vertex -23.3187 11.4995 0
    endloop
  endfacet
  facet normal 0 0 -1
    outer loop
      vertex -25.7776 -3.39368 0
      vertex -17.7964 -2.34295 0
      vertex -25.5004 -5.07235 0
    endloop
  endfacet
  facet normal 0 0 -1
    outer loop
      vertex -16.9974 5.76984 0
      vertex -24.6202 8.35743 0
      vertex -24.0209 9.94977 0
    endloop
  endfacet
  facet normal -0 0 -1
    outer loop
      vertex -17.7964 -2.34295 0
      vertex -25.7776 -3.39368 0
      vertex -17.9116 -1.17399 0
    endloop
  endfacet
  facet normal 0 0 -1
    outer loop
      vertex -17.3384 4.6458 0
      vertex -25.1141 6.72929 0
      vertex -24.6202 8.35743 0
    endloop
  endfacet
  facet normal 0 0 -1
    outer loop
      vertex -25.9443 -1.70048 0
      vertex -17.9116 -1.17399 0
      vertex -25.7776 -3.39368 0
    endloop
  endfacet
  facet normal 0 0 -1
    outer loop
      vertex -17.6051 3.50187 0
      vertex -25.5004 5.07235 0
      vertex -25.1141 6.72929 0
    endloop
  endfacet
  facet normal -0 0 -1
    outer loop
      vertex -17.9116 -1.17399 0
      vertex -25.9443 -1.70048 0
      vertex -17.95 0 0
    endloop
  endfacet
  facet normal 0 0 -1
    outer loop
      vertex -17.7964 2.34295 0
      vertex -25.7776 3.39368 0
      vertex -25.5004 5.07235 0
    endloop
  endfacet
  facet normal 0 0 -1
    outer loop
      vertex -26 0 0
      vertex -17.95 0 0
      vertex -25.9443 -1.70048 0
    endloop
  endfacet
  facet normal 0 0 -1
    outer loop
      vertex -17.9116 1.17399 0
      vertex -25.9443 1.70048 0
      vertex -25.7776 3.39368 0
    endloop
  endfacet
  facet normal 0 0 -1
    outer loop
      vertex -17.95 0 0
      vertex -26 0 0
      vertex -25.9443 1.70048 0
    endloop
  endfacet
  facet normal 0.729885 -0.68357 0
    outer loop
      vertex 18.3848 -18.3848 4
      vertex 19.5478 -17.143 0
      vertex 19.5478 -17.143 4
    endloop
  endfacet
  facet normal 0.729885 -0.68357 0
    outer loop
      vertex 19.5478 -17.143 0
      vertex 18.3848 -18.3848 4
      vertex 18.3848 -18.3848 0
    endloop
  endfacet
  facet normal 0.528096 -0.849185 0
    outer loop
      vertex 13 -22.5167 0
      vertex 14.4448 -21.6182 4
      vertex 13 -22.5167 4
    endloop
  endfacet
  facet normal 0.528096 -0.849185 0
    outer loop
      vertex 14.4448 -21.6182 4
      vertex 13 -22.5167 0
      vertex 14.4448 -21.6182 0
    endloop
  endfacet
  facet normal 0.352243 0.935909 -0
    outer loop
      vertex 9.94977 24.0209 0
      vertex 8.35743 24.6202 4
      vertex 9.94977 24.0209 4
    endloop
  endfacet
  facet normal 0.352243 0.935909 0
    outer loop
      vertex 8.35743 24.6202 4
      vertex 9.94977 24.0209 0
      vertex 8.35743 24.6202 0
    endloop
  endfacet
  facet normal -0.973883 0.227052 0
    outer loop
      vertex -25.5004 5.07235 0
      vertex -25.1141 6.72929 4
      vertex -25.1141 6.72929 0
    endloop
  endfacet
  facet normal -0.973883 0.227052 0
    outer loop
      vertex -25.1141 6.72929 4
      vertex -25.5004 5.07235 0
      vertex -25.5004 5.07235 4
    endloop
  endfacet
  facet normal -0.634408 -0.772998 0
    outer loop
      vertex -17.143 -19.5478 0
      vertex -15.8278 -20.6272 4
      vertex -17.143 -19.5478 4
    endloop
  endfacet
  facet normal -0.634408 -0.772998 -0
    outer loop
      vertex -15.8278 -20.6272 4
      vertex -17.143 -19.5478 0
      vertex -15.8278 -20.6272 0
    endloop
  endfacet
  facet normal -0.0327379 0.999464 0
    outer loop
      vertex 0 26 0
      vertex -1.70048 25.9443 4
      vertex 0 26 4
    endloop
  endfacet
  facet normal -0.0327379 0.999464 0
    outer loop
      vertex -1.70048 25.9443 4
      vertex 0 26 0
      vertex -1.70048 25.9443 0
    endloop
  endfacet
  facet normal 0.227052 0.973883 -0
    outer loop
      vertex 6.72929 25.1141 0
      vertex 5.07235 25.5004 4
      vertex 6.72929 25.1141 4
    endloop
  endfacet
  facet normal 0.227052 0.973883 0
    outer loop
      vertex 5.07235 25.5004 4
      vertex 6.72929 25.1141 0
      vertex 5.07235 25.5004 0
    endloop
  endfacet
  facet normal 0.352243 -0.935909 0
    outer loop
      vertex 8.35743 -24.6202 0
      vertex 9.94977 -24.0209 4
      vertex 8.35743 -24.6202 4
    endloop
  endfacet
  facet normal 0.352243 -0.935909 0
    outer loop
      vertex 9.94977 -24.0209 4
      vertex 8.35743 -24.6202 0
      vertex 9.94977 -24.0209 0
    endloop
  endfacet
  facet normal 0.68357 -0.729885 0
    outer loop
      vertex 17.143 -19.5478 0
      vertex 18.3848 -18.3848 4
      vertex 17.143 -19.5478 4
    endloop
  endfacet
  facet normal 0.68357 -0.729885 0
    outer loop
      vertex 18.3848 -18.3848 4
      vertex 17.143 -19.5478 0
      vertex 18.3848 -18.3848 0
    endloop
  endfacet
  facet normal 0.88193 0.471381 0
    outer loop
      vertex 23.3187 11.4995 4
      vertex 22.5167 13 0
      vertex 22.5167 13 4
    endloop
  endfacet
  facet normal 0.88193 0.471381 0
    outer loop
      vertex 22.5167 13 0
      vertex 23.3187 11.4995 4
      vertex 23.3187 11.4995 0
    endloop
  endfacet
  facet normal -0.812859 0.582461 0
    outer loop
      vertex -21.6182 14.4448 0
      vertex -20.6272 15.8278 4
      vertex -20.6272 15.8278 0
    endloop
  endfacet
  facet normal -0.812859 0.582461 0
    outer loop
      vertex -20.6272 15.8278 4
      vertex -21.6182 14.4448 0
      vertex -21.6182 14.4448 4
    endloop
  endfacet
  facet normal 0.0979789 0.995188 -0
    outer loop
      vertex 3.39368 25.7776 0
      vertex 1.70048 25.9443 4
      vertex 3.39368 25.7776 4
    endloop
  endfacet
  facet normal 0.0979789 0.995188 0
    outer loop
      vertex 1.70048 25.9443 4
      vertex 3.39368 25.7776 0
      vertex 1.70048 25.9443 0
    endloop
  endfacet
  facet normal 0.772998 -0.634408 0
    outer loop
      vertex 19.5478 -17.143 4
      vertex 20.6272 -15.8278 0
      vertex 20.6272 -15.8278 4
    endloop
  endfacet
  facet normal 0.772998 -0.634408 0
    outer loop
      vertex 20.6272 -15.8278 0
      vertex 19.5478 -17.143 4
      vertex 19.5478 -17.143 0
    endloop
  endfacet
  facet normal 0.0327379 -0.999464 0
    outer loop
      vertex 0 -26 0
      vertex 1.70048 -25.9443 4
      vertex 0 -26 4
    endloop
  endfacet
  facet normal 0.0327379 -0.999464 0
    outer loop
      vertex 1.70048 -25.9443 4
      vertex 0 -26 0
      vertex 1.70048 -25.9443 0
    endloop
  endfacet
  facet normal 0.849185 -0.528096 0
    outer loop
      vertex 21.6182 -14.4448 4
      vertex 22.5167 -13 0
      vertex 22.5167 -13 4
    endloop
  endfacet
  facet normal 0.849185 -0.528096 0
    outer loop
      vertex 22.5167 -13 0
      vertex 21.6182 -14.4448 4
      vertex 21.6182 -14.4448 0
    endloop
  endfacet
  facet normal 0.634408 -0.772998 0
    outer loop
      vertex 15.8278 -20.6272 0
      vertex 17.143 -19.5478 4
      vertex 15.8278 -20.6272 4
    endloop
  endfacet
  facet normal 0.634408 -0.772998 0
    outer loop
      vertex 17.143 -19.5478 4
      vertex 15.8278 -20.6272 0
      vertex 17.143 -19.5478 0
    endloop
  endfacet
  facet normal 0.973883 0.227052 0
    outer loop
      vertex 25.5004 5.07235 4
      vertex 25.1141 6.72929 0
      vertex 25.1141 6.72929 4
    endloop
  endfacet
  facet normal 0.973883 0.227052 0
    outer loop
      vertex 25.1141 6.72929 0
      vertex 25.5004 5.07235 4
      vertex 25.5004 5.07235 0
    endloop
  endfacet
  facet normal -0.995188 -0.0979789 0
    outer loop
      vertex -25.7776 -3.39368 0
      vertex -25.9443 -1.70048 4
      vertex -25.9443 -1.70048 0
    endloop
  endfacet
  facet normal -0.995188 -0.0979789 0
    outer loop
      vertex -25.9443 -1.70048 4
      vertex -25.7776 -3.39368 0
      vertex -25.7776 -3.39368 4
    endloop
  endfacet
  facet normal -0.68357 -0.729885 0
    outer loop
      vertex -18.3848 -18.3848 0
      vertex -17.143 -19.5478 4
      vertex -18.3848 -18.3848 4
    endloop
  endfacet
  facet normal -0.68357 -0.729885 -0
    outer loop
      vertex -17.143 -19.5478 4
      vertex -18.3848 -18.3848 0
      vertex -17.143 -19.5478 0
    endloop
  endfacet
  facet normal -0.986639 -0.162924 0
    outer loop
      vertex -25.5004 -5.07235 0
      vertex -25.7776 -3.39368 4
      vertex -25.7776 -3.39368 0
    endloop
  endfacet
  facet normal -0.986639 -0.162924 0
    outer loop
      vertex -25.7776 -3.39368 4
      vertex -25.5004 -5.07235 0
      vertex -25.5004 -5.07235 4
    endloop
  endfacet
  facet normal 0.973883 -0.227052 0
    outer loop
      vertex 25.1141 -6.72929 4
      vertex 25.5004 -5.07235 0
      vertex 25.5004 -5.07235 4
    endloop
  endfacet
  facet normal 0.973883 -0.227052 0
    outer loop
      vertex 25.5004 -5.07235 0
      vertex 25.1141 -6.72929 4
      vertex 25.1141 -6.72929 0
    endloop
  endfacet
  facet normal -0.471381 0.88193 0
    outer loop
      vertex -11.4995 23.3187 0
      vertex -13 22.5167 4
      vertex -11.4995 23.3187 4
    endloop
  endfacet
  facet normal -0.471381 0.88193 0
    outer loop
      vertex -13 22.5167 4
      vertex -11.4995 23.3187 0
      vertex -13 22.5167 0
    endloop
  endfacet
  facet normal -0.772998 0.634408 0
    outer loop
      vertex -20.6272 15.8278 0
      vertex -19.5478 17.143 4
      vertex -19.5478 17.143 0
    endloop
  endfacet
  facet normal -0.772998 0.634408 0
    outer loop
      vertex -19.5478 17.143 4
      vertex -20.6272 15.8278 0
      vertex -20.6272 15.8278 4
    endloop
  endfacet
  facet normal -0.999464 0.0327379 0
    outer loop
      vertex -26 0 0
      vertex -25.9443 1.70048 4
      vertex -25.9443 1.70048 0
    endloop
  endfacet
  facet normal -0.999464 0.0327379 0
    outer loop
      vertex -25.9443 1.70048 4
      vertex -26 0 0
      vertex -26 0 4
    endloop
  endfacet
  facet normal -0.910858 0.41272 0
    outer loop
      vertex -24.0209 9.94977 0
      vertex -23.3187 11.4995 4
      vertex -23.3187 11.4995 0
    endloop
  endfacet
  facet normal -0.910858 0.41272 0
    outer loop
      vertex -23.3187 11.4995 4
      vertex -24.0209 9.94977 0
      vertex -24.0209 9.94977 4
    endloop
  endfacet
  facet normal 0.0979789 -0.995188 0
    outer loop
      vertex 1.70048 -25.9443 0
      vertex 3.39368 -25.7776 4
      vertex 1.70048 -25.9443 4
    endloop
  endfacet
  facet normal 0.0979789 -0.995188 0
    outer loop
      vertex 3.39368 -25.7776 4
      vertex 1.70048 -25.9443 0
      vertex 3.39368 -25.7776 0
    endloop
  endfacet
  facet normal -0.973883 -0.227052 0
    outer loop
      vertex -25.1141 -6.72929 0
      vertex -25.5004 -5.07235 4
      vertex -25.5004 -5.07235 0
    endloop
  endfacet
  facet normal -0.973883 -0.227052 0
    outer loop
      vertex -25.5004 -5.07235 4
      vertex -25.1141 -6.72929 0
      vertex -25.1141 -6.72929 4
    endloop
  endfacet
  facet normal -0.88193 0.471381 0
    outer loop
      vertex -23.3187 11.4995 0
      vertex -22.5167 13 4
      vertex -22.5167 13 0
    endloop
  endfacet
  facet normal -0.88193 0.471381 0
    outer loop
      vertex -22.5167 13 4
      vertex -23.3187 11.4995 0
      vertex -23.3187 11.4995 4
    endloop
  endfacet
  facet normal 0.29029 -0.956939 0
    outer loop
      vertex 6.72929 -25.1141 0
      vertex 8.35743 -24.6202 4
      vertex 6.72929 -25.1141 4
    endloop
  endfacet
  facet normal 0.29029 -0.956939 0
    outer loop
      vertex 8.35743 -24.6202 4
      vertex 6.72929 -25.1141 0
      vertex 8.35743 -24.6202 0
    endloop
  endfacet
  facet normal -0.0327379 -0.999464 0
    outer loop
      vertex -1.70048 -25.9443 0
      vertex 0 -26 4
      vertex -1.70048 -25.9443 4
    endloop
  endfacet
  facet normal -0.0327379 -0.999464 -0
    outer loop
      vertex 0 -26 4
      vertex -1.70048 -25.9443 0
      vertex 0 -26 0
    endloop
  endfacet
  facet normal -0.729885 0.68357 0
    outer loop
      vertex -19.5478 17.143 0
      vertex -18.3848 18.3848 4
      vertex -18.3848 18.3848 0
    endloop
  endfacet
  facet normal -0.729885 0.68357 0
    outer loop
      vertex -18.3848 18.3848 4
      vertex -19.5478 17.143 0
      vertex -19.5478 17.143 4
    endloop
  endfacet
  facet normal -0.812859 -0.582461 0
    outer loop
      vertex -20.6272 -15.8278 0
      vertex -21.6182 -14.4448 4
      vertex -21.6182 -14.4448 0
    endloop
  endfacet
  facet normal -0.812859 -0.582461 0
    outer loop
      vertex -21.6182 -14.4448 4
      vertex -20.6272 -15.8278 0
      vertex -20.6272 -15.8278 4
    endloop
  endfacet
  facet normal 0.582461 0.812859 -0
    outer loop
      vertex 15.8278 20.6272 0
      vertex 14.4448 21.6182 4
      vertex 15.8278 20.6272 4
    endloop
  endfacet
  facet normal 0.582461 0.812859 0
    outer loop
      vertex 14.4448 21.6182 4
      vertex 15.8278 20.6272 0
      vertex 14.4448 21.6182 0
    endloop
  endfacet
  facet normal -0.910858 -0.41272 0
    outer loop
      vertex -23.3187 -11.4995 0
      vertex -24.0209 -9.94977 4
      vertex -24.0209 -9.94977 0
    endloop
  endfacet
  facet normal -0.910858 -0.41272 0
    outer loop
      vertex -24.0209 -9.94977 4
      vertex -23.3187 -11.4995 0
      vertex -23.3187 -11.4995 4
    endloop
  endfacet
  facet normal -0.88193 -0.471381 0
    outer loop
      vertex -22.5167 -13 0
      vertex -23.3187 -11.4995 4
      vertex -23.3187 -11.4995 0
    endloop
  endfacet
  facet normal -0.88193 -0.471381 0
    outer loop
      vertex -23.3187 -11.4995 4
      vertex -22.5167 -13 0
      vertex -22.5167 -13 4
    endloop
  endfacet
  facet normal -0.772998 -0.634408 0
    outer loop
      vertex -19.5478 -17.143 0
      vertex -20.6272 -15.8278 4
      vertex -20.6272 -15.8278 0
    endloop
  endfacet
  facet normal -0.772998 -0.634408 0
    outer loop
      vertex -20.6272 -15.8278 4
      vertex -19.5478 -17.143 0
      vertex -19.5478 -17.143 4
    endloop
  endfacet
  facet normal 0.849185 0.528096 0
    outer loop
      vertex 22.5167 13 4
      vertex 21.6182 14.4448 0
      vertex 21.6182 14.4448 4
    endloop
  endfacet
  facet normal 0.849185 0.528096 0
    outer loop
      vertex 21.6182 14.4448 0
      vertex 22.5167 13 4
      vertex 22.5167 13 0
    endloop
  endfacet
  facet normal -0.29029 0.956939 0
    outer loop
      vertex -6.72929 25.1141 0
      vertex -8.35743 24.6202 4
      vertex -6.72929 25.1141 4
    endloop
  endfacet
  facet normal -0.29029 0.956939 0
    outer loop
      vertex -8.35743 24.6202 4
      vertex -6.72929 25.1141 0
      vertex -8.35743 24.6202 0
    endloop
  endfacet
  facet normal -0.528096 0.849185 0
    outer loop
      vertex -13 22.5167 0
      vertex -14.4448 21.6182 4
      vertex -13 22.5167 4
    endloop
  endfacet
  facet normal -0.528096 0.849185 0
    outer loop
      vertex -14.4448 21.6182 4
      vertex -13 22.5167 0
      vertex -14.4448 21.6182 0
    endloop
  endfacet
  facet normal 0.227052 -0.973883 0
    outer loop
      vertex 5.07235 -25.5004 0
      vertex 6.72929 -25.1141 4
      vertex 5.07235 -25.5004 4
    endloop
  endfacet
  facet normal 0.227052 -0.973883 0
    outer loop
      vertex 6.72929 -25.1141 4
      vertex 5.07235 -25.5004 0
      vertex 6.72929 -25.1141 0
    endloop
  endfacet
  facet normal -0.41272 0.910858 0
    outer loop
      vertex -9.94977 24.0209 0
      vertex -11.4995 23.3187 4
      vertex -9.94977 24.0209 4
    endloop
  endfacet
  facet normal -0.41272 0.910858 0
    outer loop
      vertex -11.4995 23.3187 4
      vertex -9.94977 24.0209 0
      vertex -11.4995 23.3187 0
    endloop
  endfacet
  facet normal -0.99519 0.0979679 0
    outer loop
      vertex 10.9803 -1.44558 31
      vertex 11.0513 -0.724339 38
      vertex 11.0513 -0.724339 31
    endloop
  endfacet
  facet normal -0.99519 0.0979679 0
    outer loop
      vertex 11.0513 -0.724339 38
      vertex 10.9803 -1.44558 31
      vertex 10.9803 -1.44558 38
    endloop
  endfacet
  facet normal -0.999465 0.032702 0
    outer loop
      vertex 11.0513 -0.724339 31
      vertex 11.075 0 38
      vertex 11.075 0 31
    endloop
  endfacet
  facet normal -0.999465 0.032702 0
    outer loop
      vertex 11.075 0 38
      vertex 11.0513 -0.724339 31
      vertex 11.0513 -0.724339 38
    endloop
  endfacet
  facet normal -0.986633 0.162958 0
    outer loop
      vertex 10.8622 -2.16062 31
      vertex 10.9803 -1.44558 38
      vertex 10.9803 -1.44558 31
    endloop
  endfacet
  facet normal -0.986633 0.162958 0
    outer loop
      vertex 10.9803 -1.44558 38
      vertex 10.8622 -2.16062 31
      vertex 10.8622 -2.16062 38
    endloop
  endfacet
  facet normal -0.528063 -0.849205 0
    outer loop
      vertex 5.5375 9.59123 31
      vertex 6.15294 9.20853 38
      vertex 5.5375 9.59123 38
    endloop
  endfacet
  facet normal -0.528063 -0.849205 -0
    outer loop
      vertex 6.15294 9.20853 38
      vertex 5.5375 9.59123 31
      vertex 6.15294 9.20853 31
    endloop
  endfacet
  facet normal -0.471404 -0.881917 0
    outer loop
      vertex 4.89835 9.93287 31
      vertex 5.5375 9.59123 38
      vertex 4.89835 9.93287 38
    endloop
  endfacet
  facet normal -0.471404 -0.881917 -0
    outer loop
      vertex 5.5375 9.59123 38
      vertex 4.89835 9.93287 31
      vertex 5.5375 9.59123 31
    endloop
  endfacet
  facet normal -0.290187 0.95697 0
    outer loop
      vertex 3.55994 -10.4873 31
      vertex 2.86642 -10.6976 38
      vertex 3.55994 -10.4873 38
    endloop
  endfacet
  facet normal -0.290187 0.95697 0
    outer loop
      vertex 2.86642 -10.6976 38
      vertex 3.55994 -10.4873 31
      vertex 2.86642 -10.6976 31
    endloop
  endfacet
  facet normal 0.634393 0.773011 -0
    outer loop
      vertex -6.74203 -8.78639 31
      vertex -7.30225 -8.32663 38
      vertex -6.74203 -8.78639 38
    endloop
  endfacet
  facet normal 0.634393 0.773011 0
    outer loop
      vertex -7.30225 -8.32663 38
      vertex -6.74203 -8.78639 31
      vertex -7.30225 -8.32663 31
    endloop
  endfacet
  facet normal -0.729868 0.683589 0
    outer loop
      vertex 7.83121 -7.83121 31
      vertex 8.32663 -7.30225 38
      vertex 8.32663 -7.30225 31
    endloop
  endfacet
  facet normal -0.729868 0.683589 0
    outer loop
      vertex 8.32663 -7.30225 38
      vertex 7.83121 -7.83121 31
      vertex 7.83121 -7.83121 38
    endloop
  endfacet
  facet normal -0.0979679 0.99519 0
    outer loop
      vertex 1.44558 -10.9803 31
      vertex 0.724339 -11.0513 38
      vertex 1.44558 -10.9803 38
    endloop
  endfacet
  facet normal -0.0979679 0.99519 0
    outer loop
      vertex 0.724339 -11.0513 38
      vertex 1.44558 -10.9803 31
      vertex 0.724339 -11.0513 31
    endloop
  endfacet
  facet normal -0.973868 0.227116 0
    outer loop
      vertex 10.6976 -2.86642 31
      vertex 10.8622 -2.16062 38
      vertex 10.8622 -2.16062 31
    endloop
  endfacet
  facet normal -0.973868 0.227116 0
    outer loop
      vertex 10.8622 -2.16062 38
      vertex 10.6976 -2.86642 31
      vertex 10.6976 -2.86642 38
    endloop
  endfacet
  facet normal -0.95697 0.290187 0
    outer loop
      vertex 10.4873 -3.55994 31
      vertex 10.6976 -2.86642 38
      vertex 10.6976 -2.86642 31
    endloop
  endfacet
  facet normal -0.95697 0.290187 0
    outer loop
      vertex 10.6976 -2.86642 38
      vertex 10.4873 -3.55994 31
      vertex 10.4873 -3.55994 38
    endloop
  endfacet
  facet normal 0.812844 -0.582481 0
    outer loop
      vertex -9.20853 6.15294 38
      vertex -8.78639 6.74203 31
      vertex -8.78639 6.74203 38
    endloop
  endfacet
  facet normal 0.812844 -0.582481 0
    outer loop
      vertex -8.78639 6.74203 31
      vertex -9.20853 6.15294 38
      vertex -9.20853 6.15294 31
    endloop
  endfacet
  facet normal 0.910849 0.41274 0
    outer loop
      vertex -9.93287 -4.89835 38
      vertex -10.232 -4.23822 31
      vertex -10.232 -4.23822 38
    endloop
  endfacet
  facet normal 0.910849 0.41274 0
    outer loop
      vertex -10.232 -4.23822 31
      vertex -9.93287 -4.89835 38
      vertex -9.93287 -4.89835 31
    endloop
  endfacet
  facet normal 0.227116 0.973868 -0
    outer loop
      vertex -2.16062 -10.8622 31
      vertex -2.86642 -10.6976 38
      vertex -2.16062 -10.8622 38
    endloop
  endfacet
  facet normal 0.227116 0.973868 0
    outer loop
      vertex -2.86642 -10.6976 38
      vertex -2.16062 -10.8622 31
      vertex -2.86642 -10.6976 31
    endloop
  endfacet
  facet normal -0.9359 0.352266 0
    outer loop
      vertex 10.232 -4.23822 31
      vertex 10.4873 -3.55994 38
      vertex 10.4873 -3.55994 31
    endloop
  endfacet
  facet normal -0.9359 0.352266 0
    outer loop
      vertex 10.4873 -3.55994 38
      vertex 10.232 -4.23822 31
      vertex 10.232 -4.23822 38
    endloop
  endfacet
  facet normal 0.773011 0.634393 0
    outer loop
      vertex -8.32663 -7.30225 38
      vertex -8.78639 -6.74203 31
      vertex -8.78639 -6.74203 38
    endloop
  endfacet
  facet normal 0.773011 0.634393 0
    outer loop
      vertex -8.78639 -6.74203 31
      vertex -8.32663 -7.30225 38
      vertex -8.32663 -7.30225 31
    endloop
  endfacet
  facet normal 0.849205 -0.528063 0
    outer loop
      vertex -9.59123 5.5375 38
      vertex -9.20853 6.15294 31
      vertex -9.20853 6.15294 38
    endloop
  endfacet
  facet normal 0.849205 -0.528063 0
    outer loop
      vertex -9.20853 6.15294 31
      vertex -9.59123 5.5375 38
      vertex -9.59123 5.5375 31
    endloop
  endfacet
  facet normal -0.352266 -0.9359 0
    outer loop
      vertex 3.55994 10.4873 31
      vertex 4.23822 10.232 38
      vertex 3.55994 10.4873 38
    endloop
  endfacet
  facet normal -0.352266 -0.9359 -0
    outer loop
      vertex 4.23822 10.232 38
      vertex 3.55994 10.4873 31
      vertex 4.23822 10.232 31
    endloop
  endfacet
  facet normal 0.95697 0.290187 0
    outer loop
      vertex -10.4873 -3.55994 38
      vertex -10.6976 -2.86642 31
      vertex -10.6976 -2.86642 38
    endloop
  endfacet
  facet normal 0.95697 0.290187 0
    outer loop
      vertex -10.6976 -2.86642 31
      vertex -10.4873 -3.55994 38
      vertex -10.4873 -3.55994 31
    endloop
  endfacet
  facet normal 0.582481 0.812844 -0
    outer loop
      vertex -6.15294 -9.20853 31
      vertex -6.74203 -8.78639 38
      vertex -6.15294 -9.20853 38
    endloop
  endfacet
  facet normal 0.582481 0.812844 0
    outer loop
      vertex -6.74203 -8.78639 38
      vertex -6.15294 -9.20853 31
      vertex -6.74203 -8.78639 31
    endloop
  endfacet
  facet normal 0.0979679 0.99519 -0
    outer loop
      vertex -0.724339 -11.0513 31
      vertex -1.44558 -10.9803 38
      vertex -0.724339 -11.0513 38
    endloop
  endfacet
  facet normal 0.0979679 0.99519 0
    outer loop
      vertex -1.44558 -10.9803 38
      vertex -0.724339 -11.0513 31
      vertex -1.44558 -10.9803 31
    endloop
  endfacet
  facet normal -0.227116 0.973868 0
    outer loop
      vertex 2.86642 -10.6976 31
      vertex 2.16062 -10.8622 38
      vertex 2.86642 -10.6976 38
    endloop
  endfacet
  facet normal -0.227116 0.973868 0
    outer loop
      vertex 2.16062 -10.8622 38
      vertex 2.86642 -10.6976 31
      vertex 2.16062 -10.8622 31
    endloop
  endfacet
  facet normal 0.471404 0.881917 -0
    outer loop
      vertex -4.89835 -9.93287 31
      vertex -5.5375 -9.59123 38
      vertex -4.89835 -9.93287 38
    endloop
  endfacet
  facet normal 0.471404 0.881917 0
    outer loop
      vertex -5.5375 -9.59123 38
      vertex -4.89835 -9.93287 31
      vertex -5.5375 -9.59123 31
    endloop
  endfacet
  facet normal 0.683589 0.729868 -0
    outer loop
      vertex -7.30225 -8.32663 31
      vertex -7.83121 -7.83121 38
      vertex -7.30225 -8.32663 38
    endloop
  endfacet
  facet normal 0.683589 0.729868 0
    outer loop
      vertex -7.83121 -7.83121 38
      vertex -7.30225 -8.32663 31
      vertex -7.83121 -7.83121 31
    endloop
  endfacet
  facet normal 0.99519 0.0979679 0
    outer loop
      vertex -10.9803 -1.44558 38
      vertex -11.0513 -0.724339 31
      vertex -11.0513 -0.724339 38
    endloop
  endfacet
  facet normal 0.99519 0.0979679 0
    outer loop
      vertex -11.0513 -0.724339 31
      vertex -10.9803 -1.44558 38
      vertex -10.9803 -1.44558 31
    endloop
  endfacet
  facet normal -0.471404 0.881917 0
    outer loop
      vertex 5.5375 -9.59123 31
      vertex 4.89835 -9.93287 38
      vertex 5.5375 -9.59123 38
    endloop
  endfacet
  facet normal -0.471404 0.881917 0
    outer loop
      vertex 4.89835 -9.93287 38
      vertex 5.5375 -9.59123 31
      vertex 4.89835 -9.93287 31
    endloop
  endfacet
  facet normal -0.986633 -0.162958 0
    outer loop
      vertex 10.9803 1.44558 31
      vertex 10.8622 2.16062 38
      vertex 10.8622 2.16062 31
    endloop
  endfacet
  facet normal -0.986633 -0.162958 0
    outer loop
      vertex 10.8622 2.16062 38
      vertex 10.9803 1.44558 31
      vertex 10.9803 1.44558 38
    endloop
  endfacet
  facet normal -0.162958 0.986633 0
    outer loop
      vertex 2.16062 -10.8622 31
      vertex 1.44558 -10.9803 38
      vertex 2.16062 -10.8622 38
    endloop
  endfacet
  facet normal -0.162958 0.986633 0
    outer loop
      vertex 1.44558 -10.9803 38
      vertex 2.16062 -10.8622 31
      vertex 1.44558 -10.9803 31
    endloop
  endfacet
  facet normal -0.352266 0.9359 0
    outer loop
      vertex 4.23822 -10.232 31
      vertex 3.55994 -10.4873 38
      vertex 4.23822 -10.232 38
    endloop
  endfacet
  facet normal -0.352266 0.9359 0
    outer loop
      vertex 3.55994 -10.4873 38
      vertex 4.23822 -10.232 31
      vertex 3.55994 -10.4873 31
    endloop
  endfacet
  facet normal 0.227116 -0.973868 0
    outer loop
      vertex -2.86642 10.6976 31
      vertex -2.16062 10.8622 38
      vertex -2.86642 10.6976 38
    endloop
  endfacet
  facet normal 0.227116 -0.973868 0
    outer loop
      vertex -2.16062 10.8622 38
      vertex -2.86642 10.6976 31
      vertex -2.16062 10.8622 31
    endloop
  endfacet
  facet normal 0.162958 -0.986633 0
    outer loop
      vertex -2.16062 10.8622 31
      vertex -1.44558 10.9803 38
      vertex -2.16062 10.8622 38
    endloop
  endfacet
  facet normal 0.162958 -0.986633 0
    outer loop
      vertex -1.44558 10.9803 38
      vertex -2.16062 10.8622 31
      vertex -1.44558 10.9803 31
    endloop
  endfacet
  facet normal -0.162958 -0.986633 0
    outer loop
      vertex 1.44558 10.9803 31
      vertex 2.16062 10.8622 38
      vertex 1.44558 10.9803 38
    endloop
  endfacet
  facet normal -0.162958 -0.986633 -0
    outer loop
      vertex 2.16062 10.8622 38
      vertex 1.44558 10.9803 31
      vertex 2.16062 10.8622 31
    endloop
  endfacet
  facet normal -0.0979679 -0.99519 0
    outer loop
      vertex 0.724339 11.0513 31
      vertex 1.44558 10.9803 38
      vertex 0.724339 11.0513 38
    endloop
  endfacet
  facet normal -0.0979679 -0.99519 -0
    outer loop
      vertex 1.44558 10.9803 38
      vertex 0.724339 11.0513 31
      vertex 1.44558 10.9803 31
    endloop
  endfacet
  facet normal -0.683589 0.729868 0
    outer loop
      vertex 7.83121 -7.83121 31
      vertex 7.30225 -8.32663 38
      vertex 7.83121 -7.83121 38
    endloop
  endfacet
  facet normal -0.683589 0.729868 0
    outer loop
      vertex 7.30225 -8.32663 38
      vertex 7.83121 -7.83121 31
      vertex 7.30225 -8.32663 31
    endloop
  endfacet
  facet normal -0.41274 -0.910849 0
    outer loop
      vertex 4.23822 10.232 31
      vertex 4.89835 9.93287 38
      vertex 4.23822 10.232 38
    endloop
  endfacet
  facet normal -0.41274 -0.910849 -0
    outer loop
      vertex 4.89835 9.93287 38
      vertex 4.23822 10.232 31
      vertex 4.89835 9.93287 31
    endloop
  endfacet
  facet normal -0.910849 0.41274 0
    outer loop
      vertex 9.93287 -4.89835 31
      vertex 10.232 -4.23822 38
      vertex 10.232 -4.23822 31
    endloop
  endfacet
  facet normal -0.910849 0.41274 0
    outer loop
      vertex 10.232 -4.23822 38
      vertex 9.93287 -4.89835 31
      vertex 9.93287 -4.89835 38
    endloop
  endfacet
  facet normal -0.41274 0.910849 0
    outer loop
      vertex 4.89835 -9.93287 31
      vertex 4.23822 -10.232 38
      vertex 4.89835 -9.93287 38
    endloop
  endfacet
  facet normal -0.41274 0.910849 0
    outer loop
      vertex 4.23822 -10.232 38
      vertex 4.89835 -9.93287 31
      vertex 4.23822 -10.232 31
    endloop
  endfacet
  facet normal -0.528063 0.849205 0
    outer loop
      vertex 6.15294 -9.20853 31
      vertex 5.5375 -9.59123 38
      vertex 6.15294 -9.20853 38
    endloop
  endfacet
  facet normal -0.528063 0.849205 0
    outer loop
      vertex 5.5375 -9.59123 38
      vertex 6.15294 -9.20853 31
      vertex 5.5375 -9.59123 31
    endloop
  endfacet
  facet normal 0.95697 -0.290187 0
    outer loop
      vertex -10.6976 2.86642 38
      vertex -10.4873 3.55994 31
      vertex -10.4873 3.55994 38
    endloop
  endfacet
  facet normal 0.95697 -0.290187 0
    outer loop
      vertex -10.4873 3.55994 31
      vertex -10.6976 2.86642 38
      vertex -10.6976 2.86642 31
    endloop
  endfacet
  facet normal -0.9359 -0.352266 0
    outer loop
      vertex 10.4873 3.55994 31
      vertex 10.232 4.23822 38
      vertex 10.232 4.23822 31
    endloop
  endfacet
  facet normal -0.9359 -0.352266 0
    outer loop
      vertex 10.232 4.23822 38
      vertex 10.4873 3.55994 31
      vertex 10.4873 3.55994 38
    endloop
  endfacet
  facet normal -0.812844 0.582481 0
    outer loop
      vertex 8.78639 -6.74203 31
      vertex 9.20853 -6.15294 38
      vertex 9.20853 -6.15294 31
    endloop
  endfacet
  facet normal -0.812844 0.582481 0
    outer loop
      vertex 9.20853 -6.15294 38
      vertex 8.78639 -6.74203 31
      vertex 8.78639 -6.74203 38
    endloop
  endfacet
  facet normal -0.849205 0.528063 0
    outer loop
      vertex 9.20853 -6.15294 31
      vertex 9.59123 -5.5375 38
      vertex 9.59123 -5.5375 31
    endloop
  endfacet
  facet normal -0.849205 0.528063 0
    outer loop
      vertex 9.59123 -5.5375 38
      vertex 9.20853 -6.15294 31
      vertex 9.20853 -6.15294 38
    endloop
  endfacet
  facet normal 0.849205 0.528063 0
    outer loop
      vertex -9.20853 -6.15294 38
      vertex -9.59123 -5.5375 31
      vertex -9.59123 -5.5375 38
    endloop
  endfacet
  facet normal 0.849205 0.528063 0
    outer loop
      vertex -9.59123 -5.5375 31
      vertex -9.20853 -6.15294 38
      vertex -9.20853 -6.15294 31
    endloop
  endfacet
  facet normal -0.849205 -0.528063 0
    outer loop
      vertex 9.59123 5.5375 31
      vertex 9.20853 6.15294 38
      vertex 9.20853 6.15294 31
    endloop
  endfacet
  facet normal -0.849205 -0.528063 0
    outer loop
      vertex 9.20853 6.15294 38
      vertex 9.59123 5.5375 31
      vertex 9.59123 5.5375 38
    endloop
  endfacet
  facet normal -0.881917 0.471404 0
    outer loop
      vertex 9.59123 -5.5375 31
      vertex 9.93287 -4.89835 38
      vertex 9.93287 -4.89835 31
    endloop
  endfacet
  facet normal -0.881917 0.471404 0
    outer loop
      vertex 9.93287 -4.89835 38
      vertex 9.59123 -5.5375 31
      vertex 9.59123 -5.5375 38
    endloop
  endfacet
  facet normal -0.683589 -0.729868 0
    outer loop
      vertex 7.30225 8.32663 31
      vertex 7.83121 7.83121 38
      vertex 7.30225 8.32663 38
    endloop
  endfacet
  facet normal -0.683589 -0.729868 -0
    outer loop
      vertex 7.83121 7.83121 38
      vertex 7.30225 8.32663 31
      vertex 7.83121 7.83121 31
    endloop
  endfacet
  facet normal -0.773011 -0.634393 0
    outer loop
      vertex 8.78639 6.74203 31
      vertex 8.32663 7.30225 38
      vertex 8.32663 7.30225 31
    endloop
  endfacet
  facet normal -0.773011 -0.634393 0
    outer loop
      vertex 8.32663 7.30225 38
      vertex 8.78639 6.74203 31
      vertex 8.78639 6.74203 38
    endloop
  endfacet
  facet normal 0.9359 0.352266 0
    outer loop
      vertex -10.232 -4.23822 38
      vertex -10.4873 -3.55994 31
      vertex -10.4873 -3.55994 38
    endloop
  endfacet
  facet normal 0.9359 0.352266 0
    outer loop
      vertex -10.4873 -3.55994 31
      vertex -10.232 -4.23822 38
      vertex -10.232 -4.23822 31
    endloop
  endfacet
  facet normal 0.881917 -0.471404 0
    outer loop
      vertex -9.93287 4.89835 38
      vertex -9.59123 5.5375 31
      vertex -9.59123 5.5375 38
    endloop
  endfacet
  facet normal 0.881917 -0.471404 0
    outer loop
      vertex -9.59123 5.5375 31
      vertex -9.93287 4.89835 38
      vertex -9.93287 4.89835 31
    endloop
  endfacet
  facet normal 0.9359 -0.352266 0
    outer loop
      vertex -10.4873 3.55994 38
      vertex -10.232 4.23822 31
      vertex -10.232 4.23822 38
    endloop
  endfacet
  facet normal 0.9359 -0.352266 0
    outer loop
      vertex -10.232 4.23822 31
      vertex -10.4873 3.55994 38
      vertex -10.4873 3.55994 31
    endloop
  endfacet
  facet normal -0.032702 0.999465 0
    outer loop
      vertex 0.724339 -11.0513 31
      vertex 0 -11.075 38
      vertex 0.724339 -11.0513 38
    endloop
  endfacet
  facet normal -0.032702 0.999465 0
    outer loop
      vertex 0 -11.075 38
      vertex 0.724339 -11.0513 31
      vertex 0 -11.075 31
    endloop
  endfacet
  facet normal 0.773011 -0.634393 0
    outer loop
      vertex -8.78639 6.74203 38
      vertex -8.32663 7.30225 31
      vertex -8.32663 7.30225 38
    endloop
  endfacet
  facet normal 0.773011 -0.634393 0
    outer loop
      vertex -8.32663 7.30225 31
      vertex -8.78639 6.74203 38
      vertex -8.78639 6.74203 31
    endloop
  endfacet
  facet normal 0.352266 0.9359 -0
    outer loop
      vertex -3.55994 -10.4873 31
      vertex -4.23822 -10.232 38
      vertex -3.55994 -10.4873 38
    endloop
  endfacet
  facet normal 0.352266 0.9359 0
    outer loop
      vertex -4.23822 -10.232 38
      vertex -3.55994 -10.4873 31
      vertex -4.23822 -10.232 31
    endloop
  endfacet
  facet normal 0.352266 -0.9359 0
    outer loop
      vertex -4.23822 10.232 31
      vertex -3.55994 10.4873 38
      vertex -4.23822 10.232 38
    endloop
  endfacet
  facet normal 0.352266 -0.9359 0
    outer loop
      vertex -3.55994 10.4873 38
      vertex -4.23822 10.232 31
      vertex -3.55994 10.4873 31
    endloop
  endfacet
  facet normal 0.729868 -0.683589 0
    outer loop
      vertex -8.32663 7.30225 38
      vertex -7.83121 7.83121 31
      vertex -7.83121 7.83121 38
    endloop
  endfacet
  facet normal 0.729868 -0.683589 0
    outer loop
      vertex -7.83121 7.83121 31
      vertex -8.32663 7.30225 38
      vertex -8.32663 7.30225 31
    endloop
  endfacet
  facet normal 0.162958 0.986633 -0
    outer loop
      vertex -1.44558 -10.9803 31
      vertex -2.16062 -10.8622 38
      vertex -1.44558 -10.9803 38
    endloop
  endfacet
  facet normal 0.162958 0.986633 0
    outer loop
      vertex -2.16062 -10.8622 38
      vertex -1.44558 -10.9803 31
      vertex -2.16062 -10.8622 31
    endloop
  endfacet
  facet normal 0.812844 0.582481 0
    outer loop
      vertex -8.78639 -6.74203 38
      vertex -9.20853 -6.15294 31
      vertex -9.20853 -6.15294 38
    endloop
  endfacet
  facet normal 0.812844 0.582481 0
    outer loop
      vertex -9.20853 -6.15294 31
      vertex -8.78639 -6.74203 38
      vertex -8.78639 -6.74203 31
    endloop
  endfacet
  facet normal 0.986633 -0.162958 0
    outer loop
      vertex -10.9803 1.44558 38
      vertex -10.8622 2.16062 31
      vertex -10.8622 2.16062 38
    endloop
  endfacet
  facet normal 0.986633 -0.162958 0
    outer loop
      vertex -10.8622 2.16062 31
      vertex -10.9803 1.44558 38
      vertex -10.9803 1.44558 31
    endloop
  endfacet
  facet normal -0.032702 -0.999465 0
    outer loop
      vertex 0 11.075 31
      vertex 0.724339 11.0513 38
      vertex 0 11.075 38
    endloop
  endfacet
  facet normal -0.032702 -0.999465 -0
    outer loop
      vertex 0.724339 11.0513 38
      vertex 0 11.075 31
      vertex 0.724339 11.0513 31
    endloop
  endfacet
  facet normal 0.032702 -0.999465 0
    outer loop
      vertex -0.724339 11.0513 31
      vertex 0 11.075 38
      vertex -0.724339 11.0513 38
    endloop
  endfacet
  facet normal 0.032702 -0.999465 0
    outer loop
      vertex 0 11.075 38
      vertex -0.724339 11.0513 31
      vertex 0 11.075 31
    endloop
  endfacet
  facet normal -0.773011 0.634393 0
    outer loop
      vertex 8.32663 -7.30225 31
      vertex 8.78639 -6.74203 38
      vertex 8.78639 -6.74203 31
    endloop
  endfacet
  facet normal -0.773011 0.634393 0
    outer loop
      vertex 8.78639 -6.74203 38
      vertex 8.32663 -7.30225 31
      vertex 8.32663 -7.30225 38
    endloop
  endfacet
  facet normal -0.812844 -0.582481 0
    outer loop
      vertex 9.20853 6.15294 31
      vertex 8.78639 6.74203 38
      vertex 8.78639 6.74203 31
    endloop
  endfacet
  facet normal -0.812844 -0.582481 0
    outer loop
      vertex 8.78639 6.74203 38
      vertex 9.20853 6.15294 31
      vertex 9.20853 6.15294 38
    endloop
  endfacet
  facet normal 0.973868 -0.227116 0
    outer loop
      vertex -10.8622 2.16062 38
      vertex -10.6976 2.86642 31
      vertex -10.6976 2.86642 38
    endloop
  endfacet
  facet normal 0.973868 -0.227116 0
    outer loop
      vertex -10.6976 2.86642 31
      vertex -10.8622 2.16062 38
      vertex -10.8622 2.16062 31
    endloop
  endfacet
  facet normal 0.973868 0.227116 0
    outer loop
      vertex -10.6976 -2.86642 38
      vertex -10.8622 -2.16062 31
      vertex -10.8622 -2.16062 38
    endloop
  endfacet
  facet normal 0.973868 0.227116 0
    outer loop
      vertex -10.8622 -2.16062 31
      vertex -10.6976 -2.86642 38
      vertex -10.6976 -2.86642 31
    endloop
  endfacet
  facet normal 0.41274 0.910849 -0
    outer loop
      vertex -4.23822 -10.232 31
      vertex -4.89835 -9.93287 38
      vertex -4.23822 -10.232 38
    endloop
  endfacet
  facet normal 0.41274 0.910849 0
    outer loop
      vertex -4.89835 -9.93287 38
      vertex -4.23822 -10.232 31
      vertex -4.89835 -9.93287 31
    endloop
  endfacet
  facet normal 0.729868 0.683589 0
    outer loop
      vertex -7.83121 -7.83121 38
      vertex -8.32663 -7.30225 31
      vertex -8.32663 -7.30225 38
    endloop
  endfacet
  facet normal 0.729868 0.683589 0
    outer loop
      vertex -8.32663 -7.30225 31
      vertex -7.83121 -7.83121 38
      vertex -7.83121 -7.83121 31
    endloop
  endfacet
  facet normal -0.99519 -0.0979679 0
    outer loop
      vertex 11.0513 0.724339 31
      vertex 10.9803 1.44558 38
      vertex 10.9803 1.44558 31
    endloop
  endfacet
  facet normal -0.99519 -0.0979679 0
    outer loop
      vertex 10.9803 1.44558 38
      vertex 11.0513 0.724339 31
      vertex 11.0513 0.724339 38
    endloop
  endfacet
  facet normal 0.634393 -0.773011 0
    outer loop
      vertex -7.30225 8.32663 31
      vertex -6.74203 8.78639 38
      vertex -7.30225 8.32663 38
    endloop
  endfacet
  facet normal 0.634393 -0.773011 0
    outer loop
      vertex -6.74203 8.78639 38
      vertex -7.30225 8.32663 31
      vertex -6.74203 8.78639 31
    endloop
  endfacet
  facet normal 0.290187 0.95697 -0
    outer loop
      vertex -2.86642 -10.6976 31
      vertex -3.55994 -10.4873 38
      vertex -2.86642 -10.6976 38
    endloop
  endfacet
  facet normal 0.290187 0.95697 0
    outer loop
      vertex -3.55994 -10.4873 38
      vertex -2.86642 -10.6976 31
      vertex -3.55994 -10.4873 31
    endloop
  endfacet
  facet normal -0.973868 -0.227116 0
    outer loop
      vertex 10.8622 2.16062 31
      vertex 10.6976 2.86642 38
      vertex 10.6976 2.86642 31
    endloop
  endfacet
  facet normal -0.973868 -0.227116 0
    outer loop
      vertex 10.6976 2.86642 38
      vertex 10.8622 2.16062 31
      vertex 10.8622 2.16062 38
    endloop
  endfacet
  facet normal 0.528063 0.849205 -0
    outer loop
      vertex -5.5375 -9.59123 31
      vertex -6.15294 -9.20853 38
      vertex -5.5375 -9.59123 38
    endloop
  endfacet
  facet normal 0.528063 0.849205 0
    outer loop
      vertex -6.15294 -9.20853 38
      vertex -5.5375 -9.59123 31
      vertex -6.15294 -9.20853 31
    endloop
  endfacet
  facet normal -0.634393 0.773011 0
    outer loop
      vertex 7.30225 -8.32663 31
      vertex 6.74203 -8.78639 38
      vertex 7.30225 -8.32663 38
    endloop
  endfacet
  facet normal -0.634393 0.773011 0
    outer loop
      vertex 6.74203 -8.78639 38
      vertex 7.30225 -8.32663 31
      vertex 6.74203 -8.78639 31
    endloop
  endfacet
  facet normal -0.729868 -0.683589 0
    outer loop
      vertex 8.32663 7.30225 31
      vertex 7.83121 7.83121 38
      vertex 7.83121 7.83121 31
    endloop
  endfacet
  facet normal -0.729868 -0.683589 0
    outer loop
      vertex 7.83121 7.83121 38
      vertex 8.32663 7.30225 31
      vertex 8.32663 7.30225 38
    endloop
  endfacet
  facet normal -0.881917 -0.471404 0
    outer loop
      vertex 9.93287 4.89835 31
      vertex 9.59123 5.5375 38
      vertex 9.59123 5.5375 31
    endloop
  endfacet
  facet normal -0.881917 -0.471404 0
    outer loop
      vertex 9.59123 5.5375 38
      vertex 9.93287 4.89835 31
      vertex 9.93287 4.89835 38
    endloop
  endfacet
  facet normal -0.582481 -0.812844 0
    outer loop
      vertex 6.15294 9.20853 31
      vertex 6.74203 8.78639 38
      vertex 6.15294 9.20853 38
    endloop
  endfacet
  facet normal -0.582481 -0.812844 -0
    outer loop
      vertex 6.74203 8.78639 38
      vertex 6.15294 9.20853 31
      vertex 6.74203 8.78639 31
    endloop
  endfacet
  facet normal 0.0979679 -0.99519 0
    outer loop
      vertex -1.44558 10.9803 31
      vertex -0.724339 11.0513 38
      vertex -1.44558 10.9803 38
    endloop
  endfacet
  facet normal 0.0979679 -0.99519 0
    outer loop
      vertex -0.724339 11.0513 38
      vertex -1.44558 10.9803 31
      vertex -0.724339 11.0513 31
    endloop
  endfacet
  facet normal -0.95697 -0.290187 0
    outer loop
      vertex 10.6976 2.86642 31
      vertex 10.4873 3.55994 38
      vertex 10.4873 3.55994 31
    endloop
  endfacet
  facet normal -0.95697 -0.290187 0
    outer loop
      vertex 10.4873 3.55994 38
      vertex 10.6976 2.86642 31
      vertex 10.6976 2.86642 38
    endloop
  endfacet
  facet normal 0.032702 0.999465 -0
    outer loop
      vertex 0 -11.075 31
      vertex -0.724339 -11.0513 38
      vertex 0 -11.075 38
    endloop
  endfacet
  facet normal 0.032702 0.999465 0
    outer loop
      vertex -0.724339 -11.0513 38
      vertex 0 -11.075 31
      vertex -0.724339 -11.0513 31
    endloop
  endfacet
  facet normal -0.582481 0.812844 0
    outer loop
      vertex 6.74203 -8.78639 31
      vertex 6.15294 -9.20853 38
      vertex 6.74203 -8.78639 38
    endloop
  endfacet
  facet normal -0.582481 0.812844 0
    outer loop
      vertex 6.15294 -9.20853 38
      vertex 6.74203 -8.78639 31
      vertex 6.15294 -9.20853 31
    endloop
  endfacet
  facet normal 0.471404 -0.881917 0
    outer loop
      vertex -5.5375 9.59123 31
      vertex -4.89835 9.93287 38
      vertex -5.5375 9.59123 38
    endloop
  endfacet
  facet normal 0.471404 -0.881917 0
    outer loop
      vertex -4.89835 9.93287 38
      vertex -5.5375 9.59123 31
      vertex -4.89835 9.93287 31
    endloop
  endfacet
  facet normal -0.227116 -0.973868 0
    outer loop
      vertex 2.16062 10.8622 31
      vertex 2.86642 10.6976 38
      vertex 2.16062 10.8622 38
    endloop
  endfacet
  facet normal -0.227116 -0.973868 -0
    outer loop
      vertex 2.86642 10.6976 38
      vertex 2.16062 10.8622 31
      vertex 2.86642 10.6976 31
    endloop
  endfacet
  facet normal 0.683589 -0.729868 0
    outer loop
      vertex -7.83121 7.83121 31
      vertex -7.30225 8.32663 38
      vertex -7.83121 7.83121 38
    endloop
  endfacet
  facet normal 0.683589 -0.729868 0
    outer loop
      vertex -7.30225 8.32663 38
      vertex -7.83121 7.83121 31
      vertex -7.30225 8.32663 31
    endloop
  endfacet
  facet normal 0.881917 0.471404 0
    outer loop
      vertex -9.59123 -5.5375 38
      vertex -9.93287 -4.89835 31
      vertex -9.93287 -4.89835 38
    endloop
  endfacet
  facet normal 0.881917 0.471404 0
    outer loop
      vertex -9.93287 -4.89835 31
      vertex -9.59123 -5.5375 38
      vertex -9.59123 -5.5375 31
    endloop
  endfacet
  facet normal 0.99519 -0.0979679 0
    outer loop
      vertex -11.0513 0.724339 38
      vertex -10.9803 1.44558 31
      vertex -10.9803 1.44558 38
    endloop
  endfacet
  facet normal 0.99519 -0.0979679 0
    outer loop
      vertex -10.9803 1.44558 31
      vertex -11.0513 0.724339 38
      vertex -11.0513 0.724339 31
    endloop
  endfacet
  facet normal -0.290187 -0.95697 0
    outer loop
      vertex 2.86642 10.6976 31
      vertex 3.55994 10.4873 38
      vertex 2.86642 10.6976 38
    endloop
  endfacet
  facet normal -0.290187 -0.95697 -0
    outer loop
      vertex 3.55994 10.4873 38
      vertex 2.86642 10.6976 31
      vertex 3.55994 10.4873 31
    endloop
  endfacet
  facet normal 0.986633 0.162958 0
    outer loop
      vertex -10.8622 -2.16062 38
      vertex -10.9803 -1.44558 31
      vertex -10.9803 -1.44558 38
    endloop
  endfacet
  facet normal 0.986633 0.162958 0
    outer loop
      vertex -10.9803 -1.44558 31
      vertex -10.8622 -2.16062 38
      vertex -10.8622 -2.16062 31
    endloop
  endfacet
  facet normal 0.290187 -0.95697 0
    outer loop
      vertex -3.55994 10.4873 31
      vertex -2.86642 10.6976 38
      vertex -3.55994 10.4873 38
    endloop
  endfacet
  facet normal 0.290187 -0.95697 0
    outer loop
      vertex -2.86642 10.6976 38
      vertex -3.55994 10.4873 31
      vertex -2.86642 10.6976 31
    endloop
  endfacet
  facet normal 0.910849 -0.41274 0
    outer loop
      vertex -10.232 4.23822 38
      vertex -9.93287 4.89835 31
      vertex -9.93287 4.89835 38
    endloop
  endfacet
  facet normal 0.910849 -0.41274 0
    outer loop
      vertex -9.93287 4.89835 31
      vertex -10.232 4.23822 38
      vertex -10.232 4.23822 31
    endloop
  endfacet
  facet normal 0.999465 -0.032702 0
    outer loop
      vertex -11.075 0 38
      vertex -11.0513 0.724339 31
      vertex -11.0513 0.724339 38
    endloop
  endfacet
  facet normal 0.999465 -0.032702 0
    outer loop
      vertex -11.0513 0.724339 31
      vertex -11.075 0 38
      vertex -11.075 0 31
    endloop
  endfacet
  facet normal -0.634393 -0.773011 0
    outer loop
      vertex 6.74203 8.78639 31
      vertex 7.30225 8.32663 38
      vertex 6.74203 8.78639 38
    endloop
  endfacet
  facet normal -0.634393 -0.773011 -0
    outer loop
      vertex 7.30225 8.32663 38
      vertex 6.74203 8.78639 31
      vertex 7.30225 8.32663 31
    endloop
  endfacet
  facet normal -0.999465 -0.032702 0
    outer loop
      vertex 11.075 0 31
      vertex 11.0513 0.724339 38
      vertex 11.0513 0.724339 31
    endloop
  endfacet
  facet normal -0.999465 -0.032702 0
    outer loop
      vertex 11.0513 0.724339 38
      vertex 11.075 0 31
      vertex 11.075 0 38
    endloop
  endfacet
  facet normal 0.528063 -0.849205 0
    outer loop
      vertex -6.15294 9.20853 31
      vertex -5.5375 9.59123 38
      vertex -6.15294 9.20853 38
    endloop
  endfacet
  facet normal 0.528063 -0.849205 0
    outer loop
      vertex -5.5375 9.59123 38
      vertex -6.15294 9.20853 31
      vertex -5.5375 9.59123 31
    endloop
  endfacet
  facet normal 0.999465 0.032702 0
    outer loop
      vertex -11.0513 -0.724339 38
      vertex -11.075 0 31
      vertex -11.075 0 38
    endloop
  endfacet
  facet normal 0.999465 0.032702 0
    outer loop
      vertex -11.075 0 31
      vertex -11.0513 -0.724339 38
      vertex -11.0513 -0.724339 31
    endloop
  endfacet
  facet normal -0.910849 -0.41274 0
    outer loop
      vertex 10.232 4.23822 31
      vertex 9.93287 4.89835 38
      vertex 9.93287 4.89835 31
    endloop
  endfacet
  facet normal -0.910849 -0.41274 0
    outer loop
      vertex 9.93287 4.89835 38
      vertex 10.232 4.23822 31
      vertex 10.232 4.23822 38
    endloop
  endfacet
  facet normal 0 0 1
    outer loop
      vertex 6 0 31
      vertex 11.075 0 31
      vertex 11.0513 0.724339 31
    endloop
  endfacet
  facet normal 0 0 1
    outer loop
      vertex 5.98715 0.392418 31
      vertex 11.0513 0.724339 31
      vertex 10.9803 1.44558 31
    endloop
  endfacet
  facet normal 0 0 1
    outer loop
      vertex 11.075 0 31
      vertex 6 0 31
      vertex 11.0513 -0.724339 31
    endloop
  endfacet
  facet normal 0 0 1
    outer loop
      vertex 5.94867 0.783156 31
      vertex 10.9803 1.44558 31
      vertex 10.8622 2.16062 31
    endloop
  endfacet
  facet normal -0 0 1
    outer loop
      vertex 5.98715 -0.392418 31
      vertex 11.0513 -0.724339 31
      vertex 6 0 31
    endloop
  endfacet
  facet normal 0 0 1
    outer loop
      vertex 5.88471 1.17054 31
      vertex 10.8622 2.16062 31
      vertex 10.6976 2.86642 31
    endloop
  endfacet
  facet normal 0 0 1
    outer loop
      vertex 11.0513 -0.724339 31
      vertex 5.98715 -0.392418 31
      vertex 10.9803 -1.44558 31
    endloop
  endfacet
  facet normal 0 0 1
    outer loop
      vertex 5.79555 1.55291 31
      vertex 10.6976 2.86642 31
      vertex 10.4873 3.55994 31
    endloop
  endfacet
  facet normal -0 0 1
    outer loop
      vertex 5.94867 -0.783156 31
      vertex 10.9803 -1.44558 31
      vertex 5.98715 -0.392418 31
    endloop
  endfacet
  facet normal 0 0 1
    outer loop
      vertex 5.68158 1.92864 31
      vertex 10.4873 3.55994 31
      vertex 10.232 4.23822 31
    endloop
  endfacet
  facet normal 0 0 1
    outer loop
      vertex 10.9803 -1.44558 31
      vertex 5.94867 -0.783156 31
      vertex 10.8622 -2.16062 31
    endloop
  endfacet
  facet normal 0 0 1
    outer loop
      vertex 5.54328 2.2961 31
      vertex 10.232 4.23822 31
      vertex 9.93287 4.89835 31
    endloop
  endfacet
  facet normal -0 0 1
    outer loop
      vertex 5.88471 -1.17054 31
      vertex 10.8622 -2.16062 31
      vertex 5.94867 -0.783156 31
    endloop
  endfacet
  facet normal 0 0 1
    outer loop
      vertex 5.38124 2.65373 31
      vertex 9.93287 4.89835 31
      vertex 9.59123 5.5375 31
    endloop
  endfacet
  facet normal 0 0 1
    outer loop
      vertex 10.8622 -2.16062 31
      vertex 5.88471 -1.17054 31
      vertex 10.6976 -2.86642 31
    endloop
  endfacet
  facet normal 0 0 1
    outer loop
      vertex 5.19615 3 31
      vertex 9.59123 5.5375 31
      vertex 9.20853 6.15294 31
    endloop
  endfacet
  facet normal -0 0 1
    outer loop
      vertex 5.79555 -1.55291 31
      vertex 10.6976 -2.86642 31
      vertex 5.88471 -1.17054 31
    endloop
  endfacet
  facet normal 0 0 1
    outer loop
      vertex 4.98882 3.33342 31
      vertex 9.20853 6.15294 31
      vertex 8.78639 6.74203 31
    endloop
  endfacet
  facet normal 0 0 1
    outer loop
      vertex 10.6976 -2.86642 31
      vertex 5.79555 -1.55291 31
      vertex 10.4873 -3.55994 31
    endloop
  endfacet
  facet normal 0 0 1
    outer loop
      vertex 4.76012 3.65257 31
      vertex 8.78639 6.74203 31
      vertex 8.32663 7.30225 31
    endloop
  endfacet
  facet normal -0 0 1
    outer loop
      vertex 5.68158 -1.92864 31
      vertex 10.4873 -3.55994 31
      vertex 5.79555 -1.55291 31
    endloop
  endfacet
  facet normal 0 0 1
    outer loop
      vertex 4.51104 3.95607 31
      vertex 8.32663 7.30225 31
      vertex 7.83121 7.83121 31
    endloop
  endfacet
  facet normal 0 0 1
    outer loop
      vertex 10.4873 -3.55994 31
      vertex 5.68158 -1.92864 31
      vertex 10.232 -4.23822 31
    endloop
  endfacet
  facet normal 0 0 1
    outer loop
      vertex 4.24264 4.24264 31
      vertex 7.83121 7.83121 31
      vertex 7.30225 8.32663 31
    endloop
  endfacet
  facet normal -0 0 1
    outer loop
      vertex 5.54328 -2.2961 31
      vertex 10.232 -4.23822 31
      vertex 5.68158 -1.92864 31
    endloop
  endfacet
  facet normal 0 0 1
    outer loop
      vertex 3.95607 4.51104 31
      vertex 7.30225 8.32663 31
      vertex 6.74203 8.78639 31
    endloop
  endfacet
  facet normal 0 0 1
    outer loop
      vertex 10.232 -4.23822 31
      vertex 5.54328 -2.2961 31
      vertex 9.93287 -4.89835 31
    endloop
  endfacet
  facet normal 0 0 1
    outer loop
      vertex 3.65257 4.76012 31
      vertex 6.74203 8.78639 31
      vertex 6.15294 9.20853 31
    endloop
  endfacet
  facet normal -0 0 1
    outer loop
      vertex 5.38124 -2.65373 31
      vertex 9.93287 -4.89835 31
      vertex 5.54328 -2.2961 31
    endloop
  endfacet
  facet normal 0 0 1
    outer loop
      vertex 9.93287 -4.89835 31
      vertex 5.38124 -2.65373 31
      vertex 9.59123 -5.5375 31
    endloop
  endfacet
  facet normal 0 0 1
    outer loop
      vertex 11.0513 0.724339 31
      vertex 5.98715 0.392418 31
      vertex 6 0 31
    endloop
  endfacet
  facet normal 0 0 1
    outer loop
      vertex 10.9803 1.44558 31
      vertex 5.94867 0.783156 31
      vertex 5.98715 0.392418 31
    endloop
  endfacet
  facet normal 0 0 1
    outer loop
      vertex 10.8622 2.16062 31
      vertex 5.88471 1.17054 31
      vertex 5.94867 0.783156 31
    endloop
  endfacet
  facet normal 0 0 1
    outer loop
      vertex 10.6976 2.86642 31
      vertex 5.79555 1.55291 31
      vertex 5.88471 1.17054 31
    endloop
  endfacet
  facet normal 0 0 1
    outer loop
      vertex 10.4873 3.55994 31
      vertex 5.68158 1.92864 31
      vertex 5.79555 1.55291 31
    endloop
  endfacet
  facet normal 0 0 1
    outer loop
      vertex 10.232 4.23822 31
      vertex 5.54328 2.2961 31
      vertex 5.68158 1.92864 31
    endloop
  endfacet
  facet normal 0 0 1
    outer loop
      vertex 3.33342 4.98882 31
      vertex 6.15294 9.20853 31
      vertex 5.5375 9.59123 31
    endloop
  endfacet
  facet normal 0 0 1
    outer loop
      vertex 9.93287 4.89835 31
      vertex 5.38124 2.65373 31
      vertex 5.54328 2.2961 31
    endloop
  endfacet
  facet normal 0 0 1
    outer loop
      vertex 9.59123 5.5375 31
      vertex 5.19615 3 31
      vertex 5.38124 2.65373 31
    endloop
  endfacet
  facet normal 0 0 1
    outer loop
      vertex 9.20853 6.15294 31
      vertex 4.98882 3.33342 31
      vertex 5.19615 3 31
    endloop
  endfacet
  facet normal 0 0 1
    outer loop
      vertex 3 5.19615 31
      vertex 5.5375 9.59123 31
      vertex 4.89835 9.93287 31
    endloop
  endfacet
  facet normal 0 0 1
    outer loop
      vertex 8.78639 6.74203 31
      vertex 4.76012 3.65257 31
      vertex 4.98882 3.33342 31
    endloop
  endfacet
  facet normal 0 0 1
    outer loop
      vertex 8.32663 7.30225 31
      vertex 4.51104 3.95607 31
      vertex 4.76012 3.65257 31
    endloop
  endfacet
  facet normal 0 0 1
    outer loop
      vertex 7.83121 7.83121 31
      vertex 4.24264 4.24264 31
      vertex 4.51104 3.95607 31
    endloop
  endfacet
  facet normal 0 0 1
    outer loop
      vertex 2.65373 5.38124 31
      vertex 4.89835 9.93287 31
      vertex 4.23822 10.232 31
    endloop
  endfacet
  facet normal 0 0 1
    outer loop
      vertex 7.30225 8.32663 31
      vertex 3.95607 4.51104 31
      vertex 4.24264 4.24264 31
    endloop
  endfacet
  facet normal 0 0 1
    outer loop
      vertex 6.74203 8.78639 31
      vertex 3.65257 4.76012 31
      vertex 3.95607 4.51104 31
    endloop
  endfacet
  facet normal 0 0 1
    outer loop
      vertex 2.2961 5.54328 31
      vertex 4.23822 10.232 31
      vertex 3.55994 10.4873 31
    endloop
  endfacet
  facet normal 0 0 1
    outer loop
      vertex 6.15294 9.20853 31
      vertex 3.33342 4.98882 31
      vertex 3.65257 4.76012 31
    endloop
  endfacet
  facet normal 0 0 1
    outer loop
      vertex 5.5375 9.59123 31
      vertex 3 5.19615 31
      vertex 3.33342 4.98882 31
    endloop
  endfacet
  facet normal 0 0 1
    outer loop
      vertex 1.92864 5.68158 31
      vertex 3.55994 10.4873 31
      vertex 2.86642 10.6976 31
    endloop
  endfacet
  facet normal 0 0 1
    outer loop
      vertex 4.89835 9.93287 31
      vertex 2.65373 5.38124 31
      vertex 3 5.19615 31
    endloop
  endfacet
  facet normal 0 0 1
    outer loop
      vertex 4.23822 10.232 31
      vertex 2.2961 5.54328 31
      vertex 2.65373 5.38124 31
    endloop
  endfacet
  facet normal 0 0 1
    outer loop
      vertex 1.55291 5.79555 31
      vertex 2.86642 10.6976 31
      vertex 2.16062 10.8622 31
    endloop
  endfacet
  facet normal 0 0 1
    outer loop
      vertex 3.55994 10.4873 31
      vertex 1.92864 5.68158 31
      vertex 2.2961 5.54328 31
    endloop
  endfacet
  facet normal 0 0 1
    outer loop
      vertex 2.86642 10.6976 31
      vertex 1.55291 5.79555 31
      vertex 1.92864 5.68158 31
    endloop
  endfacet
  facet normal 0 0 1
    outer loop
      vertex 1.17054 5.88471 31
      vertex 2.16062 10.8622 31
      vertex 1.44558 10.9803 31
    endloop
  endfacet
  facet normal 0 0 1
    outer loop
      vertex 2.16062 10.8622 31
      vertex 1.17054 5.88471 31
      vertex 1.55291 5.79555 31
    endloop
  endfacet
  facet normal 0 0 1
    outer loop
      vertex 1.44558 10.9803 31
      vertex 0.783156 5.94867 31
      vertex 1.17054 5.88471 31
    endloop
  endfacet
  facet normal 0 0 1
    outer loop
      vertex 0.724339 11.0513 31
      vertex 0.783156 5.94867 31
      vertex 1.44558 10.9803 31
    endloop
  endfacet
  facet normal 0 0 1
    outer loop
      vertex 0.724339 11.0513 31
      vertex 0.392418 5.98715 31
      vertex 0.783156 5.94867 31
    endloop
  endfacet
  facet normal 0 0 1
    outer loop
      vertex 0 11.075 31
      vertex 0.392418 5.98715 31
      vertex 0.724339 11.0513 31
    endloop
  endfacet
  facet normal 0 0 1
    outer loop
      vertex 0 11.075 31
      vertex 0 6 31
      vertex 0.392418 5.98715 31
    endloop
  endfacet
  facet normal 0 0 1
    outer loop
      vertex 0 11.075 31
      vertex -0.392418 5.98715 31
      vertex 0 6 31
    endloop
  endfacet
  facet normal -0 0 1
    outer loop
      vertex -0.724339 11.0513 31
      vertex -0.392418 5.98715 31
      vertex 0 11.075 31
    endloop
  endfacet
  facet normal 0 0 1
    outer loop
      vertex -0.724339 11.0513 31
      vertex -0.783156 5.94867 31
      vertex -0.392418 5.98715 31
    endloop
  endfacet
  facet normal -0 0 1
    outer loop
      vertex -1.44558 10.9803 31
      vertex -0.783156 5.94867 31
      vertex -0.724339 11.0513 31
    endloop
  endfacet
  facet normal 0 0 1
    outer loop
      vertex -0.783156 5.94867 31
      vertex -1.44558 10.9803 31
      vertex -1.17054 5.88471 31
    endloop
  endfacet
  facet normal -0 0 1
    outer loop
      vertex -2.16062 10.8622 31
      vertex -1.17054 5.88471 31
      vertex -1.44558 10.9803 31
    endloop
  endfacet
  facet normal 0 0 1
    outer loop
      vertex -1.17054 5.88471 31
      vertex -2.16062 10.8622 31
      vertex -1.55291 5.79555 31
    endloop
  endfacet
  facet normal -0 0 1
    outer loop
      vertex -2.86642 10.6976 31
      vertex -1.55291 5.79555 31
      vertex -2.16062 10.8622 31
    endloop
  endfacet
  facet normal 0 0 1
    outer loop
      vertex -1.55291 5.79555 31
      vertex -2.86642 10.6976 31
      vertex -1.92864 5.68158 31
    endloop
  endfacet
  facet normal -0 0 1
    outer loop
      vertex -3.55994 10.4873 31
      vertex -1.92864 5.68158 31
      vertex -2.86642 10.6976 31
    endloop
  endfacet
  facet normal 0 0 1
    outer loop
      vertex -1.92864 5.68158 31
      vertex -3.55994 10.4873 31
      vertex -2.2961 5.54328 31
    endloop
  endfacet
  facet normal -0 0 1
    outer loop
      vertex -4.23822 10.232 31
      vertex -2.2961 5.54328 31
      vertex -3.55994 10.4873 31
    endloop
  endfacet
  facet normal 0 0 1
    outer loop
      vertex -2.2961 5.54328 31
      vertex -4.23822 10.232 31
      vertex -2.65373 5.38124 31
    endloop
  endfacet
  facet normal -0 0 1
    outer loop
      vertex -4.89835 9.93287 31
      vertex -2.65373 5.38124 31
      vertex -4.23822 10.232 31
    endloop
  endfacet
  facet normal 0 0 1
    outer loop
      vertex -2.65373 5.38124 31
      vertex -4.89835 9.93287 31
      vertex -3 5.19615 31
    endloop
  endfacet
  facet normal -0 0 1
    outer loop
      vertex -5.5375 9.59123 31
      vertex -3 5.19615 31
      vertex -4.89835 9.93287 31
    endloop
  endfacet
  facet normal 0 0 1
    outer loop
      vertex -3 5.19615 31
      vertex -5.5375 9.59123 31
      vertex -3.33342 4.98882 31
    endloop
  endfacet
  facet normal -0 0 1
    outer loop
      vertex -6.15294 9.20853 31
      vertex -3.33342 4.98882 31
      vertex -5.5375 9.59123 31
    endloop
  endfacet
  facet normal 0 0 1
    outer loop
      vertex -3.33342 4.98882 31
      vertex -6.15294 9.20853 31
      vertex -3.65257 4.76012 31
    endloop
  endfacet
  facet normal -0 0 1
    outer loop
      vertex -6.74203 8.78639 31
      vertex -3.65257 4.76012 31
      vertex -6.15294 9.20853 31
    endloop
  endfacet
  facet normal 0 0 1
    outer loop
      vertex -3.65257 4.76012 31
      vertex -6.74203 8.78639 31
      vertex -3.95607 4.51104 31
    endloop
  endfacet
  facet normal -0 0 1
    outer loop
      vertex -7.30225 8.32663 31
      vertex -3.95607 4.51104 31
      vertex -6.74203 8.78639 31
    endloop
  endfacet
  facet normal 0 0 1
    outer loop
      vertex -3.95607 4.51104 31
      vertex -7.30225 8.32663 31
      vertex -4.24264 4.24264 31
    endloop
  endfacet
  facet normal -0 0 1
    outer loop
      vertex -7.83121 7.83121 31
      vertex -4.24264 4.24264 31
      vertex -7.30225 8.32663 31
    endloop
  endfacet
  facet normal 0 0 1
    outer loop
      vertex -4.24264 4.24264 31
      vertex -7.83121 7.83121 31
      vertex -4.51104 3.95607 31
    endloop
  endfacet
  facet normal -0 0 1
    outer loop
      vertex -8.32663 7.30225 31
      vertex -4.51104 3.95607 31
      vertex -7.83121 7.83121 31
    endloop
  endfacet
  facet normal 0 0 1
    outer loop
      vertex -4.51104 3.95607 31
      vertex -8.32663 7.30225 31
      vertex -4.76012 3.65257 31
    endloop
  endfacet
  facet normal -0 0 1
    outer loop
      vertex -8.78639 6.74203 31
      vertex -4.76012 3.65257 31
      vertex -8.32663 7.30225 31
    endloop
  endfacet
  facet normal 0 0 1
    outer loop
      vertex -4.76012 3.65257 31
      vertex -8.78639 6.74203 31
      vertex -4.98882 3.33342 31
    endloop
  endfacet
  facet normal -0 0 1
    outer loop
      vertex -9.20853 6.15294 31
      vertex -4.98882 3.33342 31
      vertex -8.78639 6.74203 31
    endloop
  endfacet
  facet normal 0 0 1
    outer loop
      vertex -4.98882 3.33342 31
      vertex -9.20853 6.15294 31
      vertex -5.19615 3 31
    endloop
  endfacet
  facet normal 0 0 1
    outer loop
      vertex -5.19615 3 31
      vertex -9.59123 5.5375 31
      vertex -5.38124 2.65373 31
    endloop
  endfacet
  facet normal -0 0 1
    outer loop
      vertex -9.59123 5.5375 31
      vertex -5.19615 3 31
      vertex -9.20853 6.15294 31
    endloop
  endfacet
  facet normal -0 0 1
    outer loop
      vertex 5.19615 -3 31
      vertex 9.59123 -5.5375 31
      vertex 5.38124 -2.65373 31
    endloop
  endfacet
  facet normal 0 0 1
    outer loop
      vertex 9.59123 -5.5375 31
      vertex 5.19615 -3 31
      vertex 9.20853 -6.15294 31
    endloop
  endfacet
  facet normal -0 0 1
    outer loop
      vertex 4.98882 -3.33342 31
      vertex 9.20853 -6.15294 31
      vertex 5.19615 -3 31
    endloop
  endfacet
  facet normal 0 0 1
    outer loop
      vertex 9.20853 -6.15294 31
      vertex 4.98882 -3.33342 31
      vertex 8.78639 -6.74203 31
    endloop
  endfacet
  facet normal -0 0 1
    outer loop
      vertex 4.76012 -3.65257 31
      vertex 8.78639 -6.74203 31
      vertex 4.98882 -3.33342 31
    endloop
  endfacet
  facet normal 0 0 1
    outer loop
      vertex 8.78639 -6.74203 31
      vertex 4.76012 -3.65257 31
      vertex 8.32663 -7.30225 31
    endloop
  endfacet
  facet normal -0 0 1
    outer loop
      vertex 4.51104 -3.95607 31
      vertex 8.32663 -7.30225 31
      vertex 4.76012 -3.65257 31
    endloop
  endfacet
  facet normal 0 0 1
    outer loop
      vertex 8.32663 -7.30225 31
      vertex 4.51104 -3.95607 31
      vertex 7.83121 -7.83121 31
    endloop
  endfacet
  facet normal -0 0 1
    outer loop
      vertex 4.24264 -4.24264 31
      vertex 7.83121 -7.83121 31
      vertex 4.51104 -3.95607 31
    endloop
  endfacet
  facet normal 0 0 1
    outer loop
      vertex 7.83121 -7.83121 31
      vertex 4.24264 -4.24264 31
      vertex 7.30225 -8.32663 31
    endloop
  endfacet
  facet normal -0 0 1
    outer loop
      vertex 3.95607 -4.51104 31
      vertex 7.30225 -8.32663 31
      vertex 4.24264 -4.24264 31
    endloop
  endfacet
  facet normal 0 0 1
    outer loop
      vertex 7.30225 -8.32663 31
      vertex 3.95607 -4.51104 31
      vertex 6.74203 -8.78639 31
    endloop
  endfacet
  facet normal -0 0 1
    outer loop
      vertex 3.65257 -4.76012 31
      vertex 6.74203 -8.78639 31
      vertex 3.95607 -4.51104 31
    endloop
  endfacet
  facet normal 0 0 1
    outer loop
      vertex 6.74203 -8.78639 31
      vertex 3.65257 -4.76012 31
      vertex 6.15294 -9.20853 31
    endloop
  endfacet
  facet normal -0 0 1
    outer loop
      vertex 3.33342 -4.98882 31
      vertex 6.15294 -9.20853 31
      vertex 3.65257 -4.76012 31
    endloop
  endfacet
  facet normal 0 0 1
    outer loop
      vertex 6.15294 -9.20853 31
      vertex 3.33342 -4.98882 31
      vertex 5.5375 -9.59123 31
    endloop
  endfacet
  facet normal -0 0 1
    outer loop
      vertex 3 -5.19615 31
      vertex 5.5375 -9.59123 31
      vertex 3.33342 -4.98882 31
    endloop
  endfacet
  facet normal 0 0 1
    outer loop
      vertex 5.5375 -9.59123 31
      vertex 3 -5.19615 31
      vertex 4.89835 -9.93287 31
    endloop
  endfacet
  facet normal -0 0 1
    outer loop
      vertex 2.65373 -5.38124 31
      vertex 4.89835 -9.93287 31
      vertex 3 -5.19615 31
    endloop
  endfacet
  facet normal 0 0 1
    outer loop
      vertex 4.89835 -9.93287 31
      vertex 2.65373 -5.38124 31
      vertex 4.23822 -10.232 31
    endloop
  endfacet
  facet normal -0 0 1
    outer loop
      vertex 2.2961 -5.54328 31
      vertex 4.23822 -10.232 31
      vertex 2.65373 -5.38124 31
    endloop
  endfacet
  facet normal 0 0 1
    outer loop
      vertex 4.23822 -10.232 31
      vertex 2.2961 -5.54328 31
      vertex 3.55994 -10.4873 31
    endloop
  endfacet
  facet normal -0 0 1
    outer loop
      vertex 1.92864 -5.68158 31
      vertex 3.55994 -10.4873 31
      vertex 2.2961 -5.54328 31
    endloop
  endfacet
  facet normal 0 0 1
    outer loop
      vertex 3.55994 -10.4873 31
      vertex 1.92864 -5.68158 31
      vertex 2.86642 -10.6976 31
    endloop
  endfacet
  facet normal -0 0 1
    outer loop
      vertex 1.55291 -5.79555 31
      vertex 2.86642 -10.6976 31
      vertex 1.92864 -5.68158 31
    endloop
  endfacet
  facet normal 0 0 1
    outer loop
      vertex 2.86642 -10.6976 31
      vertex 1.55291 -5.79555 31
      vertex 2.16062 -10.8622 31
    endloop
  endfacet
  facet normal -0 0 1
    outer loop
      vertex 1.17054 -5.88471 31
      vertex 2.16062 -10.8622 31
      vertex 1.55291 -5.79555 31
    endloop
  endfacet
  facet normal 0 0 1
    outer loop
      vertex 2.16062 -10.8622 31
      vertex 1.17054 -5.88471 31
      vertex 1.44558 -10.9803 31
    endloop
  endfacet
  facet normal -0 0 1
    outer loop
      vertex 0.783156 -5.94867 31
      vertex 1.44558 -10.9803 31
      vertex 1.17054 -5.88471 31
    endloop
  endfacet
  facet normal 0 0 1
    outer loop
      vertex 0.783156 -5.94867 31
      vertex 0.724339 -11.0513 31
      vertex 1.44558 -10.9803 31
    endloop
  endfacet
  facet normal -0 0 1
    outer loop
      vertex 0.392418 -5.98715 31
      vertex 0.724339 -11.0513 31
      vertex 0.783156 -5.94867 31
    endloop
  endfacet
  facet normal -0 0 1
    outer loop
      vertex 0 -6 31
      vertex 0.724339 -11.0513 31
      vertex 0.392418 -5.98715 31
    endloop
  endfacet
  facet normal 0 0 1
    outer loop
      vertex 0 -6 31
      vertex 0 -11.075 31
      vertex 0.724339 -11.0513 31
    endloop
  endfacet
  facet normal 0 0 1
    outer loop
      vertex -0.392418 -5.98715 31
      vertex 0 -11.075 31
      vertex 0 -6 31
    endloop
  endfacet
  facet normal 0 0 1
    outer loop
      vertex -0.392418 -5.98715 31
      vertex -0.724339 -11.0513 31
      vertex 0 -11.075 31
    endloop
  endfacet
  facet normal 0 0 1
    outer loop
      vertex -0.783156 -5.94867 31
      vertex -0.724339 -11.0513 31
      vertex -0.392418 -5.98715 31
    endloop
  endfacet
  facet normal 0 0 1
    outer loop
      vertex -1.44558 -10.9803 31
      vertex -0.783156 -5.94867 31
      vertex -1.17054 -5.88471 31
    endloop
  endfacet
  facet normal 0 0 1
    outer loop
      vertex -0.783156 -5.94867 31
      vertex -1.44558 -10.9803 31
      vertex -0.724339 -11.0513 31
    endloop
  endfacet
  facet normal 0 0 1
    outer loop
      vertex -2.16062 -10.8622 31
      vertex -1.17054 -5.88471 31
      vertex -1.55291 -5.79555 31
    endloop
  endfacet
  facet normal 0 0 1
    outer loop
      vertex -2.86642 -10.6976 31
      vertex -1.55291 -5.79555 31
      vertex -1.92864 -5.68158 31
    endloop
  endfacet
  facet normal 0 0 1
    outer loop
      vertex -1.17054 -5.88471 31
      vertex -2.16062 -10.8622 31
      vertex -1.44558 -10.9803 31
    endloop
  endfacet
  facet normal 0 0 1
    outer loop
      vertex -3.55994 -10.4873 31
      vertex -1.92864 -5.68158 31
      vertex -2.2961 -5.54328 31
    endloop
  endfacet
  facet normal 0 0 1
    outer loop
      vertex -4.23822 -10.232 31
      vertex -2.2961 -5.54328 31
      vertex -2.65373 -5.38124 31
    endloop
  endfacet
  facet normal 0 0 1
    outer loop
      vertex -1.55291 -5.79555 31
      vertex -2.86642 -10.6976 31
      vertex -2.16062 -10.8622 31
    endloop
  endfacet
  facet normal 0 0 1
    outer loop
      vertex -4.89835 -9.93287 31
      vertex -2.65373 -5.38124 31
      vertex -3 -5.19615 31
    endloop
  endfacet
  facet normal 0 0 1
    outer loop
      vertex -5.5375 -9.59123 31
      vertex -3 -5.19615 31
      vertex -3.33342 -4.98882 31
    endloop
  endfacet
  facet normal 0 0 1
    outer loop
      vertex -1.92864 -5.68158 31
      vertex -3.55994 -10.4873 31
      vertex -2.86642 -10.6976 31
    endloop
  endfacet
  facet normal 0 0 1
    outer loop
      vertex -6.15294 -9.20853 31
      vertex -3.33342 -4.98882 31
      vertex -3.65257 -4.76012 31
    endloop
  endfacet
  facet normal 0 0 1
    outer loop
      vertex -6.74203 -8.78639 31
      vertex -3.65257 -4.76012 31
      vertex -3.95607 -4.51104 31
    endloop
  endfacet
  facet normal 0 0 1
    outer loop
      vertex -2.2961 -5.54328 31
      vertex -4.23822 -10.232 31
      vertex -3.55994 -10.4873 31
    endloop
  endfacet
  facet normal 0 0 1
    outer loop
      vertex -7.30225 -8.32663 31
      vertex -3.95607 -4.51104 31
      vertex -4.24264 -4.24264 31
    endloop
  endfacet
  facet normal 0 0 1
    outer loop
      vertex -7.83121 -7.83121 31
      vertex -4.24264 -4.24264 31
      vertex -4.51104 -3.95607 31
    endloop
  endfacet
  facet normal 0 0 1
    outer loop
      vertex -8.32663 -7.30225 31
      vertex -4.51104 -3.95607 31
      vertex -4.76012 -3.65257 31
    endloop
  endfacet
  facet normal 0 0 1
    outer loop
      vertex -2.65373 -5.38124 31
      vertex -4.89835 -9.93287 31
      vertex -4.23822 -10.232 31
    endloop
  endfacet
  facet normal 0 0 1
    outer loop
      vertex -8.78639 -6.74203 31
      vertex -4.76012 -3.65257 31
      vertex -4.98882 -3.33342 31
    endloop
  endfacet
  facet normal 0 0 1
    outer loop
      vertex -9.20853 -6.15294 31
      vertex -4.98882 -3.33342 31
      vertex -5.19615 -3 31
    endloop
  endfacet
  facet normal 0 0 1
    outer loop
      vertex -9.59123 -5.5375 31
      vertex -5.19615 -3 31
      vertex -5.38124 -2.65373 31
    endloop
  endfacet
  facet normal 0 0 1
    outer loop
      vertex -3 -5.19615 31
      vertex -5.5375 -9.59123 31
      vertex -4.89835 -9.93287 31
    endloop
  endfacet
  facet normal 0 0 1
    outer loop
      vertex -9.93287 -4.89835 31
      vertex -5.38124 -2.65373 31
      vertex -5.54328 -2.2961 31
    endloop
  endfacet
  facet normal 0 0 1
    outer loop
      vertex -10.232 -4.23822 31
      vertex -5.54328 -2.2961 31
      vertex -5.68158 -1.92864 31
    endloop
  endfacet
  facet normal 0 0 1
    outer loop
      vertex -10.4873 -3.55994 31
      vertex -5.68158 -1.92864 31
      vertex -5.79555 -1.55291 31
    endloop
  endfacet
  facet normal 0 0 1
    outer loop
      vertex -10.6976 -2.86642 31
      vertex -5.79555 -1.55291 31
      vertex -5.88471 -1.17054 31
    endloop
  endfacet
  facet normal 0 0 1
    outer loop
      vertex -10.8622 -2.16062 31
      vertex -5.88471 -1.17054 31
      vertex -5.94867 -0.783156 31
    endloop
  endfacet
  facet normal 0 0 1
    outer loop
      vertex -10.9803 -1.44558 31
      vertex -5.94867 -0.783156 31
      vertex -5.98715 -0.392418 31
    endloop
  endfacet
  facet normal 0 0 1
    outer loop
      vertex -3.33342 -4.98882 31
      vertex -6.15294 -9.20853 31
      vertex -5.5375 -9.59123 31
    endloop
  endfacet
  facet normal 0 0 1
    outer loop
      vertex -11.0513 -0.724339 31
      vertex -5.98715 -0.392418 31
      vertex -6 0 31
    endloop
  endfacet
  facet normal -0 0 1
    outer loop
      vertex -9.93287 4.89835 31
      vertex -5.38124 2.65373 31
      vertex -9.59123 5.5375 31
    endloop
  endfacet
  facet normal 0 0 1
    outer loop
      vertex -5.38124 2.65373 31
      vertex -9.93287 4.89835 31
      vertex -5.54328 2.2961 31
    endloop
  endfacet
  facet normal 0 0 1
    outer loop
      vertex -3.65257 -4.76012 31
      vertex -6.74203 -8.78639 31
      vertex -6.15294 -9.20853 31
    endloop
  endfacet
  facet normal -0 0 1
    outer loop
      vertex -10.232 4.23822 31
      vertex -5.54328 2.2961 31
      vertex -9.93287 4.89835 31
    endloop
  endfacet
  facet normal 0 0 1
    outer loop
      vertex -3.95607 -4.51104 31
      vertex -7.30225 -8.32663 31
      vertex -6.74203 -8.78639 31
    endloop
  endfacet
  facet normal 0 0 1
    outer loop
      vertex -5.54328 2.2961 31
      vertex -10.232 4.23822 31
      vertex -5.68158 1.92864 31
    endloop
  endfacet
  facet normal 0 0 1
    outer loop
      vertex -4.24264 -4.24264 31
      vertex -7.83121 -7.83121 31
      vertex -7.30225 -8.32663 31
    endloop
  endfacet
  facet normal -0 0 1
    outer loop
      vertex -10.4873 3.55994 31
      vertex -5.68158 1.92864 31
      vertex -10.232 4.23822 31
    endloop
  endfacet
  facet normal 0 0 1
    outer loop
      vertex -4.51104 -3.95607 31
      vertex -8.32663 -7.30225 31
      vertex -7.83121 -7.83121 31
    endloop
  endfacet
  facet normal 0 0 1
    outer loop
      vertex -5.68158 1.92864 31
      vertex -10.4873 3.55994 31
      vertex -5.79555 1.55291 31
    endloop
  endfacet
  facet normal 0 0 1
    outer loop
      vertex -4.76012 -3.65257 31
      vertex -8.78639 -6.74203 31
      vertex -8.32663 -7.30225 31
    endloop
  endfacet
  facet normal -0 0 1
    outer loop
      vertex -10.6976 2.86642 31
      vertex -5.79555 1.55291 31
      vertex -10.4873 3.55994 31
    endloop
  endfacet
  facet normal 0 0 1
    outer loop
      vertex -4.98882 -3.33342 31
      vertex -9.20853 -6.15294 31
      vertex -8.78639 -6.74203 31
    endloop
  endfacet
  facet normal 0 0 1
    outer loop
      vertex -5.79555 1.55291 31
      vertex -10.6976 2.86642 31
      vertex -5.88471 1.17054 31
    endloop
  endfacet
  facet normal 0 0 1
    outer loop
      vertex -5.19615 -3 31
      vertex -9.59123 -5.5375 31
      vertex -9.20853 -6.15294 31
    endloop
  endfacet
  facet normal -0 0 1
    outer loop
      vertex -10.8622 2.16062 31
      vertex -5.88471 1.17054 31
      vertex -10.6976 2.86642 31
    endloop
  endfacet
  facet normal 0 0 1
    outer loop
      vertex -5.38124 -2.65373 31
      vertex -9.93287 -4.89835 31
      vertex -9.59123 -5.5375 31
    endloop
  endfacet
  facet normal 0 0 1
    outer loop
      vertex -5.88471 1.17054 31
      vertex -10.8622 2.16062 31
      vertex -5.94867 0.783156 31
    endloop
  endfacet
  facet normal 0 0 1
    outer loop
      vertex -5.54328 -2.2961 31
      vertex -10.232 -4.23822 31
      vertex -9.93287 -4.89835 31
    endloop
  endfacet
  facet normal -0 0 1
    outer loop
      vertex -10.9803 1.44558 31
      vertex -5.94867 0.783156 31
      vertex -10.8622 2.16062 31
    endloop
  endfacet
  facet normal 0 0 1
    outer loop
      vertex -5.68158 -1.92864 31
      vertex -10.4873 -3.55994 31
      vertex -10.232 -4.23822 31
    endloop
  endfacet
  facet normal 0 0 1
    outer loop
      vertex -5.94867 0.783156 31
      vertex -10.9803 1.44558 31
      vertex -5.98715 0.392418 31
    endloop
  endfacet
  facet normal 0 0 1
    outer loop
      vertex -5.79555 -1.55291 31
      vertex -10.6976 -2.86642 31
      vertex -10.4873 -3.55994 31
    endloop
  endfacet
  facet normal -0 0 1
    outer loop
      vertex -11.0513 0.724339 31
      vertex -5.98715 0.392418 31
      vertex -10.9803 1.44558 31
    endloop
  endfacet
  facet normal 0 0 1
    outer loop
      vertex -5.88471 -1.17054 31
      vertex -10.8622 -2.16062 31
      vertex -10.6976 -2.86642 31
    endloop
  endfacet
  facet normal 0 0 1
    outer loop
      vertex -5.98715 0.392418 31
      vertex -11.0513 0.724339 31
      vertex -6 0 31
    endloop
  endfacet
  facet normal 0 0 1
    outer loop
      vertex -5.94867 -0.783156 31
      vertex -10.9803 -1.44558 31
      vertex -10.8622 -2.16062 31
    endloop
  endfacet
  facet normal 0 0 1
    outer loop
      vertex -11.075 0 31
      vertex -6 0 31
      vertex -11.0513 0.724339 31
    endloop
  endfacet
  facet normal 0 0 1
    outer loop
      vertex -5.98715 -0.392418 31
      vertex -11.0513 -0.724339 31
      vertex -10.9803 -1.44558 31
    endloop
  endfacet
  facet normal 0 0 1
    outer loop
      vertex -6 0 31
      vertex -11.075 0 31
      vertex -11.0513 -0.724339 31
    endloop
  endfacet
  facet normal 0.41274 -0.910849 0
    outer loop
      vertex -4.89835 9.93287 31
      vertex -4.23822 10.232 38
      vertex -4.89835 9.93287 38
    endloop
  endfacet
  facet normal 0.41274 -0.910849 0
    outer loop
      vertex -4.23822 10.232 38
      vertex -4.89835 9.93287 31
      vertex -4.23822 10.232 31
    endloop
  endfacet
  facet normal 0.582481 -0.812844 0
    outer loop
      vertex -6.74203 8.78639 31
      vertex -6.15294 9.20853 38
      vertex -6.74203 8.78639 38
    endloop
  endfacet
  facet normal 0.582481 -0.812844 0
    outer loop
      vertex -6.15294 9.20853 38
      vertex -6.74203 8.78639 31
      vertex -6.15294 9.20853 31
    endloop
  endfacet
  facet normal -0.99519 0.0979679 0
    outer loop
      vertex 10.9803 -1.44558 10
      vertex 11.0513 -0.724339 17
      vertex 11.0513 -0.724339 10
    endloop
  endfacet
  facet normal -0.99519 0.0979679 0
    outer loop
      vertex 11.0513 -0.724339 17
      vertex 10.9803 -1.44558 10
      vertex 10.9803 -1.44558 17
    endloop
  endfacet
  facet normal -0.999465 0.032702 0
    outer loop
      vertex 11.0513 -0.724339 10
      vertex 11.075 0 17
      vertex 11.075 0 10
    endloop
  endfacet
  facet normal -0.999465 0.032702 0
    outer loop
      vertex 11.075 0 17
      vertex 11.0513 -0.724339 10
      vertex 11.0513 -0.724339 17
    endloop
  endfacet
  facet normal -0.986633 0.162958 0
    outer loop
      vertex 10.8622 -2.16062 10
      vertex 10.9803 -1.44558 17
      vertex 10.9803 -1.44558 10
    endloop
  endfacet
  facet normal -0.986633 0.162958 0
    outer loop
      vertex 10.9803 -1.44558 17
      vertex 10.8622 -2.16062 10
      vertex 10.8622 -2.16062 17
    endloop
  endfacet
  facet normal -0.528063 -0.849205 0
    outer loop
      vertex 5.5375 9.59123 10
      vertex 6.15294 9.20853 17
      vertex 5.5375 9.59123 17
    endloop
  endfacet
  facet normal -0.528063 -0.849205 -0
    outer loop
      vertex 6.15294 9.20853 17
      vertex 5.5375 9.59123 10
      vertex 6.15294 9.20853 10
    endloop
  endfacet
  facet normal -0.471404 -0.881917 0
    outer loop
      vertex 4.89835 9.93287 10
      vertex 5.5375 9.59123 17
      vertex 4.89835 9.93287 17
    endloop
  endfacet
  facet normal -0.471404 -0.881917 -0
    outer loop
      vertex 5.5375 9.59123 17
      vertex 4.89835 9.93287 10
      vertex 5.5375 9.59123 10
    endloop
  endfacet
  facet normal -0.290187 0.95697 0
    outer loop
      vertex 3.55994 -10.4873 10
      vertex 2.86642 -10.6976 17
      vertex 3.55994 -10.4873 17
    endloop
  endfacet
  facet normal -0.290187 0.95697 0
    outer loop
      vertex 2.86642 -10.6976 17
      vertex 3.55994 -10.4873 10
      vertex 2.86642 -10.6976 10
    endloop
  endfacet
  facet normal 0.634393 0.773011 -0
    outer loop
      vertex -6.74203 -8.78639 10
      vertex -7.30225 -8.32663 17
      vertex -6.74203 -8.78639 17
    endloop
  endfacet
  facet normal 0.634393 0.773011 0
    outer loop
      vertex -7.30225 -8.32663 17
      vertex -6.74203 -8.78639 10
      vertex -7.30225 -8.32663 10
    endloop
  endfacet
  facet normal -0.729868 0.683589 0
    outer loop
      vertex 7.83121 -7.83121 10
      vertex 8.32663 -7.30225 17
      vertex 8.32663 -7.30225 10
    endloop
  endfacet
  facet normal -0.729868 0.683589 0
    outer loop
      vertex 8.32663 -7.30225 17
      vertex 7.83121 -7.83121 10
      vertex 7.83121 -7.83121 17
    endloop
  endfacet
  facet normal -0.0979679 0.99519 0
    outer loop
      vertex 1.44558 -10.9803 10
      vertex 0.724339 -11.0513 17
      vertex 1.44558 -10.9803 17
    endloop
  endfacet
  facet normal -0.0979679 0.99519 0
    outer loop
      vertex 0.724339 -11.0513 17
      vertex 1.44558 -10.9803 10
      vertex 0.724339 -11.0513 10
    endloop
  endfacet
  facet normal -0.973868 0.227116 0
    outer loop
      vertex 10.6976 -2.86642 10
      vertex 10.8622 -2.16062 17
      vertex 10.8622 -2.16062 10
    endloop
  endfacet
  facet normal -0.973868 0.227116 0
    outer loop
      vertex 10.8622 -2.16062 17
      vertex 10.6976 -2.86642 10
      vertex 10.6976 -2.86642 17
    endloop
  endfacet
  facet normal -0.95697 0.290187 0
    outer loop
      vertex 10.4873 -3.55994 10
      vertex 10.6976 -2.86642 17
      vertex 10.6976 -2.86642 10
    endloop
  endfacet
  facet normal -0.95697 0.290187 0
    outer loop
      vertex 10.6976 -2.86642 17
      vertex 10.4873 -3.55994 10
      vertex 10.4873 -3.55994 17
    endloop
  endfacet
  facet normal 0.812844 -0.582481 0
    outer loop
      vertex -9.20853 6.15294 17
      vertex -8.78639 6.74203 10
      vertex -8.78639 6.74203 17
    endloop
  endfacet
  facet normal 0.812844 -0.582481 0
    outer loop
      vertex -8.78639 6.74203 10
      vertex -9.20853 6.15294 17
      vertex -9.20853 6.15294 10
    endloop
  endfacet
  facet normal 0.910849 0.41274 0
    outer loop
      vertex -9.93287 -4.89835 17
      vertex -10.232 -4.23822 10
      vertex -10.232 -4.23822 17
    endloop
  endfacet
  facet normal 0.910849 0.41274 0
    outer loop
      vertex -10.232 -4.23822 10
      vertex -9.93287 -4.89835 17
      vertex -9.93287 -4.89835 10
    endloop
  endfacet
  facet normal 0.227116 0.973868 -0
    outer loop
      vertex -2.16062 -10.8622 10
      vertex -2.86642 -10.6976 17
      vertex -2.16062 -10.8622 17
    endloop
  endfacet
  facet normal 0.227116 0.973868 0
    outer loop
      vertex -2.86642 -10.6976 17
      vertex -2.16062 -10.8622 10
      vertex -2.86642 -10.6976 10
    endloop
  endfacet
  facet normal -0.9359 0.352266 0
    outer loop
      vertex 10.232 -4.23822 10
      vertex 10.4873 -3.55994 17
      vertex 10.4873 -3.55994 10
    endloop
  endfacet
  facet normal -0.9359 0.352266 0
    outer loop
      vertex 10.4873 -3.55994 17
      vertex 10.232 -4.23822 10
      vertex 10.232 -4.23822 17
    endloop
  endfacet
  facet normal 0.773011 0.634393 0
    outer loop
      vertex -8.32663 -7.30225 17
      vertex -8.78639 -6.74203 10
      vertex -8.78639 -6.74203 17
    endloop
  endfacet
  facet normal 0.773011 0.634393 0
    outer loop
      vertex -8.78639 -6.74203 10
      vertex -8.32663 -7.30225 17
      vertex -8.32663 -7.30225 10
    endloop
  endfacet
  facet normal 0.849205 -0.528063 0
    outer loop
      vertex -9.59123 5.5375 17
      vertex -9.20853 6.15294 10
      vertex -9.20853 6.15294 17
    endloop
  endfacet
  facet normal 0.849205 -0.528063 0
    outer loop
      vertex -9.20853 6.15294 10
      vertex -9.59123 5.5375 17
      vertex -9.59123 5.5375 10
    endloop
  endfacet
  facet normal -0.352266 -0.9359 0
    outer loop
      vertex 3.55994 10.4873 10
      vertex 4.23822 10.232 17
      vertex 3.55994 10.4873 17
    endloop
  endfacet
  facet normal -0.352266 -0.9359 -0
    outer loop
      vertex 4.23822 10.232 17
      vertex 3.55994 10.4873 10
      vertex 4.23822 10.232 10
    endloop
  endfacet
  facet normal 0.95697 0.290187 0
    outer loop
      vertex -10.4873 -3.55994 17
      vertex -10.6976 -2.86642 10
      vertex -10.6976 -2.86642 17
    endloop
  endfacet
  facet normal 0.95697 0.290187 0
    outer loop
      vertex -10.6976 -2.86642 10
      vertex -10.4873 -3.55994 17
      vertex -10.4873 -3.55994 10
    endloop
  endfacet
  facet normal 0.582481 0.812844 -0
    outer loop
      vertex -6.15294 -9.20853 10
      vertex -6.74203 -8.78639 17
      vertex -6.15294 -9.20853 17
    endloop
  endfacet
  facet normal 0.582481 0.812844 0
    outer loop
      vertex -6.74203 -8.78639 17
      vertex -6.15294 -9.20853 10
      vertex -6.74203 -8.78639 10
    endloop
  endfacet
  facet normal 0.0979679 0.99519 -0
    outer loop
      vertex -0.724339 -11.0513 10
      vertex -1.44558 -10.9803 17
      vertex -0.724339 -11.0513 17
    endloop
  endfacet
  facet normal 0.0979679 0.99519 0
    outer loop
      vertex -1.44558 -10.9803 17
      vertex -0.724339 -11.0513 10
      vertex -1.44558 -10.9803 10
    endloop
  endfacet
  facet normal -0.227116 0.973868 0
    outer loop
      vertex 2.86642 -10.6976 10
      vertex 2.16062 -10.8622 17
      vertex 2.86642 -10.6976 17
    endloop
  endfacet
  facet normal -0.227116 0.973868 0
    outer loop
      vertex 2.16062 -10.8622 17
      vertex 2.86642 -10.6976 10
      vertex 2.16062 -10.8622 10
    endloop
  endfacet
  facet normal 0.471404 0.881917 -0
    outer loop
      vertex -4.89835 -9.93287 10
      vertex -5.5375 -9.59123 17
      vertex -4.89835 -9.93287 17
    endloop
  endfacet
  facet normal 0.471404 0.881917 0
    outer loop
      vertex -5.5375 -9.59123 17
      vertex -4.89835 -9.93287 10
      vertex -5.5375 -9.59123 10
    endloop
  endfacet
  facet normal 0.683589 0.729868 -0
    outer loop
      vertex -7.30225 -8.32663 10
      vertex -7.83121 -7.83121 17
      vertex -7.30225 -8.32663 17
    endloop
  endfacet
  facet normal 0.683589 0.729868 0
    outer loop
      vertex -7.83121 -7.83121 17
      vertex -7.30225 -8.32663 10
      vertex -7.83121 -7.83121 10
    endloop
  endfacet
  facet normal 0.99519 0.0979679 0
    outer loop
      vertex -10.9803 -1.44558 17
      vertex -11.0513 -0.724339 10
      vertex -11.0513 -0.724339 17
    endloop
  endfacet
  facet normal 0.99519 0.0979679 0
    outer loop
      vertex -11.0513 -0.724339 10
      vertex -10.9803 -1.44558 17
      vertex -10.9803 -1.44558 10
    endloop
  endfacet
  facet normal -0.471404 0.881917 0
    outer loop
      vertex 5.5375 -9.59123 10
      vertex 4.89835 -9.93287 17
      vertex 5.5375 -9.59123 17
    endloop
  endfacet
  facet normal -0.471404 0.881917 0
    outer loop
      vertex 4.89835 -9.93287 17
      vertex 5.5375 -9.59123 10
      vertex 4.89835 -9.93287 10
    endloop
  endfacet
  facet normal -0.986633 -0.162958 0
    outer loop
      vertex 10.9803 1.44558 10
      vertex 10.8622 2.16062 17
      vertex 10.8622 2.16062 10
    endloop
  endfacet
  facet normal -0.986633 -0.162958 0
    outer loop
      vertex 10.8622 2.16062 17
      vertex 10.9803 1.44558 10
      vertex 10.9803 1.44558 17
    endloop
  endfacet
  facet normal -0.162958 0.986633 0
    outer loop
      vertex 2.16062 -10.8622 10
      vertex 1.44558 -10.9803 17
      vertex 2.16062 -10.8622 17
    endloop
  endfacet
  facet normal -0.162958 0.986633 0
    outer loop
      vertex 1.44558 -10.9803 17
      vertex 2.16062 -10.8622 10
      vertex 1.44558 -10.9803 10
    endloop
  endfacet
  facet normal -0.352266 0.9359 0
    outer loop
      vertex 4.23822 -10.232 10
      vertex 3.55994 -10.4873 17
      vertex 4.23822 -10.232 17
    endloop
  endfacet
  facet normal -0.352266 0.9359 0
    outer loop
      vertex 3.55994 -10.4873 17
      vertex 4.23822 -10.232 10
      vertex 3.55994 -10.4873 10
    endloop
  endfacet
  facet normal 0.227116 -0.973868 0
    outer loop
      vertex -2.86642 10.6976 10
      vertex -2.16062 10.8622 17
      vertex -2.86642 10.6976 17
    endloop
  endfacet
  facet normal 0.227116 -0.973868 0
    outer loop
      vertex -2.16062 10.8622 17
      vertex -2.86642 10.6976 10
      vertex -2.16062 10.8622 10
    endloop
  endfacet
  facet normal 0.162958 -0.986633 0
    outer loop
      vertex -2.16062 10.8622 10
      vertex -1.44558 10.9803 17
      vertex -2.16062 10.8622 17
    endloop
  endfacet
  facet normal 0.162958 -0.986633 0
    outer loop
      vertex -1.44558 10.9803 17
      vertex -2.16062 10.8622 10
      vertex -1.44558 10.9803 10
    endloop
  endfacet
  facet normal -0.162958 -0.986633 0
    outer loop
      vertex 1.44558 10.9803 10
      vertex 2.16062 10.8622 17
      vertex 1.44558 10.9803 17
    endloop
  endfacet
  facet normal -0.162958 -0.986633 -0
    outer loop
      vertex 2.16062 10.8622 17
      vertex 1.44558 10.9803 10
      vertex 2.16062 10.8622 10
    endloop
  endfacet
  facet normal -0.0979679 -0.99519 0
    outer loop
      vertex 0.724339 11.0513 10
      vertex 1.44558 10.9803 17
      vertex 0.724339 11.0513 17
    endloop
  endfacet
  facet normal -0.0979679 -0.99519 -0
    outer loop
      vertex 1.44558 10.9803 17
      vertex 0.724339 11.0513 10
      vertex 1.44558 10.9803 10
    endloop
  endfacet
  facet normal -0.683589 0.729868 0
    outer loop
      vertex 7.83121 -7.83121 10
      vertex 7.30225 -8.32663 17
      vertex 7.83121 -7.83121 17
    endloop
  endfacet
  facet normal -0.683589 0.729868 0
    outer loop
      vertex 7.30225 -8.32663 17
      vertex 7.83121 -7.83121 10
      vertex 7.30225 -8.32663 10
    endloop
  endfacet
  facet normal -0.41274 -0.910849 0
    outer loop
      vertex 4.23822 10.232 10
      vertex 4.89835 9.93287 17
      vertex 4.23822 10.232 17
    endloop
  endfacet
  facet normal -0.41274 -0.910849 -0
    outer loop
      vertex 4.89835 9.93287 17
      vertex 4.23822 10.232 10
      vertex 4.89835 9.93287 10
    endloop
  endfacet
  facet normal -0.910849 0.41274 0
    outer loop
      vertex 9.93287 -4.89835 10
      vertex 10.232 -4.23822 17
      vertex 10.232 -4.23822 10
    endloop
  endfacet
  facet normal -0.910849 0.41274 0
    outer loop
      vertex 10.232 -4.23822 17
      vertex 9.93287 -4.89835 10
      vertex 9.93287 -4.89835 17
    endloop
  endfacet
  facet normal -0.41274 0.910849 0
    outer loop
      vertex 4.89835 -9.93287 10
      vertex 4.23822 -10.232 17
      vertex 4.89835 -9.93287 17
    endloop
  endfacet
  facet normal -0.41274 0.910849 0
    outer loop
      vertex 4.23822 -10.232 17
      vertex 4.89835 -9.93287 10
      vertex 4.23822 -10.232 10
    endloop
  endfacet
  facet normal -0.528063 0.849205 0
    outer loop
      vertex 6.15294 -9.20853 10
      vertex 5.5375 -9.59123 17
      vertex 6.15294 -9.20853 17
    endloop
  endfacet
  facet normal -0.528063 0.849205 0
    outer loop
      vertex 5.5375 -9.59123 17
      vertex 6.15294 -9.20853 10
      vertex 5.5375 -9.59123 10
    endloop
  endfacet
  facet normal 0.95697 -0.290187 0
    outer loop
      vertex -10.6976 2.86642 17
      vertex -10.4873 3.55994 10
      vertex -10.4873 3.55994 17
    endloop
  endfacet
  facet normal 0.95697 -0.290187 0
    outer loop
      vertex -10.4873 3.55994 10
      vertex -10.6976 2.86642 17
      vertex -10.6976 2.86642 10
    endloop
  endfacet
  facet normal -0.9359 -0.352266 0
    outer loop
      vertex 10.4873 3.55994 10
      vertex 10.232 4.23822 17
      vertex 10.232 4.23822 10
    endloop
  endfacet
  facet normal -0.9359 -0.352266 0
    outer loop
      vertex 10.232 4.23822 17
      vertex 10.4873 3.55994 10
      vertex 10.4873 3.55994 17
    endloop
  endfacet
  facet normal -0.812844 0.582481 0
    outer loop
      vertex 8.78639 -6.74203 10
      vertex 9.20853 -6.15294 17
      vertex 9.20853 -6.15294 10
    endloop
  endfacet
  facet normal -0.812844 0.582481 0
    outer loop
      vertex 9.20853 -6.15294 17
      vertex 8.78639 -6.74203 10
      vertex 8.78639 -6.74203 17
    endloop
  endfacet
  facet normal -0.849205 0.528063 0
    outer loop
      vertex 9.20853 -6.15294 10
      vertex 9.59123 -5.5375 17
      vertex 9.59123 -5.5375 10
    endloop
  endfacet
  facet normal -0.849205 0.528063 0
    outer loop
      vertex 9.59123 -5.5375 17
      vertex 9.20853 -6.15294 10
      vertex 9.20853 -6.15294 17
    endloop
  endfacet
  facet normal 0.849205 0.528063 0
    outer loop
      vertex -9.20853 -6.15294 17
      vertex -9.59123 -5.5375 10
      vertex -9.59123 -5.5375 17
    endloop
  endfacet
  facet normal 0.849205 0.528063 0
    outer loop
      vertex -9.59123 -5.5375 10
      vertex -9.20853 -6.15294 17
      vertex -9.20853 -6.15294 10
    endloop
  endfacet
  facet normal -0.849205 -0.528063 0
    outer loop
      vertex 9.59123 5.5375 10
      vertex 9.20853 6.15294 17
      vertex 9.20853 6.15294 10
    endloop
  endfacet
  facet normal -0.849205 -0.528063 0
    outer loop
      vertex 9.20853 6.15294 17
      vertex 9.59123 5.5375 10
      vertex 9.59123 5.5375 17
    endloop
  endfacet
  facet normal -0.881917 0.471404 0
    outer loop
      vertex 9.59123 -5.5375 10
      vertex 9.93287 -4.89835 17
      vertex 9.93287 -4.89835 10
    endloop
  endfacet
  facet normal -0.881917 0.471404 0
    outer loop
      vertex 9.93287 -4.89835 17
      vertex 9.59123 -5.5375 10
      vertex 9.59123 -5.5375 17
    endloop
  endfacet
  facet normal -0.683589 -0.729868 0
    outer loop
      vertex 7.30225 8.32663 10
      vertex 7.83121 7.83121 17
      vertex 7.30225 8.32663 17
    endloop
  endfacet
  facet normal -0.683589 -0.729868 -0
    outer loop
      vertex 7.83121 7.83121 17
      vertex 7.30225 8.32663 10
      vertex 7.83121 7.83121 10
    endloop
  endfacet
  facet normal -0.773011 -0.634393 0
    outer loop
      vertex 8.78639 6.74203 10
      vertex 8.32663 7.30225 17
      vertex 8.32663 7.30225 10
    endloop
  endfacet
  facet normal -0.773011 -0.634393 0
    outer loop
      vertex 8.32663 7.30225 17
      vertex 8.78639 6.74203 10
      vertex 8.78639 6.74203 17
    endloop
  endfacet
  facet normal 0.9359 0.352266 0
    outer loop
      vertex -10.232 -4.23822 17
      vertex -10.4873 -3.55994 10
      vertex -10.4873 -3.55994 17
    endloop
  endfacet
  facet normal 0.9359 0.352266 0
    outer loop
      vertex -10.4873 -3.55994 10
      vertex -10.232 -4.23822 17
      vertex -10.232 -4.23822 10
    endloop
  endfacet
  facet normal 0.881917 -0.471404 0
    outer loop
      vertex -9.93287 4.89835 17
      vertex -9.59123 5.5375 10
      vertex -9.59123 5.5375 17
    endloop
  endfacet
  facet normal 0.881917 -0.471404 0
    outer loop
      vertex -9.59123 5.5375 10
      vertex -9.93287 4.89835 17
      vertex -9.93287 4.89835 10
    endloop
  endfacet
  facet normal 0.9359 -0.352266 0
    outer loop
      vertex -10.4873 3.55994 17
      vertex -10.232 4.23822 10
      vertex -10.232 4.23822 17
    endloop
  endfacet
  facet normal 0.9359 -0.352266 0
    outer loop
      vertex -10.232 4.23822 10
      vertex -10.4873 3.55994 17
      vertex -10.4873 3.55994 10
    endloop
  endfacet
  facet normal -0.032702 0.999465 0
    outer loop
      vertex 0.724339 -11.0513 10
      vertex 0 -11.075 17
      vertex 0.724339 -11.0513 17
    endloop
  endfacet
  facet normal -0.032702 0.999465 0
    outer loop
      vertex 0 -11.075 17
      vertex 0.724339 -11.0513 10
      vertex 0 -11.075 10
    endloop
  endfacet
  facet normal 0.773011 -0.634393 0
    outer loop
      vertex -8.78639 6.74203 17
      vertex -8.32663 7.30225 10
      vertex -8.32663 7.30225 17
    endloop
  endfacet
  facet normal 0.773011 -0.634393 0
    outer loop
      vertex -8.32663 7.30225 10
      vertex -8.78639 6.74203 17
      vertex -8.78639 6.74203 10
    endloop
  endfacet
  facet normal 0.352266 0.9359 -0
    outer loop
      vertex -3.55994 -10.4873 10
      vertex -4.23822 -10.232 17
      vertex -3.55994 -10.4873 17
    endloop
  endfacet
  facet normal 0.352266 0.9359 0
    outer loop
      vertex -4.23822 -10.232 17
      vertex -3.55994 -10.4873 10
      vertex -4.23822 -10.232 10
    endloop
  endfacet
  facet normal 0.352266 -0.9359 0
    outer loop
      vertex -4.23822 10.232 10
      vertex -3.55994 10.4873 17
      vertex -4.23822 10.232 17
    endloop
  endfacet
  facet normal 0.352266 -0.9359 0
    outer loop
      vertex -3.55994 10.4873 17
      vertex -4.23822 10.232 10
      vertex -3.55994 10.4873 10
    endloop
  endfacet
  facet normal 0.729868 -0.683589 0
    outer loop
      vertex -8.32663 7.30225 17
      vertex -7.83121 7.83121 10
      vertex -7.83121 7.83121 17
    endloop
  endfacet
  facet normal 0.729868 -0.683589 0
    outer loop
      vertex -7.83121 7.83121 10
      vertex -8.32663 7.30225 17
      vertex -8.32663 7.30225 10
    endloop
  endfacet
  facet normal -0.634393 -0.773011 0
    outer loop
      vertex 6.74203 8.78639 10
      vertex 7.30225 8.32663 17
      vertex 6.74203 8.78639 17
    endloop
  endfacet
  facet normal -0.634393 -0.773011 -0
    outer loop
      vertex 7.30225 8.32663 17
      vertex 6.74203 8.78639 10
      vertex 7.30225 8.32663 10
    endloop
  endfacet
  facet normal 0.162958 0.986633 -0
    outer loop
      vertex -1.44558 -10.9803 10
      vertex -2.16062 -10.8622 17
      vertex -1.44558 -10.9803 17
    endloop
  endfacet
  facet normal 0.162958 0.986633 0
    outer loop
      vertex -2.16062 -10.8622 17
      vertex -1.44558 -10.9803 10
      vertex -2.16062 -10.8622 10
    endloop
  endfacet
  facet normal 0.812844 0.582481 0
    outer loop
      vertex -8.78639 -6.74203 17
      vertex -9.20853 -6.15294 10
      vertex -9.20853 -6.15294 17
    endloop
  endfacet
  facet normal 0.812844 0.582481 0
    outer loop
      vertex -9.20853 -6.15294 10
      vertex -8.78639 -6.74203 17
      vertex -8.78639 -6.74203 10
    endloop
  endfacet
  facet normal 0.986633 -0.162958 0
    outer loop
      vertex -10.9803 1.44558 17
      vertex -10.8622 2.16062 10
      vertex -10.8622 2.16062 17
    endloop
  endfacet
  facet normal 0.986633 -0.162958 0
    outer loop
      vertex -10.8622 2.16062 10
      vertex -10.9803 1.44558 17
      vertex -10.9803 1.44558 10
    endloop
  endfacet
  facet normal -0.032702 -0.999465 0
    outer loop
      vertex 0 11.075 10
      vertex 0.724339 11.0513 17
      vertex 0 11.075 17
    endloop
  endfacet
  facet normal -0.032702 -0.999465 -0
    outer loop
      vertex 0.724339 11.0513 17
      vertex 0 11.075 10
      vertex 0.724339 11.0513 10
    endloop
  endfacet
  facet normal 0.032702 -0.999465 0
    outer loop
      vertex -0.724339 11.0513 10
      vertex 0 11.075 17
      vertex -0.724339 11.0513 17
    endloop
  endfacet
  facet normal 0.032702 -0.999465 0
    outer loop
      vertex 0 11.075 17
      vertex -0.724339 11.0513 10
      vertex 0 11.075 10
    endloop
  endfacet
  facet normal -0.773011 0.634393 0
    outer loop
      vertex 8.32663 -7.30225 10
      vertex 8.78639 -6.74203 17
      vertex 8.78639 -6.74203 10
    endloop
  endfacet
  facet normal -0.773011 0.634393 0
    outer loop
      vertex 8.78639 -6.74203 17
      vertex 8.32663 -7.30225 10
      vertex 8.32663 -7.30225 17
    endloop
  endfacet
  facet normal -0.812844 -0.582481 0
    outer loop
      vertex 9.20853 6.15294 10
      vertex 8.78639 6.74203 17
      vertex 8.78639 6.74203 10
    endloop
  endfacet
  facet normal -0.812844 -0.582481 0
    outer loop
      vertex 8.78639 6.74203 17
      vertex 9.20853 6.15294 10
      vertex 9.20853 6.15294 17
    endloop
  endfacet
  facet normal 0.973868 -0.227116 0
    outer loop
      vertex -10.8622 2.16062 17
      vertex -10.6976 2.86642 10
      vertex -10.6976 2.86642 17
    endloop
  endfacet
  facet normal 0.973868 -0.227116 0
    outer loop
      vertex -10.6976 2.86642 10
      vertex -10.8622 2.16062 17
      vertex -10.8622 2.16062 10
    endloop
  endfacet
  facet normal 0.973868 0.227116 0
    outer loop
      vertex -10.6976 -2.86642 17
      vertex -10.8622 -2.16062 10
      vertex -10.8622 -2.16062 17
    endloop
  endfacet
  facet normal 0.973868 0.227116 0
    outer loop
      vertex -10.8622 -2.16062 10
      vertex -10.6976 -2.86642 17
      vertex -10.6976 -2.86642 10
    endloop
  endfacet
  facet normal 0.41274 0.910849 -0
    outer loop
      vertex -4.23822 -10.232 10
      vertex -4.89835 -9.93287 17
      vertex -4.23822 -10.232 17
    endloop
  endfacet
  facet normal 0.41274 0.910849 0
    outer loop
      vertex -4.89835 -9.93287 17
      vertex -4.23822 -10.232 10
      vertex -4.89835 -9.93287 10
    endloop
  endfacet
  facet normal 0.729868 0.683589 0
    outer loop
      vertex -7.83121 -7.83121 17
      vertex -8.32663 -7.30225 10
      vertex -8.32663 -7.30225 17
    endloop
  endfacet
  facet normal 0.729868 0.683589 0
    outer loop
      vertex -8.32663 -7.30225 10
      vertex -7.83121 -7.83121 17
      vertex -7.83121 -7.83121 10
    endloop
  endfacet
  facet normal -0.99519 -0.0979679 0
    outer loop
      vertex 11.0513 0.724339 10
      vertex 10.9803 1.44558 17
      vertex 10.9803 1.44558 10
    endloop
  endfacet
  facet normal -0.99519 -0.0979679 0
    outer loop
      vertex 10.9803 1.44558 17
      vertex 11.0513 0.724339 10
      vertex 11.0513 0.724339 17
    endloop
  endfacet
  facet normal 0.634393 -0.773011 0
    outer loop
      vertex -7.30225 8.32663 10
      vertex -6.74203 8.78639 17
      vertex -7.30225 8.32663 17
    endloop
  endfacet
  facet normal 0.634393 -0.773011 0
    outer loop
      vertex -6.74203 8.78639 17
      vertex -7.30225 8.32663 10
      vertex -6.74203 8.78639 10
    endloop
  endfacet
  facet normal 0.290187 0.95697 -0
    outer loop
      vertex -2.86642 -10.6976 10
      vertex -3.55994 -10.4873 17
      vertex -2.86642 -10.6976 17
    endloop
  endfacet
  facet normal 0.290187 0.95697 0
    outer loop
      vertex -3.55994 -10.4873 17
      vertex -2.86642 -10.6976 10
      vertex -3.55994 -10.4873 10
    endloop
  endfacet
  facet normal -0.973868 -0.227116 0
    outer loop
      vertex 10.8622 2.16062 10
      vertex 10.6976 2.86642 17
      vertex 10.6976 2.86642 10
    endloop
  endfacet
  facet normal -0.973868 -0.227116 0
    outer loop
      vertex 10.6976 2.86642 17
      vertex 10.8622 2.16062 10
      vertex 10.8622 2.16062 17
    endloop
  endfacet
  facet normal 0.528063 0.849205 -0
    outer loop
      vertex -5.5375 -9.59123 10
      vertex -6.15294 -9.20853 17
      vertex -5.5375 -9.59123 17
    endloop
  endfacet
  facet normal 0.528063 0.849205 0
    outer loop
      vertex -6.15294 -9.20853 17
      vertex -5.5375 -9.59123 10
      vertex -6.15294 -9.20853 10
    endloop
  endfacet
  facet normal -0.634393 0.773011 0
    outer loop
      vertex 7.30225 -8.32663 10
      vertex 6.74203 -8.78639 17
      vertex 7.30225 -8.32663 17
    endloop
  endfacet
  facet normal -0.634393 0.773011 0
    outer loop
      vertex 6.74203 -8.78639 17
      vertex 7.30225 -8.32663 10
      vertex 6.74203 -8.78639 10
    endloop
  endfacet
  facet normal -0.729868 -0.683589 0
    outer loop
      vertex 8.32663 7.30225 10
      vertex 7.83121 7.83121 17
      vertex 7.83121 7.83121 10
    endloop
  endfacet
  facet normal -0.729868 -0.683589 0
    outer loop
      vertex 7.83121 7.83121 17
      vertex 8.32663 7.30225 10
      vertex 8.32663 7.30225 17
    endloop
  endfacet
  facet normal -0.881917 -0.471404 0
    outer loop
      vertex 9.93287 4.89835 10
      vertex 9.59123 5.5375 17
      vertex 9.59123 5.5375 10
    endloop
  endfacet
  facet normal -0.881917 -0.471404 0
    outer loop
      vertex 9.59123 5.5375 17
      vertex 9.93287 4.89835 10
      vertex 9.93287 4.89835 17
    endloop
  endfacet
  facet normal -0.582481 -0.812844 0
    outer loop
      vertex 6.15294 9.20853 10
      vertex 6.74203 8.78639 17
      vertex 6.15294 9.20853 17
    endloop
  endfacet
  facet normal -0.582481 -0.812844 -0
    outer loop
      vertex 6.74203 8.78639 17
      vertex 6.15294 9.20853 10
      vertex 6.74203 8.78639 10
    endloop
  endfacet
  facet normal 0.0979679 -0.99519 0
    outer loop
      vertex -1.44558 10.9803 10
      vertex -0.724339 11.0513 17
      vertex -1.44558 10.9803 17
    endloop
  endfacet
  facet normal 0.0979679 -0.99519 0
    outer loop
      vertex -0.724339 11.0513 17
      vertex -1.44558 10.9803 10
      vertex -0.724339 11.0513 10
    endloop
  endfacet
  facet normal -0.95697 -0.290187 0
    outer loop
      vertex 10.6976 2.86642 10
      vertex 10.4873 3.55994 17
      vertex 10.4873 3.55994 10
    endloop
  endfacet
  facet normal -0.95697 -0.290187 0
    outer loop
      vertex 10.4873 3.55994 17
      vertex 10.6976 2.86642 10
      vertex 10.6976 2.86642 17
    endloop
  endfacet
  facet normal 0.032702 0.999465 -0
    outer loop
      vertex 0 -11.075 10
      vertex -0.724339 -11.0513 17
      vertex 0 -11.075 17
    endloop
  endfacet
  facet normal 0.032702 0.999465 0
    outer loop
      vertex -0.724339 -11.0513 17
      vertex 0 -11.075 10
      vertex -0.724339 -11.0513 10
    endloop
  endfacet
  facet normal -0.582481 0.812844 0
    outer loop
      vertex 6.74203 -8.78639 10
      vertex 6.15294 -9.20853 17
      vertex 6.74203 -8.78639 17
    endloop
  endfacet
  facet normal -0.582481 0.812844 0
    outer loop
      vertex 6.15294 -9.20853 17
      vertex 6.74203 -8.78639 10
      vertex 6.15294 -9.20853 10
    endloop
  endfacet
  facet normal 0.471404 -0.881917 0
    outer loop
      vertex -5.5375 9.59123 10
      vertex -4.89835 9.93287 17
      vertex -5.5375 9.59123 17
    endloop
  endfacet
  facet normal 0.471404 -0.881917 0
    outer loop
      vertex -4.89835 9.93287 17
      vertex -5.5375 9.59123 10
      vertex -4.89835 9.93287 10
    endloop
  endfacet
  facet normal -0.227116 -0.973868 0
    outer loop
      vertex 2.16062 10.8622 10
      vertex 2.86642 10.6976 17
      vertex 2.16062 10.8622 17
    endloop
  endfacet
  facet normal -0.227116 -0.973868 -0
    outer loop
      vertex 2.86642 10.6976 17
      vertex 2.16062 10.8622 10
      vertex 2.86642 10.6976 10
    endloop
  endfacet
  facet normal 0.683589 -0.729868 0
    outer loop
      vertex -7.83121 7.83121 10
      vertex -7.30225 8.32663 17
      vertex -7.83121 7.83121 17
    endloop
  endfacet
  facet normal 0.683589 -0.729868 0
    outer loop
      vertex -7.30225 8.32663 17
      vertex -7.83121 7.83121 10
      vertex -7.30225 8.32663 10
    endloop
  endfacet
  facet normal 0.881917 0.471404 0
    outer loop
      vertex -9.59123 -5.5375 17
      vertex -9.93287 -4.89835 10
      vertex -9.93287 -4.89835 17
    endloop
  endfacet
  facet normal 0.881917 0.471404 0
    outer loop
      vertex -9.93287 -4.89835 10
      vertex -9.59123 -5.5375 17
      vertex -9.59123 -5.5375 10
    endloop
  endfacet
  facet normal 0.99519 -0.0979679 0
    outer loop
      vertex -11.0513 0.724339 17
      vertex -10.9803 1.44558 10
      vertex -10.9803 1.44558 17
    endloop
  endfacet
  facet normal 0.99519 -0.0979679 0
    outer loop
      vertex -10.9803 1.44558 10
      vertex -11.0513 0.724339 17
      vertex -11.0513 0.724339 10
    endloop
  endfacet
  facet normal -0.290187 -0.95697 0
    outer loop
      vertex 2.86642 10.6976 10
      vertex 3.55994 10.4873 17
      vertex 2.86642 10.6976 17
    endloop
  endfacet
  facet normal -0.290187 -0.95697 -0
    outer loop
      vertex 3.55994 10.4873 17
      vertex 2.86642 10.6976 10
      vertex 3.55994 10.4873 10
    endloop
  endfacet
  facet normal 0.986633 0.162958 0
    outer loop
      vertex -10.8622 -2.16062 17
      vertex -10.9803 -1.44558 10
      vertex -10.9803 -1.44558 17
    endloop
  endfacet
  facet normal 0.986633 0.162958 0
    outer loop
      vertex -10.9803 -1.44558 10
      vertex -10.8622 -2.16062 17
      vertex -10.8622 -2.16062 10
    endloop
  endfacet
  facet normal 0.290187 -0.95697 0
    outer loop
      vertex -3.55994 10.4873 10
      vertex -2.86642 10.6976 17
      vertex -3.55994 10.4873 17
    endloop
  endfacet
  facet normal 0.290187 -0.95697 0
    outer loop
      vertex -2.86642 10.6976 17
      vertex -3.55994 10.4873 10
      vertex -2.86642 10.6976 10
    endloop
  endfacet
  facet normal 0.910849 -0.41274 0
    outer loop
      vertex -10.232 4.23822 17
      vertex -9.93287 4.89835 10
      vertex -9.93287 4.89835 17
    endloop
  endfacet
  facet normal 0.910849 -0.41274 0
    outer loop
      vertex -9.93287 4.89835 10
      vertex -10.232 4.23822 17
      vertex -10.232 4.23822 10
    endloop
  endfacet
  facet normal 0.999465 -0.032702 0
    outer loop
      vertex -11.075 0 17
      vertex -11.0513 0.724339 10
      vertex -11.0513 0.724339 17
    endloop
  endfacet
  facet normal 0.999465 -0.032702 0
    outer loop
      vertex -11.0513 0.724339 10
      vertex -11.075 0 17
      vertex -11.075 0 10
    endloop
  endfacet
  facet normal -0.999465 -0.032702 0
    outer loop
      vertex 11.075 0 10
      vertex 11.0513 0.724339 17
      vertex 11.0513 0.724339 10
    endloop
  endfacet
  facet normal -0.999465 -0.032702 0
    outer loop
      vertex 11.0513 0.724339 17
      vertex 11.075 0 10
      vertex 11.075 0 17
    endloop
  endfacet
  facet normal 0.528063 -0.849205 0
    outer loop
      vertex -6.15294 9.20853 10
      vertex -5.5375 9.59123 17
      vertex -6.15294 9.20853 17
    endloop
  endfacet
  facet normal 0.528063 -0.849205 0
    outer loop
      vertex -5.5375 9.59123 17
      vertex -6.15294 9.20853 10
      vertex -5.5375 9.59123 10
    endloop
  endfacet
  facet normal 0.999465 0.032702 0
    outer loop
      vertex -11.0513 -0.724339 17
      vertex -11.075 0 10
      vertex -11.075 0 17
    endloop
  endfacet
  facet normal 0.999465 0.032702 0
    outer loop
      vertex -11.075 0 10
      vertex -11.0513 -0.724339 17
      vertex -11.0513 -0.724339 10
    endloop
  endfacet
  facet normal -0.910849 -0.41274 0
    outer loop
      vertex 10.232 4.23822 10
      vertex 9.93287 4.89835 17
      vertex 9.93287 4.89835 10
    endloop
  endfacet
  facet normal -0.910849 -0.41274 0
    outer loop
      vertex 9.93287 4.89835 17
      vertex 10.232 4.23822 10
      vertex 10.232 4.23822 17
    endloop
  endfacet
  facet normal 0 0 -1
    outer loop
      vertex 6 0 17
      vertex 11.075 0 17
      vertex 11.0513 -0.724339 17
    endloop
  endfacet
  facet normal 0 0 -1
    outer loop
      vertex 5.98715 -0.392418 17
      vertex 11.0513 -0.724339 17
      vertex 10.9803 -1.44558 17
    endloop
  endfacet
  facet normal 0 0 -1
    outer loop
      vertex 11.075 0 17
      vertex 6 0 17
      vertex 11.0513 0.724339 17
    endloop
  endfacet
  facet normal 0 0 -1
    outer loop
      vertex 5.94867 -0.783156 17
      vertex 10.9803 -1.44558 17
      vertex 10.8622 -2.16062 17
    endloop
  endfacet
  facet normal 0 0 -1
    outer loop
      vertex 5.98715 0.392418 17
      vertex 11.0513 0.724339 17
      vertex 6 0 17
    endloop
  endfacet
  facet normal 0 0 -1
    outer loop
      vertex 5.88471 -1.17054 17
      vertex 10.8622 -2.16062 17
      vertex 10.6976 -2.86642 17
    endloop
  endfacet
  facet normal -0 0 -1
    outer loop
      vertex 11.0513 0.724339 17
      vertex 5.98715 0.392418 17
      vertex 10.9803 1.44558 17
    endloop
  endfacet
  facet normal 0 0 -1
    outer loop
      vertex 5.79555 -1.55291 17
      vertex 10.6976 -2.86642 17
      vertex 10.4873 -3.55994 17
    endloop
  endfacet
  facet normal 0 0 -1
    outer loop
      vertex 5.94867 0.783156 17
      vertex 10.9803 1.44558 17
      vertex 5.98715 0.392418 17
    endloop
  endfacet
  facet normal 0 0 -1
    outer loop
      vertex 5.68158 -1.92864 17
      vertex 10.4873 -3.55994 17
      vertex 10.232 -4.23822 17
    endloop
  endfacet
  facet normal -0 0 -1
    outer loop
      vertex 10.9803 1.44558 17
      vertex 5.94867 0.783156 17
      vertex 10.8622 2.16062 17
    endloop
  endfacet
  facet normal 0 0 -1
    outer loop
      vertex 5.54328 -2.2961 17
      vertex 10.232 -4.23822 17
      vertex 9.93287 -4.89835 17
    endloop
  endfacet
  facet normal 0 0 -1
    outer loop
      vertex 5.88471 1.17054 17
      vertex 10.8622 2.16062 17
      vertex 5.94867 0.783156 17
    endloop
  endfacet
  facet normal 0 0 -1
    outer loop
      vertex 5.38124 -2.65373 17
      vertex 9.93287 -4.89835 17
      vertex 9.59123 -5.5375 17
    endloop
  endfacet
  facet normal -0 0 -1
    outer loop
      vertex 10.8622 2.16062 17
      vertex 5.88471 1.17054 17
      vertex 10.6976 2.86642 17
    endloop
  endfacet
  facet normal 0 0 -1
    outer loop
      vertex 5.19615 -3 17
      vertex 9.59123 -5.5375 17
      vertex 9.20853 -6.15294 17
    endloop
  endfacet
  facet normal 0 0 -1
    outer loop
      vertex 5.79555 1.55291 17
      vertex 10.6976 2.86642 17
      vertex 5.88471 1.17054 17
    endloop
  endfacet
  facet normal 0 0 -1
    outer loop
      vertex 4.98882 -3.33342 17
      vertex 9.20853 -6.15294 17
      vertex 8.78639 -6.74203 17
    endloop
  endfacet
  facet normal -0 0 -1
    outer loop
      vertex 10.6976 2.86642 17
      vertex 5.79555 1.55291 17
      vertex 10.4873 3.55994 17
    endloop
  endfacet
  facet normal 0 0 -1
    outer loop
      vertex 4.76012 -3.65257 17
      vertex 8.78639 -6.74203 17
      vertex 8.32663 -7.30225 17
    endloop
  endfacet
  facet normal 0 0 -1
    outer loop
      vertex 5.68158 1.92864 17
      vertex 10.4873 3.55994 17
      vertex 5.79555 1.55291 17
    endloop
  endfacet
  facet normal 0 0 -1
    outer loop
      vertex 4.51104 -3.95607 17
      vertex 8.32663 -7.30225 17
      vertex 7.83121 -7.83121 17
    endloop
  endfacet
  facet normal -0 0 -1
    outer loop
      vertex 10.4873 3.55994 17
      vertex 5.68158 1.92864 17
      vertex 10.232 4.23822 17
    endloop
  endfacet
  facet normal 0 0 -1
    outer loop
      vertex 4.24264 -4.24264 17
      vertex 7.83121 -7.83121 17
      vertex 7.30225 -8.32663 17
    endloop
  endfacet
  facet normal 0 0 -1
    outer loop
      vertex 5.54328 2.2961 17
      vertex 10.232 4.23822 17
      vertex 5.68158 1.92864 17
    endloop
  endfacet
  facet normal 0 0 -1
    outer loop
      vertex 3.95607 -4.51104 17
      vertex 7.30225 -8.32663 17
      vertex 6.74203 -8.78639 17
    endloop
  endfacet
  facet normal -0 0 -1
    outer loop
      vertex 10.232 4.23822 17
      vertex 5.54328 2.2961 17
      vertex 9.93287 4.89835 17
    endloop
  endfacet
  facet normal 0 0 -1
    outer loop
      vertex 3.65257 -4.76012 17
      vertex 6.74203 -8.78639 17
      vertex 6.15294 -9.20853 17
    endloop
  endfacet
  facet normal 0 0 -1
    outer loop
      vertex 5.38124 2.65373 17
      vertex 9.93287 4.89835 17
      vertex 5.54328 2.2961 17
    endloop
  endfacet
  facet normal -0 0 -1
    outer loop
      vertex 9.93287 4.89835 17
      vertex 5.38124 2.65373 17
      vertex 9.59123 5.5375 17
    endloop
  endfacet
  facet normal 0 0 -1
    outer loop
      vertex 11.0513 -0.724339 17
      vertex 5.98715 -0.392418 17
      vertex 6 0 17
    endloop
  endfacet
  facet normal 0 0 -1
    outer loop
      vertex 10.9803 -1.44558 17
      vertex 5.94867 -0.783156 17
      vertex 5.98715 -0.392418 17
    endloop
  endfacet
  facet normal 0 0 -1
    outer loop
      vertex 10.8622 -2.16062 17
      vertex 5.88471 -1.17054 17
      vertex 5.94867 -0.783156 17
    endloop
  endfacet
  facet normal 0 0 -1
    outer loop
      vertex 10.6976 -2.86642 17
      vertex 5.79555 -1.55291 17
      vertex 5.88471 -1.17054 17
    endloop
  endfacet
  facet normal 0 0 -1
    outer loop
      vertex 10.4873 -3.55994 17
      vertex 5.68158 -1.92864 17
      vertex 5.79555 -1.55291 17
    endloop
  endfacet
  facet normal 0 0 -1
    outer loop
      vertex 10.232 -4.23822 17
      vertex 5.54328 -2.2961 17
      vertex 5.68158 -1.92864 17
    endloop
  endfacet
  facet normal 0 0 -1
    outer loop
      vertex 3.33342 -4.98882 17
      vertex 6.15294 -9.20853 17
      vertex 5.5375 -9.59123 17
    endloop
  endfacet
  facet normal 0 0 -1
    outer loop
      vertex 9.93287 -4.89835 17
      vertex 5.38124 -2.65373 17
      vertex 5.54328 -2.2961 17
    endloop
  endfacet
  facet normal 0 0 -1
    outer loop
      vertex 9.59123 -5.5375 17
      vertex 5.19615 -3 17
      vertex 5.38124 -2.65373 17
    endloop
  endfacet
  facet normal 0 0 -1
    outer loop
      vertex 9.20853 -6.15294 17
      vertex 4.98882 -3.33342 17
      vertex 5.19615 -3 17
    endloop
  endfacet
  facet normal 0 0 -1
    outer loop
      vertex 3 -5.19615 17
      vertex 5.5375 -9.59123 17
      vertex 4.89835 -9.93287 17
    endloop
  endfacet
  facet normal 0 0 -1
    outer loop
      vertex 8.78639 -6.74203 17
      vertex 4.76012 -3.65257 17
      vertex 4.98882 -3.33342 17
    endloop
  endfacet
  facet normal 0 0 -1
    outer loop
      vertex 8.32663 -7.30225 17
      vertex 4.51104 -3.95607 17
      vertex 4.76012 -3.65257 17
    endloop
  endfacet
  facet normal 0 0 -1
    outer loop
      vertex 7.83121 -7.83121 17
      vertex 4.24264 -4.24264 17
      vertex 4.51104 -3.95607 17
    endloop
  endfacet
  facet normal 0 0 -1
    outer loop
      vertex 2.65373 -5.38124 17
      vertex 4.89835 -9.93287 17
      vertex 4.23822 -10.232 17
    endloop
  endfacet
  facet normal 0 0 -1
    outer loop
      vertex 7.30225 -8.32663 17
      vertex 3.95607 -4.51104 17
      vertex 4.24264 -4.24264 17
    endloop
  endfacet
  facet normal 0 0 -1
    outer loop
      vertex 6.74203 -8.78639 17
      vertex 3.65257 -4.76012 17
      vertex 3.95607 -4.51104 17
    endloop
  endfacet
  facet normal 0 0 -1
    outer loop
      vertex 2.2961 -5.54328 17
      vertex 4.23822 -10.232 17
      vertex 3.55994 -10.4873 17
    endloop
  endfacet
  facet normal 0 0 -1
    outer loop
      vertex 6.15294 -9.20853 17
      vertex 3.33342 -4.98882 17
      vertex 3.65257 -4.76012 17
    endloop
  endfacet
  facet normal 0 0 -1
    outer loop
      vertex 5.5375 -9.59123 17
      vertex 3 -5.19615 17
      vertex 3.33342 -4.98882 17
    endloop
  endfacet
  facet normal 0 0 -1
    outer loop
      vertex 1.92864 -5.68158 17
      vertex 3.55994 -10.4873 17
      vertex 2.86642 -10.6976 17
    endloop
  endfacet
  facet normal 0 0 -1
    outer loop
      vertex 4.89835 -9.93287 17
      vertex 2.65373 -5.38124 17
      vertex 3 -5.19615 17
    endloop
  endfacet
  facet normal 0 0 -1
    outer loop
      vertex 4.23822 -10.232 17
      vertex 2.2961 -5.54328 17
      vertex 2.65373 -5.38124 17
    endloop
  endfacet
  facet normal 0 0 -1
    outer loop
      vertex 1.55291 -5.79555 17
      vertex 2.86642 -10.6976 17
      vertex 2.16062 -10.8622 17
    endloop
  endfacet
  facet normal 0 0 -1
    outer loop
      vertex 3.55994 -10.4873 17
      vertex 1.92864 -5.68158 17
      vertex 2.2961 -5.54328 17
    endloop
  endfacet
  facet normal 0 0 -1
    outer loop
      vertex 2.86642 -10.6976 17
      vertex 1.55291 -5.79555 17
      vertex 1.92864 -5.68158 17
    endloop
  endfacet
  facet normal 0 0 -1
    outer loop
      vertex 1.17054 -5.88471 17
      vertex 2.16062 -10.8622 17
      vertex 1.44558 -10.9803 17
    endloop
  endfacet
  facet normal 0 0 -1
    outer loop
      vertex 2.16062 -10.8622 17
      vertex 1.17054 -5.88471 17
      vertex 1.55291 -5.79555 17
    endloop
  endfacet
  facet normal 0 0 -1
    outer loop
      vertex 1.44558 -10.9803 17
      vertex 0.783156 -5.94867 17
      vertex 1.17054 -5.88471 17
    endloop
  endfacet
  facet normal 0 0 -1
    outer loop
      vertex 0.724339 -11.0513 17
      vertex 0.783156 -5.94867 17
      vertex 1.44558 -10.9803 17
    endloop
  endfacet
  facet normal 0 0 -1
    outer loop
      vertex 0.724339 -11.0513 17
      vertex 0.392418 -5.98715 17
      vertex 0.783156 -5.94867 17
    endloop
  endfacet
  facet normal 0 0 -1
    outer loop
      vertex 0 -11.075 17
      vertex 0.392418 -5.98715 17
      vertex 0.724339 -11.0513 17
    endloop
  endfacet
  facet normal 0 0 -1
    outer loop
      vertex 0 -11.075 17
      vertex 0 -6 17
      vertex 0.392418 -5.98715 17
    endloop
  endfacet
  facet normal 0 0 -1
    outer loop
      vertex 0 -11.075 17
      vertex -0.392418 -5.98715 17
      vertex 0 -6 17
    endloop
  endfacet
  facet normal 0 0 -1
    outer loop
      vertex -0.724339 -11.0513 17
      vertex -0.392418 -5.98715 17
      vertex 0 -11.075 17
    endloop
  endfacet
  facet normal 0 0 -1
    outer loop
      vertex -0.724339 -11.0513 17
      vertex -0.783156 -5.94867 17
      vertex -0.392418 -5.98715 17
    endloop
  endfacet
  facet normal 0 0 -1
    outer loop
      vertex -1.44558 -10.9803 17
      vertex -0.783156 -5.94867 17
      vertex -0.724339 -11.0513 17
    endloop
  endfacet
  facet normal -0 0 -1
    outer loop
      vertex -0.783156 -5.94867 17
      vertex -1.44558 -10.9803 17
      vertex -1.17054 -5.88471 17
    endloop
  endfacet
  facet normal 0 0 -1
    outer loop
      vertex -2.16062 -10.8622 17
      vertex -1.17054 -5.88471 17
      vertex -1.44558 -10.9803 17
    endloop
  endfacet
  facet normal -0 0 -1
    outer loop
      vertex -1.17054 -5.88471 17
      vertex -2.16062 -10.8622 17
      vertex -1.55291 -5.79555 17
    endloop
  endfacet
  facet normal 0 0 -1
    outer loop
      vertex -2.86642 -10.6976 17
      vertex -1.55291 -5.79555 17
      vertex -2.16062 -10.8622 17
    endloop
  endfacet
  facet normal -0 0 -1
    outer loop
      vertex -1.55291 -5.79555 17
      vertex -2.86642 -10.6976 17
      vertex -1.92864 -5.68158 17
    endloop
  endfacet
  facet normal 0 0 -1
    outer loop
      vertex -3.55994 -10.4873 17
      vertex -1.92864 -5.68158 17
      vertex -2.86642 -10.6976 17
    endloop
  endfacet
  facet normal -0 0 -1
    outer loop
      vertex -1.92864 -5.68158 17
      vertex -3.55994 -10.4873 17
      vertex -2.2961 -5.54328 17
    endloop
  endfacet
  facet normal 0 0 -1
    outer loop
      vertex -4.23822 -10.232 17
      vertex -2.2961 -5.54328 17
      vertex -3.55994 -10.4873 17
    endloop
  endfacet
  facet normal -0 0 -1
    outer loop
      vertex -2.2961 -5.54328 17
      vertex -4.23822 -10.232 17
      vertex -2.65373 -5.38124 17
    endloop
  endfacet
  facet normal 0 0 -1
    outer loop
      vertex -4.89835 -9.93287 17
      vertex -2.65373 -5.38124 17
      vertex -4.23822 -10.232 17
    endloop
  endfacet
  facet normal -0 0 -1
    outer loop
      vertex -2.65373 -5.38124 17
      vertex -4.89835 -9.93287 17
      vertex -3 -5.19615 17
    endloop
  endfacet
  facet normal 0 0 -1
    outer loop
      vertex -5.5375 -9.59123 17
      vertex -3 -5.19615 17
      vertex -4.89835 -9.93287 17
    endloop
  endfacet
  facet normal -0 0 -1
    outer loop
      vertex -3 -5.19615 17
      vertex -5.5375 -9.59123 17
      vertex -3.33342 -4.98882 17
    endloop
  endfacet
  facet normal 0 0 -1
    outer loop
      vertex -6.15294 -9.20853 17
      vertex -3.33342 -4.98882 17
      vertex -5.5375 -9.59123 17
    endloop
  endfacet
  facet normal -0 0 -1
    outer loop
      vertex -3.33342 -4.98882 17
      vertex -6.15294 -9.20853 17
      vertex -3.65257 -4.76012 17
    endloop
  endfacet
  facet normal 0 0 -1
    outer loop
      vertex -6.74203 -8.78639 17
      vertex -3.65257 -4.76012 17
      vertex -6.15294 -9.20853 17
    endloop
  endfacet
  facet normal -0 0 -1
    outer loop
      vertex -3.65257 -4.76012 17
      vertex -6.74203 -8.78639 17
      vertex -3.95607 -4.51104 17
    endloop
  endfacet
  facet normal 0 0 -1
    outer loop
      vertex -7.30225 -8.32663 17
      vertex -3.95607 -4.51104 17
      vertex -6.74203 -8.78639 17
    endloop
  endfacet
  facet normal -0 0 -1
    outer loop
      vertex -3.95607 -4.51104 17
      vertex -7.30225 -8.32663 17
      vertex -4.24264 -4.24264 17
    endloop
  endfacet
  facet normal 0 0 -1
    outer loop
      vertex -7.83121 -7.83121 17
      vertex -4.24264 -4.24264 17
      vertex -7.30225 -8.32663 17
    endloop
  endfacet
  facet normal -0 0 -1
    outer loop
      vertex -4.24264 -4.24264 17
      vertex -7.83121 -7.83121 17
      vertex -4.51104 -3.95607 17
    endloop
  endfacet
  facet normal 0 0 -1
    outer loop
      vertex -8.32663 -7.30225 17
      vertex -4.51104 -3.95607 17
      vertex -7.83121 -7.83121 17
    endloop
  endfacet
  facet normal -0 0 -1
    outer loop
      vertex -4.51104 -3.95607 17
      vertex -8.32663 -7.30225 17
      vertex -4.76012 -3.65257 17
    endloop
  endfacet
  facet normal 0 0 -1
    outer loop
      vertex -8.78639 -6.74203 17
      vertex -4.76012 -3.65257 17
      vertex -8.32663 -7.30225 17
    endloop
  endfacet
  facet normal -0 0 -1
    outer loop
      vertex -4.76012 -3.65257 17
      vertex -8.78639 -6.74203 17
      vertex -4.98882 -3.33342 17
    endloop
  endfacet
  facet normal 0 0 -1
    outer loop
      vertex -9.20853 -6.15294 17
      vertex -4.98882 -3.33342 17
      vertex -8.78639 -6.74203 17
    endloop
  endfacet
  facet normal -0 0 -1
    outer loop
      vertex -4.98882 -3.33342 17
      vertex -9.20853 -6.15294 17
      vertex -5.19615 -3 17
    endloop
  endfacet
  facet normal -0 0 -1
    outer loop
      vertex -5.19615 -3 17
      vertex -9.59123 -5.5375 17
      vertex -5.38124 -2.65373 17
    endloop
  endfacet
  facet normal 0 0 -1
    outer loop
      vertex -9.59123 -5.5375 17
      vertex -5.19615 -3 17
      vertex -9.20853 -6.15294 17
    endloop
  endfacet
  facet normal 0 0 -1
    outer loop
      vertex 5.19615 3 17
      vertex 9.59123 5.5375 17
      vertex 5.38124 2.65373 17
    endloop
  endfacet
  facet normal -0 0 -1
    outer loop
      vertex 9.59123 5.5375 17
      vertex 5.19615 3 17
      vertex 9.20853 6.15294 17
    endloop
  endfacet
  facet normal 0 0 -1
    outer loop
      vertex 4.98882 3.33342 17
      vertex 9.20853 6.15294 17
      vertex 5.19615 3 17
    endloop
  endfacet
  facet normal -0 0 -1
    outer loop
      vertex 9.20853 6.15294 17
      vertex 4.98882 3.33342 17
      vertex 8.78639 6.74203 17
    endloop
  endfacet
  facet normal 0 0 -1
    outer loop
      vertex 4.76012 3.65257 17
      vertex 8.78639 6.74203 17
      vertex 4.98882 3.33342 17
    endloop
  endfacet
  facet normal -0 0 -1
    outer loop
      vertex 8.78639 6.74203 17
      vertex 4.76012 3.65257 17
      vertex 8.32663 7.30225 17
    endloop
  endfacet
  facet normal 0 0 -1
    outer loop
      vertex 4.51104 3.95607 17
      vertex 8.32663 7.30225 17
      vertex 4.76012 3.65257 17
    endloop
  endfacet
  facet normal -0 0 -1
    outer loop
      vertex 8.32663 7.30225 17
      vertex 4.51104 3.95607 17
      vertex 7.83121 7.83121 17
    endloop
  endfacet
  facet normal 0 0 -1
    outer loop
      vertex 4.24264 4.24264 17
      vertex 7.83121 7.83121 17
      vertex 4.51104 3.95607 17
    endloop
  endfacet
  facet normal -0 0 -1
    outer loop
      vertex 7.83121 7.83121 17
      vertex 4.24264 4.24264 17
      vertex 7.30225 8.32663 17
    endloop
  endfacet
  facet normal 0 0 -1
    outer loop
      vertex 3.95607 4.51104 17
      vertex 7.30225 8.32663 17
      vertex 4.24264 4.24264 17
    endloop
  endfacet
  facet normal -0 0 -1
    outer loop
      vertex 7.30225 8.32663 17
      vertex 3.95607 4.51104 17
      vertex 6.74203 8.78639 17
    endloop
  endfacet
  facet normal 0 0 -1
    outer loop
      vertex 3.65257 4.76012 17
      vertex 6.74203 8.78639 17
      vertex 3.95607 4.51104 17
    endloop
  endfacet
  facet normal -0 0 -1
    outer loop
      vertex 6.74203 8.78639 17
      vertex 3.65257 4.76012 17
      vertex 6.15294 9.20853 17
    endloop
  endfacet
  facet normal 0 0 -1
    outer loop
      vertex 3.33342 4.98882 17
      vertex 6.15294 9.20853 17
      vertex 3.65257 4.76012 17
    endloop
  endfacet
  facet normal -0 0 -1
    outer loop
      vertex 6.15294 9.20853 17
      vertex 3.33342 4.98882 17
      vertex 5.5375 9.59123 17
    endloop
  endfacet
  facet normal 0 0 -1
    outer loop
      vertex 3 5.19615 17
      vertex 5.5375 9.59123 17
      vertex 3.33342 4.98882 17
    endloop
  endfacet
  facet normal -0 0 -1
    outer loop
      vertex 5.5375 9.59123 17
      vertex 3 5.19615 17
      vertex 4.89835 9.93287 17
    endloop
  endfacet
  facet normal 0 0 -1
    outer loop
      vertex 2.65373 5.38124 17
      vertex 4.89835 9.93287 17
      vertex 3 5.19615 17
    endloop
  endfacet
  facet normal -0 0 -1
    outer loop
      vertex 4.89835 9.93287 17
      vertex 2.65373 5.38124 17
      vertex 4.23822 10.232 17
    endloop
  endfacet
  facet normal 0 0 -1
    outer loop
      vertex 2.2961 5.54328 17
      vertex 4.23822 10.232 17
      vertex 2.65373 5.38124 17
    endloop
  endfacet
  facet normal -0 0 -1
    outer loop
      vertex 4.23822 10.232 17
      vertex 2.2961 5.54328 17
      vertex 3.55994 10.4873 17
    endloop
  endfacet
  facet normal 0 0 -1
    outer loop
      vertex 1.92864 5.68158 17
      vertex 3.55994 10.4873 17
      vertex 2.2961 5.54328 17
    endloop
  endfacet
  facet normal -0 0 -1
    outer loop
      vertex 3.55994 10.4873 17
      vertex 1.92864 5.68158 17
      vertex 2.86642 10.6976 17
    endloop
  endfacet
  facet normal 0 0 -1
    outer loop
      vertex 1.55291 5.79555 17
      vertex 2.86642 10.6976 17
      vertex 1.92864 5.68158 17
    endloop
  endfacet
  facet normal -0 0 -1
    outer loop
      vertex 2.86642 10.6976 17
      vertex 1.55291 5.79555 17
      vertex 2.16062 10.8622 17
    endloop
  endfacet
  facet normal 0 0 -1
    outer loop
      vertex 1.17054 5.88471 17
      vertex 2.16062 10.8622 17
      vertex 1.55291 5.79555 17
    endloop
  endfacet
  facet normal -0 0 -1
    outer loop
      vertex 2.16062 10.8622 17
      vertex 1.17054 5.88471 17
      vertex 1.44558 10.9803 17
    endloop
  endfacet
  facet normal 0 0 -1
    outer loop
      vertex 0.783156 5.94867 17
      vertex 1.44558 10.9803 17
      vertex 1.17054 5.88471 17
    endloop
  endfacet
  facet normal 0 0 -1
    outer loop
      vertex 0.783156 5.94867 17
      vertex 0.724339 11.0513 17
      vertex 1.44558 10.9803 17
    endloop
  endfacet
  facet normal 0 0 -1
    outer loop
      vertex 0.392418 5.98715 17
      vertex 0.724339 11.0513 17
      vertex 0.783156 5.94867 17
    endloop
  endfacet
  facet normal 0 0 -1
    outer loop
      vertex 0 6 17
      vertex 0.724339 11.0513 17
      vertex 0.392418 5.98715 17
    endloop
  endfacet
  facet normal 0 0 -1
    outer loop
      vertex 0 6 17
      vertex 0 11.075 17
      vertex 0.724339 11.0513 17
    endloop
  endfacet
  facet normal 0 0 -1
    outer loop
      vertex -0.392418 5.98715 17
      vertex 0 11.075 17
      vertex 0 6 17
    endloop
  endfacet
  facet normal 0 0 -1
    outer loop
      vertex -0.392418 5.98715 17
      vertex -0.724339 11.0513 17
      vertex 0 11.075 17
    endloop
  endfacet
  facet normal 0 0 -1
    outer loop
      vertex -0.783156 5.94867 17
      vertex -0.724339 11.0513 17
      vertex -0.392418 5.98715 17
    endloop
  endfacet
  facet normal 0 0 -1
    outer loop
      vertex -1.44558 10.9803 17
      vertex -0.783156 5.94867 17
      vertex -1.17054 5.88471 17
    endloop
  endfacet
  facet normal 0 0 -1
    outer loop
      vertex -0.783156 5.94867 17
      vertex -1.44558 10.9803 17
      vertex -0.724339 11.0513 17
    endloop
  endfacet
  facet normal 0 0 -1
    outer loop
      vertex -2.16062 10.8622 17
      vertex -1.17054 5.88471 17
      vertex -1.55291 5.79555 17
    endloop
  endfacet
  facet normal 0 0 -1
    outer loop
      vertex -2.86642 10.6976 17
      vertex -1.55291 5.79555 17
      vertex -1.92864 5.68158 17
    endloop
  endfacet
  facet normal 0 0 -1
    outer loop
      vertex -1.17054 5.88471 17
      vertex -2.16062 10.8622 17
      vertex -1.44558 10.9803 17
    endloop
  endfacet
  facet normal 0 0 -1
    outer loop
      vertex -3.55994 10.4873 17
      vertex -1.92864 5.68158 17
      vertex -2.2961 5.54328 17
    endloop
  endfacet
  facet normal 0 0 -1
    outer loop
      vertex -4.23822 10.232 17
      vertex -2.2961 5.54328 17
      vertex -2.65373 5.38124 17
    endloop
  endfacet
  facet normal 0 0 -1
    outer loop
      vertex -1.55291 5.79555 17
      vertex -2.86642 10.6976 17
      vertex -2.16062 10.8622 17
    endloop
  endfacet
  facet normal 0 0 -1
    outer loop
      vertex -4.89835 9.93287 17
      vertex -2.65373 5.38124 17
      vertex -3 5.19615 17
    endloop
  endfacet
  facet normal 0 0 -1
    outer loop
      vertex -5.5375 9.59123 17
      vertex -3 5.19615 17
      vertex -3.33342 4.98882 17
    endloop
  endfacet
  facet normal 0 0 -1
    outer loop
      vertex -1.92864 5.68158 17
      vertex -3.55994 10.4873 17
      vertex -2.86642 10.6976 17
    endloop
  endfacet
  facet normal 0 0 -1
    outer loop
      vertex -6.15294 9.20853 17
      vertex -3.33342 4.98882 17
      vertex -3.65257 4.76012 17
    endloop
  endfacet
  facet normal 0 0 -1
    outer loop
      vertex -6.74203 8.78639 17
      vertex -3.65257 4.76012 17
      vertex -3.95607 4.51104 17
    endloop
  endfacet
  facet normal 0 0 -1
    outer loop
      vertex -2.2961 5.54328 17
      vertex -4.23822 10.232 17
      vertex -3.55994 10.4873 17
    endloop
  endfacet
  facet normal 0 0 -1
    outer loop
      vertex -7.30225 8.32663 17
      vertex -3.95607 4.51104 17
      vertex -4.24264 4.24264 17
    endloop
  endfacet
  facet normal 0 0 -1
    outer loop
      vertex -7.83121 7.83121 17
      vertex -4.24264 4.24264 17
      vertex -4.51104 3.95607 17
    endloop
  endfacet
  facet normal 0 0 -1
    outer loop
      vertex -8.32663 7.30225 17
      vertex -4.51104 3.95607 17
      vertex -4.76012 3.65257 17
    endloop
  endfacet
  facet normal 0 0 -1
    outer loop
      vertex -2.65373 5.38124 17
      vertex -4.89835 9.93287 17
      vertex -4.23822 10.232 17
    endloop
  endfacet
  facet normal 0 0 -1
    outer loop
      vertex -8.78639 6.74203 17
      vertex -4.76012 3.65257 17
      vertex -4.98882 3.33342 17
    endloop
  endfacet
  facet normal 0 0 -1
    outer loop
      vertex -9.20853 6.15294 17
      vertex -4.98882 3.33342 17
      vertex -5.19615 3 17
    endloop
  endfacet
  facet normal 0 0 -1
    outer loop
      vertex -9.59123 5.5375 17
      vertex -5.19615 3 17
      vertex -5.38124 2.65373 17
    endloop
  endfacet
  facet normal 0 0 -1
    outer loop
      vertex -3 5.19615 17
      vertex -5.5375 9.59123 17
      vertex -4.89835 9.93287 17
    endloop
  endfacet
  facet normal 0 0 -1
    outer loop
      vertex -9.93287 4.89835 17
      vertex -5.38124 2.65373 17
      vertex -5.54328 2.2961 17
    endloop
  endfacet
  facet normal 0 0 -1
    outer loop
      vertex -10.232 4.23822 17
      vertex -5.54328 2.2961 17
      vertex -5.68158 1.92864 17
    endloop
  endfacet
  facet normal 0 0 -1
    outer loop
      vertex -10.4873 3.55994 17
      vertex -5.68158 1.92864 17
      vertex -5.79555 1.55291 17
    endloop
  endfacet
  facet normal 0 0 -1
    outer loop
      vertex -10.6976 2.86642 17
      vertex -5.79555 1.55291 17
      vertex -5.88471 1.17054 17
    endloop
  endfacet
  facet normal 0 0 -1
    outer loop
      vertex -10.8622 2.16062 17
      vertex -5.88471 1.17054 17
      vertex -5.94867 0.783156 17
    endloop
  endfacet
  facet normal 0 0 -1
    outer loop
      vertex -10.9803 1.44558 17
      vertex -5.94867 0.783156 17
      vertex -5.98715 0.392418 17
    endloop
  endfacet
  facet normal 0 0 -1
    outer loop
      vertex -3.33342 4.98882 17
      vertex -6.15294 9.20853 17
      vertex -5.5375 9.59123 17
    endloop
  endfacet
  facet normal 0 0 -1
    outer loop
      vertex -11.0513 0.724339 17
      vertex -5.98715 0.392418 17
      vertex -6 0 17
    endloop
  endfacet
  facet normal 0 0 -1
    outer loop
      vertex -9.93287 -4.89835 17
      vertex -5.38124 -2.65373 17
      vertex -9.59123 -5.5375 17
    endloop
  endfacet
  facet normal -0 0 -1
    outer loop
      vertex -5.38124 -2.65373 17
      vertex -9.93287 -4.89835 17
      vertex -5.54328 -2.2961 17
    endloop
  endfacet
  facet normal 0 0 -1
    outer loop
      vertex -3.65257 4.76012 17
      vertex -6.74203 8.78639 17
      vertex -6.15294 9.20853 17
    endloop
  endfacet
  facet normal 0 0 -1
    outer loop
      vertex -10.232 -4.23822 17
      vertex -5.54328 -2.2961 17
      vertex -9.93287 -4.89835 17
    endloop
  endfacet
  facet normal 0 0 -1
    outer loop
      vertex -3.95607 4.51104 17
      vertex -7.30225 8.32663 17
      vertex -6.74203 8.78639 17
    endloop
  endfacet
  facet normal -0 0 -1
    outer loop
      vertex -5.54328 -2.2961 17
      vertex -10.232 -4.23822 17
      vertex -5.68158 -1.92864 17
    endloop
  endfacet
  facet normal 0 0 -1
    outer loop
      vertex -4.24264 4.24264 17
      vertex -7.83121 7.83121 17
      vertex -7.30225 8.32663 17
    endloop
  endfacet
  facet normal 0 0 -1
    outer loop
      vertex -10.4873 -3.55994 17
      vertex -5.68158 -1.92864 17
      vertex -10.232 -4.23822 17
    endloop
  endfacet
  facet normal 0 0 -1
    outer loop
      vertex -4.51104 3.95607 17
      vertex -8.32663 7.30225 17
      vertex -7.83121 7.83121 17
    endloop
  endfacet
  facet normal -0 0 -1
    outer loop
      vertex -5.68158 -1.92864 17
      vertex -10.4873 -3.55994 17
      vertex -5.79555 -1.55291 17
    endloop
  endfacet
  facet normal 0 0 -1
    outer loop
      vertex -4.76012 3.65257 17
      vertex -8.78639 6.74203 17
      vertex -8.32663 7.30225 17
    endloop
  endfacet
  facet normal 0 0 -1
    outer loop
      vertex -10.6976 -2.86642 17
      vertex -5.79555 -1.55291 17
      vertex -10.4873 -3.55994 17
    endloop
  endfacet
  facet normal 0 0 -1
    outer loop
      vertex -4.98882 3.33342 17
      vertex -9.20853 6.15294 17
      vertex -8.78639 6.74203 17
    endloop
  endfacet
  facet normal -0 0 -1
    outer loop
      vertex -5.79555 -1.55291 17
      vertex -10.6976 -2.86642 17
      vertex -5.88471 -1.17054 17
    endloop
  endfacet
  facet normal 0 0 -1
    outer loop
      vertex -5.19615 3 17
      vertex -9.59123 5.5375 17
      vertex -9.20853 6.15294 17
    endloop
  endfacet
  facet normal 0 0 -1
    outer loop
      vertex -10.8622 -2.16062 17
      vertex -5.88471 -1.17054 17
      vertex -10.6976 -2.86642 17
    endloop
  endfacet
  facet normal 0 0 -1
    outer loop
      vertex -5.38124 2.65373 17
      vertex -9.93287 4.89835 17
      vertex -9.59123 5.5375 17
    endloop
  endfacet
  facet normal -0 0 -1
    outer loop
      vertex -5.88471 -1.17054 17
      vertex -10.8622 -2.16062 17
      vertex -5.94867 -0.783156 17
    endloop
  endfacet
  facet normal 0 0 -1
    outer loop
      vertex -5.54328 2.2961 17
      vertex -10.232 4.23822 17
      vertex -9.93287 4.89835 17
    endloop
  endfacet
  facet normal 0 0 -1
    outer loop
      vertex -10.9803 -1.44558 17
      vertex -5.94867 -0.783156 17
      vertex -10.8622 -2.16062 17
    endloop
  endfacet
  facet normal 0 0 -1
    outer loop
      vertex -5.68158 1.92864 17
      vertex -10.4873 3.55994 17
      vertex -10.232 4.23822 17
    endloop
  endfacet
  facet normal -0 0 -1
    outer loop
      vertex -5.94867 -0.783156 17
      vertex -10.9803 -1.44558 17
      vertex -5.98715 -0.392418 17
    endloop
  endfacet
  facet normal 0 0 -1
    outer loop
      vertex -5.79555 1.55291 17
      vertex -10.6976 2.86642 17
      vertex -10.4873 3.55994 17
    endloop
  endfacet
  facet normal 0 0 -1
    outer loop
      vertex -11.0513 -0.724339 17
      vertex -5.98715 -0.392418 17
      vertex -10.9803 -1.44558 17
    endloop
  endfacet
  facet normal 0 0 -1
    outer loop
      vertex -5.88471 1.17054 17
      vertex -10.8622 2.16062 17
      vertex -10.6976 2.86642 17
    endloop
  endfacet
  facet normal -0 0 -1
    outer loop
      vertex -5.98715 -0.392418 17
      vertex -11.0513 -0.724339 17
      vertex -6 0 17
    endloop
  endfacet
  facet normal 0 0 -1
    outer loop
      vertex -5.94867 0.783156 17
      vertex -10.9803 1.44558 17
      vertex -10.8622 2.16062 17
    endloop
  endfacet
  facet normal 0 0 -1
    outer loop
      vertex -11.075 0 17
      vertex -6 0 17
      vertex -11.0513 -0.724339 17
    endloop
  endfacet
  facet normal 0 0 -1
    outer loop
      vertex -5.98715 0.392418 17
      vertex -11.0513 0.724339 17
      vertex -10.9803 1.44558 17
    endloop
  endfacet
  facet normal 0 0 -1
    outer loop
      vertex -6 0 17
      vertex -11.075 0 17
      vertex -11.0513 0.724339 17
    endloop
  endfacet
  facet normal 0.41274 -0.910849 0
    outer loop
      vertex -4.89835 9.93287 10
      vertex -4.23822 10.232 17
      vertex -4.89835 9.93287 17
    endloop
  endfacet
  facet normal 0.41274 -0.910849 0
    outer loop
      vertex -4.23822 10.232 17
      vertex -4.89835 9.93287 10
      vertex -4.23822 10.232 10
    endloop
  endfacet
  facet normal 0.582481 -0.812844 0
    outer loop
      vertex -6.74203 8.78639 10
      vertex -6.15294 9.20853 17
      vertex -6.74203 8.78639 17
    endloop
  endfacet
  facet normal 0.582481 -0.812844 0
    outer loop
      vertex -6.15294 9.20853 17
      vertex -6.74203 8.78639 10
      vertex -6.15294 9.20853 10
    endloop
  endfacet
  facet normal -0.995186 0.0980062 0
    outer loop
      vertex 5.94867 -0.783156 17
      vertex 5.98715 -0.392418 31
      vertex 5.98715 -0.392418 17
    endloop
  endfacet
  facet normal -0.995186 0.0980062 0
    outer loop
      vertex 5.98715 -0.392418 31
      vertex 5.94867 -0.783156 17
      vertex 5.94867 -0.783156 31
    endloop
  endfacet
  facet normal -0.999464 0.0327282 0
    outer loop
      vertex 5.98715 -0.392418 17
      vertex 6 0 31
      vertex 6 0 17
    endloop
  endfacet
  facet normal -0.999464 0.0327282 0
    outer loop
      vertex 6 0 31
      vertex 5.98715 -0.392418 17
      vertex 5.98715 -0.392418 31
    endloop
  endfacet
  facet normal -0.986642 0.162902 0
    outer loop
      vertex 5.88471 -1.17054 17
      vertex 5.94867 -0.783156 31
      vertex 5.94867 -0.783156 17
    endloop
  endfacet
  facet normal -0.986642 0.162902 0
    outer loop
      vertex 5.94867 -0.783156 31
      vertex 5.88471 -1.17054 17
      vertex 5.88471 -1.17054 31
    endloop
  endfacet
  facet normal 0.812846 -0.582478 0
    outer loop
      vertex -4.98882 3.33342 31
      vertex -4.76012 3.65257 17
      vertex -4.76012 3.65257 31
    endloop
  endfacet
  facet normal 0.812846 -0.582478 0
    outer loop
      vertex -4.76012 3.65257 17
      vertex -4.98882 3.33342 31
      vertex -4.98882 3.33342 17
    endloop
  endfacet
  facet normal -0.995186 -0.0980062 0
    outer loop
      vertex 5.98715 0.392418 17
      vertex 5.94867 0.783156 31
      vertex 5.94867 0.783156 17
    endloop
  endfacet
  facet normal -0.995186 -0.0980062 0
    outer loop
      vertex 5.94867 0.783156 31
      vertex 5.98715 0.392418 17
      vertex 5.98715 0.392418 31
    endloop
  endfacet
  facet normal -0.773005 -0.634399 0
    outer loop
      vertex 4.76012 3.65257 17
      vertex 4.51104 3.95607 31
      vertex 4.51104 3.95607 17
    endloop
  endfacet
  facet normal -0.773005 -0.634399 0
    outer loop
      vertex 4.51104 3.95607 31
      vertex 4.76012 3.65257 17
      vertex 4.76012 3.65257 31
    endloop
  endfacet
  facet normal -0.935908 0.352245 0
    outer loop
      vertex 5.54328 -2.2961 17
      vertex 5.68158 -1.92864 31
      vertex 5.68158 -1.92864 17
    endloop
  endfacet
  facet normal -0.935908 0.352245 0
    outer loop
      vertex 5.68158 -1.92864 31
      vertex 5.54328 -2.2961 17
      vertex 5.54328 -2.2961 31
    endloop
  endfacet
  facet normal -0.973875 0.227085 0
    outer loop
      vertex 5.79555 -1.55291 17
      vertex 5.88471 -1.17054 31
      vertex 5.88471 -1.17054 17
    endloop
  endfacet
  facet normal -0.973875 0.227085 0
    outer loop
      vertex 5.88471 -1.17054 31
      vertex 5.79555 -1.55291 17
      vertex 5.79555 -1.55291 31
    endloop
  endfacet
  facet normal 0.935908 0.352245 0
    outer loop
      vertex -5.54328 -2.2961 31
      vertex -5.68158 -1.92864 17
      vertex -5.68158 -1.92864 31
    endloop
  endfacet
  facet normal 0.935908 0.352245 0
    outer loop
      vertex -5.68158 -1.92864 17
      vertex -5.54328 -2.2961 31
      vertex -5.54328 -2.2961 17
    endloop
  endfacet
  facet normal -0.471406 0.881916 0
    outer loop
      vertex 3 -5.19615 17
      vertex 2.65373 -5.38124 31
      vertex 3 -5.19615 31
    endloop
  endfacet
  facet normal -0.471406 0.881916 0
    outer loop
      vertex 2.65373 -5.38124 31
      vertex 3 -5.19615 17
      vertex 2.65373 -5.38124 17
    endloop
  endfacet
  facet normal -0.0327282 -0.999464 0
    outer loop
      vertex 0 6 17
      vertex 0.392418 5.98715 31
      vertex 0 6 31
    endloop
  endfacet
  facet normal -0.0327282 -0.999464 -0
    outer loop
      vertex 0.392418 5.98715 31
      vertex 0 6 17
      vertex 0.392418 5.98715 17
    endloop
  endfacet
  facet normal 0.634399 -0.773005 0
    outer loop
      vertex -3.95607 4.51104 17
      vertex -3.65257 4.76012 31
      vertex -3.95607 4.51104 31
    endloop
  endfacet
  facet normal 0.634399 -0.773005 0
    outer loop
      vertex -3.65257 4.76012 31
      vertex -3.95607 4.51104 17
      vertex -3.65257 4.76012 17
    endloop
  endfacet
  facet normal -0.729867 -0.683589 0
    outer loop
      vertex 4.51104 3.95607 17
      vertex 4.24264 4.24264 31
      vertex 4.24264 4.24264 17
    endloop
  endfacet
  facet normal -0.729867 -0.683589 0
    outer loop
      vertex 4.24264 4.24264 31
      vertex 4.51104 3.95607 17
      vertex 4.51104 3.95607 31
    endloop
  endfacet
  facet normal 0.973875 0.227085 0
    outer loop
      vertex -5.79555 -1.55291 31
      vertex -5.88471 -1.17054 17
      vertex -5.88471 -1.17054 31
    endloop
  endfacet
  facet normal 0.973875 0.227085 0
    outer loop
      vertex -5.88471 -1.17054 17
      vertex -5.79555 -1.55291 31
      vertex -5.79555 -1.55291 17
    endloop
  endfacet
  facet normal -0.910864 0.412707 0
    outer loop
      vertex 5.38124 -2.65373 17
      vertex 5.54328 -2.2961 31
      vertex 5.54328 -2.2961 17
    endloop
  endfacet
  facet normal -0.910864 0.412707 0
    outer loop
      vertex 5.54328 -2.2961 31
      vertex 5.38124 -2.65373 17
      vertex 5.38124 -2.65373 31
    endloop
  endfacet
  facet normal -0.986642 -0.162902 0
    outer loop
      vertex 5.94867 0.783156 17
      vertex 5.88471 1.17054 31
      vertex 5.88471 1.17054 17
    endloop
  endfacet
  facet normal -0.986642 -0.162902 0
    outer loop
      vertex 5.88471 1.17054 31
      vertex 5.94867 0.783156 17
      vertex 5.94867 0.783156 31
    endloop
  endfacet
  facet normal -0.773005 0.634399 0
    outer loop
      vertex 4.51104 -3.95607 17
      vertex 4.76012 -3.65257 31
      vertex 4.76012 -3.65257 17
    endloop
  endfacet
  facet normal -0.773005 0.634399 0
    outer loop
      vertex 4.76012 -3.65257 31
      vertex 4.51104 -3.95607 17
      vertex 4.51104 -3.95607 31
    endloop
  endfacet
  facet normal -0.412707 0.910864 0
    outer loop
      vertex 2.65373 -5.38124 17
      vertex 2.2961 -5.54328 31
      vertex 2.65373 -5.38124 31
    endloop
  endfacet
  facet normal -0.412707 0.910864 0
    outer loop
      vertex 2.2961 -5.54328 31
      vertex 2.65373 -5.38124 17
      vertex 2.2961 -5.54328 17
    endloop
  endfacet
  facet normal 0.528061 -0.849207 0
    outer loop
      vertex -3.33342 4.98882 17
      vertex -3 5.19615 31
      vertex -3.33342 4.98882 31
    endloop
  endfacet
  facet normal 0.528061 -0.849207 0
    outer loop
      vertex -3 5.19615 31
      vertex -3.33342 4.98882 17
      vertex -3 5.19615 17
    endloop
  endfacet
  facet normal -0.812846 -0.582478 0
    outer loop
      vertex 4.98882 3.33342 17
      vertex 4.76012 3.65257 31
      vertex 4.76012 3.65257 17
    endloop
  endfacet
  facet normal -0.812846 -0.582478 0
    outer loop
      vertex 4.76012 3.65257 31
      vertex 4.98882 3.33342 17
      vertex 4.98882 3.33342 31
    endloop
  endfacet
  facet normal 0.999464 -0.0327282 0
    outer loop
      vertex -6 0 31
      vertex -5.98715 0.392418 17
      vertex -5.98715 0.392418 31
    endloop
  endfacet
  facet normal 0.999464 -0.0327282 0
    outer loop
      vertex -5.98715 0.392418 17
      vertex -6 0 31
      vertex -6 0 17
    endloop
  endfacet
  facet normal 0.935908 -0.352245 0
    outer loop
      vertex -5.68158 1.92864 31
      vertex -5.54328 2.2961 17
      vertex -5.54328 2.2961 31
    endloop
  endfacet
  facet normal 0.935908 -0.352245 0
    outer loop
      vertex -5.54328 2.2961 17
      vertex -5.68158 1.92864 31
      vertex -5.68158 1.92864 17
    endloop
  endfacet
  facet normal 0.973875 -0.227085 0
    outer loop
      vertex -5.88471 1.17054 31
      vertex -5.79555 1.55291 17
      vertex -5.79555 1.55291 31
    endloop
  endfacet
  facet normal 0.973875 -0.227085 0
    outer loop
      vertex -5.79555 1.55291 17
      vertex -5.88471 1.17054 31
      vertex -5.88471 1.17054 17
    endloop
  endfacet
  facet normal 0.881916 -0.471406 0
    outer loop
      vertex -5.38124 2.65373 31
      vertex -5.19615 3 17
      vertex -5.19615 3 31
    endloop
  endfacet
  facet normal 0.881916 -0.471406 0
    outer loop
      vertex -5.19615 3 17
      vertex -5.38124 2.65373 31
      vertex -5.38124 2.65373 17
    endloop
  endfacet
  facet normal -0.227085 0.973875 0
    outer loop
      vertex 1.55291 -5.79555 17
      vertex 1.17054 -5.88471 31
      vertex 1.55291 -5.79555 31
    endloop
  endfacet
  facet normal -0.227085 0.973875 0
    outer loop
      vertex 1.17054 -5.88471 31
      vertex 1.55291 -5.79555 17
      vertex 1.17054 -5.88471 17
    endloop
  endfacet
  facet normal 0.0327282 -0.999464 0
    outer loop
      vertex -0.392418 5.98715 17
      vertex 0 6 31
      vertex -0.392418 5.98715 31
    endloop
  endfacet
  facet normal 0.0327282 -0.999464 0
    outer loop
      vertex 0 6 31
      vertex -0.392418 5.98715 17
      vertex 0 6 17
    endloop
  endfacet
  facet normal 0.956945 -0.29027 0
    outer loop
      vertex -5.79555 1.55291 31
      vertex -5.68158 1.92864 17
      vertex -5.68158 1.92864 31
    endloop
  endfacet
  facet normal 0.956945 -0.29027 0
    outer loop
      vertex -5.68158 1.92864 17
      vertex -5.79555 1.55291 31
      vertex -5.79555 1.55291 17
    endloop
  endfacet
  facet normal 0.812846 0.582478 0
    outer loop
      vertex -4.76012 -3.65257 31
      vertex -4.98882 -3.33342 17
      vertex -4.98882 -3.33342 31
    endloop
  endfacet
  facet normal 0.812846 0.582478 0
    outer loop
      vertex -4.98882 -3.33342 17
      vertex -4.76012 -3.65257 31
      vertex -4.76012 -3.65257 17
    endloop
  endfacet
  facet normal -0.352245 -0.935908 0
    outer loop
      vertex 1.92864 5.68158 17
      vertex 2.2961 5.54328 31
      vertex 1.92864 5.68158 31
    endloop
  endfacet
  facet normal -0.352245 -0.935908 -0
    outer loop
      vertex 2.2961 5.54328 31
      vertex 1.92864 5.68158 17
      vertex 2.2961 5.54328 17
    endloop
  endfacet
  facet normal 0.683589 -0.729867 0
    outer loop
      vertex -4.24264 4.24264 17
      vertex -3.95607 4.51104 31
      vertex -4.24264 4.24264 31
    endloop
  endfacet
  facet normal 0.683589 -0.729867 0
    outer loop
      vertex -3.95607 4.51104 31
      vertex -4.24264 4.24264 17
      vertex -3.95607 4.51104 17
    endloop
  endfacet
  facet normal -0.29027 0.956945 0
    outer loop
      vertex 1.92864 -5.68158 17
      vertex 1.55291 -5.79555 31
      vertex 1.92864 -5.68158 31
    endloop
  endfacet
  facet normal -0.29027 0.956945 0
    outer loop
      vertex 1.55291 -5.79555 31
      vertex 1.92864 -5.68158 17
      vertex 1.55291 -5.79555 17
    endloop
  endfacet
  facet normal 0.0980062 0.995186 -0
    outer loop
      vertex -0.392418 -5.98715 17
      vertex -0.783156 -5.94867 31
      vertex -0.392418 -5.98715 31
    endloop
  endfacet
  facet normal 0.0980062 0.995186 0
    outer loop
      vertex -0.783156 -5.94867 31
      vertex -0.392418 -5.98715 17
      vertex -0.783156 -5.94867 17
    endloop
  endfacet
  facet normal -0.528061 0.849207 0
    outer loop
      vertex 3.33342 -4.98882 17
      vertex 3 -5.19615 31
      vertex 3.33342 -4.98882 31
    endloop
  endfacet
  facet normal -0.528061 0.849207 0
    outer loop
      vertex 3 -5.19615 31
      vertex 3.33342 -4.98882 17
      vertex 3 -5.19615 17
    endloop
  endfacet
  facet normal -0.881916 0.471406 0
    outer loop
      vertex 5.19615 -3 17
      vertex 5.38124 -2.65373 31
      vertex 5.38124 -2.65373 17
    endloop
  endfacet
  facet normal -0.881916 0.471406 0
    outer loop
      vertex 5.38124 -2.65373 31
      vertex 5.19615 -3 17
      vertex 5.19615 -3 31
    endloop
  endfacet
  facet normal 0.528061 0.849207 -0
    outer loop
      vertex -3 -5.19615 17
      vertex -3.33342 -4.98882 31
      vertex -3 -5.19615 31
    endloop
  endfacet
  facet normal 0.528061 0.849207 0
    outer loop
      vertex -3.33342 -4.98882 31
      vertex -3 -5.19615 17
      vertex -3.33342 -4.98882 17
    endloop
  endfacet
  facet normal 0.412707 0.910864 -0
    outer loop
      vertex -2.2961 -5.54328 17
      vertex -2.65373 -5.38124 31
      vertex -2.2961 -5.54328 31
    endloop
  endfacet
  facet normal 0.412707 0.910864 0
    outer loop
      vertex -2.65373 -5.38124 31
      vertex -2.2961 -5.54328 17
      vertex -2.65373 -5.38124 17
    endloop
  endfacet
  facet normal -0.582478 0.812846 0
    outer loop
      vertex 3.65257 -4.76012 17
      vertex 3.33342 -4.98882 31
      vertex 3.65257 -4.76012 31
    endloop
  endfacet
  facet normal -0.582478 0.812846 0
    outer loop
      vertex 3.33342 -4.98882 31
      vertex 3.65257 -4.76012 17
      vertex 3.33342 -4.98882 17
    endloop
  endfacet
  facet normal -0.812846 0.582478 0
    outer loop
      vertex 4.76012 -3.65257 17
      vertex 4.98882 -3.33342 31
      vertex 4.98882 -3.33342 17
    endloop
  endfacet
  facet normal -0.812846 0.582478 0
    outer loop
      vertex 4.98882 -3.33342 31
      vertex 4.76012 -3.65257 17
      vertex 4.76012 -3.65257 31
    endloop
  endfacet
  facet normal -0.729867 0.683589 0
    outer loop
      vertex 4.24264 -4.24264 17
      vertex 4.51104 -3.95607 31
      vertex 4.51104 -3.95607 17
    endloop
  endfacet
  facet normal -0.729867 0.683589 0
    outer loop
      vertex 4.51104 -3.95607 31
      vertex 4.24264 -4.24264 17
      vertex 4.24264 -4.24264 31
    endloop
  endfacet
  facet normal 0.582478 0.812846 -0
    outer loop
      vertex -3.33342 -4.98882 17
      vertex -3.65257 -4.76012 31
      vertex -3.33342 -4.98882 31
    endloop
  endfacet
  facet normal 0.582478 0.812846 0
    outer loop
      vertex -3.65257 -4.76012 31
      vertex -3.33342 -4.98882 17
      vertex -3.65257 -4.76012 17
    endloop
  endfacet
  facet normal 0.986642 -0.162902 0
    outer loop
      vertex -5.94867 0.783156 31
      vertex -5.88471 1.17054 17
      vertex -5.88471 1.17054 31
    endloop
  endfacet
  facet normal 0.986642 -0.162902 0
    outer loop
      vertex -5.88471 1.17054 17
      vertex -5.94867 0.783156 31
      vertex -5.94867 0.783156 17
    endloop
  endfacet
  facet normal -0.849207 -0.528061 0
    outer loop
      vertex 5.19615 3 17
      vertex 4.98882 3.33342 31
      vertex 4.98882 3.33342 17
    endloop
  endfacet
  facet normal -0.849207 -0.528061 0
    outer loop
      vertex 4.98882 3.33342 31
      vertex 5.19615 3 17
      vertex 5.19615 3 31
    endloop
  endfacet
  facet normal 0.910864 -0.412707 0
    outer loop
      vertex -5.54328 2.2961 31
      vertex -5.38124 2.65373 17
      vertex -5.38124 2.65373 31
    endloop
  endfacet
  facet normal 0.910864 -0.412707 0
    outer loop
      vertex -5.38124 2.65373 17
      vertex -5.54328 2.2961 31
      vertex -5.54328 2.2961 17
    endloop
  endfacet
  facet normal -0.956945 0.29027 0
    outer loop
      vertex 5.68158 -1.92864 17
      vertex 5.79555 -1.55291 31
      vertex 5.79555 -1.55291 17
    endloop
  endfacet
  facet normal -0.956945 0.29027 0
    outer loop
      vertex 5.79555 -1.55291 31
      vertex 5.68158 -1.92864 17
      vertex 5.68158 -1.92864 31
    endloop
  endfacet
  facet normal 0.0980062 -0.995186 0
    outer loop
      vertex -0.783156 5.94867 17
      vertex -0.392418 5.98715 31
      vertex -0.783156 5.94867 31
    endloop
  endfacet
  facet normal 0.0980062 -0.995186 0
    outer loop
      vertex -0.392418 5.98715 31
      vertex -0.783156 5.94867 17
      vertex -0.392418 5.98715 17
    endloop
  endfacet
  facet normal -0.352245 0.935908 0
    outer loop
      vertex 2.2961 -5.54328 17
      vertex 1.92864 -5.68158 31
      vertex 2.2961 -5.54328 31
    endloop
  endfacet
  facet normal -0.352245 0.935908 0
    outer loop
      vertex 1.92864 -5.68158 31
      vertex 2.2961 -5.54328 17
      vertex 1.92864 -5.68158 17
    endloop
  endfacet
  facet normal 0.683589 0.729867 -0
    outer loop
      vertex -3.95607 -4.51104 17
      vertex -4.24264 -4.24264 31
      vertex -3.95607 -4.51104 31
    endloop
  endfacet
  facet normal 0.683589 0.729867 0
    outer loop
      vertex -4.24264 -4.24264 31
      vertex -3.95607 -4.51104 17
      vertex -4.24264 -4.24264 17
    endloop
  endfacet
  facet normal -0.683589 0.729867 0
    outer loop
      vertex 4.24264 -4.24264 17
      vertex 3.95607 -4.51104 31
      vertex 4.24264 -4.24264 31
    endloop
  endfacet
  facet normal -0.683589 0.729867 0
    outer loop
      vertex 3.95607 -4.51104 31
      vertex 4.24264 -4.24264 17
      vertex 3.95607 -4.51104 17
    endloop
  endfacet
  facet normal -0.471406 -0.881916 0
    outer loop
      vertex 2.65373 5.38124 17
      vertex 3 5.19615 31
      vertex 2.65373 5.38124 31
    endloop
  endfacet
  facet normal -0.471406 -0.881916 -0
    outer loop
      vertex 3 5.19615 31
      vertex 2.65373 5.38124 17
      vertex 3 5.19615 17
    endloop
  endfacet
  facet normal 0.162902 -0.986642 0
    outer loop
      vertex -1.17054 5.88471 17
      vertex -0.783156 5.94867 31
      vertex -1.17054 5.88471 31
    endloop
  endfacet
  facet normal 0.162902 -0.986642 0
    outer loop
      vertex -0.783156 5.94867 31
      vertex -1.17054 5.88471 17
      vertex -0.783156 5.94867 17
    endloop
  endfacet
  facet normal -0.0327282 0.999464 0
    outer loop
      vertex 0.392418 -5.98715 17
      vertex 0 -6 31
      vertex 0.392418 -5.98715 31
    endloop
  endfacet
  facet normal -0.0327282 0.999464 0
    outer loop
      vertex 0 -6 31
      vertex 0.392418 -5.98715 17
      vertex 0 -6 17
    endloop
  endfacet
  facet normal 0.352245 0.935908 -0
    outer loop
      vertex -1.92864 -5.68158 17
      vertex -2.2961 -5.54328 31
      vertex -1.92864 -5.68158 31
    endloop
  endfacet
  facet normal 0.352245 0.935908 0
    outer loop
      vertex -2.2961 -5.54328 31
      vertex -1.92864 -5.68158 17
      vertex -2.2961 -5.54328 17
    endloop
  endfacet
  facet normal 0.162902 0.986642 -0
    outer loop
      vertex -0.783156 -5.94867 17
      vertex -1.17054 -5.88471 31
      vertex -0.783156 -5.94867 31
    endloop
  endfacet
  facet normal 0.162902 0.986642 0
    outer loop
      vertex -1.17054 -5.88471 31
      vertex -0.783156 -5.94867 17
      vertex -1.17054 -5.88471 17
    endloop
  endfacet
  facet normal -0.634399 0.773005 0
    outer loop
      vertex 3.95607 -4.51104 17
      vertex 3.65257 -4.76012 31
      vertex 3.95607 -4.51104 31
    endloop
  endfacet
  facet normal -0.634399 0.773005 0
    outer loop
      vertex 3.65257 -4.76012 31
      vertex 3.95607 -4.51104 17
      vertex 3.65257 -4.76012 17
    endloop
  endfacet
  facet normal 0.0327282 0.999464 -0
    outer loop
      vertex 0 -6 17
      vertex -0.392418 -5.98715 31
      vertex 0 -6 31
    endloop
  endfacet
  facet normal 0.0327282 0.999464 0
    outer loop
      vertex -0.392418 -5.98715 31
      vertex 0 -6 17
      vertex -0.392418 -5.98715 17
    endloop
  endfacet
  facet normal 0.729867 -0.683589 0
    outer loop
      vertex -4.51104 3.95607 31
      vertex -4.24264 4.24264 17
      vertex -4.24264 4.24264 31
    endloop
  endfacet
  facet normal 0.729867 -0.683589 0
    outer loop
      vertex -4.24264 4.24264 17
      vertex -4.51104 3.95607 31
      vertex -4.51104 3.95607 17
    endloop
  endfacet
  facet normal 0.29027 0.956945 -0
    outer loop
      vertex -1.55291 -5.79555 17
      vertex -1.92864 -5.68158 31
      vertex -1.55291 -5.79555 31
    endloop
  endfacet
  facet normal 0.29027 0.956945 0
    outer loop
      vertex -1.92864 -5.68158 31
      vertex -1.55291 -5.79555 17
      vertex -1.92864 -5.68158 17
    endloop
  endfacet
  facet normal -0.849207 0.528061 0
    outer loop
      vertex 4.98882 -3.33342 17
      vertex 5.19615 -3 31
      vertex 5.19615 -3 17
    endloop
  endfacet
  facet normal -0.849207 0.528061 0
    outer loop
      vertex 5.19615 -3 31
      vertex 4.98882 -3.33342 17
      vertex 4.98882 -3.33342 31
    endloop
  endfacet
  facet normal -0.881916 -0.471406 0
    outer loop
      vertex 5.38124 2.65373 17
      vertex 5.19615 3 31
      vertex 5.19615 3 17
    endloop
  endfacet
  facet normal -0.881916 -0.471406 0
    outer loop
      vertex 5.19615 3 31
      vertex 5.38124 2.65373 17
      vertex 5.38124 2.65373 31
    endloop
  endfacet
  facet normal 0.227085 0.973875 -0
    outer loop
      vertex -1.17054 -5.88471 17
      vertex -1.55291 -5.79555 31
      vertex -1.17054 -5.88471 31
    endloop
  endfacet
  facet normal 0.227085 0.973875 0
    outer loop
      vertex -1.55291 -5.79555 31
      vertex -1.17054 -5.88471 17
      vertex -1.55291 -5.79555 17
    endloop
  endfacet
  facet normal -0.910864 -0.412707 0
    outer loop
      vertex 5.54328 2.2961 17
      vertex 5.38124 2.65373 31
      vertex 5.38124 2.65373 17
    endloop
  endfacet
  facet normal -0.910864 -0.412707 0
    outer loop
      vertex 5.38124 2.65373 31
      vertex 5.54328 2.2961 17
      vertex 5.54328 2.2961 31
    endloop
  endfacet
  facet normal -0.956945 -0.29027 0
    outer loop
      vertex 5.79555 1.55291 17
      vertex 5.68158 1.92864 31
      vertex 5.68158 1.92864 17
    endloop
  endfacet
  facet normal -0.956945 -0.29027 0
    outer loop
      vertex 5.68158 1.92864 31
      vertex 5.79555 1.55291 17
      vertex 5.79555 1.55291 31
    endloop
  endfacet
  facet normal 0.881916 0.471406 0
    outer loop
      vertex -5.19615 -3 31
      vertex -5.38124 -2.65373 17
      vertex -5.38124 -2.65373 31
    endloop
  endfacet
  facet normal 0.881916 0.471406 0
    outer loop
      vertex -5.38124 -2.65373 17
      vertex -5.19615 -3 31
      vertex -5.19615 -3 17
    endloop
  endfacet
  facet normal 0.910864 0.412707 0
    outer loop
      vertex -5.38124 -2.65373 31
      vertex -5.54328 -2.2961 17
      vertex -5.54328 -2.2961 31
    endloop
  endfacet
  facet normal 0.910864 0.412707 0
    outer loop
      vertex -5.54328 -2.2961 17
      vertex -5.38124 -2.65373 31
      vertex -5.38124 -2.65373 17
    endloop
  endfacet
  facet normal 0.986642 0.162902 0
    outer loop
      vertex -5.88471 -1.17054 31
      vertex -5.94867 -0.783156 17
      vertex -5.94867 -0.783156 31
    endloop
  endfacet
  facet normal 0.986642 0.162902 0
    outer loop
      vertex -5.94867 -0.783156 17
      vertex -5.88471 -1.17054 31
      vertex -5.88471 -1.17054 17
    endloop
  endfacet
  facet normal -0.582478 -0.812846 0
    outer loop
      vertex 3.33342 4.98882 17
      vertex 3.65257 4.76012 31
      vertex 3.33342 4.98882 31
    endloop
  endfacet
  facet normal -0.582478 -0.812846 -0
    outer loop
      vertex 3.65257 4.76012 31
      vertex 3.33342 4.98882 17
      vertex 3.65257 4.76012 17
    endloop
  endfacet
  facet normal -0.0980062 0.995186 0
    outer loop
      vertex 0.783156 -5.94867 17
      vertex 0.392418 -5.98715 31
      vertex 0.783156 -5.94867 31
    endloop
  endfacet
  facet normal -0.0980062 0.995186 0
    outer loop
      vertex 0.392418 -5.98715 31
      vertex 0.783156 -5.94867 17
      vertex 0.392418 -5.98715 17
    endloop
  endfacet
  facet normal 0.849207 -0.528061 0
    outer loop
      vertex -5.19615 3 31
      vertex -4.98882 3.33342 17
      vertex -4.98882 3.33342 31
    endloop
  endfacet
  facet normal 0.849207 -0.528061 0
    outer loop
      vertex -4.98882 3.33342 17
      vertex -5.19615 3 31
      vertex -5.19615 3 17
    endloop
  endfacet
  facet normal -0.162902 -0.986642 0
    outer loop
      vertex 0.783156 5.94867 17
      vertex 1.17054 5.88471 31
      vertex 0.783156 5.94867 31
    endloop
  endfacet
  facet normal -0.162902 -0.986642 -0
    outer loop
      vertex 1.17054 5.88471 31
      vertex 0.783156 5.94867 17
      vertex 1.17054 5.88471 17
    endloop
  endfacet
  facet normal -0.29027 -0.956945 0
    outer loop
      vertex 1.55291 5.79555 17
      vertex 1.92864 5.68158 31
      vertex 1.55291 5.79555 31
    endloop
  endfacet
  facet normal -0.29027 -0.956945 -0
    outer loop
      vertex 1.92864 5.68158 31
      vertex 1.55291 5.79555 17
      vertex 1.92864 5.68158 17
    endloop
  endfacet
  facet normal -0.528061 -0.849207 0
    outer loop
      vertex 3 5.19615 17
      vertex 3.33342 4.98882 31
      vertex 3 5.19615 31
    endloop
  endfacet
  facet normal -0.528061 -0.849207 -0
    outer loop
      vertex 3.33342 4.98882 31
      vertex 3 5.19615 17
      vertex 3.33342 4.98882 17
    endloop
  endfacet
  facet normal 0.773005 -0.634399 0
    outer loop
      vertex -4.76012 3.65257 31
      vertex -4.51104 3.95607 17
      vertex -4.51104 3.95607 31
    endloop
  endfacet
  facet normal 0.773005 -0.634399 0
    outer loop
      vertex -4.51104 3.95607 17
      vertex -4.76012 3.65257 31
      vertex -4.76012 3.65257 17
    endloop
  endfacet
  facet normal 0.634399 0.773005 -0
    outer loop
      vertex -3.65257 -4.76012 17
      vertex -3.95607 -4.51104 31
      vertex -3.65257 -4.76012 31
    endloop
  endfacet
  facet normal 0.634399 0.773005 0
    outer loop
      vertex -3.95607 -4.51104 31
      vertex -3.65257 -4.76012 17
      vertex -3.95607 -4.51104 17
    endloop
  endfacet
  facet normal -0.227085 -0.973875 0
    outer loop
      vertex 1.17054 5.88471 17
      vertex 1.55291 5.79555 31
      vertex 1.17054 5.88471 31
    endloop
  endfacet
  facet normal -0.227085 -0.973875 -0
    outer loop
      vertex 1.55291 5.79555 31
      vertex 1.17054 5.88471 17
      vertex 1.55291 5.79555 17
    endloop
  endfacet
  facet normal 0.995186 -0.0980062 0
    outer loop
      vertex -5.98715 0.392418 31
      vertex -5.94867 0.783156 17
      vertex -5.94867 0.783156 31
    endloop
  endfacet
  facet normal 0.995186 -0.0980062 0
    outer loop
      vertex -5.94867 0.783156 17
      vertex -5.98715 0.392418 31
      vertex -5.98715 0.392418 17
    endloop
  endfacet
  facet normal 0.999464 0.0327282 0
    outer loop
      vertex -5.98715 -0.392418 31
      vertex -6 0 17
      vertex -6 0 31
    endloop
  endfacet
  facet normal 0.999464 0.0327282 0
    outer loop
      vertex -6 0 17
      vertex -5.98715 -0.392418 31
      vertex -5.98715 -0.392418 17
    endloop
  endfacet
  facet normal 0.352245 -0.935908 0
    outer loop
      vertex -2.2961 5.54328 17
      vertex -1.92864 5.68158 31
      vertex -2.2961 5.54328 31
    endloop
  endfacet
  facet normal 0.352245 -0.935908 0
    outer loop
      vertex -1.92864 5.68158 31
      vertex -2.2961 5.54328 17
      vertex -1.92864 5.68158 17
    endloop
  endfacet
  facet normal -0.0980062 -0.995186 0
    outer loop
      vertex 0.392418 5.98715 17
      vertex 0.783156 5.94867 31
      vertex 0.392418 5.98715 31
    endloop
  endfacet
  facet normal -0.0980062 -0.995186 -0
    outer loop
      vertex 0.783156 5.94867 31
      vertex 0.392418 5.98715 17
      vertex 0.783156 5.94867 17
    endloop
  endfacet
  facet normal -0.634399 -0.773005 0
    outer loop
      vertex 3.65257 4.76012 17
      vertex 3.95607 4.51104 31
      vertex 3.65257 4.76012 31
    endloop
  endfacet
  facet normal -0.634399 -0.773005 -0
    outer loop
      vertex 3.95607 4.51104 31
      vertex 3.65257 4.76012 17
      vertex 3.95607 4.51104 17
    endloop
  endfacet
  facet normal -0.999464 -0.0327282 0
    outer loop
      vertex 6 0 17
      vertex 5.98715 0.392418 31
      vertex 5.98715 0.392418 17
    endloop
  endfacet
  facet normal -0.999464 -0.0327282 0
    outer loop
      vertex 5.98715 0.392418 31
      vertex 6 0 17
      vertex 6 0 31
    endloop
  endfacet
  facet normal -0.412707 -0.910864 0
    outer loop
      vertex 2.2961 5.54328 17
      vertex 2.65373 5.38124 31
      vertex 2.2961 5.54328 31
    endloop
  endfacet
  facet normal -0.412707 -0.910864 -0
    outer loop
      vertex 2.65373 5.38124 31
      vertex 2.2961 5.54328 17
      vertex 2.65373 5.38124 17
    endloop
  endfacet
  facet normal -0.162902 0.986642 0
    outer loop
      vertex 1.17054 -5.88471 17
      vertex 0.783156 -5.94867 31
      vertex 1.17054 -5.88471 31
    endloop
  endfacet
  facet normal -0.162902 0.986642 0
    outer loop
      vertex 0.783156 -5.94867 31
      vertex 1.17054 -5.88471 17
      vertex 0.783156 -5.94867 17
    endloop
  endfacet
  facet normal 0.729867 0.683589 0
    outer loop
      vertex -4.24264 -4.24264 31
      vertex -4.51104 -3.95607 17
      vertex -4.51104 -3.95607 31
    endloop
  endfacet
  facet normal 0.729867 0.683589 0
    outer loop
      vertex -4.51104 -3.95607 17
      vertex -4.24264 -4.24264 31
      vertex -4.24264 -4.24264 17
    endloop
  endfacet
  facet normal -0.973875 -0.227085 0
    outer loop
      vertex 5.88471 1.17054 17
      vertex 5.79555 1.55291 31
      vertex 5.79555 1.55291 17
    endloop
  endfacet
  facet normal -0.973875 -0.227085 0
    outer loop
      vertex 5.79555 1.55291 31
      vertex 5.88471 1.17054 17
      vertex 5.88471 1.17054 31
    endloop
  endfacet
  facet normal 0.773005 0.634399 0
    outer loop
      vertex -4.51104 -3.95607 31
      vertex -4.76012 -3.65257 17
      vertex -4.76012 -3.65257 31
    endloop
  endfacet
  facet normal 0.773005 0.634399 0
    outer loop
      vertex -4.76012 -3.65257 17
      vertex -4.51104 -3.95607 31
      vertex -4.51104 -3.95607 17
    endloop
  endfacet
  facet normal -0.683589 -0.729867 0
    outer loop
      vertex 3.95607 4.51104 17
      vertex 4.24264 4.24264 31
      vertex 3.95607 4.51104 31
    endloop
  endfacet
  facet normal -0.683589 -0.729867 -0
    outer loop
      vertex 4.24264 4.24264 31
      vertex 3.95607 4.51104 17
      vertex 4.24264 4.24264 17
    endloop
  endfacet
  facet normal 0.227085 -0.973875 0
    outer loop
      vertex -1.55291 5.79555 17
      vertex -1.17054 5.88471 31
      vertex -1.55291 5.79555 31
    endloop
  endfacet
  facet normal 0.227085 -0.973875 0
    outer loop
      vertex -1.17054 5.88471 31
      vertex -1.55291 5.79555 17
      vertex -1.17054 5.88471 17
    endloop
  endfacet
  facet normal -0.935908 -0.352245 0
    outer loop
      vertex 5.68158 1.92864 17
      vertex 5.54328 2.2961 31
      vertex 5.54328 2.2961 17
    endloop
  endfacet
  facet normal -0.935908 -0.352245 0
    outer loop
      vertex 5.54328 2.2961 31
      vertex 5.68158 1.92864 17
      vertex 5.68158 1.92864 31
    endloop
  endfacet
  facet normal 0.995186 0.0980062 0
    outer loop
      vertex -5.94867 -0.783156 31
      vertex -5.98715 -0.392418 17
      vertex -5.98715 -0.392418 31
    endloop
  endfacet
  facet normal 0.995186 0.0980062 0
    outer loop
      vertex -5.98715 -0.392418 17
      vertex -5.94867 -0.783156 31
      vertex -5.94867 -0.783156 17
    endloop
  endfacet
  facet normal 0.849207 0.528061 0
    outer loop
      vertex -4.98882 -3.33342 31
      vertex -5.19615 -3 17
      vertex -5.19615 -3 31
    endloop
  endfacet
  facet normal 0.849207 0.528061 0
    outer loop
      vertex -5.19615 -3 17
      vertex -4.98882 -3.33342 31
      vertex -4.98882 -3.33342 17
    endloop
  endfacet
  facet normal 0.29027 -0.956945 0
    outer loop
      vertex -1.92864 5.68158 17
      vertex -1.55291 5.79555 31
      vertex -1.92864 5.68158 31
    endloop
  endfacet
  facet normal 0.29027 -0.956945 0
    outer loop
      vertex -1.55291 5.79555 31
      vertex -1.92864 5.68158 17
      vertex -1.55291 5.79555 17
    endloop
  endfacet
  facet normal 0.956945 0.29027 0
    outer loop
      vertex -5.68158 -1.92864 31
      vertex -5.79555 -1.55291 17
      vertex -5.79555 -1.55291 31
    endloop
  endfacet
  facet normal 0.956945 0.29027 0
    outer loop
      vertex -5.79555 -1.55291 17
      vertex -5.68158 -1.92864 31
      vertex -5.68158 -1.92864 17
    endloop
  endfacet
  facet normal 0.471406 -0.881916 0
    outer loop
      vertex -3 5.19615 17
      vertex -2.65373 5.38124 31
      vertex -3 5.19615 31
    endloop
  endfacet
  facet normal 0.471406 -0.881916 0
    outer loop
      vertex -2.65373 5.38124 31
      vertex -3 5.19615 17
      vertex -2.65373 5.38124 17
    endloop
  endfacet
  facet normal 0.412707 -0.910864 0
    outer loop
      vertex -2.65373 5.38124 17
      vertex -2.2961 5.54328 31
      vertex -2.65373 5.38124 31
    endloop
  endfacet
  facet normal 0.412707 -0.910864 0
    outer loop
      vertex -2.2961 5.54328 31
      vertex -2.65373 5.38124 17
      vertex -2.2961 5.54328 17
    endloop
  endfacet
  facet normal 0.471406 0.881916 -0
    outer loop
      vertex -2.65373 -5.38124 17
      vertex -3 -5.19615 31
      vertex -2.65373 -5.38124 31
    endloop
  endfacet
  facet normal 0.471406 0.881916 0
    outer loop
      vertex -3 -5.19615 31
      vertex -2.65373 -5.38124 17
      vertex -3 -5.19615 17
    endloop
  endfacet
  facet normal 0.582478 -0.812846 0
    outer loop
      vertex -3.65257 4.76012 17
      vertex -3.33342 4.98882 31
      vertex -3.65257 4.76012 31
    endloop
  endfacet
  facet normal 0.582478 -0.812846 0
    outer loop
      vertex -3.33342 4.98882 31
      vertex -3.65257 4.76012 17
      vertex -3.33342 4.98882 17
    endloop
  endfacet
  facet normal -0.995179 0.098074 0
    outer loop
      vertex 17.7964 -2.34295 0
      vertex 17.9116 -1.17399 10
      vertex 17.9116 -1.17399 0
    endloop
  endfacet
  facet normal -0.995179 0.098074 0
    outer loop
      vertex 17.9116 -1.17399 10
      vertex 17.7964 -2.34295 0
      vertex 17.7964 -2.34295 10
    endloop
  endfacet
  facet normal -0.999465 0.0326915 0
    outer loop
      vertex 17.9116 -1.17399 0
      vertex 17.95 0 10
      vertex 17.95 0 0
    endloop
  endfacet
  facet normal -0.999465 0.0326915 0
    outer loop
      vertex 17.95 0 10
      vertex 17.9116 -1.17399 0
      vertex 17.9116 -1.17399 10
    endloop
  endfacet
  facet normal -0.935894 -0.352281 0
    outer loop
      vertex 16.9974 5.76984 0
      vertex 16.5836 6.86917 10
      vertex 16.5836 6.86917 0
    endloop
  endfacet
  facet normal -0.935894 -0.352281 0
    outer loop
      vertex 16.5836 6.86917 10
      vertex 16.9974 5.76984 0
      vertex 16.9974 5.76984 10
    endloop
  endfacet
  facet normal -0.935894 0.352281 0
    outer loop
      vertex 16.5836 -6.86917 0
      vertex 16.9974 -5.76984 10
      vertex 16.9974 -5.76984 0
    endloop
  endfacet
  facet normal -0.935894 0.352281 0
    outer loop
      vertex 16.9974 -5.76984 10
      vertex 16.5836 -6.86917 0
      vertex 16.5836 -6.86917 10
    endloop
  endfacet
  facet normal 0.412658 -0.910886 0
    outer loop
      vertex -7.93908 16.0989 0
      vertex -6.86917 16.5836 10
      vertex -7.93908 16.0989 10
    endloop
  endfacet
  facet normal 0.412658 -0.910886 0
    outer loop
      vertex -6.86917 16.5836 10
      vertex -7.93908 16.0989 0
      vertex -6.86917 16.5836 0
    endloop
  endfacet
  facet normal -0.412658 -0.910886 0
    outer loop
      vertex 6.86917 16.5836 0
      vertex 7.93908 16.0989 10
      vertex 6.86917 16.5836 10
    endloop
  endfacet
  facet normal -0.412658 -0.910886 -0
    outer loop
      vertex 7.93908 16.0989 10
      vertex 6.86917 16.5836 0
      vertex 7.93908 16.0989 0
    endloop
  endfacet
  facet normal -0.582474 -0.81285 0
    outer loop
      vertex 9.97249 14.9249 0
      vertex 10.9273 14.2407 10
      vertex 9.97249 14.9249 10
    endloop
  endfacet
  facet normal -0.582474 -0.81285 -0
    outer loop
      vertex 10.9273 14.2407 10
      vertex 9.97249 14.9249 0
      vertex 10.9273 14.2407 0
    endloop
  endfacet
  facet normal 0.412658 0.910886 -0
    outer loop
      vertex -6.86917 -16.5836 0
      vertex -7.93908 -16.0989 10
      vertex -6.86917 -16.5836 10
    endloop
  endfacet
  facet normal 0.412658 0.910886 0
    outer loop
      vertex -7.93908 -16.0989 10
      vertex -6.86917 -16.5836 0
      vertex -7.93908 -16.0989 0
    endloop
  endfacet
  facet normal -0.162864 -0.986649 0
    outer loop
      vertex 2.34295 17.7964 0
      vertex 3.50187 17.6051 10
      vertex 2.34295 17.7964 10
    endloop
  endfacet
  facet normal -0.162864 -0.986649 -0
    outer loop
      vertex 3.50187 17.6051 10
      vertex 2.34295 17.7964 0
      vertex 3.50187 17.6051 0
    endloop
  endfacet
  facet normal -0.227054 0.973882 0
    outer loop
      vertex 4.6458 -17.3384 0
      vertex 3.50187 -17.6051 10
      vertex 4.6458 -17.3384 10
    endloop
  endfacet
  facet normal -0.227054 0.973882 0
    outer loop
      vertex 3.50187 -17.6051 10
      vertex 4.6458 -17.3384 0
      vertex 3.50187 -17.6051 0
    endloop
  endfacet
  facet normal 0.634405 0.773001 -0
    outer loop
      vertex -10.9273 -14.2407 0
      vertex -11.8353 -13.4955 10
      vertex -10.9273 -14.2407 10
    endloop
  endfacet
  facet normal 0.634405 0.773001 0
    outer loop
      vertex -11.8353 -13.4955 10
      vertex -10.9273 -14.2407 0
      vertex -11.8353 -13.4955 0
    endloop
  endfacet
  facet normal -0.973882 0.227054 0
    outer loop
      vertex 17.3384 -4.6458 0
      vertex 17.6051 -3.50187 10
      vertex 17.6051 -3.50187 0
    endloop
  endfacet
  facet normal -0.973882 0.227054 0
    outer loop
      vertex 17.6051 -3.50187 10
      vertex 17.3384 -4.6458 0
      vertex 17.3384 -4.6458 10
    endloop
  endfacet
  facet normal -0.81285 -0.582474 0
    outer loop
      vertex 14.9249 9.97249 0
      vertex 14.2407 10.9273 10
      vertex 14.2407 10.9273 0
    endloop
  endfacet
  facet normal -0.81285 -0.582474 0
    outer loop
      vertex 14.2407 10.9273 10
      vertex 14.9249 9.97249 0
      vertex 14.9249 9.97249 10
    endloop
  endfacet
  facet normal 0.227054 -0.973882 0
    outer loop
      vertex -4.6458 17.3384 0
      vertex -3.50187 17.6051 10
      vertex -4.6458 17.3384 10
    endloop
  endfacet
  facet normal 0.227054 -0.973882 0
    outer loop
      vertex -3.50187 17.6051 10
      vertex -4.6458 17.3384 0
      vertex -3.50187 17.6051 0
    endloop
  endfacet
  facet normal -0.528081 0.849194 0
    outer loop
      vertex 9.97249 -14.9249 0
      vertex 8.975 -15.5452 10
      vertex 9.97249 -14.9249 10
    endloop
  endfacet
  facet normal -0.528081 0.849194 0
    outer loop
      vertex 8.975 -15.5452 10
      vertex 9.97249 -14.9249 0
      vertex 8.975 -15.5452 0
    endloop
  endfacet
  facet normal 0.773001 -0.634405 0
    outer loop
      vertex -14.2407 10.9273 10
      vertex -13.4955 11.8353 0
      vertex -13.4955 11.8353 10
    endloop
  endfacet
  facet normal 0.773001 -0.634405 0
    outer loop
      vertex -13.4955 11.8353 0
      vertex -14.2407 10.9273 10
      vertex -14.2407 10.9273 0
    endloop
  endfacet
  facet normal 0.729885 -0.68357 0
    outer loop
      vertex -13.4955 11.8353 10
      vertex -12.6926 12.6926 0
      vertex -12.6926 12.6926 10
    endloop
  endfacet
  facet normal 0.729885 -0.68357 0
    outer loop
      vertex -12.6926 12.6926 0
      vertex -13.4955 11.8353 10
      vertex -13.4955 11.8353 0
    endloop
  endfacet
  facet normal 0.290305 0.956934 -0
    outer loop
      vertex -4.6458 -17.3384 0
      vertex -5.76984 -16.9974 10
      vertex -4.6458 -17.3384 10
    endloop
  endfacet
  facet normal 0.290305 0.956934 0
    outer loop
      vertex -5.76984 -16.9974 10
      vertex -4.6458 -17.3384 0
      vertex -5.76984 -16.9974 0
    endloop
  endfacet
  facet normal -0.47139 -0.881925 0
    outer loop
      vertex 7.93908 16.0989 0
      vertex 8.975 15.5452 10
      vertex 7.93908 16.0989 10
    endloop
  endfacet
  facet normal -0.47139 -0.881925 -0
    outer loop
      vertex 8.975 15.5452 10
      vertex 7.93908 16.0989 0
      vertex 8.975 15.5452 0
    endloop
  endfacet
  facet normal -0.098074 -0.995179 0
    outer loop
      vertex 1.17399 17.9116 0
      vertex 2.34295 17.7964 10
      vertex 1.17399 17.9116 10
    endloop
  endfacet
  facet normal -0.098074 -0.995179 -0
    outer loop
      vertex 2.34295 17.7964 10
      vertex 1.17399 17.9116 0
      vertex 2.34295 17.7964 0
    endloop
  endfacet
  facet normal -0.290305 -0.956934 0
    outer loop
      vertex 4.6458 17.3384 0
      vertex 5.76984 16.9974 10
      vertex 4.6458 17.3384 10
    endloop
  endfacet
  facet normal -0.290305 -0.956934 -0
    outer loop
      vertex 5.76984 16.9974 10
      vertex 4.6458 17.3384 0
      vertex 5.76984 16.9974 0
    endloop
  endfacet
  facet normal -0.999465 -0.0326915 0
    outer loop
      vertex 17.95 0 0
      vertex 17.9116 1.17399 10
      vertex 17.9116 1.17399 0
    endloop
  endfacet
  facet normal -0.999465 -0.0326915 0
    outer loop
      vertex 17.9116 1.17399 10
      vertex 17.95 0 0
      vertex 17.95 0 10
    endloop
  endfacet
  facet normal -0.47139 0.881925 0
    outer loop
      vertex 8.975 -15.5452 0
      vertex 7.93908 -16.0989 10
      vertex 8.975 -15.5452 10
    endloop
  endfacet
  facet normal -0.47139 0.881925 0
    outer loop
      vertex 7.93908 -16.0989 10
      vertex 8.975 -15.5452 0
      vertex 7.93908 -16.0989 0
    endloop
  endfacet
  facet normal -0.956934 -0.290305 0
    outer loop
      vertex 17.3384 4.6458 0
      vertex 16.9974 5.76984 10
      vertex 16.9974 5.76984 0
    endloop
  endfacet
  facet normal -0.956934 -0.290305 0
    outer loop
      vertex 16.9974 5.76984 10
      vertex 17.3384 4.6458 0
      vertex 17.3384 4.6458 10
    endloop
  endfacet
  facet normal 0.68357 0.729885 -0
    outer loop
      vertex -11.8353 -13.4955 0
      vertex -12.6926 -12.6926 10
      vertex -11.8353 -13.4955 10
    endloop
  endfacet
  facet normal 0.68357 0.729885 0
    outer loop
      vertex -12.6926 -12.6926 10
      vertex -11.8353 -13.4955 0
      vertex -12.6926 -12.6926 0
    endloop
  endfacet
  facet normal -0.227054 -0.973882 0
    outer loop
      vertex 3.50187 17.6051 0
      vertex 4.6458 17.3384 10
      vertex 3.50187 17.6051 10
    endloop
  endfacet
  facet normal -0.227054 -0.973882 -0
    outer loop
      vertex 4.6458 17.3384 10
      vertex 3.50187 17.6051 0
      vertex 4.6458 17.3384 0
    endloop
  endfacet
  facet normal 0.290305 -0.956934 0
    outer loop
      vertex -5.76984 16.9974 0
      vertex -4.6458 17.3384 10
      vertex -5.76984 16.9974 10
    endloop
  endfacet
  facet normal 0.290305 -0.956934 0
    outer loop
      vertex -4.6458 17.3384 10
      vertex -5.76984 16.9974 0
      vertex -4.6458 17.3384 0
    endloop
  endfacet
  facet normal 0.773001 0.634405 0
    outer loop
      vertex -13.4955 -11.8353 10
      vertex -14.2407 -10.9273 0
      vertex -14.2407 -10.9273 10
    endloop
  endfacet
  facet normal 0.773001 0.634405 0
    outer loop
      vertex -14.2407 -10.9273 0
      vertex -13.4955 -11.8353 10
      vertex -13.4955 -11.8353 0
    endloop
  endfacet
  facet normal 0.582474 -0.81285 0
    outer loop
      vertex -10.9273 14.2407 0
      vertex -9.97249 14.9249 10
      vertex -10.9273 14.2407 10
    endloop
  endfacet
  facet normal 0.582474 -0.81285 0
    outer loop
      vertex -9.97249 14.9249 10
      vertex -10.9273 14.2407 0
      vertex -9.97249 14.9249 0
    endloop
  endfacet
  facet normal -0.582474 0.81285 0
    outer loop
      vertex 10.9273 -14.2407 0
      vertex 9.97249 -14.9249 10
      vertex 10.9273 -14.2407 10
    endloop
  endfacet
  facet normal -0.582474 0.81285 0
    outer loop
      vertex 9.97249 -14.9249 10
      vertex 10.9273 -14.2407 0
      vertex 9.97249 -14.9249 0
    endloop
  endfacet
  facet normal 0.881925 -0.47139 0
    outer loop
      vertex -16.0989 7.93908 10
      vertex -15.5452 8.975 0
      vertex -15.5452 8.975 10
    endloop
  endfacet
  facet normal 0.881925 -0.47139 0
    outer loop
      vertex -15.5452 8.975 0
      vertex -16.0989 7.93908 10
      vertex -16.0989 7.93908 0
    endloop
  endfacet
  facet normal 0.973882 0.227054 0
    outer loop
      vertex -17.3384 -4.6458 10
      vertex -17.6051 -3.50187 0
      vertex -17.6051 -3.50187 10
    endloop
  endfacet
  facet normal 0.973882 0.227054 0
    outer loop
      vertex -17.6051 -3.50187 0
      vertex -17.3384 -4.6458 10
      vertex -17.3384 -4.6458 0
    endloop
  endfacet
  facet normal -0.81285 0.582474 0
    outer loop
      vertex 14.2407 -10.9273 0
      vertex 14.9249 -9.97249 10
      vertex 14.9249 -9.97249 0
    endloop
  endfacet
  facet normal -0.81285 0.582474 0
    outer loop
      vertex 14.9249 -9.97249 10
      vertex 14.2407 -10.9273 0
      vertex 14.2407 -10.9273 10
    endloop
  endfacet
  facet normal -0.849194 0.528081 0
    outer loop
      vertex 14.9249 -9.97249 0
      vertex 15.5452 -8.975 10
      vertex 15.5452 -8.975 0
    endloop
  endfacet
  facet normal -0.849194 0.528081 0
    outer loop
      vertex 15.5452 -8.975 10
      vertex 14.9249 -9.97249 0
      vertex 14.9249 -9.97249 10
    endloop
  endfacet
  facet normal 0.528081 0.849194 -0
    outer loop
      vertex -8.975 -15.5452 0
      vertex -9.97249 -14.9249 10
      vertex -8.975 -15.5452 10
    endloop
  endfacet
  facet normal 0.528081 0.849194 0
    outer loop
      vertex -9.97249 -14.9249 10
      vertex -8.975 -15.5452 0
      vertex -9.97249 -14.9249 0
    endloop
  endfacet
  facet normal 0.956934 -0.290305 0
    outer loop
      vertex -17.3384 4.6458 10
      vertex -16.9974 5.76984 0
      vertex -16.9974 5.76984 10
    endloop
  endfacet
  facet normal 0.956934 -0.290305 0
    outer loop
      vertex -16.9974 5.76984 0
      vertex -17.3384 4.6458 10
      vertex -17.3384 4.6458 0
    endloop
  endfacet
  facet normal 0.47139 0.881925 -0
    outer loop
      vertex -7.93908 -16.0989 0
      vertex -8.975 -15.5452 10
      vertex -7.93908 -16.0989 10
    endloop
  endfacet
  facet normal 0.47139 0.881925 0
    outer loop
      vertex -8.975 -15.5452 10
      vertex -7.93908 -16.0989 0
      vertex -8.975 -15.5452 0
    endloop
  endfacet
  facet normal -0.290305 0.956934 0
    outer loop
      vertex 5.76984 -16.9974 0
      vertex 4.6458 -17.3384 10
      vertex 5.76984 -16.9974 10
    endloop
  endfacet
  facet normal -0.290305 0.956934 0
    outer loop
      vertex 4.6458 -17.3384 10
      vertex 5.76984 -16.9974 0
      vertex 4.6458 -17.3384 0
    endloop
  endfacet
  facet normal 0.162864 0.986649 -0
    outer loop
      vertex -2.34295 -17.7964 0
      vertex -3.50187 -17.6051 10
      vertex -2.34295 -17.7964 10
    endloop
  endfacet
  facet normal 0.162864 0.986649 0
    outer loop
      vertex -3.50187 -17.6051 10
      vertex -2.34295 -17.7964 0
      vertex -3.50187 -17.6051 0
    endloop
  endfacet
  facet normal -0.773001 0.634405 0
    outer loop
      vertex 13.4955 -11.8353 0
      vertex 14.2407 -10.9273 10
      vertex 14.2407 -10.9273 0
    endloop
  endfacet
  facet normal -0.773001 0.634405 0
    outer loop
      vertex 14.2407 -10.9273 10
      vertex 13.4955 -11.8353 0
      vertex 13.4955 -11.8353 10
    endloop
  endfacet
  facet normal -0.412658 0.910886 0
    outer loop
      vertex 7.93908 -16.0989 0
      vertex 6.86917 -16.5836 10
      vertex 7.93908 -16.0989 10
    endloop
  endfacet
  facet normal -0.412658 0.910886 0
    outer loop
      vertex 6.86917 -16.5836 10
      vertex 7.93908 -16.0989 0
      vertex 6.86917 -16.5836 0
    endloop
  endfacet
  facet normal -0.773001 -0.634405 0
    outer loop
      vertex 14.2407 10.9273 0
      vertex 13.4955 11.8353 10
      vertex 13.4955 11.8353 0
    endloop
  endfacet
  facet normal -0.773001 -0.634405 0
    outer loop
      vertex 13.4955 11.8353 10
      vertex 14.2407 10.9273 0
      vertex 14.2407 10.9273 10
    endloop
  endfacet
  facet normal -0.881925 -0.47139 0
    outer loop
      vertex 16.0989 7.93908 0
      vertex 15.5452 8.975 10
      vertex 15.5452 8.975 0
    endloop
  endfacet
  facet normal -0.881925 -0.47139 0
    outer loop
      vertex 15.5452 8.975 10
      vertex 16.0989 7.93908 0
      vertex 16.0989 7.93908 10
    endloop
  endfacet
  facet normal -0.881925 0.47139 0
    outer loop
      vertex 15.5452 -8.975 0
      vertex 16.0989 -7.93908 10
      vertex 16.0989 -7.93908 0
    endloop
  endfacet
  facet normal -0.881925 0.47139 0
    outer loop
      vertex 16.0989 -7.93908 10
      vertex 15.5452 -8.975 0
      vertex 15.5452 -8.975 10
    endloop
  endfacet
  facet normal -0.098074 0.995179 0
    outer loop
      vertex 2.34295 -17.7964 0
      vertex 1.17399 -17.9116 10
      vertex 2.34295 -17.7964 10
    endloop
  endfacet
  facet normal -0.098074 0.995179 0
    outer loop
      vertex 1.17399 -17.9116 10
      vertex 2.34295 -17.7964 0
      vertex 1.17399 -17.9116 0
    endloop
  endfacet
  facet normal -0.0326915 0.999465 0
    outer loop
      vertex 1.17399 -17.9116 0
      vertex 0 -17.95 10
      vertex 1.17399 -17.9116 10
    endloop
  endfacet
  facet normal -0.0326915 0.999465 0
    outer loop
      vertex 0 -17.95 10
      vertex 1.17399 -17.9116 0
      vertex 0 -17.95 0
    endloop
  endfacet
  facet normal -0.956934 0.290305 0
    outer loop
      vertex 16.9974 -5.76984 0
      vertex 17.3384 -4.6458 10
      vertex 17.3384 -4.6458 0
    endloop
  endfacet
  facet normal -0.956934 0.290305 0
    outer loop
      vertex 17.3384 -4.6458 10
      vertex 16.9974 -5.76984 0
      vertex 16.9974 -5.76984 10
    endloop
  endfacet
  facet normal -0.849194 -0.528081 0
    outer loop
      vertex 15.5452 8.975 0
      vertex 14.9249 9.97249 10
      vertex 14.9249 9.97249 0
    endloop
  endfacet
  facet normal -0.849194 -0.528081 0
    outer loop
      vertex 14.9249 9.97249 10
      vertex 15.5452 8.975 0
      vertex 15.5452 8.975 10
    endloop
  endfacet
  facet normal -0.729885 0.68357 0
    outer loop
      vertex 12.6926 -12.6926 0
      vertex 13.4955 -11.8353 10
      vertex 13.4955 -11.8353 0
    endloop
  endfacet
  facet normal -0.729885 0.68357 0
    outer loop
      vertex 13.4955 -11.8353 10
      vertex 12.6926 -12.6926 0
      vertex 12.6926 -12.6926 10
    endloop
  endfacet
  facet normal -0.910886 0.412658 0
    outer loop
      vertex 16.0989 -7.93908 0
      vertex 16.5836 -6.86917 10
      vertex 16.5836 -6.86917 0
    endloop
  endfacet
  facet normal -0.910886 0.412658 0
    outer loop
      vertex 16.5836 -6.86917 10
      vertex 16.0989 -7.93908 0
      vertex 16.0989 -7.93908 10
    endloop
  endfacet
  facet normal 0.881925 0.47139 0
    outer loop
      vertex -15.5452 -8.975 10
      vertex -16.0989 -7.93908 0
      vertex -16.0989 -7.93908 10
    endloop
  endfacet
  facet normal 0.881925 0.47139 0
    outer loop
      vertex -16.0989 -7.93908 0
      vertex -15.5452 -8.975 10
      vertex -15.5452 -8.975 0
    endloop
  endfacet
  facet normal 0.81285 -0.582474 0
    outer loop
      vertex -14.9249 9.97249 10
      vertex -14.2407 10.9273 0
      vertex -14.2407 10.9273 10
    endloop
  endfacet
  facet normal 0.81285 -0.582474 0
    outer loop
      vertex -14.2407 10.9273 0
      vertex -14.9249 9.97249 10
      vertex -14.9249 9.97249 0
    endloop
  endfacet
  facet normal 0.995179 0.098074 0
    outer loop
      vertex -17.7964 -2.34295 10
      vertex -17.9116 -1.17399 0
      vertex -17.9116 -1.17399 10
    endloop
  endfacet
  facet normal 0.995179 0.098074 0
    outer loop
      vertex -17.9116 -1.17399 0
      vertex -17.7964 -2.34295 10
      vertex -17.7964 -2.34295 0
    endloop
  endfacet
  facet normal -0.0326915 -0.999465 0
    outer loop
      vertex 0 17.95 0
      vertex 1.17399 17.9116 10
      vertex 0 17.95 10
    endloop
  endfacet
  facet normal -0.0326915 -0.999465 -0
    outer loop
      vertex 1.17399 17.9116 10
      vertex 0 17.95 0
      vertex 1.17399 17.9116 0
    endloop
  endfacet
  facet normal -0.986649 0.162864 0
    outer loop
      vertex 17.6051 -3.50187 0
      vertex 17.7964 -2.34295 10
      vertex 17.7964 -2.34295 0
    endloop
  endfacet
  facet normal -0.986649 0.162864 0
    outer loop
      vertex 17.7964 -2.34295 10
      vertex 17.6051 -3.50187 0
      vertex 17.6051 -3.50187 10
    endloop
  endfacet
  facet normal 0.986649 -0.162864 0
    outer loop
      vertex -17.7964 2.34295 10
      vertex -17.6051 3.50187 0
      vertex -17.6051 3.50187 10
    endloop
  endfacet
  facet normal 0.986649 -0.162864 0
    outer loop
      vertex -17.6051 3.50187 0
      vertex -17.7964 2.34295 10
      vertex -17.7964 2.34295 0
    endloop
  endfacet
  facet normal 0.162864 -0.986649 0
    outer loop
      vertex -3.50187 17.6051 0
      vertex -2.34295 17.7964 10
      vertex -3.50187 17.6051 10
    endloop
  endfacet
  facet normal 0.162864 -0.986649 0
    outer loop
      vertex -2.34295 17.7964 10
      vertex -3.50187 17.6051 0
      vertex -2.34295 17.7964 0
    endloop
  endfacet
  facet normal 0.528081 -0.849194 0
    outer loop
      vertex -9.97249 14.9249 0
      vertex -8.975 15.5452 10
      vertex -9.97249 14.9249 10
    endloop
  endfacet
  facet normal 0.528081 -0.849194 0
    outer loop
      vertex -8.975 15.5452 10
      vertex -9.97249 14.9249 0
      vertex -8.975 15.5452 0
    endloop
  endfacet
  facet normal 0.098074 -0.995179 0
    outer loop
      vertex -2.34295 17.7964 0
      vertex -1.17399 17.9116 10
      vertex -2.34295 17.7964 10
    endloop
  endfacet
  facet normal 0.098074 -0.995179 0
    outer loop
      vertex -1.17399 17.9116 10
      vertex -2.34295 17.7964 0
      vertex -1.17399 17.9116 0
    endloop
  endfacet
  facet normal 0.227054 0.973882 -0
    outer loop
      vertex -3.50187 -17.6051 0
      vertex -4.6458 -17.3384 10
      vertex -3.50187 -17.6051 10
    endloop
  endfacet
  facet normal 0.227054 0.973882 0
    outer loop
      vertex -4.6458 -17.3384 10
      vertex -3.50187 -17.6051 0
      vertex -4.6458 -17.3384 0
    endloop
  endfacet
  facet normal 0.910886 -0.412658 0
    outer loop
      vertex -16.5836 6.86917 10
      vertex -16.0989 7.93908 0
      vertex -16.0989 7.93908 10
    endloop
  endfacet
  facet normal 0.910886 -0.412658 0
    outer loop
      vertex -16.0989 7.93908 0
      vertex -16.5836 6.86917 10
      vertex -16.5836 6.86917 0
    endloop
  endfacet
  facet normal 0.995179 -0.098074 0
    outer loop
      vertex -17.9116 1.17399 10
      vertex -17.7964 2.34295 0
      vertex -17.7964 2.34295 10
    endloop
  endfacet
  facet normal 0.995179 -0.098074 0
    outer loop
      vertex -17.7964 2.34295 0
      vertex -17.9116 1.17399 10
      vertex -17.9116 1.17399 0
    endloop
  endfacet
  facet normal -0.995179 -0.098074 0
    outer loop
      vertex 17.9116 1.17399 0
      vertex 17.7964 2.34295 10
      vertex 17.7964 2.34295 0
    endloop
  endfacet
  facet normal -0.995179 -0.098074 0
    outer loop
      vertex 17.7964 2.34295 10
      vertex 17.9116 1.17399 0
      vertex 17.9116 1.17399 10
    endloop
  endfacet
  facet normal -0.352281 -0.935894 0
    outer loop
      vertex 5.76984 16.9974 0
      vertex 6.86917 16.5836 10
      vertex 5.76984 16.9974 10
    endloop
  endfacet
  facet normal -0.352281 -0.935894 -0
    outer loop
      vertex 6.86917 16.5836 10
      vertex 5.76984 16.9974 0
      vertex 6.86917 16.5836 0
    endloop
  endfacet
  facet normal 0.973882 -0.227054 0
    outer loop
      vertex -17.6051 3.50187 10
      vertex -17.3384 4.6458 0
      vertex -17.3384 4.6458 10
    endloop
  endfacet
  facet normal 0.973882 -0.227054 0
    outer loop
      vertex -17.3384 4.6458 0
      vertex -17.6051 3.50187 10
      vertex -17.6051 3.50187 0
    endloop
  endfacet
  facet normal 0.68357 -0.729885 0
    outer loop
      vertex -12.6926 12.6926 0
      vertex -11.8353 13.4955 10
      vertex -12.6926 12.6926 10
    endloop
  endfacet
  facet normal 0.68357 -0.729885 0
    outer loop
      vertex -11.8353 13.4955 10
      vertex -12.6926 12.6926 0
      vertex -11.8353 13.4955 0
    endloop
  endfacet
  facet normal 0.849194 0.528081 0
    outer loop
      vertex -14.9249 -9.97249 10
      vertex -15.5452 -8.975 0
      vertex -15.5452 -8.975 10
    endloop
  endfacet
  facet normal 0.849194 0.528081 0
    outer loop
      vertex -15.5452 -8.975 0
      vertex -14.9249 -9.97249 10
      vertex -14.9249 -9.97249 0
    endloop
  endfacet
  facet normal 0.0326915 0.999465 -0
    outer loop
      vertex 0 -17.95 0
      vertex -1.17399 -17.9116 10
      vertex 0 -17.95 10
    endloop
  endfacet
  facet normal 0.0326915 0.999465 0
    outer loop
      vertex -1.17399 -17.9116 10
      vertex 0 -17.95 0
      vertex -1.17399 -17.9116 0
    endloop
  endfacet
  facet normal 0.098074 0.995179 -0
    outer loop
      vertex -1.17399 -17.9116 0
      vertex -2.34295 -17.7964 10
      vertex -1.17399 -17.9116 10
    endloop
  endfacet
  facet normal 0.098074 0.995179 0
    outer loop
      vertex -2.34295 -17.7964 10
      vertex -1.17399 -17.9116 0
      vertex -2.34295 -17.7964 0
    endloop
  endfacet
  facet normal -0.986649 -0.162864 0
    outer loop
      vertex 17.7964 2.34295 0
      vertex 17.6051 3.50187 10
      vertex 17.6051 3.50187 0
    endloop
  endfacet
  facet normal -0.986649 -0.162864 0
    outer loop
      vertex 17.6051 3.50187 10
      vertex 17.7964 2.34295 0
      vertex 17.7964 2.34295 10
    endloop
  endfacet
  facet normal -0.973882 -0.227054 0
    outer loop
      vertex 17.6051 3.50187 0
      vertex 17.3384 4.6458 10
      vertex 17.3384 4.6458 0
    endloop
  endfacet
  facet normal -0.973882 -0.227054 0
    outer loop
      vertex 17.3384 4.6458 10
      vertex 17.6051 3.50187 0
      vertex 17.6051 3.50187 10
    endloop
  endfacet
  facet normal 0.582474 0.81285 -0
    outer loop
      vertex -9.97249 -14.9249 0
      vertex -10.9273 -14.2407 10
      vertex -9.97249 -14.9249 10
    endloop
  endfacet
  facet normal 0.582474 0.81285 0
    outer loop
      vertex -10.9273 -14.2407 10
      vertex -9.97249 -14.9249 0
      vertex -10.9273 -14.2407 0
    endloop
  endfacet
  facet normal -0.634405 0.773001 0
    outer loop
      vertex 11.8353 -13.4955 0
      vertex 10.9273 -14.2407 10
      vertex 11.8353 -13.4955 10
    endloop
  endfacet
  facet normal -0.634405 0.773001 0
    outer loop
      vertex 10.9273 -14.2407 10
      vertex 11.8353 -13.4955 0
      vertex 10.9273 -14.2407 0
    endloop
  endfacet
  facet normal 0.999465 -0.0326915 0
    outer loop
      vertex -17.95 0 10
      vertex -17.9116 1.17399 0
      vertex -17.9116 1.17399 10
    endloop
  endfacet
  facet normal 0.999465 -0.0326915 0
    outer loop
      vertex -17.9116 1.17399 0
      vertex -17.95 0 10
      vertex -17.95 0 0
    endloop
  endfacet
  facet normal 0.935894 0.352281 0
    outer loop
      vertex -16.5836 -6.86917 10
      vertex -16.9974 -5.76984 0
      vertex -16.9974 -5.76984 10
    endloop
  endfacet
  facet normal 0.935894 0.352281 0
    outer loop
      vertex -16.9974 -5.76984 0
      vertex -16.5836 -6.86917 10
      vertex -16.5836 -6.86917 0
    endloop
  endfacet
  facet normal -0.352281 0.935894 0
    outer loop
      vertex 6.86917 -16.5836 0
      vertex 5.76984 -16.9974 10
      vertex 6.86917 -16.5836 10
    endloop
  endfacet
  facet normal -0.352281 0.935894 0
    outer loop
      vertex 5.76984 -16.9974 10
      vertex 6.86917 -16.5836 0
      vertex 5.76984 -16.9974 0
    endloop
  endfacet
  facet normal 0.849194 -0.528081 0
    outer loop
      vertex -15.5452 8.975 10
      vertex -14.9249 9.97249 0
      vertex -14.9249 9.97249 10
    endloop
  endfacet
  facet normal 0.849194 -0.528081 0
    outer loop
      vertex -14.9249 9.97249 0
      vertex -15.5452 8.975 10
      vertex -15.5452 8.975 0
    endloop
  endfacet
  facet normal 0.352281 0.935894 -0
    outer loop
      vertex -5.76984 -16.9974 0
      vertex -6.86917 -16.5836 10
      vertex -5.76984 -16.9974 10
    endloop
  endfacet
  facet normal 0.352281 0.935894 0
    outer loop
      vertex -6.86917 -16.5836 10
      vertex -5.76984 -16.9974 0
      vertex -6.86917 -16.5836 0
    endloop
  endfacet
  facet normal -0.910886 -0.412658 0
    outer loop
      vertex 16.5836 6.86917 0
      vertex 16.0989 7.93908 10
      vertex 16.0989 7.93908 0
    endloop
  endfacet
  facet normal -0.910886 -0.412658 0
    outer loop
      vertex 16.0989 7.93908 10
      vertex 16.5836 6.86917 0
      vertex 16.5836 6.86917 10
    endloop
  endfacet
  facet normal -0.634405 -0.773001 0
    outer loop
      vertex 10.9273 14.2407 0
      vertex 11.8353 13.4955 10
      vertex 10.9273 14.2407 10
    endloop
  endfacet
  facet normal -0.634405 -0.773001 -0
    outer loop
      vertex 11.8353 13.4955 10
      vertex 10.9273 14.2407 0
      vertex 11.8353 13.4955 0
    endloop
  endfacet
  facet normal -0.68357 0.729885 0
    outer loop
      vertex 12.6926 -12.6926 0
      vertex 11.8353 -13.4955 10
      vertex 12.6926 -12.6926 10
    endloop
  endfacet
  facet normal -0.68357 0.729885 0
    outer loop
      vertex 11.8353 -13.4955 10
      vertex 12.6926 -12.6926 0
      vertex 11.8353 -13.4955 0
    endloop
  endfacet
  facet normal 0.935894 -0.352281 0
    outer loop
      vertex -16.9974 5.76984 10
      vertex -16.5836 6.86917 0
      vertex -16.5836 6.86917 10
    endloop
  endfacet
  facet normal 0.935894 -0.352281 0
    outer loop
      vertex -16.5836 6.86917 0
      vertex -16.9974 5.76984 10
      vertex -16.9974 5.76984 0
    endloop
  endfacet
  facet normal 0.986649 0.162864 0
    outer loop
      vertex -17.6051 -3.50187 10
      vertex -17.7964 -2.34295 0
      vertex -17.7964 -2.34295 10
    endloop
  endfacet
  facet normal 0.986649 0.162864 0
    outer loop
      vertex -17.7964 -2.34295 0
      vertex -17.6051 -3.50187 10
      vertex -17.6051 -3.50187 0
    endloop
  endfacet
  facet normal -0.162864 0.986649 0
    outer loop
      vertex 3.50187 -17.6051 0
      vertex 2.34295 -17.7964 10
      vertex 3.50187 -17.6051 10
    endloop
  endfacet
  facet normal -0.162864 0.986649 0
    outer loop
      vertex 2.34295 -17.7964 10
      vertex 3.50187 -17.6051 0
      vertex 2.34295 -17.7964 0
    endloop
  endfacet
  facet normal 0.81285 0.582474 0
    outer loop
      vertex -14.2407 -10.9273 10
      vertex -14.9249 -9.97249 0
      vertex -14.9249 -9.97249 10
    endloop
  endfacet
  facet normal 0.81285 0.582474 0
    outer loop
      vertex -14.9249 -9.97249 0
      vertex -14.2407 -10.9273 10
      vertex -14.2407 -10.9273 0
    endloop
  endfacet
  facet normal 0.634405 -0.773001 0
    outer loop
      vertex -11.8353 13.4955 0
      vertex -10.9273 14.2407 10
      vertex -11.8353 13.4955 10
    endloop
  endfacet
  facet normal 0.634405 -0.773001 0
    outer loop
      vertex -10.9273 14.2407 10
      vertex -11.8353 13.4955 0
      vertex -10.9273 14.2407 0
    endloop
  endfacet
  facet normal 0.910886 0.412658 0
    outer loop
      vertex -16.0989 -7.93908 10
      vertex -16.5836 -6.86917 0
      vertex -16.5836 -6.86917 10
    endloop
  endfacet
  facet normal 0.910886 0.412658 0
    outer loop
      vertex -16.5836 -6.86917 0
      vertex -16.0989 -7.93908 10
      vertex -16.0989 -7.93908 0
    endloop
  endfacet
  facet normal 0.47139 -0.881925 0
    outer loop
      vertex -8.975 15.5452 0
      vertex -7.93908 16.0989 10
      vertex -8.975 15.5452 10
    endloop
  endfacet
  facet normal 0.47139 -0.881925 0
    outer loop
      vertex -7.93908 16.0989 10
      vertex -8.975 15.5452 0
      vertex -7.93908 16.0989 0
    endloop
  endfacet
  facet normal -0.528081 -0.849194 0
    outer loop
      vertex 8.975 15.5452 0
      vertex 9.97249 14.9249 10
      vertex 8.975 15.5452 10
    endloop
  endfacet
  facet normal -0.528081 -0.849194 -0
    outer loop
      vertex 9.97249 14.9249 10
      vertex 8.975 15.5452 0
      vertex 9.97249 14.9249 0
    endloop
  endfacet
  facet normal 0.729885 0.68357 0
    outer loop
      vertex -12.6926 -12.6926 10
      vertex -13.4955 -11.8353 0
      vertex -13.4955 -11.8353 10
    endloop
  endfacet
  facet normal 0.729885 0.68357 0
    outer loop
      vertex -13.4955 -11.8353 0
      vertex -12.6926 -12.6926 10
      vertex -12.6926 -12.6926 0
    endloop
  endfacet
  facet normal 0.956934 0.290305 0
    outer loop
      vertex -16.9974 -5.76984 10
      vertex -17.3384 -4.6458 0
      vertex -17.3384 -4.6458 10
    endloop
  endfacet
  facet normal 0.956934 0.290305 0
    outer loop
      vertex -17.3384 -4.6458 0
      vertex -16.9974 -5.76984 10
      vertex -16.9974 -5.76984 0
    endloop
  endfacet
  facet normal 0 0 -1
    outer loop
      vertex 11.075 0 10
      vertex 17.95 0 10
      vertex 17.9116 -1.17399 10
    endloop
  endfacet
  facet normal 0 0 -1
    outer loop
      vertex 11.0513 -0.724339 10
      vertex 17.9116 -1.17399 10
      vertex 17.7964 -2.34295 10
    endloop
  endfacet
  facet normal 0 0 -1
    outer loop
      vertex 17.95 0 10
      vertex 11.075 0 10
      vertex 17.9116 1.17399 10
    endloop
  endfacet
  facet normal 0 0 -1
    outer loop
      vertex 10.9803 -1.44558 10
      vertex 17.7964 -2.34295 10
      vertex 17.6051 -3.50187 10
    endloop
  endfacet
  facet normal 0 0 -1
    outer loop
      vertex 11.0513 0.724339 10
      vertex 17.9116 1.17399 10
      vertex 11.075 0 10
    endloop
  endfacet
  facet normal 0 0 -1
    outer loop
      vertex 10.8622 -2.16062 10
      vertex 17.6051 -3.50187 10
      vertex 17.3384 -4.6458 10
    endloop
  endfacet
  facet normal -0 0 -1
    outer loop
      vertex 17.9116 1.17399 10
      vertex 11.0513 0.724339 10
      vertex 17.7964 2.34295 10
    endloop
  endfacet
  facet normal 0 0 -1
    outer loop
      vertex 10.6976 -2.86642 10
      vertex 17.3384 -4.6458 10
      vertex 16.9974 -5.76984 10
    endloop
  endfacet
  facet normal 0 0 -1
    outer loop
      vertex 10.9803 1.44558 10
      vertex 17.7964 2.34295 10
      vertex 11.0513 0.724339 10
    endloop
  endfacet
  facet normal 0 0 -1
    outer loop
      vertex 10.4873 -3.55994 10
      vertex 16.9974 -5.76984 10
      vertex 16.5836 -6.86917 10
    endloop
  endfacet
  facet normal -0 0 -1
    outer loop
      vertex 17.7964 2.34295 10
      vertex 10.9803 1.44558 10
      vertex 17.6051 3.50187 10
    endloop
  endfacet
  facet normal 0 0 -1
    outer loop
      vertex 10.232 -4.23822 10
      vertex 16.5836 -6.86917 10
      vertex 16.0989 -7.93908 10
    endloop
  endfacet
  facet normal 0 0 -1
    outer loop
      vertex 10.8622 2.16062 10
      vertex 17.6051 3.50187 10
      vertex 10.9803 1.44558 10
    endloop
  endfacet
  facet normal 0 0 -1
    outer loop
      vertex 9.93287 -4.89835 10
      vertex 16.0989 -7.93908 10
      vertex 15.5452 -8.975 10
    endloop
  endfacet
  facet normal -0 0 -1
    outer loop
      vertex 17.6051 3.50187 10
      vertex 10.8622 2.16062 10
      vertex 17.3384 4.6458 10
    endloop
  endfacet
  facet normal 0 0 -1
    outer loop
      vertex 9.59123 -5.5375 10
      vertex 15.5452 -8.975 10
      vertex 14.9249 -9.97249 10
    endloop
  endfacet
  facet normal 0 0 -1
    outer loop
      vertex 10.6976 2.86642 10
      vertex 17.3384 4.6458 10
      vertex 10.8622 2.16062 10
    endloop
  endfacet
  facet normal 0 0 -1
    outer loop
      vertex 9.20853 -6.15294 10
      vertex 14.9249 -9.97249 10
      vertex 14.2407 -10.9273 10
    endloop
  endfacet
  facet normal -0 0 -1
    outer loop
      vertex 17.3384 4.6458 10
      vertex 10.6976 2.86642 10
      vertex 16.9974 5.76984 10
    endloop
  endfacet
  facet normal 0 0 -1
    outer loop
      vertex 8.78639 -6.74203 10
      vertex 14.2407 -10.9273 10
      vertex 13.4955 -11.8353 10
    endloop
  endfacet
  facet normal 0 0 -1
    outer loop
      vertex 10.4873 3.55994 10
      vertex 16.9974 5.76984 10
      vertex 10.6976 2.86642 10
    endloop
  endfacet
  facet normal 0 0 -1
    outer loop
      vertex 8.32663 -7.30225 10
      vertex 13.4955 -11.8353 10
      vertex 12.6926 -12.6926 10
    endloop
  endfacet
  facet normal -0 0 -1
    outer loop
      vertex 16.9974 5.76984 10
      vertex 10.4873 3.55994 10
      vertex 16.5836 6.86917 10
    endloop
  endfacet
  facet normal 0 0 -1
    outer loop
      vertex 7.83121 -7.83121 10
      vertex 12.6926 -12.6926 10
      vertex 11.8353 -13.4955 10
    endloop
  endfacet
  facet normal 0 0 -1
    outer loop
      vertex 10.232 4.23822 10
      vertex 16.5836 6.86917 10
      vertex 10.4873 3.55994 10
    endloop
  endfacet
  facet normal -0 0 -1
    outer loop
      vertex 16.5836 6.86917 10
      vertex 10.232 4.23822 10
      vertex 16.0989 7.93908 10
    endloop
  endfacet
  facet normal 0 0 -1
    outer loop
      vertex 17.9116 -1.17399 10
      vertex 11.0513 -0.724339 10
      vertex 11.075 0 10
    endloop
  endfacet
  facet normal 0 0 -1
    outer loop
      vertex 17.7964 -2.34295 10
      vertex 10.9803 -1.44558 10
      vertex 11.0513 -0.724339 10
    endloop
  endfacet
  facet normal 0 0 -1
    outer loop
      vertex 7.30225 -8.32663 10
      vertex 11.8353 -13.4955 10
      vertex 10.9273 -14.2407 10
    endloop
  endfacet
  facet normal 0 0 -1
    outer loop
      vertex 17.6051 -3.50187 10
      vertex 10.8622 -2.16062 10
      vertex 10.9803 -1.44558 10
    endloop
  endfacet
  facet normal 0 0 -1
    outer loop
      vertex 17.3384 -4.6458 10
      vertex 10.6976 -2.86642 10
      vertex 10.8622 -2.16062 10
    endloop
  endfacet
  facet normal 0 0 -1
    outer loop
      vertex 16.9974 -5.76984 10
      vertex 10.4873 -3.55994 10
      vertex 10.6976 -2.86642 10
    endloop
  endfacet
  facet normal 0 0 -1
    outer loop
      vertex 16.5836 -6.86917 10
      vertex 10.232 -4.23822 10
      vertex 10.4873 -3.55994 10
    endloop
  endfacet
  facet normal 0 0 -1
    outer loop
      vertex 6.74203 -8.78639 10
      vertex 10.9273 -14.2407 10
      vertex 9.97249 -14.9249 10
    endloop
  endfacet
  facet normal 0 0 -1
    outer loop
      vertex 16.0989 -7.93908 10
      vertex 9.93287 -4.89835 10
      vertex 10.232 -4.23822 10
    endloop
  endfacet
  facet normal 0 0 -1
    outer loop
      vertex 15.5452 -8.975 10
      vertex 9.59123 -5.5375 10
      vertex 9.93287 -4.89835 10
    endloop
  endfacet
  facet normal 0 0 -1
    outer loop
      vertex 14.9249 -9.97249 10
      vertex 9.20853 -6.15294 10
      vertex 9.59123 -5.5375 10
    endloop
  endfacet
  facet normal 0 0 -1
    outer loop
      vertex 6.15294 -9.20853 10
      vertex 9.97249 -14.9249 10
      vertex 8.975 -15.5452 10
    endloop
  endfacet
  facet normal 0 0 -1
    outer loop
      vertex 14.2407 -10.9273 10
      vertex 8.78639 -6.74203 10
      vertex 9.20853 -6.15294 10
    endloop
  endfacet
  facet normal 0 0 -1
    outer loop
      vertex 13.4955 -11.8353 10
      vertex 8.32663 -7.30225 10
      vertex 8.78639 -6.74203 10
    endloop
  endfacet
  facet normal 0 0 -1
    outer loop
      vertex 5.5375 -9.59123 10
      vertex 8.975 -15.5452 10
      vertex 7.93908 -16.0989 10
    endloop
  endfacet
  facet normal 0 0 -1
    outer loop
      vertex 12.6926 -12.6926 10
      vertex 7.83121 -7.83121 10
      vertex 8.32663 -7.30225 10
    endloop
  endfacet
  facet normal 0 0 -1
    outer loop
      vertex 11.8353 -13.4955 10
      vertex 7.30225 -8.32663 10
      vertex 7.83121 -7.83121 10
    endloop
  endfacet
  facet normal 0 0 -1
    outer loop
      vertex 4.89835 -9.93287 10
      vertex 7.93908 -16.0989 10
      vertex 6.86917 -16.5836 10
    endloop
  endfacet
  facet normal 0 0 -1
    outer loop
      vertex 10.9273 -14.2407 10
      vertex 6.74203 -8.78639 10
      vertex 7.30225 -8.32663 10
    endloop
  endfacet
  facet normal 0 0 -1
    outer loop
      vertex 9.97249 -14.9249 10
      vertex 6.15294 -9.20853 10
      vertex 6.74203 -8.78639 10
    endloop
  endfacet
  facet normal 0 0 -1
    outer loop
      vertex 4.23822 -10.232 10
      vertex 6.86917 -16.5836 10
      vertex 5.76984 -16.9974 10
    endloop
  endfacet
  facet normal 0 0 -1
    outer loop
      vertex 8.975 -15.5452 10
      vertex 5.5375 -9.59123 10
      vertex 6.15294 -9.20853 10
    endloop
  endfacet
  facet normal 0 0 -1
    outer loop
      vertex 7.93908 -16.0989 10
      vertex 4.89835 -9.93287 10
      vertex 5.5375 -9.59123 10
    endloop
  endfacet
  facet normal 0 0 -1
    outer loop
      vertex 3.55994 -10.4873 10
      vertex 5.76984 -16.9974 10
      vertex 4.6458 -17.3384 10
    endloop
  endfacet
  facet normal 0 0 -1
    outer loop
      vertex 6.86917 -16.5836 10
      vertex 4.23822 -10.232 10
      vertex 4.89835 -9.93287 10
    endloop
  endfacet
  facet normal 0 0 -1
    outer loop
      vertex 5.76984 -16.9974 10
      vertex 3.55994 -10.4873 10
      vertex 4.23822 -10.232 10
    endloop
  endfacet
  facet normal 0 0 -1
    outer loop
      vertex 2.86642 -10.6976 10
      vertex 4.6458 -17.3384 10
      vertex 3.50187 -17.6051 10
    endloop
  endfacet
  facet normal 0 0 -1
    outer loop
      vertex 4.6458 -17.3384 10
      vertex 2.86642 -10.6976 10
      vertex 3.55994 -10.4873 10
    endloop
  endfacet
  facet normal 0 0 -1
    outer loop
      vertex 2.16062 -10.8622 10
      vertex 3.50187 -17.6051 10
      vertex 2.34295 -17.7964 10
    endloop
  endfacet
  facet normal 0 0 -1
    outer loop
      vertex 3.50187 -17.6051 10
      vertex 2.16062 -10.8622 10
      vertex 2.86642 -10.6976 10
    endloop
  endfacet
  facet normal 0 0 -1
    outer loop
      vertex 2.34295 -17.7964 10
      vertex 1.44558 -10.9803 10
      vertex 2.16062 -10.8622 10
    endloop
  endfacet
  facet normal 0 0 -1
    outer loop
      vertex 1.17399 -17.9116 10
      vertex 1.44558 -10.9803 10
      vertex 2.34295 -17.7964 10
    endloop
  endfacet
  facet normal 0 0 -1
    outer loop
      vertex 1.17399 -17.9116 10
      vertex 0.724339 -11.0513 10
      vertex 1.44558 -10.9803 10
    endloop
  endfacet
  facet normal 0 0 -1
    outer loop
      vertex 0 -17.95 10
      vertex 0.724339 -11.0513 10
      vertex 1.17399 -17.9116 10
    endloop
  endfacet
  facet normal 0 0 -1
    outer loop
      vertex 0 -17.95 10
      vertex 0 -11.075 10
      vertex 0.724339 -11.0513 10
    endloop
  endfacet
  facet normal 0 0 -1
    outer loop
      vertex 0 -17.95 10
      vertex -0.724339 -11.0513 10
      vertex 0 -11.075 10
    endloop
  endfacet
  facet normal 0 0 -1
    outer loop
      vertex -1.17399 -17.9116 10
      vertex -0.724339 -11.0513 10
      vertex 0 -17.95 10
    endloop
  endfacet
  facet normal 0 0 -1
    outer loop
      vertex -1.17399 -17.9116 10
      vertex -1.44558 -10.9803 10
      vertex -0.724339 -11.0513 10
    endloop
  endfacet
  facet normal 0 0 -1
    outer loop
      vertex -2.34295 -17.7964 10
      vertex -1.44558 -10.9803 10
      vertex -1.17399 -17.9116 10
    endloop
  endfacet
  facet normal -0 0 -1
    outer loop
      vertex -1.44558 -10.9803 10
      vertex -2.34295 -17.7964 10
      vertex -2.16062 -10.8622 10
    endloop
  endfacet
  facet normal 0 0 -1
    outer loop
      vertex -3.50187 -17.6051 10
      vertex -2.16062 -10.8622 10
      vertex -2.34295 -17.7964 10
    endloop
  endfacet
  facet normal -0 0 -1
    outer loop
      vertex -2.16062 -10.8622 10
      vertex -3.50187 -17.6051 10
      vertex -2.86642 -10.6976 10
    endloop
  endfacet
  facet normal 0 0 -1
    outer loop
      vertex -4.6458 -17.3384 10
      vertex -2.86642 -10.6976 10
      vertex -3.50187 -17.6051 10
    endloop
  endfacet
  facet normal -0 0 -1
    outer loop
      vertex -2.86642 -10.6976 10
      vertex -4.6458 -17.3384 10
      vertex -3.55994 -10.4873 10
    endloop
  endfacet
  facet normal 0 0 -1
    outer loop
      vertex -5.76984 -16.9974 10
      vertex -3.55994 -10.4873 10
      vertex -4.6458 -17.3384 10
    endloop
  endfacet
  facet normal -0 0 -1
    outer loop
      vertex -3.55994 -10.4873 10
      vertex -5.76984 -16.9974 10
      vertex -4.23822 -10.232 10
    endloop
  endfacet
  facet normal 0 0 -1
    outer loop
      vertex -6.86917 -16.5836 10
      vertex -4.23822 -10.232 10
      vertex -5.76984 -16.9974 10
    endloop
  endfacet
  facet normal -0 0 -1
    outer loop
      vertex -4.23822 -10.232 10
      vertex -6.86917 -16.5836 10
      vertex -4.89835 -9.93287 10
    endloop
  endfacet
  facet normal 0 0 -1
    outer loop
      vertex -7.93908 -16.0989 10
      vertex -4.89835 -9.93287 10
      vertex -6.86917 -16.5836 10
    endloop
  endfacet
  facet normal -0 0 -1
    outer loop
      vertex -4.89835 -9.93287 10
      vertex -7.93908 -16.0989 10
      vertex -5.5375 -9.59123 10
    endloop
  endfacet
  facet normal 0 0 -1
    outer loop
      vertex -8.975 -15.5452 10
      vertex -5.5375 -9.59123 10
      vertex -7.93908 -16.0989 10
    endloop
  endfacet
  facet normal -0 0 -1
    outer loop
      vertex -5.5375 -9.59123 10
      vertex -8.975 -15.5452 10
      vertex -6.15294 -9.20853 10
    endloop
  endfacet
  facet normal 0 0 -1
    outer loop
      vertex -9.97249 -14.9249 10
      vertex -6.15294 -9.20853 10
      vertex -8.975 -15.5452 10
    endloop
  endfacet
  facet normal -0 0 -1
    outer loop
      vertex -6.15294 -9.20853 10
      vertex -9.97249 -14.9249 10
      vertex -6.74203 -8.78639 10
    endloop
  endfacet
  facet normal 0 0 -1
    outer loop
      vertex -10.9273 -14.2407 10
      vertex -6.74203 -8.78639 10
      vertex -9.97249 -14.9249 10
    endloop
  endfacet
  facet normal -0 0 -1
    outer loop
      vertex -6.74203 -8.78639 10
      vertex -10.9273 -14.2407 10
      vertex -7.30225 -8.32663 10
    endloop
  endfacet
  facet normal 0 0 -1
    outer loop
      vertex -11.8353 -13.4955 10
      vertex -7.30225 -8.32663 10
      vertex -10.9273 -14.2407 10
    endloop
  endfacet
  facet normal -0 0 -1
    outer loop
      vertex -7.30225 -8.32663 10
      vertex -11.8353 -13.4955 10
      vertex -7.83121 -7.83121 10
    endloop
  endfacet
  facet normal 0 0 -1
    outer loop
      vertex -12.6926 -12.6926 10
      vertex -7.83121 -7.83121 10
      vertex -11.8353 -13.4955 10
    endloop
  endfacet
  facet normal -0 0 -1
    outer loop
      vertex -7.83121 -7.83121 10
      vertex -12.6926 -12.6926 10
      vertex -8.32663 -7.30225 10
    endloop
  endfacet
  facet normal 0 0 -1
    outer loop
      vertex -13.4955 -11.8353 10
      vertex -8.32663 -7.30225 10
      vertex -12.6926 -12.6926 10
    endloop
  endfacet
  facet normal -0 0 -1
    outer loop
      vertex -8.32663 -7.30225 10
      vertex -13.4955 -11.8353 10
      vertex -8.78639 -6.74203 10
    endloop
  endfacet
  facet normal 0 0 -1
    outer loop
      vertex -14.2407 -10.9273 10
      vertex -8.78639 -6.74203 10
      vertex -13.4955 -11.8353 10
    endloop
  endfacet
  facet normal -0 0 -1
    outer loop
      vertex -8.78639 -6.74203 10
      vertex -14.2407 -10.9273 10
      vertex -9.20853 -6.15294 10
    endloop
  endfacet
  facet normal 0 0 -1
    outer loop
      vertex -14.9249 -9.97249 10
      vertex -9.20853 -6.15294 10
      vertex -14.2407 -10.9273 10
    endloop
  endfacet
  facet normal -0 0 -1
    outer loop
      vertex -9.20853 -6.15294 10
      vertex -14.9249 -9.97249 10
      vertex -9.59123 -5.5375 10
    endloop
  endfacet
  facet normal 0 0 -1
    outer loop
      vertex -15.5452 -8.975 10
      vertex -9.59123 -5.5375 10
      vertex -14.9249 -9.97249 10
    endloop
  endfacet
  facet normal -0 0 -1
    outer loop
      vertex -9.59123 -5.5375 10
      vertex -15.5452 -8.975 10
      vertex -9.93287 -4.89835 10
    endloop
  endfacet
  facet normal 0 0 -1
    outer loop
      vertex -16.0989 -7.93908 10
      vertex -9.93287 -4.89835 10
      vertex -15.5452 -8.975 10
    endloop
  endfacet
  facet normal -0 0 -1
    outer loop
      vertex -9.93287 -4.89835 10
      vertex -16.0989 -7.93908 10
      vertex -10.232 -4.23822 10
    endloop
  endfacet
  facet normal 0 0 -1
    outer loop
      vertex 9.93287 4.89835 10
      vertex 16.0989 7.93908 10
      vertex 10.232 4.23822 10
    endloop
  endfacet
  facet normal -0 0 -1
    outer loop
      vertex 16.0989 7.93908 10
      vertex 9.93287 4.89835 10
      vertex 15.5452 8.975 10
    endloop
  endfacet
  facet normal 0 0 -1
    outer loop
      vertex 9.59123 5.5375 10
      vertex 15.5452 8.975 10
      vertex 9.93287 4.89835 10
    endloop
  endfacet
  facet normal -0 0 -1
    outer loop
      vertex 15.5452 8.975 10
      vertex 9.59123 5.5375 10
      vertex 14.9249 9.97249 10
    endloop
  endfacet
  facet normal 0 0 -1
    outer loop
      vertex 9.20853 6.15294 10
      vertex 14.9249 9.97249 10
      vertex 9.59123 5.5375 10
    endloop
  endfacet
  facet normal -0 0 -1
    outer loop
      vertex 14.9249 9.97249 10
      vertex 9.20853 6.15294 10
      vertex 14.2407 10.9273 10
    endloop
  endfacet
  facet normal 0 0 -1
    outer loop
      vertex 8.78639 6.74203 10
      vertex 14.2407 10.9273 10
      vertex 9.20853 6.15294 10
    endloop
  endfacet
  facet normal -0 0 -1
    outer loop
      vertex 14.2407 10.9273 10
      vertex 8.78639 6.74203 10
      vertex 13.4955 11.8353 10
    endloop
  endfacet
  facet normal 0 0 -1
    outer loop
      vertex 8.32663 7.30225 10
      vertex 13.4955 11.8353 10
      vertex 8.78639 6.74203 10
    endloop
  endfacet
  facet normal -0 0 -1
    outer loop
      vertex 13.4955 11.8353 10
      vertex 8.32663 7.30225 10
      vertex 12.6926 12.6926 10
    endloop
  endfacet
  facet normal 0 0 -1
    outer loop
      vertex 7.83121 7.83121 10
      vertex 12.6926 12.6926 10
      vertex 8.32663 7.30225 10
    endloop
  endfacet
  facet normal -0 0 -1
    outer loop
      vertex 12.6926 12.6926 10
      vertex 7.83121 7.83121 10
      vertex 11.8353 13.4955 10
    endloop
  endfacet
  facet normal 0 0 -1
    outer loop
      vertex 7.30225 8.32663 10
      vertex 11.8353 13.4955 10
      vertex 7.83121 7.83121 10
    endloop
  endfacet
  facet normal -0 0 -1
    outer loop
      vertex 11.8353 13.4955 10
      vertex 7.30225 8.32663 10
      vertex 10.9273 14.2407 10
    endloop
  endfacet
  facet normal 0 0 -1
    outer loop
      vertex 6.74203 8.78639 10
      vertex 10.9273 14.2407 10
      vertex 7.30225 8.32663 10
    endloop
  endfacet
  facet normal -0 0 -1
    outer loop
      vertex 10.9273 14.2407 10
      vertex 6.74203 8.78639 10
      vertex 9.97249 14.9249 10
    endloop
  endfacet
  facet normal 0 0 -1
    outer loop
      vertex 6.15294 9.20853 10
      vertex 9.97249 14.9249 10
      vertex 6.74203 8.78639 10
    endloop
  endfacet
  facet normal -0 0 -1
    outer loop
      vertex 9.97249 14.9249 10
      vertex 6.15294 9.20853 10
      vertex 8.975 15.5452 10
    endloop
  endfacet
  facet normal 0 0 -1
    outer loop
      vertex 5.5375 9.59123 10
      vertex 8.975 15.5452 10
      vertex 6.15294 9.20853 10
    endloop
  endfacet
  facet normal -0 0 -1
    outer loop
      vertex 8.975 15.5452 10
      vertex 5.5375 9.59123 10
      vertex 7.93908 16.0989 10
    endloop
  endfacet
  facet normal 0 0 -1
    outer loop
      vertex 4.89835 9.93287 10
      vertex 7.93908 16.0989 10
      vertex 5.5375 9.59123 10
    endloop
  endfacet
  facet normal -0 0 -1
    outer loop
      vertex 7.93908 16.0989 10
      vertex 4.89835 9.93287 10
      vertex 6.86917 16.5836 10
    endloop
  endfacet
  facet normal 0 0 -1
    outer loop
      vertex 4.23822 10.232 10
      vertex 6.86917 16.5836 10
      vertex 4.89835 9.93287 10
    endloop
  endfacet
  facet normal -0 0 -1
    outer loop
      vertex 6.86917 16.5836 10
      vertex 4.23822 10.232 10
      vertex 5.76984 16.9974 10
    endloop
  endfacet
  facet normal 0 0 -1
    outer loop
      vertex 3.55994 10.4873 10
      vertex 5.76984 16.9974 10
      vertex 4.23822 10.232 10
    endloop
  endfacet
  facet normal -0 0 -1
    outer loop
      vertex 5.76984 16.9974 10
      vertex 3.55994 10.4873 10
      vertex 4.6458 17.3384 10
    endloop
  endfacet
  facet normal 0 0 -1
    outer loop
      vertex 2.86642 10.6976 10
      vertex 4.6458 17.3384 10
      vertex 3.55994 10.4873 10
    endloop
  endfacet
  facet normal -0 0 -1
    outer loop
      vertex 4.6458 17.3384 10
      vertex 2.86642 10.6976 10
      vertex 3.50187 17.6051 10
    endloop
  endfacet
  facet normal 0 0 -1
    outer loop
      vertex 2.16062 10.8622 10
      vertex 3.50187 17.6051 10
      vertex 2.86642 10.6976 10
    endloop
  endfacet
  facet normal -0 0 -1
    outer loop
      vertex 3.50187 17.6051 10
      vertex 2.16062 10.8622 10
      vertex 2.34295 17.7964 10
    endloop
  endfacet
  facet normal 0 0 -1
    outer loop
      vertex 1.44558 10.9803 10
      vertex 2.34295 17.7964 10
      vertex 2.16062 10.8622 10
    endloop
  endfacet
  facet normal 0 0 -1
    outer loop
      vertex 1.44558 10.9803 10
      vertex 1.17399 17.9116 10
      vertex 2.34295 17.7964 10
    endloop
  endfacet
  facet normal 0 0 -1
    outer loop
      vertex 0.724339 11.0513 10
      vertex 1.17399 17.9116 10
      vertex 1.44558 10.9803 10
    endloop
  endfacet
  facet normal 0 0 -1
    outer loop
      vertex 0 11.075 10
      vertex 1.17399 17.9116 10
      vertex 0.724339 11.0513 10
    endloop
  endfacet
  facet normal 0 0 -1
    outer loop
      vertex 0 11.075 10
      vertex 0 17.95 10
      vertex 1.17399 17.9116 10
    endloop
  endfacet
  facet normal 0 0 -1
    outer loop
      vertex -0.724339 11.0513 10
      vertex 0 17.95 10
      vertex 0 11.075 10
    endloop
  endfacet
  facet normal 0 0 -1
    outer loop
      vertex -0.724339 11.0513 10
      vertex -1.17399 17.9116 10
      vertex 0 17.95 10
    endloop
  endfacet
  facet normal 0 0 -1
    outer loop
      vertex -1.44558 10.9803 10
      vertex -1.17399 17.9116 10
      vertex -0.724339 11.0513 10
    endloop
  endfacet
  facet normal 0 0 -1
    outer loop
      vertex -2.34295 17.7964 10
      vertex -1.44558 10.9803 10
      vertex -2.16062 10.8622 10
    endloop
  endfacet
  facet normal 0 0 -1
    outer loop
      vertex -1.44558 10.9803 10
      vertex -2.34295 17.7964 10
      vertex -1.17399 17.9116 10
    endloop
  endfacet
  facet normal 0 0 -1
    outer loop
      vertex -3.50187 17.6051 10
      vertex -2.16062 10.8622 10
      vertex -2.86642 10.6976 10
    endloop
  endfacet
  facet normal 0 0 -1
    outer loop
      vertex -2.16062 10.8622 10
      vertex -3.50187 17.6051 10
      vertex -2.34295 17.7964 10
    endloop
  endfacet
  facet normal 0 0 -1
    outer loop
      vertex -4.6458 17.3384 10
      vertex -2.86642 10.6976 10
      vertex -3.55994 10.4873 10
    endloop
  endfacet
  facet normal 0 0 -1
    outer loop
      vertex -5.76984 16.9974 10
      vertex -3.55994 10.4873 10
      vertex -4.23822 10.232 10
    endloop
  endfacet
  facet normal 0 0 -1
    outer loop
      vertex -2.86642 10.6976 10
      vertex -4.6458 17.3384 10
      vertex -3.50187 17.6051 10
    endloop
  endfacet
  facet normal 0 0 -1
    outer loop
      vertex -6.86917 16.5836 10
      vertex -4.23822 10.232 10
      vertex -4.89835 9.93287 10
    endloop
  endfacet
  facet normal 0 0 -1
    outer loop
      vertex -7.93908 16.0989 10
      vertex -4.89835 9.93287 10
      vertex -5.5375 9.59123 10
    endloop
  endfacet
  facet normal 0 0 -1
    outer loop
      vertex -3.55994 10.4873 10
      vertex -5.76984 16.9974 10
      vertex -4.6458 17.3384 10
    endloop
  endfacet
  facet normal 0 0 -1
    outer loop
      vertex -8.975 15.5452 10
      vertex -5.5375 9.59123 10
      vertex -6.15294 9.20853 10
    endloop
  endfacet
  facet normal 0 0 -1
    outer loop
      vertex -9.97249 14.9249 10
      vertex -6.15294 9.20853 10
      vertex -6.74203 8.78639 10
    endloop
  endfacet
  facet normal 0 0 -1
    outer loop
      vertex -4.23822 10.232 10
      vertex -6.86917 16.5836 10
      vertex -5.76984 16.9974 10
    endloop
  endfacet
  facet normal 0 0 -1
    outer loop
      vertex -10.9273 14.2407 10
      vertex -6.74203 8.78639 10
      vertex -7.30225 8.32663 10
    endloop
  endfacet
  facet normal 0 0 -1
    outer loop
      vertex -11.8353 13.4955 10
      vertex -7.30225 8.32663 10
      vertex -7.83121 7.83121 10
    endloop
  endfacet
  facet normal 0 0 -1
    outer loop
      vertex -4.89835 9.93287 10
      vertex -7.93908 16.0989 10
      vertex -6.86917 16.5836 10
    endloop
  endfacet
  facet normal 0 0 -1
    outer loop
      vertex -12.6926 12.6926 10
      vertex -7.83121 7.83121 10
      vertex -8.32663 7.30225 10
    endloop
  endfacet
  facet normal 0 0 -1
    outer loop
      vertex -13.4955 11.8353 10
      vertex -8.32663 7.30225 10
      vertex -8.78639 6.74203 10
    endloop
  endfacet
  facet normal 0 0 -1
    outer loop
      vertex -5.5375 9.59123 10
      vertex -8.975 15.5452 10
      vertex -7.93908 16.0989 10
    endloop
  endfacet
  facet normal 0 0 -1
    outer loop
      vertex -14.2407 10.9273 10
      vertex -8.78639 6.74203 10
      vertex -9.20853 6.15294 10
    endloop
  endfacet
  facet normal 0 0 -1
    outer loop
      vertex -14.9249 9.97249 10
      vertex -9.20853 6.15294 10
      vertex -9.59123 5.5375 10
    endloop
  endfacet
  facet normal 0 0 -1
    outer loop
      vertex -15.5452 8.975 10
      vertex -9.59123 5.5375 10
      vertex -9.93287 4.89835 10
    endloop
  endfacet
  facet normal 0 0 -1
    outer loop
      vertex -6.15294 9.20853 10
      vertex -9.97249 14.9249 10
      vertex -8.975 15.5452 10
    endloop
  endfacet
  facet normal 0 0 -1
    outer loop
      vertex -16.0989 7.93908 10
      vertex -9.93287 4.89835 10
      vertex -10.232 4.23822 10
    endloop
  endfacet
  facet normal 0 0 -1
    outer loop
      vertex -16.5836 6.86917 10
      vertex -10.232 4.23822 10
      vertex -10.4873 3.55994 10
    endloop
  endfacet
  facet normal 0 0 -1
    outer loop
      vertex -16.9974 5.76984 10
      vertex -10.4873 3.55994 10
      vertex -10.6976 2.86642 10
    endloop
  endfacet
  facet normal 0 0 -1
    outer loop
      vertex -17.3384 4.6458 10
      vertex -10.6976 2.86642 10
      vertex -10.8622 2.16062 10
    endloop
  endfacet
  facet normal 0 0 -1
    outer loop
      vertex -6.74203 8.78639 10
      vertex -10.9273 14.2407 10
      vertex -9.97249 14.9249 10
    endloop
  endfacet
  facet normal 0 0 -1
    outer loop
      vertex -17.6051 3.50187 10
      vertex -10.8622 2.16062 10
      vertex -10.9803 1.44558 10
    endloop
  endfacet
  facet normal 0 0 -1
    outer loop
      vertex -17.7964 2.34295 10
      vertex -10.9803 1.44558 10
      vertex -11.0513 0.724339 10
    endloop
  endfacet
  facet normal 0 0 -1
    outer loop
      vertex -17.9116 1.17399 10
      vertex -11.0513 0.724339 10
      vertex -11.075 0 10
    endloop
  endfacet
  facet normal 0 0 -1
    outer loop
      vertex -16.5836 -6.86917 10
      vertex -10.232 -4.23822 10
      vertex -16.0989 -7.93908 10
    endloop
  endfacet
  facet normal 0 0 -1
    outer loop
      vertex -7.30225 8.32663 10
      vertex -11.8353 13.4955 10
      vertex -10.9273 14.2407 10
    endloop
  endfacet
  facet normal -0 0 -1
    outer loop
      vertex -10.232 -4.23822 10
      vertex -16.5836 -6.86917 10
      vertex -10.4873 -3.55994 10
    endloop
  endfacet
  facet normal 0 0 -1
    outer loop
      vertex -7.83121 7.83121 10
      vertex -12.6926 12.6926 10
      vertex -11.8353 13.4955 10
    endloop
  endfacet
  facet normal 0 0 -1
    outer loop
      vertex -16.9974 -5.76984 10
      vertex -10.4873 -3.55994 10
      vertex -16.5836 -6.86917 10
    endloop
  endfacet
  facet normal 0 0 -1
    outer loop
      vertex -8.32663 7.30225 10
      vertex -13.4955 11.8353 10
      vertex -12.6926 12.6926 10
    endloop
  endfacet
  facet normal -0 0 -1
    outer loop
      vertex -10.4873 -3.55994 10
      vertex -16.9974 -5.76984 10
      vertex -10.6976 -2.86642 10
    endloop
  endfacet
  facet normal 0 0 -1
    outer loop
      vertex -8.78639 6.74203 10
      vertex -14.2407 10.9273 10
      vertex -13.4955 11.8353 10
    endloop
  endfacet
  facet normal 0 0 -1
    outer loop
      vertex -17.3384 -4.6458 10
      vertex -10.6976 -2.86642 10
      vertex -16.9974 -5.76984 10
    endloop
  endfacet
  facet normal 0 0 -1
    outer loop
      vertex -9.20853 6.15294 10
      vertex -14.9249 9.97249 10
      vertex -14.2407 10.9273 10
    endloop
  endfacet
  facet normal -0 0 -1
    outer loop
      vertex -10.6976 -2.86642 10
      vertex -17.3384 -4.6458 10
      vertex -10.8622 -2.16062 10
    endloop
  endfacet
  facet normal 0 0 -1
    outer loop
      vertex -9.59123 5.5375 10
      vertex -15.5452 8.975 10
      vertex -14.9249 9.97249 10
    endloop
  endfacet
  facet normal 0 0 -1
    outer loop
      vertex -17.6051 -3.50187 10
      vertex -10.8622 -2.16062 10
      vertex -17.3384 -4.6458 10
    endloop
  endfacet
  facet normal 0 0 -1
    outer loop
      vertex -9.93287 4.89835 10
      vertex -16.0989 7.93908 10
      vertex -15.5452 8.975 10
    endloop
  endfacet
  facet normal -0 0 -1
    outer loop
      vertex -10.8622 -2.16062 10
      vertex -17.6051 -3.50187 10
      vertex -10.9803 -1.44558 10
    endloop
  endfacet
  facet normal 0 0 -1
    outer loop
      vertex -10.232 4.23822 10
      vertex -16.5836 6.86917 10
      vertex -16.0989 7.93908 10
    endloop
  endfacet
  facet normal 0 0 -1
    outer loop
      vertex -17.7964 -2.34295 10
      vertex -10.9803 -1.44558 10
      vertex -17.6051 -3.50187 10
    endloop
  endfacet
  facet normal 0 0 -1
    outer loop
      vertex -10.4873 3.55994 10
      vertex -16.9974 5.76984 10
      vertex -16.5836 6.86917 10
    endloop
  endfacet
  facet normal -0 0 -1
    outer loop
      vertex -10.9803 -1.44558 10
      vertex -17.7964 -2.34295 10
      vertex -11.0513 -0.724339 10
    endloop
  endfacet
  facet normal 0 0 -1
    outer loop
      vertex -10.6976 2.86642 10
      vertex -17.3384 4.6458 10
      vertex -16.9974 5.76984 10
    endloop
  endfacet
  facet normal 0 0 -1
    outer loop
      vertex -17.9116 -1.17399 10
      vertex -11.0513 -0.724339 10
      vertex -17.7964 -2.34295 10
    endloop
  endfacet
  facet normal 0 0 -1
    outer loop
      vertex -10.8622 2.16062 10
      vertex -17.6051 3.50187 10
      vertex -17.3384 4.6458 10
    endloop
  endfacet
  facet normal -0 0 -1
    outer loop
      vertex -11.0513 -0.724339 10
      vertex -17.9116 -1.17399 10
      vertex -11.075 0 10
    endloop
  endfacet
  facet normal 0 0 -1
    outer loop
      vertex -10.9803 1.44558 10
      vertex -17.7964 2.34295 10
      vertex -17.6051 3.50187 10
    endloop
  endfacet
  facet normal 0 0 -1
    outer loop
      vertex -17.95 0 10
      vertex -11.075 0 10
      vertex -17.9116 -1.17399 10
    endloop
  endfacet
  facet normal 0 0 -1
    outer loop
      vertex -11.0513 0.724339 10
      vertex -17.9116 1.17399 10
      vertex -17.7964 2.34295 10
    endloop
  endfacet
  facet normal 0 0 -1
    outer loop
      vertex -11.075 0 10
      vertex -17.95 0 10
      vertex -17.9116 1.17399 10
    endloop
  endfacet
  facet normal 0.0326915 -0.999465 0
    outer loop
      vertex -1.17399 17.9116 0
      vertex 0 17.95 10
      vertex -1.17399 17.9116 10
    endloop
  endfacet
  facet normal 0.0326915 -0.999465 0
    outer loop
      vertex 0 17.95 10
      vertex -1.17399 17.9116 0
      vertex 0 17.95 0
    endloop
  endfacet
  facet normal 0.999465 0.0326915 0
    outer loop
      vertex -17.9116 -1.17399 10
      vertex -17.95 0 0
      vertex -17.95 0 10
    endloop
  endfacet
  facet normal 0.999465 0.0326915 0
    outer loop
      vertex -17.95 0 0
      vertex -17.9116 -1.17399 10
      vertex -17.9116 -1.17399 0
    endloop
  endfacet
  facet normal 0.352281 -0.935894 0
    outer loop
      vertex -6.86917 16.5836 0
      vertex -5.76984 16.9974 10
      vertex -6.86917 16.5836 10
    endloop
  endfacet
  facet normal 0.352281 -0.935894 0
    outer loop
      vertex -5.76984 16.9974 10
      vertex -6.86917 16.5836 0
      vertex -5.76984 16.9974 0
    endloop
  endfacet
  facet normal -0.68357 -0.729885 0
    outer loop
      vertex 11.8353 13.4955 0
      vertex 12.6926 12.6926 10
      vertex 11.8353 13.4955 10
    endloop
  endfacet
  facet normal -0.68357 -0.729885 -0
    outer loop
      vertex 12.6926 12.6926 10
      vertex 11.8353 13.4955 0
      vertex 12.6926 12.6926 0
    endloop
  endfacet
  facet normal -0.729885 -0.68357 0
    outer loop
      vertex 13.4955 11.8353 0
      vertex 12.6926 12.6926 10
      vertex 12.6926 12.6926 0
    endloop
  endfacet
  facet normal -0.729885 -0.68357 0
    outer loop
      vertex 12.6926 12.6926 10
      vertex 13.4955 11.8353 0
      vertex 13.4955 11.8353 10
    endloop
  endfacet
  facet normal 0.707109 -0.707104 0
    outer loop
      vertex 23.1716 0 4
      vertex 25.8482 2.67662 0
      vertex 25.8482 2.67662 4
    endloop
  endfacet
  facet normal 0.707109 -0.707104 0
    outer loop
      vertex 25.8482 2.67662 0
      vertex 23.1716 0 4
      vertex 23.1716 0 0
    endloop
  endfacet
  facet normal 0.707109 0.707104 0
    outer loop
      vertex 25.8482 -2.67662 4
      vertex 23.1716 0 0
      vertex 23.1716 0 4
    endloop
  endfacet
  facet normal 0.707109 0.707104 0
    outer loop
      vertex 23.1716 0 0
      vertex 25.8482 -2.67662 4
      vertex 25.8482 -2.67662 0
    endloop
  endfacet
endsolid OpenSCAD_Model
