solid OpenSCAD_Model
  facet normal 0.995185 0.0980164 0
    outer loop
      vertex 9.97859 0.654031 14
      vertex 9.91445 1.30526 5
      vertex 9.91445 1.30526 14
    endloop
  endfacet
  facet normal 0.995185 0.0980164 0
    outer loop
      vertex 9.91445 1.30526 5
      vertex 9.97859 0.654031 14
      vertex 9.97859 0.654031 5
    endloop
  endfacet
  facet normal 0.999465 0.0327179 0
    outer loop
      vertex 10 0 14
      vertex 9.97859 0.654031 5
      vertex 9.97859 0.654031 14
    endloop
  endfacet
  facet normal 0.999465 0.0327179 0
    outer loop
      vertex 9.97859 0.654031 5
      vertex 10 0 14
      vertex 10 0 5
    endloop
  endfacet
  facet normal 0.986642 0.162902 0
    outer loop
      vertex 9.91445 1.30526 14
      vertex 9.80785 1.9509 5
      vertex 9.80785 1.9509 14
    endloop
  endfacet
  facet normal 0.986642 0.162902 0
    outer loop
      vertex 9.80785 1.9509 5
      vertex 9.91445 1.30526 14
      vertex 9.91445 1.30526 5
    endloop
  endfacet
  facet normal -0.935909 -0.352242 0
    outer loop
      vertex -9.2388 -3.82683 5
      vertex -9.4693 -3.21439 14
      vertex -9.4693 -3.21439 5
    endloop
  endfacet
  facet normal -0.935909 -0.352242 0
    outer loop
      vertex -9.4693 -3.21439 14
      vertex -9.2388 -3.82683 5
      vertex -9.2388 -3.82683 14
    endloop
  endfacet
  facet normal -0.0980164 -0.995185 0
    outer loop
      vertex -1.30526 -9.91445 5
      vertex -0.654031 -9.97859 14
      vertex -1.30526 -9.91445 14
    endloop
  endfacet
  facet normal -0.0980164 -0.995185 -0
    outer loop
      vertex -0.654031 -9.97859 14
      vertex -1.30526 -9.91445 5
      vertex -0.654031 -9.97859 5
    endloop
  endfacet
  facet normal 0.849207 0.528061 0
    outer loop
      vertex 8.66025 5 14
      vertex 8.3147 5.5557 5
      vertex 8.3147 5.5557 14
    endloop
  endfacet
  facet normal 0.849207 0.528061 0
    outer loop
      vertex 8.3147 5.5557 5
      vertex 8.66025 5 14
      vertex 8.66025 5 5
    endloop
  endfacet
  facet normal -0.352242 0.935909 0
    outer loop
      vertex -3.21439 9.4693 5
      vertex -3.82683 9.2388 14
      vertex -3.21439 9.4693 14
    endloop
  endfacet
  facet normal -0.352242 0.935909 0
    outer loop
      vertex -3.82683 9.2388 14
      vertex -3.21439 9.4693 5
      vertex -3.82683 9.2388 5
    endloop
  endfacet
  facet normal 0.0980164 -0.995185 0
    outer loop
      vertex 0.654031 -9.97859 5
      vertex 1.30526 -9.91445 14
      vertex 0.654031 -9.97859 14
    endloop
  endfacet
  facet normal 0.0980164 -0.995185 0
    outer loop
      vertex 1.30526 -9.91445 14
      vertex 0.654031 -9.97859 5
      vertex 1.30526 -9.91445 5
    endloop
  endfacet
  facet normal -0.0327179 0.999465 0
    outer loop
      vertex 0 10 5
      vertex -0.654031 9.97859 14
      vertex 0 10 14
    endloop
  endfacet
  facet normal -0.0327179 0.999465 0
    outer loop
      vertex -0.654031 9.97859 14
      vertex 0 10 5
      vertex -0.654031 9.97859 5
    endloop
  endfacet
  facet normal -0.999465 -0.0327179 0
    outer loop
      vertex -9.97859 -0.654031 5
      vertex -10 0 14
      vertex -10 0 5
    endloop
  endfacet
  facet normal -0.999465 -0.0327179 0
    outer loop
      vertex -10 0 14
      vertex -9.97859 -0.654031 5
      vertex -9.97859 -0.654031 14
    endloop
  endfacet
  facet normal -0.729865 0.683592 0
    outer loop
      vertex -7.5184 6.59346 5
      vertex -7.07107 7.07107 14
      vertex -7.07107 7.07107 5
    endloop
  endfacet
  facet normal -0.729865 0.683592 0
    outer loop
      vertex -7.07107 7.07107 14
      vertex -7.5184 6.59346 5
      vertex -7.5184 6.59346 14
    endloop
  endfacet
  facet normal 0.290291 -0.956939 0
    outer loop
      vertex 2.58819 -9.65926 5
      vertex 3.21439 -9.4693 14
      vertex 2.58819 -9.65926 14
    endloop
  endfacet
  facet normal 0.290291 -0.956939 0
    outer loop
      vertex 3.21439 -9.4693 14
      vertex 2.58819 -9.65926 5
      vertex 3.21439 -9.4693 5
    endloop
  endfacet
  facet normal 0.528061 0.849207 -0
    outer loop
      vertex 5.5557 8.3147 5
      vertex 5 8.66025 14
      vertex 5.5557 8.3147 14
    endloop
  endfacet
  facet normal 0.528061 0.849207 0
    outer loop
      vertex 5 8.66025 14
      vertex 5.5557 8.3147 5
      vertex 5 8.66025 5
    endloop
  endfacet
  facet normal -0.683592 -0.729865 0
    outer loop
      vertex -7.07107 -7.07107 5
      vertex -6.59346 -7.5184 14
      vertex -7.07107 -7.07107 14
    endloop
  endfacet
  facet normal -0.683592 -0.729865 -0
    outer loop
      vertex -6.59346 -7.5184 14
      vertex -7.07107 -7.07107 5
      vertex -6.59346 -7.5184 5
    endloop
  endfacet
  facet normal 0.162902 0.986642 -0
    outer loop
      vertex 1.9509 9.80785 5
      vertex 1.30526 9.91445 14
      vertex 1.9509 9.80785 14
    endloop
  endfacet
  facet normal 0.162902 0.986642 0
    outer loop
      vertex 1.30526 9.91445 14
      vertex 1.9509 9.80785 5
      vertex 1.30526 9.91445 5
    endloop
  endfacet
  facet normal -0.973879 -0.227069 0
    outer loop
      vertex -9.65926 -2.58819 5
      vertex -9.80785 -1.9509 14
      vertex -9.80785 -1.9509 5
    endloop
  endfacet
  facet normal -0.973879 -0.227069 0
    outer loop
      vertex -9.80785 -1.9509 14
      vertex -9.65926 -2.58819 5
      vertex -9.65926 -2.58819 14
    endloop
  endfacet
  facet normal 0.729865 -0.683592 0
    outer loop
      vertex 7.07107 -7.07107 14
      vertex 7.5184 -6.59346 5
      vertex 7.5184 -6.59346 14
    endloop
  endfacet
  facet normal 0.729865 -0.683592 0
    outer loop
      vertex 7.5184 -6.59346 5
      vertex 7.07107 -7.07107 14
      vertex 7.07107 -7.07107 5
    endloop
  endfacet
  facet normal -0.582486 0.81284 0
    outer loop
      vertex -5.5557 8.3147 5
      vertex -6.08761 7.93353 14
      vertex -5.5557 8.3147 14
    endloop
  endfacet
  facet normal -0.582486 0.81284 0
    outer loop
      vertex -6.08761 7.93353 14
      vertex -5.5557 8.3147 5
      vertex -6.08761 7.93353 5
    endloop
  endfacet
  facet normal 0.973879 0.227069 0
    outer loop
      vertex 9.80785 1.9509 14
      vertex 9.65926 2.58819 5
      vertex 9.65926 2.58819 14
    endloop
  endfacet
  facet normal 0.973879 0.227069 0
    outer loop
      vertex 9.65926 2.58819 5
      vertex 9.80785 1.9509 14
      vertex 9.80785 1.9509 5
    endloop
  endfacet
  facet normal -0.227069 0.973879 0
    outer loop
      vertex -1.9509 9.80785 5
      vertex -2.58819 9.65926 14
      vertex -1.9509 9.80785 14
    endloop
  endfacet
  facet normal -0.227069 0.973879 0
    outer loop
      vertex -2.58819 9.65926 14
      vertex -1.9509 9.80785 5
      vertex -2.58819 9.65926 5
    endloop
  endfacet
  facet normal 0.683592 0.729865 -0
    outer loop
      vertex 7.07107 7.07107 5
      vertex 6.59346 7.5184 14
      vertex 7.07107 7.07107 14
    endloop
  endfacet
  facet normal 0.683592 0.729865 0
    outer loop
      vertex 6.59346 7.5184 14
      vertex 7.07107 7.07107 5
      vertex 6.59346 7.5184 5
    endloop
  endfacet
  facet normal 0.582486 0.81284 -0
    outer loop
      vertex 6.08761 7.93353 5
      vertex 5.5557 8.3147 14
      vertex 6.08761 7.93353 14
    endloop
  endfacet
  facet normal 0.582486 0.81284 0
    outer loop
      vertex 5.5557 8.3147 14
      vertex 6.08761 7.93353 5
      vertex 5.5557 8.3147 5
    endloop
  endfacet
  facet normal 0.999465 -0.0327179 0
    outer loop
      vertex 9.97859 -0.654031 14
      vertex 10 0 5
      vertex 10 0 14
    endloop
  endfacet
  facet normal 0.999465 -0.0327179 0
    outer loop
      vertex 10 0 5
      vertex 9.97859 -0.654031 14
      vertex 9.97859 -0.654031 5
    endloop
  endfacet
  facet normal 0.412705 -0.910865 0
    outer loop
      vertex 3.82683 -9.2388 5
      vertex 4.42289 -8.96873 14
      vertex 3.82683 -9.2388 14
    endloop
  endfacet
  facet normal 0.412705 -0.910865 0
    outer loop
      vertex 4.42289 -8.96873 14
      vertex 3.82683 -9.2388 5
      vertex 4.42289 -8.96873 5
    endloop
  endfacet
  facet normal 0.227069 -0.973879 0
    outer loop
      vertex 1.9509 -9.80785 5
      vertex 2.58819 -9.65926 14
      vertex 1.9509 -9.80785 14
    endloop
  endfacet
  facet normal 0.227069 -0.973879 0
    outer loop
      vertex 2.58819 -9.65926 14
      vertex 1.9509 -9.80785 5
      vertex 2.58819 -9.65926 5
    endloop
  endfacet
  facet normal -0.683592 0.729865 0
    outer loop
      vertex -6.59346 7.5184 5
      vertex -7.07107 7.07107 14
      vertex -6.59346 7.5184 14
    endloop
  endfacet
  facet normal -0.683592 0.729865 0
    outer loop
      vertex -7.07107 7.07107 14
      vertex -6.59346 7.5184 5
      vertex -7.07107 7.07107 5
    endloop
  endfacet
  facet normal 0.412705 0.910865 -0
    outer loop
      vertex 4.42289 8.96873 5
      vertex 3.82683 9.2388 14
      vertex 4.42289 8.96873 14
    endloop
  endfacet
  facet normal 0.412705 0.910865 0
    outer loop
      vertex 3.82683 9.2388 14
      vertex 4.42289 8.96873 5
      vertex 3.82683 9.2388 5
    endloop
  endfacet
  facet normal 0.81284 0.582486 0
    outer loop
      vertex 8.3147 5.5557 14
      vertex 7.93353 6.08761 5
      vertex 7.93353 6.08761 14
    endloop
  endfacet
  facet normal 0.81284 0.582486 0
    outer loop
      vertex 7.93353 6.08761 5
      vertex 8.3147 5.5557 14
      vertex 8.3147 5.5557 5
    endloop
  endfacet
  facet normal 0.162902 -0.986642 0
    outer loop
      vertex 1.30526 -9.91445 5
      vertex 1.9509 -9.80785 14
      vertex 1.30526 -9.91445 14
    endloop
  endfacet
  facet normal 0.162902 -0.986642 0
    outer loop
      vertex 1.9509 -9.80785 14
      vertex 1.30526 -9.91445 5
      vertex 1.9509 -9.80785 5
    endloop
  endfacet
  facet normal -0.0980164 0.995185 0
    outer loop
      vertex -0.654031 9.97859 5
      vertex -1.30526 9.91445 14
      vertex -0.654031 9.97859 14
    endloop
  endfacet
  facet normal -0.0980164 0.995185 0
    outer loop
      vertex -1.30526 9.91445 14
      vertex -0.654031 9.97859 5
      vertex -1.30526 9.91445 5
    endloop
  endfacet
  facet normal 0.881916 0.471407 0
    outer loop
      vertex 8.96873 4.42289 14
      vertex 8.66025 5 5
      vertex 8.66025 5 14
    endloop
  endfacet
  facet normal 0.881916 0.471407 0
    outer loop
      vertex 8.66025 5 5
      vertex 8.96873 4.42289 14
      vertex 8.96873 4.42289 5
    endloop
  endfacet
  facet normal -0.412705 0.910865 0
    outer loop
      vertex -3.82683 9.2388 5
      vertex -4.42289 8.96873 14
      vertex -3.82683 9.2388 14
    endloop
  endfacet
  facet normal -0.412705 0.910865 0
    outer loop
      vertex -4.42289 8.96873 14
      vertex -3.82683 9.2388 5
      vertex -4.42289 8.96873 5
    endloop
  endfacet
  facet normal 0.849207 -0.528061 0
    outer loop
      vertex 8.3147 -5.5557 14
      vertex 8.66025 -5 5
      vertex 8.66025 -5 14
    endloop
  endfacet
  facet normal 0.849207 -0.528061 0
    outer loop
      vertex 8.66025 -5 5
      vertex 8.3147 -5.5557 14
      vertex 8.3147 -5.5557 5
    endloop
  endfacet
  facet normal 0.986642 -0.162902 0
    outer loop
      vertex 9.80785 -1.9509 14
      vertex 9.91445 -1.30526 5
      vertex 9.91445 -1.30526 14
    endloop
  endfacet
  facet normal 0.986642 -0.162902 0
    outer loop
      vertex 9.91445 -1.30526 5
      vertex 9.80785 -1.9509 14
      vertex 9.80785 -1.9509 5
    endloop
  endfacet
  facet normal 0.956939 0.290291 0
    outer loop
      vertex 9.65926 2.58819 14
      vertex 9.4693 3.21439 5
      vertex 9.4693 3.21439 14
    endloop
  endfacet
  facet normal 0.956939 0.290291 0
    outer loop
      vertex 9.4693 3.21439 5
      vertex 9.65926 2.58819 14
      vertex 9.65926 2.58819 5
    endloop
  endfacet
  facet normal -0.995185 0.0980164 0
    outer loop
      vertex -9.97859 0.654031 5
      vertex -9.91445 1.30526 14
      vertex -9.91445 1.30526 5
    endloop
  endfacet
  facet normal -0.995185 0.0980164 0
    outer loop
      vertex -9.91445 1.30526 14
      vertex -9.97859 0.654031 5
      vertex -9.97859 0.654031 14
    endloop
  endfacet
  facet normal 0.956939 -0.290291 0
    outer loop
      vertex 9.4693 -3.21439 14
      vertex 9.65926 -2.58819 5
      vertex 9.65926 -2.58819 14
    endloop
  endfacet
  facet normal 0.956939 -0.290291 0
    outer loop
      vertex 9.65926 -2.58819 5
      vertex 9.4693 -3.21439 14
      vertex 9.4693 -3.21439 5
    endloop
  endfacet
  facet normal -0.986642 -0.162902 0
    outer loop
      vertex -9.80785 -1.9509 5
      vertex -9.91445 -1.30526 14
      vertex -9.91445 -1.30526 5
    endloop
  endfacet
  facet normal -0.986642 -0.162902 0
    outer loop
      vertex -9.91445 -1.30526 14
      vertex -9.80785 -1.9509 5
      vertex -9.80785 -1.9509 14
    endloop
  endfacet
  facet normal -0.471407 -0.881916 0
    outer loop
      vertex -5 -8.66025 5
      vertex -4.42289 -8.96873 14
      vertex -5 -8.66025 14
    endloop
  endfacet
  facet normal -0.471407 -0.881916 -0
    outer loop
      vertex -4.42289 -8.96873 14
      vertex -5 -8.66025 5
      vertex -4.42289 -8.96873 5
    endloop
  endfacet
  facet normal 0.0327179 -0.999465 0
    outer loop
      vertex 0 -10 5
      vertex 0.654031 -9.97859 14
      vertex 0 -10 14
    endloop
  endfacet
  facet normal 0.0327179 -0.999465 0
    outer loop
      vertex 0.654031 -9.97859 14
      vertex 0 -10 5
      vertex 0.654031 -9.97859 5
    endloop
  endfacet
  facet normal -0.910865 -0.412705 0
    outer loop
      vertex -8.96873 -4.42289 5
      vertex -9.2388 -3.82683 14
      vertex -9.2388 -3.82683 5
    endloop
  endfacet
  facet normal -0.910865 -0.412705 0
    outer loop
      vertex -9.2388 -3.82683 14
      vertex -8.96873 -4.42289 5
      vertex -8.96873 -4.42289 14
    endloop
  endfacet
  facet normal 0.881916 -0.471407 0
    outer loop
      vertex 8.66025 -5 14
      vertex 8.96873 -4.42289 5
      vertex 8.96873 -4.42289 14
    endloop
  endfacet
  facet normal 0.881916 -0.471407 0
    outer loop
      vertex 8.96873 -4.42289 5
      vertex 8.66025 -5 14
      vertex 8.66025 -5 5
    endloop
  endfacet
  facet normal 0.729865 0.683592 0
    outer loop
      vertex 7.5184 6.59346 14
      vertex 7.07107 7.07107 5
      vertex 7.07107 7.07107 14
    endloop
  endfacet
  facet normal 0.729865 0.683592 0
    outer loop
      vertex 7.07107 7.07107 5
      vertex 7.5184 6.59346 14
      vertex 7.5184 6.59346 5
    endloop
  endfacet
  facet normal -0.227069 -0.973879 0
    outer loop
      vertex -2.58819 -9.65926 5
      vertex -1.9509 -9.80785 14
      vertex -2.58819 -9.65926 14
    endloop
  endfacet
  facet normal -0.227069 -0.973879 -0
    outer loop
      vertex -1.9509 -9.80785 14
      vertex -2.58819 -9.65926 5
      vertex -1.9509 -9.80785 5
    endloop
  endfacet
  facet normal 0.352242 0.935909 -0
    outer loop
      vertex 3.82683 9.2388 5
      vertex 3.21439 9.4693 14
      vertex 3.82683 9.2388 14
    endloop
  endfacet
  facet normal 0.352242 0.935909 0
    outer loop
      vertex 3.21439 9.4693 14
      vertex 3.82683 9.2388 5
      vertex 3.21439 9.4693 5
    endloop
  endfacet
  facet normal 0.935909 0.352242 0
    outer loop
      vertex 9.4693 3.21439 14
      vertex 9.2388 3.82683 5
      vertex 9.2388 3.82683 14
    endloop
  endfacet
  facet normal 0.935909 0.352242 0
    outer loop
      vertex 9.2388 3.82683 5
      vertex 9.4693 3.21439 14
      vertex 9.4693 3.21439 5
    endloop
  endfacet
  facet normal 0.773018 -0.634384 0
    outer loop
      vertex 7.5184 -6.59346 14
      vertex 7.93353 -6.08761 5
      vertex 7.93353 -6.08761 14
    endloop
  endfacet
  facet normal 0.773018 -0.634384 0
    outer loop
      vertex 7.93353 -6.08761 5
      vertex 7.5184 -6.59346 14
      vertex 7.5184 -6.59346 5
    endloop
  endfacet
  facet normal -0.352242 -0.935909 0
    outer loop
      vertex -3.82683 -9.2388 5
      vertex -3.21439 -9.4693 14
      vertex -3.82683 -9.2388 14
    endloop
  endfacet
  facet normal -0.352242 -0.935909 -0
    outer loop
      vertex -3.21439 -9.4693 14
      vertex -3.82683 -9.2388 5
      vertex -3.21439 -9.4693 5
    endloop
  endfacet
  facet normal 0.352242 -0.935909 0
    outer loop
      vertex 3.21439 -9.4693 5
      vertex 3.82683 -9.2388 14
      vertex 3.21439 -9.4693 14
    endloop
  endfacet
  facet normal 0.352242 -0.935909 0
    outer loop
      vertex 3.82683 -9.2388 14
      vertex 3.21439 -9.4693 5
      vertex 3.82683 -9.2388 5
    endloop
  endfacet
  facet normal -0.849207 0.528061 0
    outer loop
      vertex -8.66025 5 5
      vertex -8.3147 5.5557 14
      vertex -8.3147 5.5557 5
    endloop
  endfacet
  facet normal -0.849207 0.528061 0
    outer loop
      vertex -8.3147 5.5557 14
      vertex -8.66025 5 5
      vertex -8.66025 5 14
    endloop
  endfacet
  facet normal 0.910865 0.412705 0
    outer loop
      vertex 9.2388 3.82683 14
      vertex 8.96873 4.42289 5
      vertex 8.96873 4.42289 14
    endloop
  endfacet
  facet normal 0.910865 0.412705 0
    outer loop
      vertex 8.96873 4.42289 5
      vertex 9.2388 3.82683 14
      vertex 9.2388 3.82683 5
    endloop
  endfacet
  facet normal -0.471407 0.881916 0
    outer loop
      vertex -4.42289 8.96873 5
      vertex -5 8.66025 14
      vertex -4.42289 8.96873 14
    endloop
  endfacet
  facet normal -0.471407 0.881916 0
    outer loop
      vertex -5 8.66025 14
      vertex -4.42289 8.96873 5
      vertex -5 8.66025 5
    endloop
  endfacet
  facet normal 0.0327179 0.999465 -0
    outer loop
      vertex 0.654031 9.97859 5
      vertex 0 10 14
      vertex 0.654031 9.97859 14
    endloop
  endfacet
  facet normal 0.0327179 0.999465 0
    outer loop
      vertex 0 10 14
      vertex 0.654031 9.97859 5
      vertex 0 10 5
    endloop
  endfacet
  facet normal 0.773018 0.634384 0
    outer loop
      vertex 7.93353 6.08761 14
      vertex 7.5184 6.59346 5
      vertex 7.5184 6.59346 14
    endloop
  endfacet
  facet normal 0.773018 0.634384 0
    outer loop
      vertex 7.5184 6.59346 5
      vertex 7.93353 6.08761 14
      vertex 7.93353 6.08761 5
    endloop
  endfacet
  facet normal -0.849207 -0.528061 0
    outer loop
      vertex -8.3147 -5.5557 5
      vertex -8.66025 -5 14
      vertex -8.66025 -5 5
    endloop
  endfacet
  facet normal -0.849207 -0.528061 0
    outer loop
      vertex -8.66025 -5 14
      vertex -8.3147 -5.5557 5
      vertex -8.3147 -5.5557 14
    endloop
  endfacet
  facet normal -0.910865 0.412705 0
    outer loop
      vertex -9.2388 3.82683 5
      vertex -8.96873 4.42289 14
      vertex -8.96873 4.42289 5
    endloop
  endfacet
  facet normal -0.910865 0.412705 0
    outer loop
      vertex -8.96873 4.42289 14
      vertex -9.2388 3.82683 5
      vertex -9.2388 3.82683 14
    endloop
  endfacet
  facet normal -0.81284 -0.582486 0
    outer loop
      vertex -7.93353 -6.08761 5
      vertex -8.3147 -5.5557 14
      vertex -8.3147 -5.5557 5
    endloop
  endfacet
  facet normal -0.81284 -0.582486 0
    outer loop
      vertex -8.3147 -5.5557 14
      vertex -7.93353 -6.08761 5
      vertex -7.93353 -6.08761 14
    endloop
  endfacet
  facet normal 0.81284 -0.582486 0
    outer loop
      vertex 7.93353 -6.08761 14
      vertex 8.3147 -5.5557 5
      vertex 8.3147 -5.5557 14
    endloop
  endfacet
  facet normal 0.81284 -0.582486 0
    outer loop
      vertex 8.3147 -5.5557 5
      vertex 7.93353 -6.08761 14
      vertex 7.93353 -6.08761 5
    endloop
  endfacet
  facet normal 0.471407 0.881916 -0
    outer loop
      vertex 5 8.66025 5
      vertex 4.42289 8.96873 14
      vertex 5 8.66025 14
    endloop
  endfacet
  facet normal 0.471407 0.881916 0
    outer loop
      vertex 4.42289 8.96873 14
      vertex 5 8.66025 5
      vertex 4.42289 8.96873 5
    endloop
  endfacet
  facet normal -0.935909 0.352242 0
    outer loop
      vertex -9.4693 3.21439 5
      vertex -9.2388 3.82683 14
      vertex -9.2388 3.82683 5
    endloop
  endfacet
  facet normal -0.935909 0.352242 0
    outer loop
      vertex -9.2388 3.82683 14
      vertex -9.4693 3.21439 5
      vertex -9.4693 3.21439 14
    endloop
  endfacet
  facet normal 0.634384 0.773018 -0
    outer loop
      vertex 6.59346 7.5184 5
      vertex 6.08761 7.93353 14
      vertex 6.59346 7.5184 14
    endloop
  endfacet
  facet normal 0.634384 0.773018 0
    outer loop
      vertex 6.08761 7.93353 14
      vertex 6.59346 7.5184 5
      vertex 6.08761 7.93353 5
    endloop
  endfacet
  facet normal -0.881916 -0.471407 0
    outer loop
      vertex -8.66025 -5 5
      vertex -8.96873 -4.42289 14
      vertex -8.96873 -4.42289 5
    endloop
  endfacet
  facet normal -0.881916 -0.471407 0
    outer loop
      vertex -8.96873 -4.42289 14
      vertex -8.66025 -5 5
      vertex -8.66025 -5 14
    endloop
  endfacet
  facet normal 0.995185 -0.0980164 0
    outer loop
      vertex 9.91445 -1.30526 14
      vertex 9.97859 -0.654031 5
      vertex 9.97859 -0.654031 14
    endloop
  endfacet
  facet normal 0.995185 -0.0980164 0
    outer loop
      vertex 9.97859 -0.654031 5
      vertex 9.91445 -1.30526 14
      vertex 9.91445 -1.30526 5
    endloop
  endfacet
  facet normal -0.634384 -0.773018 0
    outer loop
      vertex -6.59346 -7.5184 5
      vertex -6.08761 -7.93353 14
      vertex -6.59346 -7.5184 14
    endloop
  endfacet
  facet normal -0.634384 -0.773018 -0
    outer loop
      vertex -6.08761 -7.93353 14
      vertex -6.59346 -7.5184 5
      vertex -6.08761 -7.93353 5
    endloop
  endfacet
  facet normal -0.956939 -0.290291 0
    outer loop
      vertex -9.4693 -3.21439 5
      vertex -9.65926 -2.58819 14
      vertex -9.65926 -2.58819 5
    endloop
  endfacet
  facet normal -0.956939 -0.290291 0
    outer loop
      vertex -9.65926 -2.58819 14
      vertex -9.4693 -3.21439 5
      vertex -9.4693 -3.21439 14
    endloop
  endfacet
  facet normal 0.290291 0.956939 -0
    outer loop
      vertex 3.21439 9.4693 5
      vertex 2.58819 9.65926 14
      vertex 3.21439 9.4693 14
    endloop
  endfacet
  facet normal 0.290291 0.956939 0
    outer loop
      vertex 2.58819 9.65926 14
      vertex 3.21439 9.4693 5
      vertex 2.58819 9.65926 5
    endloop
  endfacet
  facet normal 0.528061 -0.849207 0
    outer loop
      vertex 5 -8.66025 5
      vertex 5.5557 -8.3147 14
      vertex 5 -8.66025 14
    endloop
  endfacet
  facet normal 0.528061 -0.849207 0
    outer loop
      vertex 5.5557 -8.3147 14
      vertex 5 -8.66025 5
      vertex 5.5557 -8.3147 5
    endloop
  endfacet
  facet normal -0.986642 0.162902 0
    outer loop
      vertex -9.91445 1.30526 5
      vertex -9.80785 1.9509 14
      vertex -9.80785 1.9509 5
    endloop
  endfacet
  facet normal -0.986642 0.162902 0
    outer loop
      vertex -9.80785 1.9509 14
      vertex -9.91445 1.30526 5
      vertex -9.91445 1.30526 14
    endloop
  endfacet
  facet normal -0.290291 0.956939 0
    outer loop
      vertex -2.58819 9.65926 5
      vertex -3.21439 9.4693 14
      vertex -2.58819 9.65926 14
    endloop
  endfacet
  facet normal -0.290291 0.956939 0
    outer loop
      vertex -3.21439 9.4693 14
      vertex -2.58819 9.65926 5
      vertex -3.21439 9.4693 5
    endloop
  endfacet
  facet normal 0.227069 0.973879 -0
    outer loop
      vertex 2.58819 9.65926 5
      vertex 1.9509 9.80785 14
      vertex 2.58819 9.65926 14
    endloop
  endfacet
  facet normal 0.227069 0.973879 0
    outer loop
      vertex 1.9509 9.80785 14
      vertex 2.58819 9.65926 5
      vertex 1.9509 9.80785 5
    endloop
  endfacet
  facet normal -0.881916 0.471407 0
    outer loop
      vertex -8.96873 4.42289 5
      vertex -8.66025 5 14
      vertex -8.66025 5 5
    endloop
  endfacet
  facet normal -0.881916 0.471407 0
    outer loop
      vertex -8.66025 5 14
      vertex -8.96873 4.42289 5
      vertex -8.96873 4.42289 14
    endloop
  endfacet
  facet normal 0.683592 -0.729865 0
    outer loop
      vertex 6.59346 -7.5184 5
      vertex 7.07107 -7.07107 14
      vertex 6.59346 -7.5184 14
    endloop
  endfacet
  facet normal 0.683592 -0.729865 0
    outer loop
      vertex 7.07107 -7.07107 14
      vertex 6.59346 -7.5184 5
      vertex 7.07107 -7.07107 5
    endloop
  endfacet
  facet normal -0.634384 0.773018 0
    outer loop
      vertex -6.08761 7.93353 5
      vertex -6.59346 7.5184 14
      vertex -6.08761 7.93353 14
    endloop
  endfacet
  facet normal -0.634384 0.773018 0
    outer loop
      vertex -6.59346 7.5184 14
      vertex -6.08761 7.93353 5
      vertex -6.59346 7.5184 5
    endloop
  endfacet
  facet normal -0.162902 -0.986642 0
    outer loop
      vertex -1.9509 -9.80785 5
      vertex -1.30526 -9.91445 14
      vertex -1.9509 -9.80785 14
    endloop
  endfacet
  facet normal -0.162902 -0.986642 -0
    outer loop
      vertex -1.30526 -9.91445 14
      vertex -1.9509 -9.80785 5
      vertex -1.30526 -9.91445 5
    endloop
  endfacet
  facet normal 0.471407 -0.881916 0
    outer loop
      vertex 4.42289 -8.96873 5
      vertex 5 -8.66025 14
      vertex 4.42289 -8.96873 14
    endloop
  endfacet
  facet normal 0.471407 -0.881916 0
    outer loop
      vertex 5 -8.66025 14
      vertex 4.42289 -8.96873 5
      vertex 5 -8.66025 5
    endloop
  endfacet
  facet normal -0.956939 0.290291 0
    outer loop
      vertex -9.65926 2.58819 5
      vertex -9.4693 3.21439 14
      vertex -9.4693 3.21439 5
    endloop
  endfacet
  facet normal -0.956939 0.290291 0
    outer loop
      vertex -9.4693 3.21439 14
      vertex -9.65926 2.58819 5
      vertex -9.65926 2.58819 14
    endloop
  endfacet
  facet normal 0.973879 -0.227069 0
    outer loop
      vertex 9.65926 -2.58819 14
      vertex 9.80785 -1.9509 5
      vertex 9.80785 -1.9509 14
    endloop
  endfacet
  facet normal 0.973879 -0.227069 0
    outer loop
      vertex 9.80785 -1.9509 5
      vertex 9.65926 -2.58819 14
      vertex 9.65926 -2.58819 5
    endloop
  endfacet
  facet normal -0.973879 0.227069 0
    outer loop
      vertex -9.80785 1.9509 5
      vertex -9.65926 2.58819 14
      vertex -9.65926 2.58819 5
    endloop
  endfacet
  facet normal -0.973879 0.227069 0
    outer loop
      vertex -9.65926 2.58819 14
      vertex -9.80785 1.9509 5
      vertex -9.80785 1.9509 14
    endloop
  endfacet
  facet normal -0.999465 0.0327179 0
    outer loop
      vertex -10 0 5
      vertex -9.97859 0.654031 14
      vertex -9.97859 0.654031 5
    endloop
  endfacet
  facet normal -0.999465 0.0327179 0
    outer loop
      vertex -9.97859 0.654031 14
      vertex -10 0 5
      vertex -10 0 14
    endloop
  endfacet
  facet normal -0.773018 -0.634384 0
    outer loop
      vertex -7.5184 -6.59346 5
      vertex -7.93353 -6.08761 14
      vertex -7.93353 -6.08761 5
    endloop
  endfacet
  facet normal -0.773018 -0.634384 0
    outer loop
      vertex -7.93353 -6.08761 14
      vertex -7.5184 -6.59346 5
      vertex -7.5184 -6.59346 14
    endloop
  endfacet
  facet normal -0.162902 0.986642 0
    outer loop
      vertex -1.30526 9.91445 5
      vertex -1.9509 9.80785 14
      vertex -1.30526 9.91445 14
    endloop
  endfacet
  facet normal -0.162902 0.986642 0
    outer loop
      vertex -1.9509 9.80785 14
      vertex -1.30526 9.91445 5
      vertex -1.9509 9.80785 5
    endloop
  endfacet
  facet normal 0 0 1
    outer loop
      vertex 8.5 0 14
      vertex 10 0 14
      vertex 9.97859 0.654031 14
    endloop
  endfacet
  facet normal 0 0 1
    outer loop
      vertex 8.4818 0.555926 14
      vertex 9.97859 0.654031 14
      vertex 9.91445 1.30526 14
    endloop
  endfacet
  facet normal 0 0 1
    outer loop
      vertex 10 0 14
      vertex 8.5 0 14
      vertex 9.97859 -0.654031 14
    endloop
  endfacet
  facet normal 0 0 1
    outer loop
      vertex 8.42728 1.10947 14
      vertex 9.91445 1.30526 14
      vertex 9.80785 1.9509 14
    endloop
  endfacet
  facet normal -0 0 1
    outer loop
      vertex 8.4818 -0.555926 14
      vertex 9.97859 -0.654031 14
      vertex 8.5 0 14
    endloop
  endfacet
  facet normal 0 0 1
    outer loop
      vertex 8.33667 1.65827 14
      vertex 9.80785 1.9509 14
      vertex 9.65926 2.58819 14
    endloop
  endfacet
  facet normal 0 0 1
    outer loop
      vertex 9.97859 -0.654031 14
      vertex 8.4818 -0.555926 14
      vertex 9.91445 -1.30526 14
    endloop
  endfacet
  facet normal 0 0 1
    outer loop
      vertex 8.21037 2.19996 14
      vertex 9.65926 2.58819 14
      vertex 9.4693 3.21439 14
    endloop
  endfacet
  facet normal -0 0 1
    outer loop
      vertex 8.42728 -1.10947 14
      vertex 9.91445 -1.30526 14
      vertex 8.4818 -0.555926 14
    endloop
  endfacet
  facet normal 0 0 1
    outer loop
      vertex 8.04891 2.73223 14
      vertex 9.4693 3.21439 14
      vertex 9.2388 3.82683 14
    endloop
  endfacet
  facet normal 0 0 1
    outer loop
      vertex 9.91445 -1.30526 14
      vertex 8.42728 -1.10947 14
      vertex 9.80785 -1.9509 14
    endloop
  endfacet
  facet normal 0 0 1
    outer loop
      vertex 7.85298 3.25281 14
      vertex 9.2388 3.82683 14
      vertex 8.96873 4.42289 14
    endloop
  endfacet
  facet normal -0 0 1
    outer loop
      vertex 8.33667 -1.65827 14
      vertex 9.80785 -1.9509 14
      vertex 8.42728 -1.10947 14
    endloop
  endfacet
  facet normal 0 0 1
    outer loop
      vertex 7.62342 3.75945 14
      vertex 8.96873 4.42289 14
      vertex 8.66025 5 14
    endloop
  endfacet
  facet normal 0 0 1
    outer loop
      vertex 9.80785 -1.9509 14
      vertex 8.33667 -1.65827 14
      vertex 9.65926 -2.58819 14
    endloop
  endfacet
  facet normal -0 0 1
    outer loop
      vertex 8.21037 -2.19996 14
      vertex 9.65926 -2.58819 14
      vertex 8.33667 -1.65827 14
    endloop
  endfacet
  facet normal 0 0 1
    outer loop
      vertex 9.97859 0.654031 14
      vertex 8.4818 0.555926 14
      vertex 8.5 0 14
    endloop
  endfacet
  facet normal 0 0 1
    outer loop
      vertex 9.91445 1.30526 14
      vertex 8.42728 1.10947 14
      vertex 8.4818 0.555926 14
    endloop
  endfacet
  facet normal 0 0 1
    outer loop
      vertex 9.80785 1.9509 14
      vertex 8.33667 1.65827 14
      vertex 8.42728 1.10947 14
    endloop
  endfacet
  facet normal 0 0 1
    outer loop
      vertex 7.36122 4.25 14
      vertex 8.66025 5 14
      vertex 8.3147 5.5557 14
    endloop
  endfacet
  facet normal 0 0 1
    outer loop
      vertex 9.65926 2.58819 14
      vertex 8.21037 2.19996 14
      vertex 8.33667 1.65827 14
    endloop
  endfacet
  facet normal 0 0 1
    outer loop
      vertex 9.4693 3.21439 14
      vertex 8.04891 2.73223 14
      vertex 8.21037 2.19996 14
    endloop
  endfacet
  facet normal 0 0 1
    outer loop
      vertex 7.06749 4.72235 14
      vertex 8.3147 5.5557 14
      vertex 7.93353 6.08761 14
    endloop
  endfacet
  facet normal 0 0 1
    outer loop
      vertex 9.2388 3.82683 14
      vertex 7.85298 3.25281 14
      vertex 8.04891 2.73223 14
    endloop
  endfacet
  facet normal 0 0 1
    outer loop
      vertex 8.96873 4.42289 14
      vertex 7.62342 3.75945 14
      vertex 7.85298 3.25281 14
    endloop
  endfacet
  facet normal 0 0 1
    outer loop
      vertex 6.7435 5.17447 14
      vertex 7.93353 6.08761 14
      vertex 7.5184 6.59346 14
    endloop
  endfacet
  facet normal 0 0 1
    outer loop
      vertex 8.66025 5 14
      vertex 7.36122 4.25 14
      vertex 7.62342 3.75945 14
    endloop
  endfacet
  facet normal 0 0 1
    outer loop
      vertex 6.39064 5.60444 14
      vertex 7.5184 6.59346 14
      vertex 7.07107 7.07107 14
    endloop
  endfacet
  facet normal 0 0 1
    outer loop
      vertex 8.3147 5.5557 14
      vertex 7.06749 4.72235 14
      vertex 7.36122 4.25 14
    endloop
  endfacet
  facet normal 0 0 1
    outer loop
      vertex 7.93353 6.08761 14
      vertex 6.7435 5.17447 14
      vertex 7.06749 4.72235 14
    endloop
  endfacet
  facet normal 0 0 1
    outer loop
      vertex 6.01041 6.01041 14
      vertex 7.07107 7.07107 14
      vertex 6.59346 7.5184 14
    endloop
  endfacet
  facet normal 0 0 1
    outer loop
      vertex 7.5184 6.59346 14
      vertex 6.39064 5.60444 14
      vertex 6.7435 5.17447 14
    endloop
  endfacet
  facet normal 0 0 1
    outer loop
      vertex 5.60444 6.39064 14
      vertex 6.59346 7.5184 14
      vertex 6.08761 7.93353 14
    endloop
  endfacet
  facet normal 0 0 1
    outer loop
      vertex 7.07107 7.07107 14
      vertex 6.01041 6.01041 14
      vertex 6.39064 5.60444 14
    endloop
  endfacet
  facet normal 0 0 1
    outer loop
      vertex 6.59346 7.5184 14
      vertex 5.60444 6.39064 14
      vertex 6.01041 6.01041 14
    endloop
  endfacet
  facet normal 0 0 1
    outer loop
      vertex 5.17447 6.7435 14
      vertex 6.08761 7.93353 14
      vertex 5.5557 8.3147 14
    endloop
  endfacet
  facet normal 0 0 1
    outer loop
      vertex 6.08761 7.93353 14
      vertex 5.17447 6.7435 14
      vertex 5.60444 6.39064 14
    endloop
  endfacet
  facet normal 0 0 1
    outer loop
      vertex 4.72235 7.06749 14
      vertex 5.5557 8.3147 14
      vertex 5 8.66025 14
    endloop
  endfacet
  facet normal 0 0 1
    outer loop
      vertex 5.5557 8.3147 14
      vertex 4.72235 7.06749 14
      vertex 5.17447 6.7435 14
    endloop
  endfacet
  facet normal 0 0 1
    outer loop
      vertex 4.25 7.36122 14
      vertex 5 8.66025 14
      vertex 4.42289 8.96873 14
    endloop
  endfacet
  facet normal 0 0 1
    outer loop
      vertex 5 8.66025 14
      vertex 4.25 7.36122 14
      vertex 4.72235 7.06749 14
    endloop
  endfacet
  facet normal 0 0 1
    outer loop
      vertex 3.75945 7.62342 14
      vertex 4.42289 8.96873 14
      vertex 3.82683 9.2388 14
    endloop
  endfacet
  facet normal 0 0 1
    outer loop
      vertex 4.42289 8.96873 14
      vertex 3.75945 7.62342 14
      vertex 4.25 7.36122 14
    endloop
  endfacet
  facet normal 0 0 1
    outer loop
      vertex 3.82683 9.2388 14
      vertex 3.25281 7.85298 14
      vertex 3.75945 7.62342 14
    endloop
  endfacet
  facet normal 0 0 1
    outer loop
      vertex 3.21439 9.4693 14
      vertex 3.25281 7.85298 14
      vertex 3.82683 9.2388 14
    endloop
  endfacet
  facet normal 0 0 1
    outer loop
      vertex 3.21439 9.4693 14
      vertex 2.73223 8.04891 14
      vertex 3.25281 7.85298 14
    endloop
  endfacet
  facet normal 0 0 1
    outer loop
      vertex 2.58819 9.65926 14
      vertex 2.73223 8.04891 14
      vertex 3.21439 9.4693 14
    endloop
  endfacet
  facet normal 0 0 1
    outer loop
      vertex 2.58819 9.65926 14
      vertex 2.19996 8.21037 14
      vertex 2.73223 8.04891 14
    endloop
  endfacet
  facet normal 0 0 1
    outer loop
      vertex 1.9509 9.80785 14
      vertex 2.19996 8.21037 14
      vertex 2.58819 9.65926 14
    endloop
  endfacet
  facet normal 0 0 1
    outer loop
      vertex 1.9509 9.80785 14
      vertex 1.65827 8.33667 14
      vertex 2.19996 8.21037 14
    endloop
  endfacet
  facet normal 0 0 1
    outer loop
      vertex 1.30526 9.91445 14
      vertex 1.65827 8.33667 14
      vertex 1.9509 9.80785 14
    endloop
  endfacet
  facet normal 0 0 1
    outer loop
      vertex 1.30526 9.91445 14
      vertex 1.10947 8.42728 14
      vertex 1.65827 8.33667 14
    endloop
  endfacet
  facet normal 0 0 1
    outer loop
      vertex 0.654031 9.97859 14
      vertex 1.10947 8.42728 14
      vertex 1.30526 9.91445 14
    endloop
  endfacet
  facet normal 0 0 1
    outer loop
      vertex 0.654031 9.97859 14
      vertex 0.555926 8.4818 14
      vertex 1.10947 8.42728 14
    endloop
  endfacet
  facet normal 0 0 1
    outer loop
      vertex 0 10 14
      vertex 0.555926 8.4818 14
      vertex 0.654031 9.97859 14
    endloop
  endfacet
  facet normal 0 0 1
    outer loop
      vertex 0 10 14
      vertex 0 8.5 14
      vertex 0.555926 8.4818 14
    endloop
  endfacet
  facet normal 0 0 1
    outer loop
      vertex 0 10 14
      vertex -0.555926 8.4818 14
      vertex 0 8.5 14
    endloop
  endfacet
  facet normal -0 0 1
    outer loop
      vertex -0.654031 9.97859 14
      vertex -0.555926 8.4818 14
      vertex 0 10 14
    endloop
  endfacet
  facet normal 0 0 1
    outer loop
      vertex -0.654031 9.97859 14
      vertex -1.10947 8.42728 14
      vertex -0.555926 8.4818 14
    endloop
  endfacet
  facet normal -0 0 1
    outer loop
      vertex -1.30526 9.91445 14
      vertex -1.10947 8.42728 14
      vertex -0.654031 9.97859 14
    endloop
  endfacet
  facet normal 0 0 1
    outer loop
      vertex -1.30526 9.91445 14
      vertex -1.65827 8.33667 14
      vertex -1.10947 8.42728 14
    endloop
  endfacet
  facet normal -0 0 1
    outer loop
      vertex -1.9509 9.80785 14
      vertex -1.65827 8.33667 14
      vertex -1.30526 9.91445 14
    endloop
  endfacet
  facet normal 0 0 1
    outer loop
      vertex -1.9509 9.80785 14
      vertex -2.19996 8.21037 14
      vertex -1.65827 8.33667 14
    endloop
  endfacet
  facet normal -0 0 1
    outer loop
      vertex -2.58819 9.65926 14
      vertex -2.19996 8.21037 14
      vertex -1.9509 9.80785 14
    endloop
  endfacet
  facet normal 0 0 1
    outer loop
      vertex -2.58819 9.65926 14
      vertex -2.73223 8.04891 14
      vertex -2.19996 8.21037 14
    endloop
  endfacet
  facet normal -0 0 1
    outer loop
      vertex -3.21439 9.4693 14
      vertex -2.73223 8.04891 14
      vertex -2.58819 9.65926 14
    endloop
  endfacet
  facet normal 0 0 1
    outer loop
      vertex -3.21439 9.4693 14
      vertex -3.25281 7.85298 14
      vertex -2.73223 8.04891 14
    endloop
  endfacet
  facet normal -0 0 1
    outer loop
      vertex -3.82683 9.2388 14
      vertex -3.25281 7.85298 14
      vertex -3.21439 9.4693 14
    endloop
  endfacet
  facet normal 0 0 1
    outer loop
      vertex -3.25281 7.85298 14
      vertex -3.82683 9.2388 14
      vertex -3.75945 7.62342 14
    endloop
  endfacet
  facet normal -0 0 1
    outer loop
      vertex -4.42289 8.96873 14
      vertex -3.75945 7.62342 14
      vertex -3.82683 9.2388 14
    endloop
  endfacet
  facet normal 0 0 1
    outer loop
      vertex -3.75945 7.62342 14
      vertex -4.42289 8.96873 14
      vertex -4.25 7.36122 14
    endloop
  endfacet
  facet normal -0 0 1
    outer loop
      vertex -5 8.66025 14
      vertex -4.25 7.36122 14
      vertex -4.42289 8.96873 14
    endloop
  endfacet
  facet normal 0 0 1
    outer loop
      vertex -4.25 7.36122 14
      vertex -5 8.66025 14
      vertex -4.72235 7.06749 14
    endloop
  endfacet
  facet normal -0 0 1
    outer loop
      vertex -5.5557 8.3147 14
      vertex -4.72235 7.06749 14
      vertex -5 8.66025 14
    endloop
  endfacet
  facet normal 0 0 1
    outer loop
      vertex -4.72235 7.06749 14
      vertex -5.5557 8.3147 14
      vertex -5.17447 6.7435 14
    endloop
  endfacet
  facet normal -0 0 1
    outer loop
      vertex -6.08761 7.93353 14
      vertex -5.17447 6.7435 14
      vertex -5.5557 8.3147 14
    endloop
  endfacet
  facet normal 0 0 1
    outer loop
      vertex -5.17447 6.7435 14
      vertex -6.08761 7.93353 14
      vertex -5.60444 6.39064 14
    endloop
  endfacet
  facet normal -0 0 1
    outer loop
      vertex -6.59346 7.5184 14
      vertex -5.60444 6.39064 14
      vertex -6.08761 7.93353 14
    endloop
  endfacet
  facet normal 0 0 1
    outer loop
      vertex -5.60444 6.39064 14
      vertex -6.59346 7.5184 14
      vertex -6.01041 6.01041 14
    endloop
  endfacet
  facet normal -0 0 1
    outer loop
      vertex -7.07107 7.07107 14
      vertex -6.01041 6.01041 14
      vertex -6.59346 7.5184 14
    endloop
  endfacet
  facet normal 0 0 1
    outer loop
      vertex -6.01041 6.01041 14
      vertex -7.07107 7.07107 14
      vertex -6.39064 5.60444 14
    endloop
  endfacet
  facet normal -0 0 1
    outer loop
      vertex -7.5184 6.59346 14
      vertex -6.39064 5.60444 14
      vertex -7.07107 7.07107 14
    endloop
  endfacet
  facet normal 0 0 1
    outer loop
      vertex -6.39064 5.60444 14
      vertex -7.5184 6.59346 14
      vertex -6.7435 5.17447 14
    endloop
  endfacet
  facet normal -0 0 1
    outer loop
      vertex -7.93353 6.08761 14
      vertex -6.7435 5.17447 14
      vertex -7.5184 6.59346 14
    endloop
  endfacet
  facet normal 0 0 1
    outer loop
      vertex -6.7435 5.17447 14
      vertex -7.93353 6.08761 14
      vertex -7.06749 4.72235 14
    endloop
  endfacet
  facet normal -0 0 1
    outer loop
      vertex -8.3147 5.5557 14
      vertex -7.06749 4.72235 14
      vertex -7.93353 6.08761 14
    endloop
  endfacet
  facet normal 0 0 1
    outer loop
      vertex -7.06749 4.72235 14
      vertex -8.3147 5.5557 14
      vertex -7.36122 4.25 14
    endloop
  endfacet
  facet normal -0 0 1
    outer loop
      vertex -8.66025 5 14
      vertex -7.36122 4.25 14
      vertex -8.3147 5.5557 14
    endloop
  endfacet
  facet normal 0 0 1
    outer loop
      vertex -7.36122 4.25 14
      vertex -8.66025 5 14
      vertex -7.62342 3.75945 14
    endloop
  endfacet
  facet normal -0 0 1
    outer loop
      vertex -8.96873 4.42289 14
      vertex -7.62342 3.75945 14
      vertex -8.66025 5 14
    endloop
  endfacet
  facet normal 0 0 1
    outer loop
      vertex -7.62342 3.75945 14
      vertex -8.96873 4.42289 14
      vertex -7.85298 3.25281 14
    endloop
  endfacet
  facet normal -0 0 1
    outer loop
      vertex -9.2388 3.82683 14
      vertex -7.85298 3.25281 14
      vertex -8.96873 4.42289 14
    endloop
  endfacet
  facet normal 0 0 1
    outer loop
      vertex -7.85298 3.25281 14
      vertex -9.2388 3.82683 14
      vertex -8.04891 2.73223 14
    endloop
  endfacet
  facet normal -0 0 1
    outer loop
      vertex -9.4693 3.21439 14
      vertex -8.04891 2.73223 14
      vertex -9.2388 3.82683 14
    endloop
  endfacet
  facet normal -0 0 1
    outer loop
      vertex -9.65926 2.58819 14
      vertex -8.21037 2.19996 14
      vertex -9.4693 3.21439 14
    endloop
  endfacet
  facet normal 0 0 1
    outer loop
      vertex -8.04891 2.73223 14
      vertex -9.4693 3.21439 14
      vertex -8.21037 2.19996 14
    endloop
  endfacet
  facet normal 0 0 1
    outer loop
      vertex 9.65926 -2.58819 14
      vertex 8.21037 -2.19996 14
      vertex 9.4693 -3.21439 14
    endloop
  endfacet
  facet normal -0 0 1
    outer loop
      vertex 8.04891 -2.73223 14
      vertex 9.4693 -3.21439 14
      vertex 8.21037 -2.19996 14
    endloop
  endfacet
  facet normal 0 0 1
    outer loop
      vertex 9.4693 -3.21439 14
      vertex 8.04891 -2.73223 14
      vertex 9.2388 -3.82683 14
    endloop
  endfacet
  facet normal -0 0 1
    outer loop
      vertex 7.85298 -3.25281 14
      vertex 9.2388 -3.82683 14
      vertex 8.04891 -2.73223 14
    endloop
  endfacet
  facet normal 0 0 1
    outer loop
      vertex 9.2388 -3.82683 14
      vertex 7.85298 -3.25281 14
      vertex 8.96873 -4.42289 14
    endloop
  endfacet
  facet normal -0 0 1
    outer loop
      vertex 7.62342 -3.75945 14
      vertex 8.96873 -4.42289 14
      vertex 7.85298 -3.25281 14
    endloop
  endfacet
  facet normal 0 0 1
    outer loop
      vertex 8.96873 -4.42289 14
      vertex 7.62342 -3.75945 14
      vertex 8.66025 -5 14
    endloop
  endfacet
  facet normal -0 0 1
    outer loop
      vertex 7.36122 -4.25 14
      vertex 8.66025 -5 14
      vertex 7.62342 -3.75945 14
    endloop
  endfacet
  facet normal 0 0 1
    outer loop
      vertex 8.66025 -5 14
      vertex 7.36122 -4.25 14
      vertex 8.3147 -5.5557 14
    endloop
  endfacet
  facet normal -0 0 1
    outer loop
      vertex 7.06749 -4.72235 14
      vertex 8.3147 -5.5557 14
      vertex 7.36122 -4.25 14
    endloop
  endfacet
  facet normal 0 0 1
    outer loop
      vertex 8.3147 -5.5557 14
      vertex 7.06749 -4.72235 14
      vertex 7.93353 -6.08761 14
    endloop
  endfacet
  facet normal -0 0 1
    outer loop
      vertex 6.7435 -5.17447 14
      vertex 7.93353 -6.08761 14
      vertex 7.06749 -4.72235 14
    endloop
  endfacet
  facet normal 0 0 1
    outer loop
      vertex 7.93353 -6.08761 14
      vertex 6.7435 -5.17447 14
      vertex 7.5184 -6.59346 14
    endloop
  endfacet
  facet normal -0 0 1
    outer loop
      vertex 6.39064 -5.60444 14
      vertex 7.5184 -6.59346 14
      vertex 6.7435 -5.17447 14
    endloop
  endfacet
  facet normal 0 0 1
    outer loop
      vertex 7.5184 -6.59346 14
      vertex 6.39064 -5.60444 14
      vertex 7.07107 -7.07107 14
    endloop
  endfacet
  facet normal -0 0 1
    outer loop
      vertex 6.01041 -6.01041 14
      vertex 7.07107 -7.07107 14
      vertex 6.39064 -5.60444 14
    endloop
  endfacet
  facet normal 0 0 1
    outer loop
      vertex 7.07107 -7.07107 14
      vertex 6.01041 -6.01041 14
      vertex 6.59346 -7.5184 14
    endloop
  endfacet
  facet normal -0 0 1
    outer loop
      vertex 5.60444 -6.39064 14
      vertex 6.59346 -7.5184 14
      vertex 6.01041 -6.01041 14
    endloop
  endfacet
  facet normal 0 0 1
    outer loop
      vertex 6.59346 -7.5184 14
      vertex 5.60444 -6.39064 14
      vertex 6.08761 -7.93353 14
    endloop
  endfacet
  facet normal -0 0 1
    outer loop
      vertex 5.17447 -6.7435 14
      vertex 6.08761 -7.93353 14
      vertex 5.60444 -6.39064 14
    endloop
  endfacet
  facet normal 0 0 1
    outer loop
      vertex 6.08761 -7.93353 14
      vertex 5.17447 -6.7435 14
      vertex 5.5557 -8.3147 14
    endloop
  endfacet
  facet normal -0 0 1
    outer loop
      vertex 4.72235 -7.06749 14
      vertex 5.5557 -8.3147 14
      vertex 5.17447 -6.7435 14
    endloop
  endfacet
  facet normal 0 0 1
    outer loop
      vertex 5.5557 -8.3147 14
      vertex 4.72235 -7.06749 14
      vertex 5 -8.66025 14
    endloop
  endfacet
  facet normal -0 0 1
    outer loop
      vertex 4.25 -7.36122 14
      vertex 5 -8.66025 14
      vertex 4.72235 -7.06749 14
    endloop
  endfacet
  facet normal 0 0 1
    outer loop
      vertex 5 -8.66025 14
      vertex 4.25 -7.36122 14
      vertex 4.42289 -8.96873 14
    endloop
  endfacet
  facet normal -0 0 1
    outer loop
      vertex 3.75945 -7.62342 14
      vertex 4.42289 -8.96873 14
      vertex 4.25 -7.36122 14
    endloop
  endfacet
  facet normal 0 0 1
    outer loop
      vertex 4.42289 -8.96873 14
      vertex 3.75945 -7.62342 14
      vertex 3.82683 -9.2388 14
    endloop
  endfacet
  facet normal -0 0 1
    outer loop
      vertex 3.25281 -7.85298 14
      vertex 3.82683 -9.2388 14
      vertex 3.75945 -7.62342 14
    endloop
  endfacet
  facet normal 0 0 1
    outer loop
      vertex 3.25281 -7.85298 14
      vertex 3.21439 -9.4693 14
      vertex 3.82683 -9.2388 14
    endloop
  endfacet
  facet normal -0 0 1
    outer loop
      vertex 2.73223 -8.04891 14
      vertex 3.21439 -9.4693 14
      vertex 3.25281 -7.85298 14
    endloop
  endfacet
  facet normal 0 0 1
    outer loop
      vertex 2.73223 -8.04891 14
      vertex 2.58819 -9.65926 14
      vertex 3.21439 -9.4693 14
    endloop
  endfacet
  facet normal -0 0 1
    outer loop
      vertex 2.19996 -8.21037 14
      vertex 2.58819 -9.65926 14
      vertex 2.73223 -8.04891 14
    endloop
  endfacet
  facet normal 0 0 1
    outer loop
      vertex 2.19996 -8.21037 14
      vertex 1.9509 -9.80785 14
      vertex 2.58819 -9.65926 14
    endloop
  endfacet
  facet normal -0 0 1
    outer loop
      vertex 1.65827 -8.33667 14
      vertex 1.9509 -9.80785 14
      vertex 2.19996 -8.21037 14
    endloop
  endfacet
  facet normal 0 0 1
    outer loop
      vertex 1.65827 -8.33667 14
      vertex 1.30526 -9.91445 14
      vertex 1.9509 -9.80785 14
    endloop
  endfacet
  facet normal -0 0 1
    outer loop
      vertex 1.10947 -8.42728 14
      vertex 1.30526 -9.91445 14
      vertex 1.65827 -8.33667 14
    endloop
  endfacet
  facet normal 0 0 1
    outer loop
      vertex 1.10947 -8.42728 14
      vertex 0.654031 -9.97859 14
      vertex 1.30526 -9.91445 14
    endloop
  endfacet
  facet normal -0 0 1
    outer loop
      vertex 0.555926 -8.4818 14
      vertex 0.654031 -9.97859 14
      vertex 1.10947 -8.42728 14
    endloop
  endfacet
  facet normal -0 0 1
    outer loop
      vertex 0 -8.5 14
      vertex 0.654031 -9.97859 14
      vertex 0.555926 -8.4818 14
    endloop
  endfacet
  facet normal 0 0 1
    outer loop
      vertex 0 -8.5 14
      vertex 0 -10 14
      vertex 0.654031 -9.97859 14
    endloop
  endfacet
  facet normal 0 0 1
    outer loop
      vertex -0.555926 -8.4818 14
      vertex 0 -10 14
      vertex 0 -8.5 14
    endloop
  endfacet
  facet normal 0 0 1
    outer loop
      vertex -0.555926 -8.4818 14
      vertex -0.654031 -9.97859 14
      vertex 0 -10 14
    endloop
  endfacet
  facet normal 0 0 1
    outer loop
      vertex -1.10947 -8.42728 14
      vertex -0.654031 -9.97859 14
      vertex -0.555926 -8.4818 14
    endloop
  endfacet
  facet normal 0 0 1
    outer loop
      vertex -1.10947 -8.42728 14
      vertex -1.30526 -9.91445 14
      vertex -0.654031 -9.97859 14
    endloop
  endfacet
  facet normal 0 0 1
    outer loop
      vertex -1.65827 -8.33667 14
      vertex -1.30526 -9.91445 14
      vertex -1.10947 -8.42728 14
    endloop
  endfacet
  facet normal 0 0 1
    outer loop
      vertex -1.65827 -8.33667 14
      vertex -1.9509 -9.80785 14
      vertex -1.30526 -9.91445 14
    endloop
  endfacet
  facet normal 0 0 1
    outer loop
      vertex -2.19996 -8.21037 14
      vertex -1.9509 -9.80785 14
      vertex -1.65827 -8.33667 14
    endloop
  endfacet
  facet normal 0 0 1
    outer loop
      vertex -2.19996 -8.21037 14
      vertex -2.58819 -9.65926 14
      vertex -1.9509 -9.80785 14
    endloop
  endfacet
  facet normal 0 0 1
    outer loop
      vertex -2.73223 -8.04891 14
      vertex -2.58819 -9.65926 14
      vertex -2.19996 -8.21037 14
    endloop
  endfacet
  facet normal 0 0 1
    outer loop
      vertex -2.73223 -8.04891 14
      vertex -3.21439 -9.4693 14
      vertex -2.58819 -9.65926 14
    endloop
  endfacet
  facet normal 0 0 1
    outer loop
      vertex -3.25281 -7.85298 14
      vertex -3.21439 -9.4693 14
      vertex -2.73223 -8.04891 14
    endloop
  endfacet
  facet normal 0 0 1
    outer loop
      vertex -3.82683 -9.2388 14
      vertex -3.25281 -7.85298 14
      vertex -3.75945 -7.62342 14
    endloop
  endfacet
  facet normal 0 0 1
    outer loop
      vertex -3.25281 -7.85298 14
      vertex -3.82683 -9.2388 14
      vertex -3.21439 -9.4693 14
    endloop
  endfacet
  facet normal 0 0 1
    outer loop
      vertex -4.42289 -8.96873 14
      vertex -3.75945 -7.62342 14
      vertex -4.25 -7.36122 14
    endloop
  endfacet
  facet normal 0 0 1
    outer loop
      vertex -3.75945 -7.62342 14
      vertex -4.42289 -8.96873 14
      vertex -3.82683 -9.2388 14
    endloop
  endfacet
  facet normal 0 0 1
    outer loop
      vertex -5 -8.66025 14
      vertex -4.25 -7.36122 14
      vertex -4.72235 -7.06749 14
    endloop
  endfacet
  facet normal 0 0 1
    outer loop
      vertex -4.25 -7.36122 14
      vertex -5 -8.66025 14
      vertex -4.42289 -8.96873 14
    endloop
  endfacet
  facet normal 0 0 1
    outer loop
      vertex -5.5557 -8.3147 14
      vertex -4.72235 -7.06749 14
      vertex -5.17447 -6.7435 14
    endloop
  endfacet
  facet normal 0 0 1
    outer loop
      vertex -4.72235 -7.06749 14
      vertex -5.5557 -8.3147 14
      vertex -5 -8.66025 14
    endloop
  endfacet
  facet normal 0 0 1
    outer loop
      vertex -6.08761 -7.93353 14
      vertex -5.17447 -6.7435 14
      vertex -5.60444 -6.39064 14
    endloop
  endfacet
  facet normal 0 0 1
    outer loop
      vertex -6.59346 -7.5184 14
      vertex -5.60444 -6.39064 14
      vertex -6.01041 -6.01041 14
    endloop
  endfacet
  facet normal 0 0 1
    outer loop
      vertex -5.17447 -6.7435 14
      vertex -6.08761 -7.93353 14
      vertex -5.5557 -8.3147 14
    endloop
  endfacet
  facet normal 0 0 1
    outer loop
      vertex -7.07107 -7.07107 14
      vertex -6.01041 -6.01041 14
      vertex -6.39064 -5.60444 14
    endloop
  endfacet
  facet normal 0 0 1
    outer loop
      vertex -5.60444 -6.39064 14
      vertex -6.59346 -7.5184 14
      vertex -6.08761 -7.93353 14
    endloop
  endfacet
  facet normal 0 0 1
    outer loop
      vertex -7.5184 -6.59346 14
      vertex -6.39064 -5.60444 14
      vertex -6.7435 -5.17447 14
    endloop
  endfacet
  facet normal 0 0 1
    outer loop
      vertex -7.93353 -6.08761 14
      vertex -6.7435 -5.17447 14
      vertex -7.06749 -4.72235 14
    endloop
  endfacet
  facet normal 0 0 1
    outer loop
      vertex -6.01041 -6.01041 14
      vertex -7.07107 -7.07107 14
      vertex -6.59346 -7.5184 14
    endloop
  endfacet
  facet normal 0 0 1
    outer loop
      vertex -8.3147 -5.5557 14
      vertex -7.06749 -4.72235 14
      vertex -7.36122 -4.25 14
    endloop
  endfacet
  facet normal 0 0 1
    outer loop
      vertex -6.39064 -5.60444 14
      vertex -7.5184 -6.59346 14
      vertex -7.07107 -7.07107 14
    endloop
  endfacet
  facet normal 0 0 1
    outer loop
      vertex -8.66025 -5 14
      vertex -7.36122 -4.25 14
      vertex -7.62342 -3.75945 14
    endloop
  endfacet
  facet normal 0 0 1
    outer loop
      vertex -8.96873 -4.42289 14
      vertex -7.62342 -3.75945 14
      vertex -7.85298 -3.25281 14
    endloop
  endfacet
  facet normal 0 0 1
    outer loop
      vertex -6.7435 -5.17447 14
      vertex -7.93353 -6.08761 14
      vertex -7.5184 -6.59346 14
    endloop
  endfacet
  facet normal 0 0 1
    outer loop
      vertex -9.2388 -3.82683 14
      vertex -7.85298 -3.25281 14
      vertex -8.04891 -2.73223 14
    endloop
  endfacet
  facet normal 0 0 1
    outer loop
      vertex -9.4693 -3.21439 14
      vertex -8.04891 -2.73223 14
      vertex -8.21037 -2.19996 14
    endloop
  endfacet
  facet normal 0 0 1
    outer loop
      vertex -7.06749 -4.72235 14
      vertex -8.3147 -5.5557 14
      vertex -7.93353 -6.08761 14
    endloop
  endfacet
  facet normal 0 0 1
    outer loop
      vertex -9.65926 -2.58819 14
      vertex -8.21037 -2.19996 14
      vertex -8.33667 -1.65827 14
    endloop
  endfacet
  facet normal 0 0 1
    outer loop
      vertex -9.80785 -1.9509 14
      vertex -8.33667 -1.65827 14
      vertex -8.42728 -1.10947 14
    endloop
  endfacet
  facet normal 0 0 1
    outer loop
      vertex -9.91445 -1.30526 14
      vertex -8.42728 -1.10947 14
      vertex -8.4818 -0.555926 14
    endloop
  endfacet
  facet normal 0 0 1
    outer loop
      vertex -7.36122 -4.25 14
      vertex -8.66025 -5 14
      vertex -8.3147 -5.5557 14
    endloop
  endfacet
  facet normal 0 0 1
    outer loop
      vertex -9.97859 -0.654031 14
      vertex -8.4818 -0.555926 14
      vertex -8.5 0 14
    endloop
  endfacet
  facet normal 0 0 1
    outer loop
      vertex -8.21037 2.19996 14
      vertex -9.65926 2.58819 14
      vertex -8.33667 1.65827 14
    endloop
  endfacet
  facet normal -0 0 1
    outer loop
      vertex -9.80785 1.9509 14
      vertex -8.33667 1.65827 14
      vertex -9.65926 2.58819 14
    endloop
  endfacet
  facet normal 0 0 1
    outer loop
      vertex -7.62342 -3.75945 14
      vertex -8.96873 -4.42289 14
      vertex -8.66025 -5 14
    endloop
  endfacet
  facet normal 0 0 1
    outer loop
      vertex -8.33667 1.65827 14
      vertex -9.80785 1.9509 14
      vertex -8.42728 1.10947 14
    endloop
  endfacet
  facet normal 0 0 1
    outer loop
      vertex -7.85298 -3.25281 14
      vertex -9.2388 -3.82683 14
      vertex -8.96873 -4.42289 14
    endloop
  endfacet
  facet normal -0 0 1
    outer loop
      vertex -9.91445 1.30526 14
      vertex -8.42728 1.10947 14
      vertex -9.80785 1.9509 14
    endloop
  endfacet
  facet normal 0 0 1
    outer loop
      vertex -8.04891 -2.73223 14
      vertex -9.4693 -3.21439 14
      vertex -9.2388 -3.82683 14
    endloop
  endfacet
  facet normal 0 0 1
    outer loop
      vertex -8.42728 1.10947 14
      vertex -9.91445 1.30526 14
      vertex -8.4818 0.555926 14
    endloop
  endfacet
  facet normal 0 0 1
    outer loop
      vertex -8.21037 -2.19996 14
      vertex -9.65926 -2.58819 14
      vertex -9.4693 -3.21439 14
    endloop
  endfacet
  facet normal -0 0 1
    outer loop
      vertex -9.97859 0.654031 14
      vertex -8.4818 0.555926 14
      vertex -9.91445 1.30526 14
    endloop
  endfacet
  facet normal 0 0 1
    outer loop
      vertex -8.33667 -1.65827 14
      vertex -9.80785 -1.9509 14
      vertex -9.65926 -2.58819 14
    endloop
  endfacet
  facet normal 0 0 1
    outer loop
      vertex -8.4818 0.555926 14
      vertex -9.97859 0.654031 14
      vertex -8.5 0 14
    endloop
  endfacet
  facet normal 0 0 1
    outer loop
      vertex -8.42728 -1.10947 14
      vertex -9.91445 -1.30526 14
      vertex -9.80785 -1.9509 14
    endloop
  endfacet
  facet normal 0 0 1
    outer loop
      vertex -10 0 14
      vertex -8.5 0 14
      vertex -9.97859 0.654031 14
    endloop
  endfacet
  facet normal 0 0 1
    outer loop
      vertex -8.4818 -0.555926 14
      vertex -9.97859 -0.654031 14
      vertex -9.91445 -1.30526 14
    endloop
  endfacet
  facet normal 0 0 1
    outer loop
      vertex -8.5 0 14
      vertex -10 0 14
      vertex -9.97859 -0.654031 14
    endloop
  endfacet
  facet normal -0.81284 0.582486 0
    outer loop
      vertex -8.3147 5.5557 5
      vertex -7.93353 6.08761 14
      vertex -7.93353 6.08761 5
    endloop
  endfacet
  facet normal -0.81284 0.582486 0
    outer loop
      vertex -7.93353 6.08761 14
      vertex -8.3147 5.5557 5
      vertex -8.3147 5.5557 14
    endloop
  endfacet
  facet normal -0.729865 -0.683592 0
    outer loop
      vertex -7.07107 -7.07107 5
      vertex -7.5184 -6.59346 14
      vertex -7.5184 -6.59346 5
    endloop
  endfacet
  facet normal -0.729865 -0.683592 0
    outer loop
      vertex -7.5184 -6.59346 14
      vertex -7.07107 -7.07107 5
      vertex -7.07107 -7.07107 14
    endloop
  endfacet
  facet normal -0.0327179 -0.999465 0
    outer loop
      vertex -0.654031 -9.97859 5
      vertex 0 -10 14
      vertex -0.654031 -9.97859 14
    endloop
  endfacet
  facet normal -0.0327179 -0.999465 -0
    outer loop
      vertex 0 -10 14
      vertex -0.654031 -9.97859 5
      vertex 0 -10 5
    endloop
  endfacet
  facet normal 0.582486 -0.81284 0
    outer loop
      vertex 5.5557 -8.3147 5
      vertex 6.08761 -7.93353 14
      vertex 5.5557 -8.3147 14
    endloop
  endfacet
  facet normal 0.582486 -0.81284 0
    outer loop
      vertex 6.08761 -7.93353 14
      vertex 5.5557 -8.3147 5
      vertex 6.08761 -7.93353 5
    endloop
  endfacet
  facet normal -0.995185 -0.0980164 0
    outer loop
      vertex -9.91445 -1.30526 5
      vertex -9.97859 -0.654031 14
      vertex -9.97859 -0.654031 5
    endloop
  endfacet
  facet normal -0.995185 -0.0980164 0
    outer loop
      vertex -9.97859 -0.654031 14
      vertex -9.91445 -1.30526 5
      vertex -9.91445 -1.30526 14
    endloop
  endfacet
  facet normal 0.0980164 0.995185 -0
    outer loop
      vertex 1.30526 9.91445 5
      vertex 0.654031 9.97859 14
      vertex 1.30526 9.91445 14
    endloop
  endfacet
  facet normal 0.0980164 0.995185 0
    outer loop
      vertex 0.654031 9.97859 14
      vertex 1.30526 9.91445 5
      vertex 0.654031 9.97859 5
    endloop
  endfacet
  facet normal 0 0 -1
    outer loop
      vertex 6 0 5
      vertex 10 0 5
      vertex 9.97859 -0.654031 5
    endloop
  endfacet
  facet normal 0 0 -1
    outer loop
      vertex 5.98715 -0.392418 5
      vertex 9.97859 -0.654031 5
      vertex 9.91445 -1.30526 5
    endloop
  endfacet
  facet normal 0 0 -1
    outer loop
      vertex 10 0 5
      vertex 6 0 5
      vertex 9.97859 0.654031 5
    endloop
  endfacet
  facet normal 0 0 -1
    outer loop
      vertex 5.94867 -0.783156 5
      vertex 9.91445 -1.30526 5
      vertex 9.80785 -1.9509 5
    endloop
  endfacet
  facet normal 0 0 -1
    outer loop
      vertex 5.98715 0.392418 5
      vertex 9.97859 0.654031 5
      vertex 6 0 5
    endloop
  endfacet
  facet normal 0 0 -1
    outer loop
      vertex 5.88471 -1.17054 5
      vertex 9.80785 -1.9509 5
      vertex 9.65926 -2.58819 5
    endloop
  endfacet
  facet normal -0 0 -1
    outer loop
      vertex 9.97859 0.654031 5
      vertex 5.98715 0.392418 5
      vertex 9.91445 1.30526 5
    endloop
  endfacet
  facet normal 0 0 -1
    outer loop
      vertex 5.79555 -1.55291 5
      vertex 9.65926 -2.58819 5
      vertex 9.4693 -3.21439 5
    endloop
  endfacet
  facet normal 0 0 -1
    outer loop
      vertex 5.94867 0.783156 5
      vertex 9.91445 1.30526 5
      vertex 5.98715 0.392418 5
    endloop
  endfacet
  facet normal 0 0 -1
    outer loop
      vertex 5.68158 -1.92864 5
      vertex 9.4693 -3.21439 5
      vertex 9.2388 -3.82683 5
    endloop
  endfacet
  facet normal -0 0 -1
    outer loop
      vertex 9.91445 1.30526 5
      vertex 5.94867 0.783156 5
      vertex 9.80785 1.9509 5
    endloop
  endfacet
  facet normal 0 0 -1
    outer loop
      vertex 5.54328 -2.2961 5
      vertex 9.2388 -3.82683 5
      vertex 8.96873 -4.42289 5
    endloop
  endfacet
  facet normal 0 0 -1
    outer loop
      vertex 5.88471 1.17054 5
      vertex 9.80785 1.9509 5
      vertex 5.94867 0.783156 5
    endloop
  endfacet
  facet normal 0 0 -1
    outer loop
      vertex 5.38124 -2.65373 5
      vertex 8.96873 -4.42289 5
      vertex 8.66025 -5 5
    endloop
  endfacet
  facet normal -0 0 -1
    outer loop
      vertex 9.80785 1.9509 5
      vertex 5.88471 1.17054 5
      vertex 9.65926 2.58819 5
    endloop
  endfacet
  facet normal 0 0 -1
    outer loop
      vertex 5.19615 -3 5
      vertex 8.66025 -5 5
      vertex 8.3147 -5.5557 5
    endloop
  endfacet
  facet normal 0 0 -1
    outer loop
      vertex 5.79555 1.55291 5
      vertex 9.65926 2.58819 5
      vertex 5.88471 1.17054 5
    endloop
  endfacet
  facet normal 0 0 -1
    outer loop
      vertex 4.98882 -3.33342 5
      vertex 8.3147 -5.5557 5
      vertex 7.93353 -6.08761 5
    endloop
  endfacet
  facet normal -0 0 -1
    outer loop
      vertex 9.65926 2.58819 5
      vertex 5.79555 1.55291 5
      vertex 9.4693 3.21439 5
    endloop
  endfacet
  facet normal 0 0 -1
    outer loop
      vertex 4.76012 -3.65257 5
      vertex 7.93353 -6.08761 5
      vertex 7.5184 -6.59346 5
    endloop
  endfacet
  facet normal 0 0 -1
    outer loop
      vertex 5.68158 1.92864 5
      vertex 9.4693 3.21439 5
      vertex 5.79555 1.55291 5
    endloop
  endfacet
  facet normal 0 0 -1
    outer loop
      vertex 4.51104 -3.95607 5
      vertex 7.5184 -6.59346 5
      vertex 7.07107 -7.07107 5
    endloop
  endfacet
  facet normal -0 0 -1
    outer loop
      vertex 9.4693 3.21439 5
      vertex 5.68158 1.92864 5
      vertex 9.2388 3.82683 5
    endloop
  endfacet
  facet normal 0 0 -1
    outer loop
      vertex 4.24264 -4.24264 5
      vertex 7.07107 -7.07107 5
      vertex 6.59346 -7.5184 5
    endloop
  endfacet
  facet normal 0 0 -1
    outer loop
      vertex 5.54328 2.2961 5
      vertex 9.2388 3.82683 5
      vertex 5.68158 1.92864 5
    endloop
  endfacet
  facet normal 0 0 -1
    outer loop
      vertex 3.95607 -4.51104 5
      vertex 6.59346 -7.5184 5
      vertex 6.08761 -7.93353 5
    endloop
  endfacet
  facet normal -0 0 -1
    outer loop
      vertex 9.2388 3.82683 5
      vertex 5.54328 2.2961 5
      vertex 8.96873 4.42289 5
    endloop
  endfacet
  facet normal 0 0 -1
    outer loop
      vertex 5.38124 2.65373 5
      vertex 8.96873 4.42289 5
      vertex 5.54328 2.2961 5
    endloop
  endfacet
  facet normal 0 0 -1
    outer loop
      vertex 9.97859 -0.654031 5
      vertex 5.98715 -0.392418 5
      vertex 6 0 5
    endloop
  endfacet
  facet normal 0 0 -1
    outer loop
      vertex 9.91445 -1.30526 5
      vertex 5.94867 -0.783156 5
      vertex 5.98715 -0.392418 5
    endloop
  endfacet
  facet normal 0 0 -1
    outer loop
      vertex 9.80785 -1.9509 5
      vertex 5.88471 -1.17054 5
      vertex 5.94867 -0.783156 5
    endloop
  endfacet
  facet normal 0 0 -1
    outer loop
      vertex 9.65926 -2.58819 5
      vertex 5.79555 -1.55291 5
      vertex 5.88471 -1.17054 5
    endloop
  endfacet
  facet normal 0 0 -1
    outer loop
      vertex 9.4693 -3.21439 5
      vertex 5.68158 -1.92864 5
      vertex 5.79555 -1.55291 5
    endloop
  endfacet
  facet normal 0 0 -1
    outer loop
      vertex 3.65257 -4.76012 5
      vertex 6.08761 -7.93353 5
      vertex 5.5557 -8.3147 5
    endloop
  endfacet
  facet normal 0 0 -1
    outer loop
      vertex 9.2388 -3.82683 5
      vertex 5.54328 -2.2961 5
      vertex 5.68158 -1.92864 5
    endloop
  endfacet
  facet normal 0 0 -1
    outer loop
      vertex 8.96873 -4.42289 5
      vertex 5.38124 -2.65373 5
      vertex 5.54328 -2.2961 5
    endloop
  endfacet
  facet normal 0 0 -1
    outer loop
      vertex 8.66025 -5 5
      vertex 5.19615 -3 5
      vertex 5.38124 -2.65373 5
    endloop
  endfacet
  facet normal 0 0 -1
    outer loop
      vertex 3.33342 -4.98882 5
      vertex 5.5557 -8.3147 5
      vertex 5 -8.66025 5
    endloop
  endfacet
  facet normal 0 0 -1
    outer loop
      vertex 8.3147 -5.5557 5
      vertex 4.98882 -3.33342 5
      vertex 5.19615 -3 5
    endloop
  endfacet
  facet normal 0 0 -1
    outer loop
      vertex 7.93353 -6.08761 5
      vertex 4.76012 -3.65257 5
      vertex 4.98882 -3.33342 5
    endloop
  endfacet
  facet normal 0 0 -1
    outer loop
      vertex 7.5184 -6.59346 5
      vertex 4.51104 -3.95607 5
      vertex 4.76012 -3.65257 5
    endloop
  endfacet
  facet normal 0 0 -1
    outer loop
      vertex 3 -5.19615 5
      vertex 5 -8.66025 5
      vertex 4.42289 -8.96873 5
    endloop
  endfacet
  facet normal 0 0 -1
    outer loop
      vertex 7.07107 -7.07107 5
      vertex 4.24264 -4.24264 5
      vertex 4.51104 -3.95607 5
    endloop
  endfacet
  facet normal 0 0 -1
    outer loop
      vertex 6.59346 -7.5184 5
      vertex 3.95607 -4.51104 5
      vertex 4.24264 -4.24264 5
    endloop
  endfacet
  facet normal 0 0 -1
    outer loop
      vertex 2.65373 -5.38124 5
      vertex 4.42289 -8.96873 5
      vertex 3.82683 -9.2388 5
    endloop
  endfacet
  facet normal 0 0 -1
    outer loop
      vertex 6.08761 -7.93353 5
      vertex 3.65257 -4.76012 5
      vertex 3.95607 -4.51104 5
    endloop
  endfacet
  facet normal 0 0 -1
    outer loop
      vertex 5.5557 -8.3147 5
      vertex 3.33342 -4.98882 5
      vertex 3.65257 -4.76012 5
    endloop
  endfacet
  facet normal 0 0 -1
    outer loop
      vertex 2.2961 -5.54328 5
      vertex 3.82683 -9.2388 5
      vertex 3.21439 -9.4693 5
    endloop
  endfacet
  facet normal 0 0 -1
    outer loop
      vertex 5 -8.66025 5
      vertex 3 -5.19615 5
      vertex 3.33342 -4.98882 5
    endloop
  endfacet
  facet normal 0 0 -1
    outer loop
      vertex 4.42289 -8.96873 5
      vertex 2.65373 -5.38124 5
      vertex 3 -5.19615 5
    endloop
  endfacet
  facet normal 0 0 -1
    outer loop
      vertex 1.92864 -5.68158 5
      vertex 3.21439 -9.4693 5
      vertex 2.58819 -9.65926 5
    endloop
  endfacet
  facet normal 0 0 -1
    outer loop
      vertex 3.82683 -9.2388 5
      vertex 2.2961 -5.54328 5
      vertex 2.65373 -5.38124 5
    endloop
  endfacet
  facet normal 0 0 -1
    outer loop
      vertex 1.55291 -5.79555 5
      vertex 2.58819 -9.65926 5
      vertex 1.9509 -9.80785 5
    endloop
  endfacet
  facet normal 0 0 -1
    outer loop
      vertex 3.21439 -9.4693 5
      vertex 1.92864 -5.68158 5
      vertex 2.2961 -5.54328 5
    endloop
  endfacet
  facet normal 0 0 -1
    outer loop
      vertex 2.58819 -9.65926 5
      vertex 1.55291 -5.79555 5
      vertex 1.92864 -5.68158 5
    endloop
  endfacet
  facet normal 0 0 -1
    outer loop
      vertex 1.17054 -5.88471 5
      vertex 1.9509 -9.80785 5
      vertex 1.30526 -9.91445 5
    endloop
  endfacet
  facet normal 0 0 -1
    outer loop
      vertex 1.9509 -9.80785 5
      vertex 1.17054 -5.88471 5
      vertex 1.55291 -5.79555 5
    endloop
  endfacet
  facet normal 0 0 -1
    outer loop
      vertex 1.30526 -9.91445 5
      vertex 0.783156 -5.94867 5
      vertex 1.17054 -5.88471 5
    endloop
  endfacet
  facet normal 0 0 -1
    outer loop
      vertex 0.654031 -9.97859 5
      vertex 0.783156 -5.94867 5
      vertex 1.30526 -9.91445 5
    endloop
  endfacet
  facet normal 0 0 -1
    outer loop
      vertex 0.654031 -9.97859 5
      vertex 0.392418 -5.98715 5
      vertex 0.783156 -5.94867 5
    endloop
  endfacet
  facet normal 0 0 -1
    outer loop
      vertex 0 -10 5
      vertex 0.392418 -5.98715 5
      vertex 0.654031 -9.97859 5
    endloop
  endfacet
  facet normal 0 0 -1
    outer loop
      vertex 0 -10 5
      vertex 0 -6 5
      vertex 0.392418 -5.98715 5
    endloop
  endfacet
  facet normal 0 0 -1
    outer loop
      vertex 0 -10 5
      vertex -0.392418 -5.98715 5
      vertex 0 -6 5
    endloop
  endfacet
  facet normal 0 0 -1
    outer loop
      vertex -0.654031 -9.97859 5
      vertex -0.392418 -5.98715 5
      vertex 0 -10 5
    endloop
  endfacet
  facet normal 0 0 -1
    outer loop
      vertex -0.654031 -9.97859 5
      vertex -0.783156 -5.94867 5
      vertex -0.392418 -5.98715 5
    endloop
  endfacet
  facet normal 0 0 -1
    outer loop
      vertex -1.30526 -9.91445 5
      vertex -0.783156 -5.94867 5
      vertex -0.654031 -9.97859 5
    endloop
  endfacet
  facet normal -0 0 -1
    outer loop
      vertex -0.783156 -5.94867 5
      vertex -1.30526 -9.91445 5
      vertex -1.17054 -5.88471 5
    endloop
  endfacet
  facet normal 0 0 -1
    outer loop
      vertex -1.9509 -9.80785 5
      vertex -1.17054 -5.88471 5
      vertex -1.30526 -9.91445 5
    endloop
  endfacet
  facet normal -0 0 -1
    outer loop
      vertex -1.17054 -5.88471 5
      vertex -1.9509 -9.80785 5
      vertex -1.55291 -5.79555 5
    endloop
  endfacet
  facet normal 0 0 -1
    outer loop
      vertex -2.58819 -9.65926 5
      vertex -1.55291 -5.79555 5
      vertex -1.9509 -9.80785 5
    endloop
  endfacet
  facet normal -0 0 -1
    outer loop
      vertex -1.55291 -5.79555 5
      vertex -2.58819 -9.65926 5
      vertex -1.92864 -5.68158 5
    endloop
  endfacet
  facet normal 0 0 -1
    outer loop
      vertex -3.21439 -9.4693 5
      vertex -1.92864 -5.68158 5
      vertex -2.58819 -9.65926 5
    endloop
  endfacet
  facet normal -0 0 -1
    outer loop
      vertex -1.92864 -5.68158 5
      vertex -3.21439 -9.4693 5
      vertex -2.2961 -5.54328 5
    endloop
  endfacet
  facet normal 0 0 -1
    outer loop
      vertex -3.82683 -9.2388 5
      vertex -2.2961 -5.54328 5
      vertex -3.21439 -9.4693 5
    endloop
  endfacet
  facet normal -0 0 -1
    outer loop
      vertex -2.2961 -5.54328 5
      vertex -3.82683 -9.2388 5
      vertex -2.65373 -5.38124 5
    endloop
  endfacet
  facet normal 0 0 -1
    outer loop
      vertex -4.42289 -8.96873 5
      vertex -2.65373 -5.38124 5
      vertex -3.82683 -9.2388 5
    endloop
  endfacet
  facet normal -0 0 -1
    outer loop
      vertex -2.65373 -5.38124 5
      vertex -4.42289 -8.96873 5
      vertex -3 -5.19615 5
    endloop
  endfacet
  facet normal 0 0 -1
    outer loop
      vertex -5 -8.66025 5
      vertex -3 -5.19615 5
      vertex -4.42289 -8.96873 5
    endloop
  endfacet
  facet normal -0 0 -1
    outer loop
      vertex -3 -5.19615 5
      vertex -5 -8.66025 5
      vertex -3.33342 -4.98882 5
    endloop
  endfacet
  facet normal 0 0 -1
    outer loop
      vertex -5.5557 -8.3147 5
      vertex -3.33342 -4.98882 5
      vertex -5 -8.66025 5
    endloop
  endfacet
  facet normal -0 0 -1
    outer loop
      vertex -3.33342 -4.98882 5
      vertex -5.5557 -8.3147 5
      vertex -3.65257 -4.76012 5
    endloop
  endfacet
  facet normal 0 0 -1
    outer loop
      vertex -6.08761 -7.93353 5
      vertex -3.65257 -4.76012 5
      vertex -5.5557 -8.3147 5
    endloop
  endfacet
  facet normal -0 0 -1
    outer loop
      vertex -3.65257 -4.76012 5
      vertex -6.08761 -7.93353 5
      vertex -3.95607 -4.51104 5
    endloop
  endfacet
  facet normal 0 0 -1
    outer loop
      vertex -6.59346 -7.5184 5
      vertex -3.95607 -4.51104 5
      vertex -6.08761 -7.93353 5
    endloop
  endfacet
  facet normal -0 0 -1
    outer loop
      vertex -3.95607 -4.51104 5
      vertex -6.59346 -7.5184 5
      vertex -4.24264 -4.24264 5
    endloop
  endfacet
  facet normal 0 0 -1
    outer loop
      vertex -7.07107 -7.07107 5
      vertex -4.24264 -4.24264 5
      vertex -6.59346 -7.5184 5
    endloop
  endfacet
  facet normal -0 0 -1
    outer loop
      vertex -4.24264 -4.24264 5
      vertex -7.07107 -7.07107 5
      vertex -4.51104 -3.95607 5
    endloop
  endfacet
  facet normal 0 0 -1
    outer loop
      vertex -7.5184 -6.59346 5
      vertex -4.51104 -3.95607 5
      vertex -7.07107 -7.07107 5
    endloop
  endfacet
  facet normal -0 0 -1
    outer loop
      vertex -4.51104 -3.95607 5
      vertex -7.5184 -6.59346 5
      vertex -4.76012 -3.65257 5
    endloop
  endfacet
  facet normal 0 0 -1
    outer loop
      vertex -7.93353 -6.08761 5
      vertex -4.76012 -3.65257 5
      vertex -7.5184 -6.59346 5
    endloop
  endfacet
  facet normal -0 0 -1
    outer loop
      vertex -4.76012 -3.65257 5
      vertex -7.93353 -6.08761 5
      vertex -4.98882 -3.33342 5
    endloop
  endfacet
  facet normal 0 0 -1
    outer loop
      vertex -8.3147 -5.5557 5
      vertex -4.98882 -3.33342 5
      vertex -7.93353 -6.08761 5
    endloop
  endfacet
  facet normal -0 0 -1
    outer loop
      vertex -4.98882 -3.33342 5
      vertex -8.3147 -5.5557 5
      vertex -5.19615 -3 5
    endloop
  endfacet
  facet normal 0 0 -1
    outer loop
      vertex -8.66025 -5 5
      vertex -5.19615 -3 5
      vertex -8.3147 -5.5557 5
    endloop
  endfacet
  facet normal 0 0 -1
    outer loop
      vertex -8.96873 -4.42289 5
      vertex -5.38124 -2.65373 5
      vertex -8.66025 -5 5
    endloop
  endfacet
  facet normal -0 0 -1
    outer loop
      vertex -5.19615 -3 5
      vertex -8.66025 -5 5
      vertex -5.38124 -2.65373 5
    endloop
  endfacet
  facet normal -0 0 -1
    outer loop
      vertex 8.96873 4.42289 5
      vertex 5.38124 2.65373 5
      vertex 8.66025 5 5
    endloop
  endfacet
  facet normal 0 0 -1
    outer loop
      vertex 5.19615 3 5
      vertex 8.66025 5 5
      vertex 5.38124 2.65373 5
    endloop
  endfacet
  facet normal -0 0 -1
    outer loop
      vertex 8.66025 5 5
      vertex 5.19615 3 5
      vertex 8.3147 5.5557 5
    endloop
  endfacet
  facet normal 0 0 -1
    outer loop
      vertex 4.98882 3.33342 5
      vertex 8.3147 5.5557 5
      vertex 5.19615 3 5
    endloop
  endfacet
  facet normal -0 0 -1
    outer loop
      vertex 8.3147 5.5557 5
      vertex 4.98882 3.33342 5
      vertex 7.93353 6.08761 5
    endloop
  endfacet
  facet normal 0 0 -1
    outer loop
      vertex 4.76012 3.65257 5
      vertex 7.93353 6.08761 5
      vertex 4.98882 3.33342 5
    endloop
  endfacet
  facet normal -0 0 -1
    outer loop
      vertex 7.93353 6.08761 5
      vertex 4.76012 3.65257 5
      vertex 7.5184 6.59346 5
    endloop
  endfacet
  facet normal 0 0 -1
    outer loop
      vertex 4.51104 3.95607 5
      vertex 7.5184 6.59346 5
      vertex 4.76012 3.65257 5
    endloop
  endfacet
  facet normal -0 0 -1
    outer loop
      vertex 7.5184 6.59346 5
      vertex 4.51104 3.95607 5
      vertex 7.07107 7.07107 5
    endloop
  endfacet
  facet normal 0 0 -1
    outer loop
      vertex 4.24264 4.24264 5
      vertex 7.07107 7.07107 5
      vertex 4.51104 3.95607 5
    endloop
  endfacet
  facet normal -0 0 -1
    outer loop
      vertex 7.07107 7.07107 5
      vertex 4.24264 4.24264 5
      vertex 6.59346 7.5184 5
    endloop
  endfacet
  facet normal 0 0 -1
    outer loop
      vertex 3.95607 4.51104 5
      vertex 6.59346 7.5184 5
      vertex 4.24264 4.24264 5
    endloop
  endfacet
  facet normal -0 0 -1
    outer loop
      vertex 6.59346 7.5184 5
      vertex 3.95607 4.51104 5
      vertex 6.08761 7.93353 5
    endloop
  endfacet
  facet normal 0 0 -1
    outer loop
      vertex 3.65257 4.76012 5
      vertex 6.08761 7.93353 5
      vertex 3.95607 4.51104 5
    endloop
  endfacet
  facet normal -0 0 -1
    outer loop
      vertex 6.08761 7.93353 5
      vertex 3.65257 4.76012 5
      vertex 5.5557 8.3147 5
    endloop
  endfacet
  facet normal 0 0 -1
    outer loop
      vertex 3.33342 4.98882 5
      vertex 5.5557 8.3147 5
      vertex 3.65257 4.76012 5
    endloop
  endfacet
  facet normal -0 0 -1
    outer loop
      vertex 5.5557 8.3147 5
      vertex 3.33342 4.98882 5
      vertex 5 8.66025 5
    endloop
  endfacet
  facet normal 0 0 -1
    outer loop
      vertex 3 5.19615 5
      vertex 5 8.66025 5
      vertex 3.33342 4.98882 5
    endloop
  endfacet
  facet normal -0 0 -1
    outer loop
      vertex 5 8.66025 5
      vertex 3 5.19615 5
      vertex 4.42289 8.96873 5
    endloop
  endfacet
  facet normal 0 0 -1
    outer loop
      vertex 2.65373 5.38124 5
      vertex 4.42289 8.96873 5
      vertex 3 5.19615 5
    endloop
  endfacet
  facet normal -0 0 -1
    outer loop
      vertex 4.42289 8.96873 5
      vertex 2.65373 5.38124 5
      vertex 3.82683 9.2388 5
    endloop
  endfacet
  facet normal 0 0 -1
    outer loop
      vertex 2.2961 5.54328 5
      vertex 3.82683 9.2388 5
      vertex 2.65373 5.38124 5
    endloop
  endfacet
  facet normal -0 0 -1
    outer loop
      vertex 3.82683 9.2388 5
      vertex 2.2961 5.54328 5
      vertex 3.21439 9.4693 5
    endloop
  endfacet
  facet normal 0 0 -1
    outer loop
      vertex 1.92864 5.68158 5
      vertex 3.21439 9.4693 5
      vertex 2.2961 5.54328 5
    endloop
  endfacet
  facet normal -0 0 -1
    outer loop
      vertex 3.21439 9.4693 5
      vertex 1.92864 5.68158 5
      vertex 2.58819 9.65926 5
    endloop
  endfacet
  facet normal 0 0 -1
    outer loop
      vertex 1.55291 5.79555 5
      vertex 2.58819 9.65926 5
      vertex 1.92864 5.68158 5
    endloop
  endfacet
  facet normal -0 0 -1
    outer loop
      vertex 2.58819 9.65926 5
      vertex 1.55291 5.79555 5
      vertex 1.9509 9.80785 5
    endloop
  endfacet
  facet normal 0 0 -1
    outer loop
      vertex 1.17054 5.88471 5
      vertex 1.9509 9.80785 5
      vertex 1.55291 5.79555 5
    endloop
  endfacet
  facet normal -0 0 -1
    outer loop
      vertex 1.9509 9.80785 5
      vertex 1.17054 5.88471 5
      vertex 1.30526 9.91445 5
    endloop
  endfacet
  facet normal 0 0 -1
    outer loop
      vertex 0.783156 5.94867 5
      vertex 1.30526 9.91445 5
      vertex 1.17054 5.88471 5
    endloop
  endfacet
  facet normal 0 0 -1
    outer loop
      vertex 0.783156 5.94867 5
      vertex 0.654031 9.97859 5
      vertex 1.30526 9.91445 5
    endloop
  endfacet
  facet normal 0 0 -1
    outer loop
      vertex 0.392418 5.98715 5
      vertex 0.654031 9.97859 5
      vertex 0.783156 5.94867 5
    endloop
  endfacet
  facet normal 0 0 -1
    outer loop
      vertex 0 6 5
      vertex 0.654031 9.97859 5
      vertex 0.392418 5.98715 5
    endloop
  endfacet
  facet normal 0 0 -1
    outer loop
      vertex 0 6 5
      vertex 0 10 5
      vertex 0.654031 9.97859 5
    endloop
  endfacet
  facet normal 0 0 -1
    outer loop
      vertex -0.392418 5.98715 5
      vertex 0 10 5
      vertex 0 6 5
    endloop
  endfacet
  facet normal 0 0 -1
    outer loop
      vertex -0.392418 5.98715 5
      vertex -0.654031 9.97859 5
      vertex 0 10 5
    endloop
  endfacet
  facet normal 0 0 -1
    outer loop
      vertex -0.783156 5.94867 5
      vertex -0.654031 9.97859 5
      vertex -0.392418 5.98715 5
    endloop
  endfacet
  facet normal 0 0 -1
    outer loop
      vertex -1.30526 9.91445 5
      vertex -0.783156 5.94867 5
      vertex -1.17054 5.88471 5
    endloop
  endfacet
  facet normal 0 0 -1
    outer loop
      vertex -0.783156 5.94867 5
      vertex -1.30526 9.91445 5
      vertex -0.654031 9.97859 5
    endloop
  endfacet
  facet normal 0 0 -1
    outer loop
      vertex -1.9509 9.80785 5
      vertex -1.17054 5.88471 5
      vertex -1.55291 5.79555 5
    endloop
  endfacet
  facet normal 0 0 -1
    outer loop
      vertex -2.58819 9.65926 5
      vertex -1.55291 5.79555 5
      vertex -1.92864 5.68158 5
    endloop
  endfacet
  facet normal 0 0 -1
    outer loop
      vertex -1.17054 5.88471 5
      vertex -1.9509 9.80785 5
      vertex -1.30526 9.91445 5
    endloop
  endfacet
  facet normal 0 0 -1
    outer loop
      vertex -3.21439 9.4693 5
      vertex -1.92864 5.68158 5
      vertex -2.2961 5.54328 5
    endloop
  endfacet
  facet normal 0 0 -1
    outer loop
      vertex -1.55291 5.79555 5
      vertex -2.58819 9.65926 5
      vertex -1.9509 9.80785 5
    endloop
  endfacet
  facet normal 0 0 -1
    outer loop
      vertex -3.82683 9.2388 5
      vertex -2.2961 5.54328 5
      vertex -2.65373 5.38124 5
    endloop
  endfacet
  facet normal 0 0 -1
    outer loop
      vertex -4.42289 8.96873 5
      vertex -2.65373 5.38124 5
      vertex -3 5.19615 5
    endloop
  endfacet
  facet normal 0 0 -1
    outer loop
      vertex -1.92864 5.68158 5
      vertex -3.21439 9.4693 5
      vertex -2.58819 9.65926 5
    endloop
  endfacet
  facet normal 0 0 -1
    outer loop
      vertex -5 8.66025 5
      vertex -3 5.19615 5
      vertex -3.33342 4.98882 5
    endloop
  endfacet
  facet normal 0 0 -1
    outer loop
      vertex -5.5557 8.3147 5
      vertex -3.33342 4.98882 5
      vertex -3.65257 4.76012 5
    endloop
  endfacet
  facet normal 0 0 -1
    outer loop
      vertex -2.2961 5.54328 5
      vertex -3.82683 9.2388 5
      vertex -3.21439 9.4693 5
    endloop
  endfacet
  facet normal 0 0 -1
    outer loop
      vertex -6.08761 7.93353 5
      vertex -3.65257 4.76012 5
      vertex -3.95607 4.51104 5
    endloop
  endfacet
  facet normal 0 0 -1
    outer loop
      vertex -6.59346 7.5184 5
      vertex -3.95607 4.51104 5
      vertex -4.24264 4.24264 5
    endloop
  endfacet
  facet normal 0 0 -1
    outer loop
      vertex -2.65373 5.38124 5
      vertex -4.42289 8.96873 5
      vertex -3.82683 9.2388 5
    endloop
  endfacet
  facet normal 0 0 -1
    outer loop
      vertex -7.07107 7.07107 5
      vertex -4.24264 4.24264 5
      vertex -4.51104 3.95607 5
    endloop
  endfacet
  facet normal 0 0 -1
    outer loop
      vertex -7.5184 6.59346 5
      vertex -4.51104 3.95607 5
      vertex -4.76012 3.65257 5
    endloop
  endfacet
  facet normal 0 0 -1
    outer loop
      vertex -7.93353 6.08761 5
      vertex -4.76012 3.65257 5
      vertex -4.98882 3.33342 5
    endloop
  endfacet
  facet normal 0 0 -1
    outer loop
      vertex -3 5.19615 5
      vertex -5 8.66025 5
      vertex -4.42289 8.96873 5
    endloop
  endfacet
  facet normal 0 0 -1
    outer loop
      vertex -8.3147 5.5557 5
      vertex -4.98882 3.33342 5
      vertex -5.19615 3 5
    endloop
  endfacet
  facet normal 0 0 -1
    outer loop
      vertex -8.66025 5 5
      vertex -5.19615 3 5
      vertex -5.38124 2.65373 5
    endloop
  endfacet
  facet normal 0 0 -1
    outer loop
      vertex -8.96873 4.42289 5
      vertex -5.38124 2.65373 5
      vertex -5.54328 2.2961 5
    endloop
  endfacet
  facet normal 0 0 -1
    outer loop
      vertex -3.33342 4.98882 5
      vertex -5.5557 8.3147 5
      vertex -5 8.66025 5
    endloop
  endfacet
  facet normal 0 0 -1
    outer loop
      vertex -9.2388 3.82683 5
      vertex -5.54328 2.2961 5
      vertex -5.68158 1.92864 5
    endloop
  endfacet
  facet normal 0 0 -1
    outer loop
      vertex -9.4693 3.21439 5
      vertex -5.68158 1.92864 5
      vertex -5.79555 1.55291 5
    endloop
  endfacet
  facet normal 0 0 -1
    outer loop
      vertex -9.65926 2.58819 5
      vertex -5.79555 1.55291 5
      vertex -5.88471 1.17054 5
    endloop
  endfacet
  facet normal 0 0 -1
    outer loop
      vertex -9.80785 1.9509 5
      vertex -5.88471 1.17054 5
      vertex -5.94867 0.783156 5
    endloop
  endfacet
  facet normal 0 0 -1
    outer loop
      vertex -9.91445 1.30526 5
      vertex -5.94867 0.783156 5
      vertex -5.98715 0.392418 5
    endloop
  endfacet
  facet normal 0 0 -1
    outer loop
      vertex -3.65257 4.76012 5
      vertex -6.08761 7.93353 5
      vertex -5.5557 8.3147 5
    endloop
  endfacet
  facet normal 0 0 -1
    outer loop
      vertex -9.97859 0.654031 5
      vertex -5.98715 0.392418 5
      vertex -6 0 5
    endloop
  endfacet
  facet normal -0 0 -1
    outer loop
      vertex -5.38124 -2.65373 5
      vertex -8.96873 -4.42289 5
      vertex -5.54328 -2.2961 5
    endloop
  endfacet
  facet normal 0 0 -1
    outer loop
      vertex -9.2388 -3.82683 5
      vertex -5.54328 -2.2961 5
      vertex -8.96873 -4.42289 5
    endloop
  endfacet
  facet normal 0 0 -1
    outer loop
      vertex -3.95607 4.51104 5
      vertex -6.59346 7.5184 5
      vertex -6.08761 7.93353 5
    endloop
  endfacet
  facet normal -0 0 -1
    outer loop
      vertex -5.54328 -2.2961 5
      vertex -9.2388 -3.82683 5
      vertex -5.68158 -1.92864 5
    endloop
  endfacet
  facet normal 0 0 -1
    outer loop
      vertex -4.24264 4.24264 5
      vertex -7.07107 7.07107 5
      vertex -6.59346 7.5184 5
    endloop
  endfacet
  facet normal 0 0 -1
    outer loop
      vertex -9.4693 -3.21439 5
      vertex -5.68158 -1.92864 5
      vertex -9.2388 -3.82683 5
    endloop
  endfacet
  facet normal 0 0 -1
    outer loop
      vertex -4.51104 3.95607 5
      vertex -7.5184 6.59346 5
      vertex -7.07107 7.07107 5
    endloop
  endfacet
  facet normal -0 0 -1
    outer loop
      vertex -5.68158 -1.92864 5
      vertex -9.4693 -3.21439 5
      vertex -5.79555 -1.55291 5
    endloop
  endfacet
  facet normal 0 0 -1
    outer loop
      vertex -4.76012 3.65257 5
      vertex -7.93353 6.08761 5
      vertex -7.5184 6.59346 5
    endloop
  endfacet
  facet normal 0 0 -1
    outer loop
      vertex -9.65926 -2.58819 5
      vertex -5.79555 -1.55291 5
      vertex -9.4693 -3.21439 5
    endloop
  endfacet
  facet normal 0 0 -1
    outer loop
      vertex -4.98882 3.33342 5
      vertex -8.3147 5.5557 5
      vertex -7.93353 6.08761 5
    endloop
  endfacet
  facet normal -0 0 -1
    outer loop
      vertex -5.79555 -1.55291 5
      vertex -9.65926 -2.58819 5
      vertex -5.88471 -1.17054 5
    endloop
  endfacet
  facet normal 0 0 -1
    outer loop
      vertex -5.19615 3 5
      vertex -8.66025 5 5
      vertex -8.3147 5.5557 5
    endloop
  endfacet
  facet normal 0 0 -1
    outer loop
      vertex -9.80785 -1.9509 5
      vertex -5.88471 -1.17054 5
      vertex -9.65926 -2.58819 5
    endloop
  endfacet
  facet normal 0 0 -1
    outer loop
      vertex -5.38124 2.65373 5
      vertex -8.96873 4.42289 5
      vertex -8.66025 5 5
    endloop
  endfacet
  facet normal -0 0 -1
    outer loop
      vertex -5.88471 -1.17054 5
      vertex -9.80785 -1.9509 5
      vertex -5.94867 -0.783156 5
    endloop
  endfacet
  facet normal 0 0 -1
    outer loop
      vertex -5.54328 2.2961 5
      vertex -9.2388 3.82683 5
      vertex -8.96873 4.42289 5
    endloop
  endfacet
  facet normal 0 0 -1
    outer loop
      vertex -9.91445 -1.30526 5
      vertex -5.94867 -0.783156 5
      vertex -9.80785 -1.9509 5
    endloop
  endfacet
  facet normal 0 0 -1
    outer loop
      vertex -5.68158 1.92864 5
      vertex -9.4693 3.21439 5
      vertex -9.2388 3.82683 5
    endloop
  endfacet
  facet normal -0 0 -1
    outer loop
      vertex -5.94867 -0.783156 5
      vertex -9.91445 -1.30526 5
      vertex -5.98715 -0.392418 5
    endloop
  endfacet
  facet normal 0 0 -1
    outer loop
      vertex -5.79555 1.55291 5
      vertex -9.65926 2.58819 5
      vertex -9.4693 3.21439 5
    endloop
  endfacet
  facet normal 0 0 -1
    outer loop
      vertex -9.97859 -0.654031 5
      vertex -5.98715 -0.392418 5
      vertex -9.91445 -1.30526 5
    endloop
  endfacet
  facet normal 0 0 -1
    outer loop
      vertex -5.88471 1.17054 5
      vertex -9.80785 1.9509 5
      vertex -9.65926 2.58819 5
    endloop
  endfacet
  facet normal -0 0 -1
    outer loop
      vertex -5.98715 -0.392418 5
      vertex -9.97859 -0.654031 5
      vertex -6 0 5
    endloop
  endfacet
  facet normal 0 0 -1
    outer loop
      vertex -5.94867 0.783156 5
      vertex -9.91445 1.30526 5
      vertex -9.80785 1.9509 5
    endloop
  endfacet
  facet normal 0 0 -1
    outer loop
      vertex -10 0 5
      vertex -6 0 5
      vertex -9.97859 -0.654031 5
    endloop
  endfacet
  facet normal 0 0 -1
    outer loop
      vertex -5.98715 0.392418 5
      vertex -9.97859 0.654031 5
      vertex -9.91445 1.30526 5
    endloop
  endfacet
  facet normal 0 0 -1
    outer loop
      vertex -6 0 5
      vertex -10 0 5
      vertex -9.97859 0.654031 5
    endloop
  endfacet
  facet normal -0.582486 -0.81284 0
    outer loop
      vertex -6.08761 -7.93353 5
      vertex -5.5557 -8.3147 14
      vertex -6.08761 -7.93353 14
    endloop
  endfacet
  facet normal -0.582486 -0.81284 -0
    outer loop
      vertex -5.5557 -8.3147 14
      vertex -6.08761 -7.93353 5
      vertex -5.5557 -8.3147 5
    endloop
  endfacet
  facet normal -0.773018 0.634384 0
    outer loop
      vertex -7.93353 6.08761 5
      vertex -7.5184 6.59346 14
      vertex -7.5184 6.59346 5
    endloop
  endfacet
  facet normal -0.773018 0.634384 0
    outer loop
      vertex -7.5184 6.59346 14
      vertex -7.93353 6.08761 5
      vertex -7.93353 6.08761 14
    endloop
  endfacet
  facet normal -0.290291 -0.956939 0
    outer loop
      vertex -3.21439 -9.4693 5
      vertex -2.58819 -9.65926 14
      vertex -3.21439 -9.4693 14
    endloop
  endfacet
  facet normal -0.290291 -0.956939 -0
    outer loop
      vertex -2.58819 -9.65926 14
      vertex -3.21439 -9.4693 5
      vertex -2.58819 -9.65926 5
    endloop
  endfacet
  facet normal 0.935909 -0.352242 0
    outer loop
      vertex 9.2388 -3.82683 14
      vertex 9.4693 -3.21439 5
      vertex 9.4693 -3.21439 14
    endloop
  endfacet
  facet normal 0.935909 -0.352242 0
    outer loop
      vertex 9.4693 -3.21439 5
      vertex 9.2388 -3.82683 14
      vertex 9.2388 -3.82683 5
    endloop
  endfacet
  facet normal -0.528061 0.849207 0
    outer loop
      vertex -5 8.66025 5
      vertex -5.5557 8.3147 14
      vertex -5 8.66025 14
    endloop
  endfacet
  facet normal -0.528061 0.849207 0
    outer loop
      vertex -5.5557 8.3147 14
      vertex -5 8.66025 5
      vertex -5.5557 8.3147 5
    endloop
  endfacet
  facet normal -0.528061 -0.849207 0
    outer loop
      vertex -5.5557 -8.3147 5
      vertex -5 -8.66025 14
      vertex -5.5557 -8.3147 14
    endloop
  endfacet
  facet normal -0.528061 -0.849207 -0
    outer loop
      vertex -5 -8.66025 14
      vertex -5.5557 -8.3147 5
      vertex -5 -8.66025 5
    endloop
  endfacet
  facet normal 0.910865 -0.412705 0
    outer loop
      vertex 8.96873 -4.42289 14
      vertex 9.2388 -3.82683 5
      vertex 9.2388 -3.82683 14
    endloop
  endfacet
  facet normal 0.910865 -0.412705 0
    outer loop
      vertex 9.2388 -3.82683 5
      vertex 8.96873 -4.42289 14
      vertex 8.96873 -4.42289 5
    endloop
  endfacet
  facet normal 0.634384 -0.773018 0
    outer loop
      vertex 6.08761 -7.93353 5
      vertex 6.59346 -7.5184 14
      vertex 6.08761 -7.93353 14
    endloop
  endfacet
  facet normal 0.634384 -0.773018 0
    outer loop
      vertex 6.59346 -7.5184 14
      vertex 6.08761 -7.93353 5
      vertex 6.59346 -7.5184 5
    endloop
  endfacet
  facet normal -0.412705 -0.910865 0
    outer loop
      vertex -4.42289 -8.96873 5
      vertex -3.82683 -9.2388 14
      vertex -4.42289 -8.96873 14
    endloop
  endfacet
  facet normal -0.412705 -0.910865 -0
    outer loop
      vertex -3.82683 -9.2388 14
      vertex -4.42289 -8.96873 5
      vertex -3.82683 -9.2388 5
    endloop
  endfacet
  facet normal 0.995186 0.0980062 0
    outer loop
      vertex 5.98715 0.392418 5
      vertex 5.94867 0.783156 0
      vertex 5.94867 0.783156 5
    endloop
  endfacet
  facet normal 0.995186 0.0980062 0
    outer loop
      vertex 5.94867 0.783156 0
      vertex 5.98715 0.392418 5
      vertex 5.98715 0.392418 0
    endloop
  endfacet
  facet normal 0.999464 0.0327282 0
    outer loop
      vertex 6 0 5
      vertex 5.98715 0.392418 0
      vertex 5.98715 0.392418 5
    endloop
  endfacet
  facet normal 0.999464 0.0327282 0
    outer loop
      vertex 5.98715 0.392418 0
      vertex 6 0 5
      vertex 6 0 0
    endloop
  endfacet
  facet normal 0.986642 0.162902 0
    outer loop
      vertex 5.94867 0.783156 5
      vertex 5.88471 1.17054 0
      vertex 5.88471 1.17054 5
    endloop
  endfacet
  facet normal 0.986642 0.162902 0
    outer loop
      vertex 5.88471 1.17054 0
      vertex 5.94867 0.783156 5
      vertex 5.94867 0.783156 0
    endloop
  endfacet
  facet normal -0.812846 -0.582478 0
    outer loop
      vertex -4.76012 -3.65257 0
      vertex -4.98882 -3.33342 5
      vertex -4.98882 -3.33342 0
    endloop
  endfacet
  facet normal -0.812846 -0.582478 0
    outer loop
      vertex -4.98882 -3.33342 5
      vertex -4.76012 -3.65257 0
      vertex -4.76012 -3.65257 5
    endloop
  endfacet
  facet normal 0.995186 -0.0980062 0
    outer loop
      vertex 5.94867 -0.783156 5
      vertex 5.98715 -0.392418 0
      vertex 5.98715 -0.392418 5
    endloop
  endfacet
  facet normal 0.995186 -0.0980062 0
    outer loop
      vertex 5.98715 -0.392418 0
      vertex 5.94867 -0.783156 5
      vertex 5.94867 -0.783156 0
    endloop
  endfacet
  facet normal 0.773005 -0.634399 0
    outer loop
      vertex 4.51104 -3.95607 5
      vertex 4.76012 -3.65257 0
      vertex 4.76012 -3.65257 5
    endloop
  endfacet
  facet normal 0.773005 -0.634399 0
    outer loop
      vertex 4.76012 -3.65257 0
      vertex 4.51104 -3.95607 5
      vertex 4.51104 -3.95607 0
    endloop
  endfacet
  facet normal 0.935908 0.352245 0
    outer loop
      vertex 5.68158 1.92864 5
      vertex 5.54328 2.2961 0
      vertex 5.54328 2.2961 5
    endloop
  endfacet
  facet normal 0.935908 0.352245 0
    outer loop
      vertex 5.54328 2.2961 0
      vertex 5.68158 1.92864 5
      vertex 5.68158 1.92864 0
    endloop
  endfacet
  facet normal 0.973875 0.227085 0
    outer loop
      vertex 5.88471 1.17054 5
      vertex 5.79555 1.55291 0
      vertex 5.79555 1.55291 5
    endloop
  endfacet
  facet normal 0.973875 0.227085 0
    outer loop
      vertex 5.79555 1.55291 0
      vertex 5.88471 1.17054 5
      vertex 5.88471 1.17054 0
    endloop
  endfacet
  facet normal -0.935908 0.352245 0
    outer loop
      vertex -5.68158 1.92864 0
      vertex -5.54328 2.2961 5
      vertex -5.54328 2.2961 0
    endloop
  endfacet
  facet normal -0.935908 0.352245 0
    outer loop
      vertex -5.54328 2.2961 5
      vertex -5.68158 1.92864 0
      vertex -5.68158 1.92864 5
    endloop
  endfacet
  facet normal 0.471406 0.881916 -0
    outer loop
      vertex 3 5.19615 0
      vertex 2.65373 5.38124 5
      vertex 3 5.19615 5
    endloop
  endfacet
  facet normal 0.471406 0.881916 0
    outer loop
      vertex 2.65373 5.38124 5
      vertex 3 5.19615 0
      vertex 2.65373 5.38124 0
    endloop
  endfacet
  facet normal 0.0327282 -0.999464 0
    outer loop
      vertex 0 -6 0
      vertex 0.392418 -5.98715 5
      vertex 0 -6 5
    endloop
  endfacet
  facet normal 0.0327282 -0.999464 0
    outer loop
      vertex 0.392418 -5.98715 5
      vertex 0 -6 0
      vertex 0.392418 -5.98715 0
    endloop
  endfacet
  facet normal -0.634399 -0.773005 0
    outer loop
      vertex -3.95607 -4.51104 0
      vertex -3.65257 -4.76012 5
      vertex -3.95607 -4.51104 5
    endloop
  endfacet
  facet normal -0.634399 -0.773005 -0
    outer loop
      vertex -3.65257 -4.76012 5
      vertex -3.95607 -4.51104 0
      vertex -3.65257 -4.76012 0
    endloop
  endfacet
  facet normal 0.729867 -0.683589 0
    outer loop
      vertex 4.24264 -4.24264 5
      vertex 4.51104 -3.95607 0
      vertex 4.51104 -3.95607 5
    endloop
  endfacet
  facet normal 0.729867 -0.683589 0
    outer loop
      vertex 4.51104 -3.95607 0
      vertex 4.24264 -4.24264 5
      vertex 4.24264 -4.24264 0
    endloop
  endfacet
  facet normal -0.973875 0.227085 0
    outer loop
      vertex -5.88471 1.17054 0
      vertex -5.79555 1.55291 5
      vertex -5.79555 1.55291 0
    endloop
  endfacet
  facet normal -0.973875 0.227085 0
    outer loop
      vertex -5.79555 1.55291 5
      vertex -5.88471 1.17054 0
      vertex -5.88471 1.17054 5
    endloop
  endfacet
  facet normal 0.910864 0.412707 0
    outer loop
      vertex 5.54328 2.2961 5
      vertex 5.38124 2.65373 0
      vertex 5.38124 2.65373 5
    endloop
  endfacet
  facet normal 0.910864 0.412707 0
    outer loop
      vertex 5.38124 2.65373 0
      vertex 5.54328 2.2961 5
      vertex 5.54328 2.2961 0
    endloop
  endfacet
  facet normal 0.986642 -0.162902 0
    outer loop
      vertex 5.88471 -1.17054 5
      vertex 5.94867 -0.783156 0
      vertex 5.94867 -0.783156 5
    endloop
  endfacet
  facet normal 0.986642 -0.162902 0
    outer loop
      vertex 5.94867 -0.783156 0
      vertex 5.88471 -1.17054 5
      vertex 5.88471 -1.17054 0
    endloop
  endfacet
  facet normal 0.773005 0.634399 0
    outer loop
      vertex 4.76012 3.65257 5
      vertex 4.51104 3.95607 0
      vertex 4.51104 3.95607 5
    endloop
  endfacet
  facet normal 0.773005 0.634399 0
    outer loop
      vertex 4.51104 3.95607 0
      vertex 4.76012 3.65257 5
      vertex 4.76012 3.65257 0
    endloop
  endfacet
  facet normal 0.412707 0.910864 -0
    outer loop
      vertex 2.65373 5.38124 0
      vertex 2.2961 5.54328 5
      vertex 2.65373 5.38124 5
    endloop
  endfacet
  facet normal 0.412707 0.910864 0
    outer loop
      vertex 2.2961 5.54328 5
      vertex 2.65373 5.38124 0
      vertex 2.2961 5.54328 0
    endloop
  endfacet
  facet normal -0.528061 -0.849207 0
    outer loop
      vertex -3.33342 -4.98882 0
      vertex -3 -5.19615 5
      vertex -3.33342 -4.98882 5
    endloop
  endfacet
  facet normal -0.528061 -0.849207 -0
    outer loop
      vertex -3 -5.19615 5
      vertex -3.33342 -4.98882 0
      vertex -3 -5.19615 0
    endloop
  endfacet
  facet normal 0.812846 -0.582478 0
    outer loop
      vertex 4.76012 -3.65257 5
      vertex 4.98882 -3.33342 0
      vertex 4.98882 -3.33342 5
    endloop
  endfacet
  facet normal 0.812846 -0.582478 0
    outer loop
      vertex 4.98882 -3.33342 0
      vertex 4.76012 -3.65257 5
      vertex 4.76012 -3.65257 0
    endloop
  endfacet
  facet normal -0.999464 -0.0327282 0
    outer loop
      vertex -5.98715 -0.392418 0
      vertex -6 0 5
      vertex -6 0 0
    endloop
  endfacet
  facet normal -0.999464 -0.0327282 0
    outer loop
      vertex -6 0 5
      vertex -5.98715 -0.392418 0
      vertex -5.98715 -0.392418 5
    endloop
  endfacet
  facet normal -0.935908 -0.352245 0
    outer loop
      vertex -5.54328 -2.2961 0
      vertex -5.68158 -1.92864 5
      vertex -5.68158 -1.92864 0
    endloop
  endfacet
  facet normal -0.935908 -0.352245 0
    outer loop
      vertex -5.68158 -1.92864 5
      vertex -5.54328 -2.2961 0
      vertex -5.54328 -2.2961 5
    endloop
  endfacet
  facet normal -0.973875 -0.227085 0
    outer loop
      vertex -5.79555 -1.55291 0
      vertex -5.88471 -1.17054 5
      vertex -5.88471 -1.17054 0
    endloop
  endfacet
  facet normal -0.973875 -0.227085 0
    outer loop
      vertex -5.88471 -1.17054 5
      vertex -5.79555 -1.55291 0
      vertex -5.79555 -1.55291 5
    endloop
  endfacet
  facet normal -0.881916 -0.471406 0
    outer loop
      vertex -5.19615 -3 0
      vertex -5.38124 -2.65373 5
      vertex -5.38124 -2.65373 0
    endloop
  endfacet
  facet normal -0.881916 -0.471406 0
    outer loop
      vertex -5.38124 -2.65373 5
      vertex -5.19615 -3 0
      vertex -5.19615 -3 5
    endloop
  endfacet
  facet normal 0.227085 0.973875 -0
    outer loop
      vertex 1.55291 5.79555 0
      vertex 1.17054 5.88471 5
      vertex 1.55291 5.79555 5
    endloop
  endfacet
  facet normal 0.227085 0.973875 0
    outer loop
      vertex 1.17054 5.88471 5
      vertex 1.55291 5.79555 0
      vertex 1.17054 5.88471 0
    endloop
  endfacet
  facet normal -0.0327282 -0.999464 0
    outer loop
      vertex -0.392418 -5.98715 0
      vertex 0 -6 5
      vertex -0.392418 -5.98715 5
    endloop
  endfacet
  facet normal -0.0327282 -0.999464 -0
    outer loop
      vertex 0 -6 5
      vertex -0.392418 -5.98715 0
      vertex 0 -6 0
    endloop
  endfacet
  facet normal -0.956945 -0.29027 0
    outer loop
      vertex -5.68158 -1.92864 0
      vertex -5.79555 -1.55291 5
      vertex -5.79555 -1.55291 0
    endloop
  endfacet
  facet normal -0.956945 -0.29027 0
    outer loop
      vertex -5.79555 -1.55291 5
      vertex -5.68158 -1.92864 0
      vertex -5.68158 -1.92864 5
    endloop
  endfacet
  facet normal -0.812846 0.582478 0
    outer loop
      vertex -4.98882 3.33342 0
      vertex -4.76012 3.65257 5
      vertex -4.76012 3.65257 0
    endloop
  endfacet
  facet normal -0.812846 0.582478 0
    outer loop
      vertex -4.76012 3.65257 5
      vertex -4.98882 3.33342 0
      vertex -4.98882 3.33342 5
    endloop
  endfacet
  facet normal 0.352245 -0.935908 0
    outer loop
      vertex 1.92864 -5.68158 0
      vertex 2.2961 -5.54328 5
      vertex 1.92864 -5.68158 5
    endloop
  endfacet
  facet normal 0.352245 -0.935908 0
    outer loop
      vertex 2.2961 -5.54328 5
      vertex 1.92864 -5.68158 0
      vertex 2.2961 -5.54328 0
    endloop
  endfacet
  facet normal -0.683589 -0.729867 0
    outer loop
      vertex -4.24264 -4.24264 0
      vertex -3.95607 -4.51104 5
      vertex -4.24264 -4.24264 5
    endloop
  endfacet
  facet normal -0.683589 -0.729867 -0
    outer loop
      vertex -3.95607 -4.51104 5
      vertex -4.24264 -4.24264 0
      vertex -3.95607 -4.51104 0
    endloop
  endfacet
  facet normal 0.29027 0.956945 -0
    outer loop
      vertex 1.92864 5.68158 0
      vertex 1.55291 5.79555 5
      vertex 1.92864 5.68158 5
    endloop
  endfacet
  facet normal 0.29027 0.956945 0
    outer loop
      vertex 1.55291 5.79555 5
      vertex 1.92864 5.68158 0
      vertex 1.55291 5.79555 0
    endloop
  endfacet
  facet normal -0.0980062 0.995186 0
    outer loop
      vertex -0.392418 5.98715 0
      vertex -0.783156 5.94867 5
      vertex -0.392418 5.98715 5
    endloop
  endfacet
  facet normal -0.0980062 0.995186 0
    outer loop
      vertex -0.783156 5.94867 5
      vertex -0.392418 5.98715 0
      vertex -0.783156 5.94867 0
    endloop
  endfacet
  facet normal 0.528061 0.849207 -0
    outer loop
      vertex 3.33342 4.98882 0
      vertex 3 5.19615 5
      vertex 3.33342 4.98882 5
    endloop
  endfacet
  facet normal 0.528061 0.849207 0
    outer loop
      vertex 3 5.19615 5
      vertex 3.33342 4.98882 0
      vertex 3 5.19615 0
    endloop
  endfacet
  facet normal 0.881916 0.471406 0
    outer loop
      vertex 5.38124 2.65373 5
      vertex 5.19615 3 0
      vertex 5.19615 3 5
    endloop
  endfacet
  facet normal 0.881916 0.471406 0
    outer loop
      vertex 5.19615 3 0
      vertex 5.38124 2.65373 5
      vertex 5.38124 2.65373 0
    endloop
  endfacet
  facet normal 0 0 -1
    outer loop
      vertex 3.875 0 0
      vertex 6 0 0
      vertex 5.98715 -0.392418 0
    endloop
  endfacet
  facet normal 0 0 -1
    outer loop
      vertex 3.8667 -0.253437 0
      vertex 5.98715 -0.392418 0
      vertex 5.94867 -0.783156 0
    endloop
  endfacet
  facet normal 0 0 -1
    outer loop
      vertex 6 0 0
      vertex 3.875 0 0
      vertex 5.98715 0.392418 0
    endloop
  endfacet
  facet normal 0 0 -1
    outer loop
      vertex 3.84185 -0.505789 0
      vertex 5.94867 -0.783156 0
      vertex 5.88471 -1.17054 0
    endloop
  endfacet
  facet normal 0 0 -1
    outer loop
      vertex 3.8667 0.253437 0
      vertex 5.98715 0.392418 0
      vertex 3.875 0 0
    endloop
  endfacet
  facet normal 0 0 -1
    outer loop
      vertex 3.80054 -0.755975 0
      vertex 5.88471 -1.17054 0
      vertex 5.79555 -1.55291 0
    endloop
  endfacet
  facet normal -0 0 -1
    outer loop
      vertex 5.98715 0.392418 0
      vertex 3.8667 0.253437 0
      vertex 5.94867 0.783156 0
    endloop
  endfacet
  facet normal 0 0 -1
    outer loop
      vertex 3.74296 -1.00292 0
      vertex 5.79555 -1.55291 0
      vertex 5.68158 -1.92864 0
    endloop
  endfacet
  facet normal 0 0 -1
    outer loop
      vertex 3.84185 0.505789 0
      vertex 5.94867 0.783156 0
      vertex 3.8667 0.253437 0
    endloop
  endfacet
  facet normal 0 0 -1
    outer loop
      vertex 3.66935 -1.24558 0
      vertex 5.68158 -1.92864 0
      vertex 5.54328 -2.2961 0
    endloop
  endfacet
  facet normal -0 0 -1
    outer loop
      vertex 5.94867 0.783156 0
      vertex 3.84185 0.505789 0
      vertex 5.88471 1.17054 0
    endloop
  endfacet
  facet normal 0 0 -1
    outer loop
      vertex 3.58003 -1.4829 0
      vertex 5.54328 -2.2961 0
      vertex 5.38124 -2.65373 0
    endloop
  endfacet
  facet normal 0 0 -1
    outer loop
      vertex 3.80054 0.755975 0
      vertex 5.88471 1.17054 0
      vertex 3.84185 0.505789 0
    endloop
  endfacet
  facet normal 0 0 -1
    outer loop
      vertex 3.47538 -1.71387 0
      vertex 5.38124 -2.65373 0
      vertex 5.19615 -3 0
    endloop
  endfacet
  facet normal -0 0 -1
    outer loop
      vertex 5.88471 1.17054 0
      vertex 3.80054 0.755975 0
      vertex 5.79555 1.55291 0
    endloop
  endfacet
  facet normal 0 0 -1
    outer loop
      vertex 3.35585 -1.9375 0
      vertex 5.19615 -3 0
      vertex 4.98882 -3.33342 0
    endloop
  endfacet
  facet normal 0 0 -1
    outer loop
      vertex 3.74296 1.00292 0
      vertex 5.79555 1.55291 0
      vertex 3.80054 0.755975 0
    endloop
  endfacet
  facet normal 0 0 -1
    outer loop
      vertex 3.22194 -2.15283 0
      vertex 4.98882 -3.33342 0
      vertex 4.76012 -3.65257 0
    endloop
  endfacet
  facet normal -0 0 -1
    outer loop
      vertex 5.79555 1.55291 0
      vertex 3.74296 1.00292 0
      vertex 5.68158 1.92864 0
    endloop
  endfacet
  facet normal 0 0 -1
    outer loop
      vertex 3.07424 -2.35895 0
      vertex 4.76012 -3.65257 0
      vertex 4.51104 -3.95607 0
    endloop
  endfacet
  facet normal 0 0 -1
    outer loop
      vertex 3.66935 1.24558 0
      vertex 5.68158 1.92864 0
      vertex 3.74296 1.00292 0
    endloop
  endfacet
  facet normal 0 0 -1
    outer loop
      vertex 2.91338 -2.55497 0
      vertex 4.51104 -3.95607 0
      vertex 4.24264 -4.24264 0
    endloop
  endfacet
  facet normal -0 0 -1
    outer loop
      vertex 5.68158 1.92864 0
      vertex 3.66935 1.24558 0
      vertex 5.54328 2.2961 0
    endloop
  endfacet
  facet normal 0 0 -1
    outer loop
      vertex 2.74004 -2.74004 0
      vertex 4.24264 -4.24264 0
      vertex 3.95607 -4.51104 0
    endloop
  endfacet
  facet normal 0 0 -1
    outer loop
      vertex 3.58003 1.4829 0
      vertex 5.54328 2.2961 0
      vertex 3.66935 1.24558 0
    endloop
  endfacet
  facet normal -0 0 -1
    outer loop
      vertex 5.54328 2.2961 0
      vertex 3.58003 1.4829 0
      vertex 5.38124 2.65373 0
    endloop
  endfacet
  facet normal 0 0 -1
    outer loop
      vertex 5.98715 -0.392418 0
      vertex 3.8667 -0.253437 0
      vertex 3.875 0 0
    endloop
  endfacet
  facet normal 0 0 -1
    outer loop
      vertex 5.94867 -0.783156 0
      vertex 3.84185 -0.505789 0
      vertex 3.8667 -0.253437 0
    endloop
  endfacet
  facet normal 0 0 -1
    outer loop
      vertex 5.88471 -1.17054 0
      vertex 3.80054 -0.755975 0
      vertex 3.84185 -0.505789 0
    endloop
  endfacet
  facet normal 0 0 -1
    outer loop
      vertex 5.79555 -1.55291 0
      vertex 3.74296 -1.00292 0
      vertex 3.80054 -0.755975 0
    endloop
  endfacet
  facet normal 0 0 -1
    outer loop
      vertex 5.68158 -1.92864 0
      vertex 3.66935 -1.24558 0
      vertex 3.74296 -1.00292 0
    endloop
  endfacet
  facet normal 0 0 -1
    outer loop
      vertex 2.55497 -2.91338 0
      vertex 3.95607 -4.51104 0
      vertex 3.65257 -4.76012 0
    endloop
  endfacet
  facet normal 0 0 -1
    outer loop
      vertex 5.54328 -2.2961 0
      vertex 3.58003 -1.4829 0
      vertex 3.66935 -1.24558 0
    endloop
  endfacet
  facet normal 0 0 -1
    outer loop
      vertex 5.38124 -2.65373 0
      vertex 3.47538 -1.71387 0
      vertex 3.58003 -1.4829 0
    endloop
  endfacet
  facet normal 0 0 -1
    outer loop
      vertex 5.19615 -3 0
      vertex 3.35585 -1.9375 0
      vertex 3.47538 -1.71387 0
    endloop
  endfacet
  facet normal 0 0 -1
    outer loop
      vertex 2.35895 -3.07424 0
      vertex 3.65257 -4.76012 0
      vertex 3.33342 -4.98882 0
    endloop
  endfacet
  facet normal 0 0 -1
    outer loop
      vertex 4.98882 -3.33342 0
      vertex 3.22194 -2.15283 0
      vertex 3.35585 -1.9375 0
    endloop
  endfacet
  facet normal 0 0 -1
    outer loop
      vertex 4.76012 -3.65257 0
      vertex 3.07424 -2.35895 0
      vertex 3.22194 -2.15283 0
    endloop
  endfacet
  facet normal 0 0 -1
    outer loop
      vertex 2.15283 -3.22194 0
      vertex 3.33342 -4.98882 0
      vertex 3 -5.19615 0
    endloop
  endfacet
  facet normal 0 0 -1
    outer loop
      vertex 4.51104 -3.95607 0
      vertex 2.91338 -2.55497 0
      vertex 3.07424 -2.35895 0
    endloop
  endfacet
  facet normal 0 0 -1
    outer loop
      vertex 4.24264 -4.24264 0
      vertex 2.74004 -2.74004 0
      vertex 2.91338 -2.55497 0
    endloop
  endfacet
  facet normal 0 0 -1
    outer loop
      vertex 1.9375 -3.35585 0
      vertex 3 -5.19615 0
      vertex 2.65373 -5.38124 0
    endloop
  endfacet
  facet normal 0 0 -1
    outer loop
      vertex 3.95607 -4.51104 0
      vertex 2.55497 -2.91338 0
      vertex 2.74004 -2.74004 0
    endloop
  endfacet
  facet normal 0 0 -1
    outer loop
      vertex 3.65257 -4.76012 0
      vertex 2.35895 -3.07424 0
      vertex 2.55497 -2.91338 0
    endloop
  endfacet
  facet normal 0 0 -1
    outer loop
      vertex 1.71387 -3.47538 0
      vertex 2.65373 -5.38124 0
      vertex 2.2961 -5.54328 0
    endloop
  endfacet
  facet normal 0 0 -1
    outer loop
      vertex 3.33342 -4.98882 0
      vertex 2.15283 -3.22194 0
      vertex 2.35895 -3.07424 0
    endloop
  endfacet
  facet normal 0 0 -1
    outer loop
      vertex 3 -5.19615 0
      vertex 1.9375 -3.35585 0
      vertex 2.15283 -3.22194 0
    endloop
  endfacet
  facet normal 0 0 -1
    outer loop
      vertex 1.4829 -3.58003 0
      vertex 2.2961 -5.54328 0
      vertex 1.92864 -5.68158 0
    endloop
  endfacet
  facet normal 0 0 -1
    outer loop
      vertex 2.65373 -5.38124 0
      vertex 1.71387 -3.47538 0
      vertex 1.9375 -3.35585 0
    endloop
  endfacet
  facet normal 0 0 -1
    outer loop
      vertex 1.24558 -3.66935 0
      vertex 1.92864 -5.68158 0
      vertex 1.55291 -5.79555 0
    endloop
  endfacet
  facet normal 0 0 -1
    outer loop
      vertex 2.2961 -5.54328 0
      vertex 1.4829 -3.58003 0
      vertex 1.71387 -3.47538 0
    endloop
  endfacet
  facet normal 0 0 -1
    outer loop
      vertex 1.92864 -5.68158 0
      vertex 1.24558 -3.66935 0
      vertex 1.4829 -3.58003 0
    endloop
  endfacet
  facet normal 0 0 -1
    outer loop
      vertex 1.00292 -3.74296 0
      vertex 1.55291 -5.79555 0
      vertex 1.17054 -5.88471 0
    endloop
  endfacet
  facet normal 0 0 -1
    outer loop
      vertex 1.55291 -5.79555 0
      vertex 1.00292 -3.74296 0
      vertex 1.24558 -3.66935 0
    endloop
  endfacet
  facet normal 0 0 -1
    outer loop
      vertex 0.755975 -3.80054 0
      vertex 1.17054 -5.88471 0
      vertex 0.783156 -5.94867 0
    endloop
  endfacet
  facet normal 0 0 -1
    outer loop
      vertex 1.17054 -5.88471 0
      vertex 0.755975 -3.80054 0
      vertex 1.00292 -3.74296 0
    endloop
  endfacet
  facet normal 0 0 -1
    outer loop
      vertex 0.783156 -5.94867 0
      vertex 0.505789 -3.84185 0
      vertex 0.755975 -3.80054 0
    endloop
  endfacet
  facet normal 0 0 -1
    outer loop
      vertex 0.392418 -5.98715 0
      vertex 0.505789 -3.84185 0
      vertex 0.783156 -5.94867 0
    endloop
  endfacet
  facet normal 0 0 -1
    outer loop
      vertex 0.392418 -5.98715 0
      vertex 0.253437 -3.8667 0
      vertex 0.505789 -3.84185 0
    endloop
  endfacet
  facet normal 0 0 -1
    outer loop
      vertex 0 -6 0
      vertex 0.253437 -3.8667 0
      vertex 0.392418 -5.98715 0
    endloop
  endfacet
  facet normal 0 0 -1
    outer loop
      vertex 0 -6 0
      vertex 0 -3.875 0
      vertex 0.253437 -3.8667 0
    endloop
  endfacet
  facet normal 0 0 -1
    outer loop
      vertex 0 -6 0
      vertex -0.253437 -3.8667 0
      vertex 0 -3.875 0
    endloop
  endfacet
  facet normal 0 0 -1
    outer loop
      vertex -0.392418 -5.98715 0
      vertex -0.253437 -3.8667 0
      vertex 0 -6 0
    endloop
  endfacet
  facet normal 0 0 -1
    outer loop
      vertex -0.392418 -5.98715 0
      vertex -0.505789 -3.84185 0
      vertex -0.253437 -3.8667 0
    endloop
  endfacet
  facet normal 0 0 -1
    outer loop
      vertex -0.783156 -5.94867 0
      vertex -0.505789 -3.84185 0
      vertex -0.392418 -5.98715 0
    endloop
  endfacet
  facet normal -0 0 -1
    outer loop
      vertex -0.505789 -3.84185 0
      vertex -0.783156 -5.94867 0
      vertex -0.755975 -3.80054 0
    endloop
  endfacet
  facet normal 0 0 -1
    outer loop
      vertex -1.17054 -5.88471 0
      vertex -0.755975 -3.80054 0
      vertex -0.783156 -5.94867 0
    endloop
  endfacet
  facet normal -0 0 -1
    outer loop
      vertex -0.755975 -3.80054 0
      vertex -1.17054 -5.88471 0
      vertex -1.00292 -3.74296 0
    endloop
  endfacet
  facet normal 0 0 -1
    outer loop
      vertex -1.55291 -5.79555 0
      vertex -1.00292 -3.74296 0
      vertex -1.17054 -5.88471 0
    endloop
  endfacet
  facet normal -0 0 -1
    outer loop
      vertex -1.00292 -3.74296 0
      vertex -1.55291 -5.79555 0
      vertex -1.24558 -3.66935 0
    endloop
  endfacet
  facet normal 0 0 -1
    outer loop
      vertex -1.92864 -5.68158 0
      vertex -1.24558 -3.66935 0
      vertex -1.55291 -5.79555 0
    endloop
  endfacet
  facet normal -0 0 -1
    outer loop
      vertex -1.24558 -3.66935 0
      vertex -1.92864 -5.68158 0
      vertex -1.4829 -3.58003 0
    endloop
  endfacet
  facet normal 0 0 -1
    outer loop
      vertex -2.2961 -5.54328 0
      vertex -1.4829 -3.58003 0
      vertex -1.92864 -5.68158 0
    endloop
  endfacet
  facet normal -0 0 -1
    outer loop
      vertex -1.4829 -3.58003 0
      vertex -2.2961 -5.54328 0
      vertex -1.71387 -3.47538 0
    endloop
  endfacet
  facet normal 0 0 -1
    outer loop
      vertex -2.65373 -5.38124 0
      vertex -1.71387 -3.47538 0
      vertex -2.2961 -5.54328 0
    endloop
  endfacet
  facet normal -0 0 -1
    outer loop
      vertex -1.71387 -3.47538 0
      vertex -2.65373 -5.38124 0
      vertex -1.9375 -3.35585 0
    endloop
  endfacet
  facet normal 0 0 -1
    outer loop
      vertex -3 -5.19615 0
      vertex -1.9375 -3.35585 0
      vertex -2.65373 -5.38124 0
    endloop
  endfacet
  facet normal -0 0 -1
    outer loop
      vertex -1.9375 -3.35585 0
      vertex -3 -5.19615 0
      vertex -2.15283 -3.22194 0
    endloop
  endfacet
  facet normal 0 0 -1
    outer loop
      vertex -3.33342 -4.98882 0
      vertex -2.15283 -3.22194 0
      vertex -3 -5.19615 0
    endloop
  endfacet
  facet normal -0 0 -1
    outer loop
      vertex -2.15283 -3.22194 0
      vertex -3.33342 -4.98882 0
      vertex -2.35895 -3.07424 0
    endloop
  endfacet
  facet normal 0 0 -1
    outer loop
      vertex -3.65257 -4.76012 0
      vertex -2.35895 -3.07424 0
      vertex -3.33342 -4.98882 0
    endloop
  endfacet
  facet normal -0 0 -1
    outer loop
      vertex -2.35895 -3.07424 0
      vertex -3.65257 -4.76012 0
      vertex -2.55497 -2.91338 0
    endloop
  endfacet
  facet normal 0 0 -1
    outer loop
      vertex -3.95607 -4.51104 0
      vertex -2.55497 -2.91338 0
      vertex -3.65257 -4.76012 0
    endloop
  endfacet
  facet normal -0 0 -1
    outer loop
      vertex -2.55497 -2.91338 0
      vertex -3.95607 -4.51104 0
      vertex -2.74004 -2.74004 0
    endloop
  endfacet
  facet normal 0 0 -1
    outer loop
      vertex -4.24264 -4.24264 0
      vertex -2.74004 -2.74004 0
      vertex -3.95607 -4.51104 0
    endloop
  endfacet
  facet normal -0 0 -1
    outer loop
      vertex -2.74004 -2.74004 0
      vertex -4.24264 -4.24264 0
      vertex -2.91338 -2.55497 0
    endloop
  endfacet
  facet normal 0 0 -1
    outer loop
      vertex -4.51104 -3.95607 0
      vertex -2.91338 -2.55497 0
      vertex -4.24264 -4.24264 0
    endloop
  endfacet
  facet normal -0 0 -1
    outer loop
      vertex -2.91338 -2.55497 0
      vertex -4.51104 -3.95607 0
      vertex -3.07424 -2.35895 0
    endloop
  endfacet
  facet normal 0 0 -1
    outer loop
      vertex -4.76012 -3.65257 0
      vertex -3.07424 -2.35895 0
      vertex -4.51104 -3.95607 0
    endloop
  endfacet
  facet normal -0 0 -1
    outer loop
      vertex -3.07424 -2.35895 0
      vertex -4.76012 -3.65257 0
      vertex -3.22194 -2.15283 0
    endloop
  endfacet
  facet normal 0 0 -1
    outer loop
      vertex -4.98882 -3.33342 0
      vertex -3.22194 -2.15283 0
      vertex -4.76012 -3.65257 0
    endloop
  endfacet
  facet normal -0 0 -1
    outer loop
      vertex -3.22194 -2.15283 0
      vertex -4.98882 -3.33342 0
      vertex -3.35585 -1.9375 0
    endloop
  endfacet
  facet normal 0 0 -1
    outer loop
      vertex -5.19615 -3 0
      vertex -3.35585 -1.9375 0
      vertex -4.98882 -3.33342 0
    endloop
  endfacet
  facet normal -0 0 -1
    outer loop
      vertex -3.35585 -1.9375 0
      vertex -5.19615 -3 0
      vertex -3.47538 -1.71387 0
    endloop
  endfacet
  facet normal -0 0 -1
    outer loop
      vertex -3.47538 -1.71387 0
      vertex -5.38124 -2.65373 0
      vertex -3.58003 -1.4829 0
    endloop
  endfacet
  facet normal 0 0 -1
    outer loop
      vertex -5.38124 -2.65373 0
      vertex -3.47538 -1.71387 0
      vertex -5.19615 -3 0
    endloop
  endfacet
  facet normal 0 0 -1
    outer loop
      vertex 3.47538 1.71387 0
      vertex 5.38124 2.65373 0
      vertex 3.58003 1.4829 0
    endloop
  endfacet
  facet normal -0 0 -1
    outer loop
      vertex 5.38124 2.65373 0
      vertex 3.47538 1.71387 0
      vertex 5.19615 3 0
    endloop
  endfacet
  facet normal 0 0 -1
    outer loop
      vertex 3.35585 1.9375 0
      vertex 5.19615 3 0
      vertex 3.47538 1.71387 0
    endloop
  endfacet
  facet normal -0 0 -1
    outer loop
      vertex 5.19615 3 0
      vertex 3.35585 1.9375 0
      vertex 4.98882 3.33342 0
    endloop
  endfacet
  facet normal 0 0 -1
    outer loop
      vertex 3.22194 2.15283 0
      vertex 4.98882 3.33342 0
      vertex 3.35585 1.9375 0
    endloop
  endfacet
  facet normal -0 0 -1
    outer loop
      vertex 4.98882 3.33342 0
      vertex 3.22194 2.15283 0
      vertex 4.76012 3.65257 0
    endloop
  endfacet
  facet normal 0 0 -1
    outer loop
      vertex 3.07424 2.35895 0
      vertex 4.76012 3.65257 0
      vertex 3.22194 2.15283 0
    endloop
  endfacet
  facet normal -0 0 -1
    outer loop
      vertex 4.76012 3.65257 0
      vertex 3.07424 2.35895 0
      vertex 4.51104 3.95607 0
    endloop
  endfacet
  facet normal 0 0 -1
    outer loop
      vertex 2.91338 2.55497 0
      vertex 4.51104 3.95607 0
      vertex 3.07424 2.35895 0
    endloop
  endfacet
  facet normal -0 0 -1
    outer loop
      vertex 4.51104 3.95607 0
      vertex 2.91338 2.55497 0
      vertex 4.24264 4.24264 0
    endloop
  endfacet
  facet normal 0 0 -1
    outer loop
      vertex 2.74004 2.74004 0
      vertex 4.24264 4.24264 0
      vertex 2.91338 2.55497 0
    endloop
  endfacet
  facet normal -0 0 -1
    outer loop
      vertex 4.24264 4.24264 0
      vertex 2.74004 2.74004 0
      vertex 3.95607 4.51104 0
    endloop
  endfacet
  facet normal 0 0 -1
    outer loop
      vertex 2.55497 2.91338 0
      vertex 3.95607 4.51104 0
      vertex 2.74004 2.74004 0
    endloop
  endfacet
  facet normal -0 0 -1
    outer loop
      vertex 3.95607 4.51104 0
      vertex 2.55497 2.91338 0
      vertex 3.65257 4.76012 0
    endloop
  endfacet
  facet normal 0 0 -1
    outer loop
      vertex 2.35895 3.07424 0
      vertex 3.65257 4.76012 0
      vertex 2.55497 2.91338 0
    endloop
  endfacet
  facet normal -0 0 -1
    outer loop
      vertex 3.65257 4.76012 0
      vertex 2.35895 3.07424 0
      vertex 3.33342 4.98882 0
    endloop
  endfacet
  facet normal 0 0 -1
    outer loop
      vertex 2.15283 3.22194 0
      vertex 3.33342 4.98882 0
      vertex 2.35895 3.07424 0
    endloop
  endfacet
  facet normal -0 0 -1
    outer loop
      vertex 3.33342 4.98882 0
      vertex 2.15283 3.22194 0
      vertex 3 5.19615 0
    endloop
  endfacet
  facet normal 0 0 -1
    outer loop
      vertex 1.9375 3.35585 0
      vertex 3 5.19615 0
      vertex 2.15283 3.22194 0
    endloop
  endfacet
  facet normal -0 0 -1
    outer loop
      vertex 3 5.19615 0
      vertex 1.9375 3.35585 0
      vertex 2.65373 5.38124 0
    endloop
  endfacet
  facet normal 0 0 -1
    outer loop
      vertex 1.71387 3.47538 0
      vertex 2.65373 5.38124 0
      vertex 1.9375 3.35585 0
    endloop
  endfacet
  facet normal -0 0 -1
    outer loop
      vertex 2.65373 5.38124 0
      vertex 1.71387 3.47538 0
      vertex 2.2961 5.54328 0
    endloop
  endfacet
  facet normal 0 0 -1
    outer loop
      vertex 1.4829 3.58003 0
      vertex 2.2961 5.54328 0
      vertex 1.71387 3.47538 0
    endloop
  endfacet
  facet normal -0 0 -1
    outer loop
      vertex 2.2961 5.54328 0
      vertex 1.4829 3.58003 0
      vertex 1.92864 5.68158 0
    endloop
  endfacet
  facet normal 0 0 -1
    outer loop
      vertex 1.24558 3.66935 0
      vertex 1.92864 5.68158 0
      vertex 1.4829 3.58003 0
    endloop
  endfacet
  facet normal -0 0 -1
    outer loop
      vertex 1.92864 5.68158 0
      vertex 1.24558 3.66935 0
      vertex 1.55291 5.79555 0
    endloop
  endfacet
  facet normal 0 0 -1
    outer loop
      vertex 1.00292 3.74296 0
      vertex 1.55291 5.79555 0
      vertex 1.24558 3.66935 0
    endloop
  endfacet
  facet normal -0 0 -1
    outer loop
      vertex 1.55291 5.79555 0
      vertex 1.00292 3.74296 0
      vertex 1.17054 5.88471 0
    endloop
  endfacet
  facet normal 0 0 -1
    outer loop
      vertex 0.755975 3.80054 0
      vertex 1.17054 5.88471 0
      vertex 1.00292 3.74296 0
    endloop
  endfacet
  facet normal -0 0 -1
    outer loop
      vertex 1.17054 5.88471 0
      vertex 0.755975 3.80054 0
      vertex 0.783156 5.94867 0
    endloop
  endfacet
  facet normal 0 0 -1
    outer loop
      vertex 0.505789 3.84185 0
      vertex 0.783156 5.94867 0
      vertex 0.755975 3.80054 0
    endloop
  endfacet
  facet normal 0 0 -1
    outer loop
      vertex 0.505789 3.84185 0
      vertex 0.392418 5.98715 0
      vertex 0.783156 5.94867 0
    endloop
  endfacet
  facet normal 0 0 -1
    outer loop
      vertex 0.253437 3.8667 0
      vertex 0.392418 5.98715 0
      vertex 0.505789 3.84185 0
    endloop
  endfacet
  facet normal 0 0 -1
    outer loop
      vertex 0 3.875 0
      vertex 0.392418 5.98715 0
      vertex 0.253437 3.8667 0
    endloop
  endfacet
  facet normal 0 0 -1
    outer loop
      vertex 0 3.875 0
      vertex 0 6 0
      vertex 0.392418 5.98715 0
    endloop
  endfacet
  facet normal 0 0 -1
    outer loop
      vertex -0.253437 3.8667 0
      vertex 0 6 0
      vertex 0 3.875 0
    endloop
  endfacet
  facet normal 0 0 -1
    outer loop
      vertex -0.253437 3.8667 0
      vertex -0.392418 5.98715 0
      vertex 0 6 0
    endloop
  endfacet
  facet normal 0 0 -1
    outer loop
      vertex -0.505789 3.84185 0
      vertex -0.392418 5.98715 0
      vertex -0.253437 3.8667 0
    endloop
  endfacet
  facet normal 0 0 -1
    outer loop
      vertex -0.783156 5.94867 0
      vertex -0.505789 3.84185 0
      vertex -0.755975 3.80054 0
    endloop
  endfacet
  facet normal 0 0 -1
    outer loop
      vertex -0.505789 3.84185 0
      vertex -0.783156 5.94867 0
      vertex -0.392418 5.98715 0
    endloop
  endfacet
  facet normal 0 0 -1
    outer loop
      vertex -1.17054 5.88471 0
      vertex -0.755975 3.80054 0
      vertex -1.00292 3.74296 0
    endloop
  endfacet
  facet normal 0 0 -1
    outer loop
      vertex -0.755975 3.80054 0
      vertex -1.17054 5.88471 0
      vertex -0.783156 5.94867 0
    endloop
  endfacet
  facet normal 0 0 -1
    outer loop
      vertex -1.55291 5.79555 0
      vertex -1.00292 3.74296 0
      vertex -1.24558 3.66935 0
    endloop
  endfacet
  facet normal 0 0 -1
    outer loop
      vertex -1.92864 5.68158 0
      vertex -1.24558 3.66935 0
      vertex -1.4829 3.58003 0
    endloop
  endfacet
  facet normal 0 0 -1
    outer loop
      vertex -1.00292 3.74296 0
      vertex -1.55291 5.79555 0
      vertex -1.17054 5.88471 0
    endloop
  endfacet
  facet normal 0 0 -1
    outer loop
      vertex -2.2961 5.54328 0
      vertex -1.4829 3.58003 0
      vertex -1.71387 3.47538 0
    endloop
  endfacet
  facet normal 0 0 -1
    outer loop
      vertex -1.24558 3.66935 0
      vertex -1.92864 5.68158 0
      vertex -1.55291 5.79555 0
    endloop
  endfacet
  facet normal 0 0 -1
    outer loop
      vertex -2.65373 5.38124 0
      vertex -1.71387 3.47538 0
      vertex -1.9375 3.35585 0
    endloop
  endfacet
  facet normal 0 0 -1
    outer loop
      vertex -3 5.19615 0
      vertex -1.9375 3.35585 0
      vertex -2.15283 3.22194 0
    endloop
  endfacet
  facet normal 0 0 -1
    outer loop
      vertex -1.4829 3.58003 0
      vertex -2.2961 5.54328 0
      vertex -1.92864 5.68158 0
    endloop
  endfacet
  facet normal 0 0 -1
    outer loop
      vertex -3.33342 4.98882 0
      vertex -2.15283 3.22194 0
      vertex -2.35895 3.07424 0
    endloop
  endfacet
  facet normal 0 0 -1
    outer loop
      vertex -3.65257 4.76012 0
      vertex -2.35895 3.07424 0
      vertex -2.55497 2.91338 0
    endloop
  endfacet
  facet normal 0 0 -1
    outer loop
      vertex -1.71387 3.47538 0
      vertex -2.65373 5.38124 0
      vertex -2.2961 5.54328 0
    endloop
  endfacet
  facet normal 0 0 -1
    outer loop
      vertex -3.95607 4.51104 0
      vertex -2.55497 2.91338 0
      vertex -2.74004 2.74004 0
    endloop
  endfacet
  facet normal 0 0 -1
    outer loop
      vertex -4.24264 4.24264 0
      vertex -2.74004 2.74004 0
      vertex -2.91338 2.55497 0
    endloop
  endfacet
  facet normal 0 0 -1
    outer loop
      vertex -1.9375 3.35585 0
      vertex -3 5.19615 0
      vertex -2.65373 5.38124 0
    endloop
  endfacet
  facet normal 0 0 -1
    outer loop
      vertex -4.51104 3.95607 0
      vertex -2.91338 2.55497 0
      vertex -3.07424 2.35895 0
    endloop
  endfacet
  facet normal 0 0 -1
    outer loop
      vertex -4.76012 3.65257 0
      vertex -3.07424 2.35895 0
      vertex -3.22194 2.15283 0
    endloop
  endfacet
  facet normal 0 0 -1
    outer loop
      vertex -2.15283 3.22194 0
      vertex -3.33342 4.98882 0
      vertex -3 5.19615 0
    endloop
  endfacet
  facet normal 0 0 -1
    outer loop
      vertex -4.98882 3.33342 0
      vertex -3.22194 2.15283 0
      vertex -3.35585 1.9375 0
    endloop
  endfacet
  facet normal 0 0 -1
    outer loop
      vertex -5.19615 3 0
      vertex -3.35585 1.9375 0
      vertex -3.47538 1.71387 0
    endloop
  endfacet
  facet normal 0 0 -1
    outer loop
      vertex -5.38124 2.65373 0
      vertex -3.47538 1.71387 0
      vertex -3.58003 1.4829 0
    endloop
  endfacet
  facet normal 0 0 -1
    outer loop
      vertex -2.35895 3.07424 0
      vertex -3.65257 4.76012 0
      vertex -3.33342 4.98882 0
    endloop
  endfacet
  facet normal 0 0 -1
    outer loop
      vertex -5.54328 2.2961 0
      vertex -3.58003 1.4829 0
      vertex -3.66935 1.24558 0
    endloop
  endfacet
  facet normal 0 0 -1
    outer loop
      vertex -5.68158 1.92864 0
      vertex -3.66935 1.24558 0
      vertex -3.74296 1.00292 0
    endloop
  endfacet
  facet normal 0 0 -1
    outer loop
      vertex -5.79555 1.55291 0
      vertex -3.74296 1.00292 0
      vertex -3.80054 0.755975 0
    endloop
  endfacet
  facet normal 0 0 -1
    outer loop
      vertex -5.88471 1.17054 0
      vertex -3.80054 0.755975 0
      vertex -3.84185 0.505789 0
    endloop
  endfacet
  facet normal 0 0 -1
    outer loop
      vertex -5.94867 0.783156 0
      vertex -3.84185 0.505789 0
      vertex -3.8667 0.253437 0
    endloop
  endfacet
  facet normal 0 0 -1
    outer loop
      vertex -2.55497 2.91338 0
      vertex -3.95607 4.51104 0
      vertex -3.65257 4.76012 0
    endloop
  endfacet
  facet normal 0 0 -1
    outer loop
      vertex -5.98715 0.392418 0
      vertex -3.8667 0.253437 0
      vertex -3.875 0 0
    endloop
  endfacet
  facet normal 0 0 -1
    outer loop
      vertex -5.54328 -2.2961 0
      vertex -3.58003 -1.4829 0
      vertex -5.38124 -2.65373 0
    endloop
  endfacet
  facet normal -0 0 -1
    outer loop
      vertex -3.58003 -1.4829 0
      vertex -5.54328 -2.2961 0
      vertex -3.66935 -1.24558 0
    endloop
  endfacet
  facet normal 0 0 -1
    outer loop
      vertex -2.74004 2.74004 0
      vertex -4.24264 4.24264 0
      vertex -3.95607 4.51104 0
    endloop
  endfacet
  facet normal 0 0 -1
    outer loop
      vertex -5.68158 -1.92864 0
      vertex -3.66935 -1.24558 0
      vertex -5.54328 -2.2961 0
    endloop
  endfacet
  facet normal 0 0 -1
    outer loop
      vertex -2.91338 2.55497 0
      vertex -4.51104 3.95607 0
      vertex -4.24264 4.24264 0
    endloop
  endfacet
  facet normal -0 0 -1
    outer loop
      vertex -3.66935 -1.24558 0
      vertex -5.68158 -1.92864 0
      vertex -3.74296 -1.00292 0
    endloop
  endfacet
  facet normal 0 0 -1
    outer loop
      vertex -3.07424 2.35895 0
      vertex -4.76012 3.65257 0
      vertex -4.51104 3.95607 0
    endloop
  endfacet
  facet normal 0 0 -1
    outer loop
      vertex -5.79555 -1.55291 0
      vertex -3.74296 -1.00292 0
      vertex -5.68158 -1.92864 0
    endloop
  endfacet
  facet normal 0 0 -1
    outer loop
      vertex -3.22194 2.15283 0
      vertex -4.98882 3.33342 0
      vertex -4.76012 3.65257 0
    endloop
  endfacet
  facet normal -0 0 -1
    outer loop
      vertex -3.74296 -1.00292 0
      vertex -5.79555 -1.55291 0
      vertex -3.80054 -0.755975 0
    endloop
  endfacet
  facet normal 0 0 -1
    outer loop
      vertex -3.35585 1.9375 0
      vertex -5.19615 3 0
      vertex -4.98882 3.33342 0
    endloop
  endfacet
  facet normal 0 0 -1
    outer loop
      vertex -5.88471 -1.17054 0
      vertex -3.80054 -0.755975 0
      vertex -5.79555 -1.55291 0
    endloop
  endfacet
  facet normal 0 0 -1
    outer loop
      vertex -3.47538 1.71387 0
      vertex -5.38124 2.65373 0
      vertex -5.19615 3 0
    endloop
  endfacet
  facet normal -0 0 -1
    outer loop
      vertex -3.80054 -0.755975 0
      vertex -5.88471 -1.17054 0
      vertex -3.84185 -0.505789 0
    endloop
  endfacet
  facet normal 0 0 -1
    outer loop
      vertex -3.58003 1.4829 0
      vertex -5.54328 2.2961 0
      vertex -5.38124 2.65373 0
    endloop
  endfacet
  facet normal 0 0 -1
    outer loop
      vertex -5.94867 -0.783156 0
      vertex -3.84185 -0.505789 0
      vertex -5.88471 -1.17054 0
    endloop
  endfacet
  facet normal 0 0 -1
    outer loop
      vertex -3.66935 1.24558 0
      vertex -5.68158 1.92864 0
      vertex -5.54328 2.2961 0
    endloop
  endfacet
  facet normal -0 0 -1
    outer loop
      vertex -3.84185 -0.505789 0
      vertex -5.94867 -0.783156 0
      vertex -3.8667 -0.253437 0
    endloop
  endfacet
  facet normal 0 0 -1
    outer loop
      vertex -3.74296 1.00292 0
      vertex -5.79555 1.55291 0
      vertex -5.68158 1.92864 0
    endloop
  endfacet
  facet normal 0 0 -1
    outer loop
      vertex -5.98715 -0.392418 0
      vertex -3.8667 -0.253437 0
      vertex -5.94867 -0.783156 0
    endloop
  endfacet
  facet normal 0 0 -1
    outer loop
      vertex -3.80054 0.755975 0
      vertex -5.88471 1.17054 0
      vertex -5.79555 1.55291 0
    endloop
  endfacet
  facet normal -0 0 -1
    outer loop
      vertex -3.8667 -0.253437 0
      vertex -5.98715 -0.392418 0
      vertex -3.875 0 0
    endloop
  endfacet
  facet normal 0 0 -1
    outer loop
      vertex -3.84185 0.505789 0
      vertex -5.94867 0.783156 0
      vertex -5.88471 1.17054 0
    endloop
  endfacet
  facet normal 0 0 -1
    outer loop
      vertex -6 0 0
      vertex -3.875 0 0
      vertex -5.98715 -0.392418 0
    endloop
  endfacet
  facet normal 0 0 -1
    outer loop
      vertex -3.8667 0.253437 0
      vertex -5.98715 0.392418 0
      vertex -5.94867 0.783156 0
    endloop
  endfacet
  facet normal 0 0 -1
    outer loop
      vertex -3.875 0 0
      vertex -6 0 0
      vertex -5.98715 0.392418 0
    endloop
  endfacet
  facet normal -0.528061 0.849207 0
    outer loop
      vertex -3 5.19615 0
      vertex -3.33342 4.98882 5
      vertex -3 5.19615 5
    endloop
  endfacet
  facet normal -0.528061 0.849207 0
    outer loop
      vertex -3.33342 4.98882 5
      vertex -3 5.19615 0
      vertex -3.33342 4.98882 0
    endloop
  endfacet
  facet normal -0.412707 0.910864 0
    outer loop
      vertex -2.2961 5.54328 0
      vertex -2.65373 5.38124 5
      vertex -2.2961 5.54328 5
    endloop
  endfacet
  facet normal -0.412707 0.910864 0
    outer loop
      vertex -2.65373 5.38124 5
      vertex -2.2961 5.54328 0
      vertex -2.65373 5.38124 0
    endloop
  endfacet
  facet normal 0.582478 0.812846 -0
    outer loop
      vertex 3.65257 4.76012 0
      vertex 3.33342 4.98882 5
      vertex 3.65257 4.76012 5
    endloop
  endfacet
  facet normal 0.582478 0.812846 0
    outer loop
      vertex 3.33342 4.98882 5
      vertex 3.65257 4.76012 0
      vertex 3.33342 4.98882 0
    endloop
  endfacet
  facet normal 0.812846 0.582478 0
    outer loop
      vertex 4.98882 3.33342 5
      vertex 4.76012 3.65257 0
      vertex 4.76012 3.65257 5
    endloop
  endfacet
  facet normal 0.812846 0.582478 0
    outer loop
      vertex 4.76012 3.65257 0
      vertex 4.98882 3.33342 5
      vertex 4.98882 3.33342 0
    endloop
  endfacet
  facet normal 0.729867 0.683589 0
    outer loop
      vertex 4.51104 3.95607 5
      vertex 4.24264 4.24264 0
      vertex 4.24264 4.24264 5
    endloop
  endfacet
  facet normal 0.729867 0.683589 0
    outer loop
      vertex 4.24264 4.24264 0
      vertex 4.51104 3.95607 5
      vertex 4.51104 3.95607 0
    endloop
  endfacet
  facet normal -0.582478 0.812846 0
    outer loop
      vertex -3.33342 4.98882 0
      vertex -3.65257 4.76012 5
      vertex -3.33342 4.98882 5
    endloop
  endfacet
  facet normal -0.582478 0.812846 0
    outer loop
      vertex -3.65257 4.76012 5
      vertex -3.33342 4.98882 0
      vertex -3.65257 4.76012 0
    endloop
  endfacet
  facet normal -0.986642 -0.162902 0
    outer loop
      vertex -5.88471 -1.17054 0
      vertex -5.94867 -0.783156 5
      vertex -5.94867 -0.783156 0
    endloop
  endfacet
  facet normal -0.986642 -0.162902 0
    outer loop
      vertex -5.94867 -0.783156 5
      vertex -5.88471 -1.17054 0
      vertex -5.88471 -1.17054 5
    endloop
  endfacet
  facet normal 0.849207 -0.528061 0
    outer loop
      vertex 4.98882 -3.33342 5
      vertex 5.19615 -3 0
      vertex 5.19615 -3 5
    endloop
  endfacet
  facet normal 0.849207 -0.528061 0
    outer loop
      vertex 5.19615 -3 0
      vertex 4.98882 -3.33342 5
      vertex 4.98882 -3.33342 0
    endloop
  endfacet
  facet normal -0.910864 -0.412707 0
    outer loop
      vertex -5.38124 -2.65373 0
      vertex -5.54328 -2.2961 5
      vertex -5.54328 -2.2961 0
    endloop
  endfacet
  facet normal -0.910864 -0.412707 0
    outer loop
      vertex -5.54328 -2.2961 5
      vertex -5.38124 -2.65373 0
      vertex -5.38124 -2.65373 5
    endloop
  endfacet
  facet normal 0.956945 0.29027 0
    outer loop
      vertex 5.79555 1.55291 5
      vertex 5.68158 1.92864 0
      vertex 5.68158 1.92864 5
    endloop
  endfacet
  facet normal 0.956945 0.29027 0
    outer loop
      vertex 5.68158 1.92864 0
      vertex 5.79555 1.55291 5
      vertex 5.79555 1.55291 0
    endloop
  endfacet
  facet normal -0.0980062 -0.995186 0
    outer loop
      vertex -0.783156 -5.94867 0
      vertex -0.392418 -5.98715 5
      vertex -0.783156 -5.94867 5
    endloop
  endfacet
  facet normal -0.0980062 -0.995186 -0
    outer loop
      vertex -0.392418 -5.98715 5
      vertex -0.783156 -5.94867 0
      vertex -0.392418 -5.98715 0
    endloop
  endfacet
  facet normal 0.352245 0.935908 -0
    outer loop
      vertex 2.2961 5.54328 0
      vertex 1.92864 5.68158 5
      vertex 2.2961 5.54328 5
    endloop
  endfacet
  facet normal 0.352245 0.935908 0
    outer loop
      vertex 1.92864 5.68158 5
      vertex 2.2961 5.54328 0
      vertex 1.92864 5.68158 0
    endloop
  endfacet
  facet normal -0.683589 0.729867 0
    outer loop
      vertex -3.95607 4.51104 0
      vertex -4.24264 4.24264 5
      vertex -3.95607 4.51104 5
    endloop
  endfacet
  facet normal -0.683589 0.729867 0
    outer loop
      vertex -4.24264 4.24264 5
      vertex -3.95607 4.51104 0
      vertex -4.24264 4.24264 0
    endloop
  endfacet
  facet normal 0.683589 0.729867 -0
    outer loop
      vertex 4.24264 4.24264 0
      vertex 3.95607 4.51104 5
      vertex 4.24264 4.24264 5
    endloop
  endfacet
  facet normal 0.683589 0.729867 0
    outer loop
      vertex 3.95607 4.51104 5
      vertex 4.24264 4.24264 0
      vertex 3.95607 4.51104 0
    endloop
  endfacet
  facet normal 0.471406 -0.881916 0
    outer loop
      vertex 2.65373 -5.38124 0
      vertex 3 -5.19615 5
      vertex 2.65373 -5.38124 5
    endloop
  endfacet
  facet normal 0.471406 -0.881916 0
    outer loop
      vertex 3 -5.19615 5
      vertex 2.65373 -5.38124 0
      vertex 3 -5.19615 0
    endloop
  endfacet
  facet normal -0.162902 -0.986642 0
    outer loop
      vertex -1.17054 -5.88471 0
      vertex -0.783156 -5.94867 5
      vertex -1.17054 -5.88471 5
    endloop
  endfacet
  facet normal -0.162902 -0.986642 -0
    outer loop
      vertex -0.783156 -5.94867 5
      vertex -1.17054 -5.88471 0
      vertex -0.783156 -5.94867 0
    endloop
  endfacet
  facet normal 0.0327282 0.999464 -0
    outer loop
      vertex 0.392418 5.98715 0
      vertex 0 6 5
      vertex 0.392418 5.98715 5
    endloop
  endfacet
  facet normal 0.0327282 0.999464 0
    outer loop
      vertex 0 6 5
      vertex 0.392418 5.98715 0
      vertex 0 6 0
    endloop
  endfacet
  facet normal -0.352245 0.935908 0
    outer loop
      vertex -1.92864 5.68158 0
      vertex -2.2961 5.54328 5
      vertex -1.92864 5.68158 5
    endloop
  endfacet
  facet normal -0.352245 0.935908 0
    outer loop
      vertex -2.2961 5.54328 5
      vertex -1.92864 5.68158 0
      vertex -2.2961 5.54328 0
    endloop
  endfacet
  facet normal -0.162902 0.986642 0
    outer loop
      vertex -0.783156 5.94867 0
      vertex -1.17054 5.88471 5
      vertex -0.783156 5.94867 5
    endloop
  endfacet
  facet normal -0.162902 0.986642 0
    outer loop
      vertex -1.17054 5.88471 5
      vertex -0.783156 5.94867 0
      vertex -1.17054 5.88471 0
    endloop
  endfacet
  facet normal 0.634399 0.773005 -0
    outer loop
      vertex 3.95607 4.51104 0
      vertex 3.65257 4.76012 5
      vertex 3.95607 4.51104 5
    endloop
  endfacet
  facet normal 0.634399 0.773005 0
    outer loop
      vertex 3.65257 4.76012 5
      vertex 3.95607 4.51104 0
      vertex 3.65257 4.76012 0
    endloop
  endfacet
  facet normal -0.0327282 0.999464 0
    outer loop
      vertex 0 6 0
      vertex -0.392418 5.98715 5
      vertex 0 6 5
    endloop
  endfacet
  facet normal -0.0327282 0.999464 0
    outer loop
      vertex -0.392418 5.98715 5
      vertex 0 6 0
      vertex -0.392418 5.98715 0
    endloop
  endfacet
  facet normal -0.729867 -0.683589 0
    outer loop
      vertex -4.24264 -4.24264 0
      vertex -4.51104 -3.95607 5
      vertex -4.51104 -3.95607 0
    endloop
  endfacet
  facet normal -0.729867 -0.683589 0
    outer loop
      vertex -4.51104 -3.95607 5
      vertex -4.24264 -4.24264 0
      vertex -4.24264 -4.24264 5
    endloop
  endfacet
  facet normal -0.29027 0.956945 0
    outer loop
      vertex -1.55291 5.79555 0
      vertex -1.92864 5.68158 5
      vertex -1.55291 5.79555 5
    endloop
  endfacet
  facet normal -0.29027 0.956945 0
    outer loop
      vertex -1.92864 5.68158 5
      vertex -1.55291 5.79555 0
      vertex -1.92864 5.68158 0
    endloop
  endfacet
  facet normal 0.849207 0.528061 0
    outer loop
      vertex 5.19615 3 5
      vertex 4.98882 3.33342 0
      vertex 4.98882 3.33342 5
    endloop
  endfacet
  facet normal 0.849207 0.528061 0
    outer loop
      vertex 4.98882 3.33342 0
      vertex 5.19615 3 5
      vertex 5.19615 3 0
    endloop
  endfacet
  facet normal 0.881916 -0.471406 0
    outer loop
      vertex 5.19615 -3 5
      vertex 5.38124 -2.65373 0
      vertex 5.38124 -2.65373 5
    endloop
  endfacet
  facet normal 0.881916 -0.471406 0
    outer loop
      vertex 5.38124 -2.65373 0
      vertex 5.19615 -3 5
      vertex 5.19615 -3 0
    endloop
  endfacet
  facet normal -0.227085 0.973875 0
    outer loop
      vertex -1.17054 5.88471 0
      vertex -1.55291 5.79555 5
      vertex -1.17054 5.88471 5
    endloop
  endfacet
  facet normal -0.227085 0.973875 0
    outer loop
      vertex -1.55291 5.79555 5
      vertex -1.17054 5.88471 0
      vertex -1.55291 5.79555 0
    endloop
  endfacet
  facet normal 0.910864 -0.412707 0
    outer loop
      vertex 5.38124 -2.65373 5
      vertex 5.54328 -2.2961 0
      vertex 5.54328 -2.2961 5
    endloop
  endfacet
  facet normal 0.910864 -0.412707 0
    outer loop
      vertex 5.54328 -2.2961 0
      vertex 5.38124 -2.65373 5
      vertex 5.38124 -2.65373 0
    endloop
  endfacet
  facet normal 0.956945 -0.29027 0
    outer loop
      vertex 5.68158 -1.92864 5
      vertex 5.79555 -1.55291 0
      vertex 5.79555 -1.55291 5
    endloop
  endfacet
  facet normal 0.956945 -0.29027 0
    outer loop
      vertex 5.79555 -1.55291 0
      vertex 5.68158 -1.92864 5
      vertex 5.68158 -1.92864 0
    endloop
  endfacet
  facet normal -0.881916 0.471406 0
    outer loop
      vertex -5.38124 2.65373 0
      vertex -5.19615 3 5
      vertex -5.19615 3 0
    endloop
  endfacet
  facet normal -0.881916 0.471406 0
    outer loop
      vertex -5.19615 3 5
      vertex -5.38124 2.65373 0
      vertex -5.38124 2.65373 5
    endloop
  endfacet
  facet normal -0.910864 0.412707 0
    outer loop
      vertex -5.54328 2.2961 0
      vertex -5.38124 2.65373 5
      vertex -5.38124 2.65373 0
    endloop
  endfacet
  facet normal -0.910864 0.412707 0
    outer loop
      vertex -5.38124 2.65373 5
      vertex -5.54328 2.2961 0
      vertex -5.54328 2.2961 5
    endloop
  endfacet
  facet normal -0.986642 0.162902 0
    outer loop
      vertex -5.94867 0.783156 0
      vertex -5.88471 1.17054 5
      vertex -5.88471 1.17054 0
    endloop
  endfacet
  facet normal -0.986642 0.162902 0
    outer loop
      vertex -5.88471 1.17054 5
      vertex -5.94867 0.783156 0
      vertex -5.94867 0.783156 5
    endloop
  endfacet
  facet normal 0.582478 -0.812846 0
    outer loop
      vertex 3.33342 -4.98882 0
      vertex 3.65257 -4.76012 5
      vertex 3.33342 -4.98882 5
    endloop
  endfacet
  facet normal 0.582478 -0.812846 0
    outer loop
      vertex 3.65257 -4.76012 5
      vertex 3.33342 -4.98882 0
      vertex 3.65257 -4.76012 0
    endloop
  endfacet
  facet normal 0.0980062 0.995186 -0
    outer loop
      vertex 0.783156 5.94867 0
      vertex 0.392418 5.98715 5
      vertex 0.783156 5.94867 5
    endloop
  endfacet
  facet normal 0.0980062 0.995186 0
    outer loop
      vertex 0.392418 5.98715 5
      vertex 0.783156 5.94867 0
      vertex 0.392418 5.98715 0
    endloop
  endfacet
  facet normal -0.849207 -0.528061 0
    outer loop
      vertex -4.98882 -3.33342 0
      vertex -5.19615 -3 5
      vertex -5.19615 -3 0
    endloop
  endfacet
  facet normal -0.849207 -0.528061 0
    outer loop
      vertex -5.19615 -3 5
      vertex -4.98882 -3.33342 0
      vertex -4.98882 -3.33342 5
    endloop
  endfacet
  facet normal 0.162902 -0.986642 0
    outer loop
      vertex 0.783156 -5.94867 0
      vertex 1.17054 -5.88471 5
      vertex 0.783156 -5.94867 5
    endloop
  endfacet
  facet normal 0.162902 -0.986642 0
    outer loop
      vertex 1.17054 -5.88471 5
      vertex 0.783156 -5.94867 0
      vertex 1.17054 -5.88471 0
    endloop
  endfacet
  facet normal -0.634399 0.773005 0
    outer loop
      vertex -3.65257 4.76012 0
      vertex -3.95607 4.51104 5
      vertex -3.65257 4.76012 5
    endloop
  endfacet
  facet normal -0.634399 0.773005 0
    outer loop
      vertex -3.95607 4.51104 5
      vertex -3.65257 4.76012 0
      vertex -3.95607 4.51104 0
    endloop
  endfacet
  facet normal 0.29027 -0.956945 0
    outer loop
      vertex 1.55291 -5.79555 0
      vertex 1.92864 -5.68158 5
      vertex 1.55291 -5.79555 5
    endloop
  endfacet
  facet normal 0.29027 -0.956945 0
    outer loop
      vertex 1.92864 -5.68158 5
      vertex 1.55291 -5.79555 0
      vertex 1.92864 -5.68158 0
    endloop
  endfacet
  facet normal 0.528061 -0.849207 0
    outer loop
      vertex 3 -5.19615 0
      vertex 3.33342 -4.98882 5
      vertex 3 -5.19615 5
    endloop
  endfacet
  facet normal 0.528061 -0.849207 0
    outer loop
      vertex 3.33342 -4.98882 5
      vertex 3 -5.19615 0
      vertex 3.33342 -4.98882 0
    endloop
  endfacet
  facet normal -0.773005 -0.634399 0
    outer loop
      vertex -4.51104 -3.95607 0
      vertex -4.76012 -3.65257 5
      vertex -4.76012 -3.65257 0
    endloop
  endfacet
  facet normal -0.773005 -0.634399 0
    outer loop
      vertex -4.76012 -3.65257 5
      vertex -4.51104 -3.95607 0
      vertex -4.51104 -3.95607 5
    endloop
  endfacet
  facet normal 0.227085 -0.973875 0
    outer loop
      vertex 1.17054 -5.88471 0
      vertex 1.55291 -5.79555 5
      vertex 1.17054 -5.88471 5
    endloop
  endfacet
  facet normal 0.227085 -0.973875 0
    outer loop
      vertex 1.55291 -5.79555 5
      vertex 1.17054 -5.88471 0
      vertex 1.55291 -5.79555 0
    endloop
  endfacet
  facet normal -0.995186 -0.0980062 0
    outer loop
      vertex -5.94867 -0.783156 0
      vertex -5.98715 -0.392418 5
      vertex -5.98715 -0.392418 0
    endloop
  endfacet
  facet normal -0.995186 -0.0980062 0
    outer loop
      vertex -5.98715 -0.392418 5
      vertex -5.94867 -0.783156 0
      vertex -5.94867 -0.783156 5
    endloop
  endfacet
  facet normal -0.999464 0.0327282 0
    outer loop
      vertex -6 0 0
      vertex -5.98715 0.392418 5
      vertex -5.98715 0.392418 0
    endloop
  endfacet
  facet normal -0.999464 0.0327282 0
    outer loop
      vertex -5.98715 0.392418 5
      vertex -6 0 0
      vertex -6 0 5
    endloop
  endfacet
  facet normal -0.352245 -0.935908 0
    outer loop
      vertex -2.2961 -5.54328 0
      vertex -1.92864 -5.68158 5
      vertex -2.2961 -5.54328 5
    endloop
  endfacet
  facet normal -0.352245 -0.935908 -0
    outer loop
      vertex -1.92864 -5.68158 5
      vertex -2.2961 -5.54328 0
      vertex -1.92864 -5.68158 0
    endloop
  endfacet
  facet normal 0.0980062 -0.995186 0
    outer loop
      vertex 0.392418 -5.98715 0
      vertex 0.783156 -5.94867 5
      vertex 0.392418 -5.98715 5
    endloop
  endfacet
  facet normal 0.0980062 -0.995186 0
    outer loop
      vertex 0.783156 -5.94867 5
      vertex 0.392418 -5.98715 0
      vertex 0.783156 -5.94867 0
    endloop
  endfacet
  facet normal 0.634399 -0.773005 0
    outer loop
      vertex 3.65257 -4.76012 0
      vertex 3.95607 -4.51104 5
      vertex 3.65257 -4.76012 5
    endloop
  endfacet
  facet normal 0.634399 -0.773005 0
    outer loop
      vertex 3.95607 -4.51104 5
      vertex 3.65257 -4.76012 0
      vertex 3.95607 -4.51104 0
    endloop
  endfacet
  facet normal 0.999464 -0.0327282 0
    outer loop
      vertex 5.98715 -0.392418 5
      vertex 6 0 0
      vertex 6 0 5
    endloop
  endfacet
  facet normal 0.999464 -0.0327282 0
    outer loop
      vertex 6 0 0
      vertex 5.98715 -0.392418 5
      vertex 5.98715 -0.392418 0
    endloop
  endfacet
  facet normal 0.412707 -0.910864 0
    outer loop
      vertex 2.2961 -5.54328 0
      vertex 2.65373 -5.38124 5
      vertex 2.2961 -5.54328 5
    endloop
  endfacet
  facet normal 0.412707 -0.910864 0
    outer loop
      vertex 2.65373 -5.38124 5
      vertex 2.2961 -5.54328 0
      vertex 2.65373 -5.38124 0
    endloop
  endfacet
  facet normal 0.162902 0.986642 -0
    outer loop
      vertex 1.17054 5.88471 0
      vertex 0.783156 5.94867 5
      vertex 1.17054 5.88471 5
    endloop
  endfacet
  facet normal 0.162902 0.986642 0
    outer loop
      vertex 0.783156 5.94867 5
      vertex 1.17054 5.88471 0
      vertex 0.783156 5.94867 0
    endloop
  endfacet
  facet normal -0.729867 0.683589 0
    outer loop
      vertex -4.51104 3.95607 0
      vertex -4.24264 4.24264 5
      vertex -4.24264 4.24264 0
    endloop
  endfacet
  facet normal -0.729867 0.683589 0
    outer loop
      vertex -4.24264 4.24264 5
      vertex -4.51104 3.95607 0
      vertex -4.51104 3.95607 5
    endloop
  endfacet
  facet normal 0.973875 -0.227085 0
    outer loop
      vertex 5.79555 -1.55291 5
      vertex 5.88471 -1.17054 0
      vertex 5.88471 -1.17054 5
    endloop
  endfacet
  facet normal 0.973875 -0.227085 0
    outer loop
      vertex 5.88471 -1.17054 0
      vertex 5.79555 -1.55291 5
      vertex 5.79555 -1.55291 0
    endloop
  endfacet
  facet normal 0.683589 -0.729867 0
    outer loop
      vertex 3.95607 -4.51104 0
      vertex 4.24264 -4.24264 5
      vertex 3.95607 -4.51104 5
    endloop
  endfacet
  facet normal 0.683589 -0.729867 0
    outer loop
      vertex 4.24264 -4.24264 5
      vertex 3.95607 -4.51104 0
      vertex 4.24264 -4.24264 0
    endloop
  endfacet
  facet normal -0.773005 0.634399 0
    outer loop
      vertex -4.76012 3.65257 0
      vertex -4.51104 3.95607 5
      vertex -4.51104 3.95607 0
    endloop
  endfacet
  facet normal -0.773005 0.634399 0
    outer loop
      vertex -4.51104 3.95607 5
      vertex -4.76012 3.65257 0
      vertex -4.76012 3.65257 5
    endloop
  endfacet
  facet normal -0.227085 -0.973875 0
    outer loop
      vertex -1.55291 -5.79555 0
      vertex -1.17054 -5.88471 5
      vertex -1.55291 -5.79555 5
    endloop
  endfacet
  facet normal -0.227085 -0.973875 -0
    outer loop
      vertex -1.17054 -5.88471 5
      vertex -1.55291 -5.79555 0
      vertex -1.17054 -5.88471 0
    endloop
  endfacet
  facet normal 0.935908 -0.352245 0
    outer loop
      vertex 5.54328 -2.2961 5
      vertex 5.68158 -1.92864 0
      vertex 5.68158 -1.92864 5
    endloop
  endfacet
  facet normal 0.935908 -0.352245 0
    outer loop
      vertex 5.68158 -1.92864 0
      vertex 5.54328 -2.2961 5
      vertex 5.54328 -2.2961 0
    endloop
  endfacet
  facet normal -0.995186 0.0980062 0
    outer loop
      vertex -5.98715 0.392418 0
      vertex -5.94867 0.783156 5
      vertex -5.94867 0.783156 0
    endloop
  endfacet
  facet normal -0.995186 0.0980062 0
    outer loop
      vertex -5.94867 0.783156 5
      vertex -5.98715 0.392418 0
      vertex -5.98715 0.392418 5
    endloop
  endfacet
  facet normal -0.849207 0.528061 0
    outer loop
      vertex -5.19615 3 0
      vertex -4.98882 3.33342 5
      vertex -4.98882 3.33342 0
    endloop
  endfacet
  facet normal -0.849207 0.528061 0
    outer loop
      vertex -4.98882 3.33342 5
      vertex -5.19615 3 0
      vertex -5.19615 3 5
    endloop
  endfacet
  facet normal -0.29027 -0.956945 0
    outer loop
      vertex -1.92864 -5.68158 0
      vertex -1.55291 -5.79555 5
      vertex -1.92864 -5.68158 5
    endloop
  endfacet
  facet normal -0.29027 -0.956945 -0
    outer loop
      vertex -1.55291 -5.79555 5
      vertex -1.92864 -5.68158 0
      vertex -1.55291 -5.79555 0
    endloop
  endfacet
  facet normal -0.956945 0.29027 0
    outer loop
      vertex -5.79555 1.55291 0
      vertex -5.68158 1.92864 5
      vertex -5.68158 1.92864 0
    endloop
  endfacet
  facet normal -0.956945 0.29027 0
    outer loop
      vertex -5.68158 1.92864 5
      vertex -5.79555 1.55291 0
      vertex -5.79555 1.55291 5
    endloop
  endfacet
  facet normal -0.471406 -0.881916 0
    outer loop
      vertex -3 -5.19615 0
      vertex -2.65373 -5.38124 5
      vertex -3 -5.19615 5
    endloop
  endfacet
  facet normal -0.471406 -0.881916 -0
    outer loop
      vertex -2.65373 -5.38124 5
      vertex -3 -5.19615 0
      vertex -2.65373 -5.38124 0
    endloop
  endfacet
  facet normal -0.412707 -0.910864 0
    outer loop
      vertex -2.65373 -5.38124 0
      vertex -2.2961 -5.54328 5
      vertex -2.65373 -5.38124 5
    endloop
  endfacet
  facet normal -0.412707 -0.910864 -0
    outer loop
      vertex -2.2961 -5.54328 5
      vertex -2.65373 -5.38124 0
      vertex -2.2961 -5.54328 0
    endloop
  endfacet
  facet normal -0.471406 0.881916 0
    outer loop
      vertex -2.65373 5.38124 0
      vertex -3 5.19615 5
      vertex -2.65373 5.38124 5
    endloop
  endfacet
  facet normal -0.471406 0.881916 0
    outer loop
      vertex -3 5.19615 5
      vertex -2.65373 5.38124 0
      vertex -3 5.19615 0
    endloop
  endfacet
  facet normal -0.582478 -0.812846 0
    outer loop
      vertex -3.65257 -4.76012 0
      vertex -3.33342 -4.98882 5
      vertex -3.65257 -4.76012 5
    endloop
  endfacet
  facet normal -0.582478 -0.812846 -0
    outer loop
      vertex -3.33342 -4.98882 5
      vertex -3.65257 -4.76012 0
      vertex -3.33342 -4.98882 0
    endloop
  endfacet
  facet normal -0.995185 -0.0980183 0
    outer loop
      vertex 8.4818 0.555926 6.5
      vertex 8.42728 1.10947 14
      vertex 8.42728 1.10947 6.5
    endloop
  endfacet
  facet normal -0.995185 -0.0980183 0
    outer loop
      vertex 8.42728 1.10947 14
      vertex 8.4818 0.555926 6.5
      vertex 8.4818 0.555926 14
    endloop
  endfacet
  facet normal -0.999465 -0.0327206 0
    outer loop
      vertex 8.5 0 6.5
      vertex 8.4818 0.555926 14
      vertex 8.4818 0.555926 6.5
    endloop
  endfacet
  facet normal -0.999465 -0.0327206 0
    outer loop
      vertex 8.4818 0.555926 14
      vertex 8.5 0 6.5
      vertex 8.5 0 14
    endloop
  endfacet
  facet normal -0.986643 -0.1629 0
    outer loop
      vertex 8.42728 1.10947 6.5
      vertex 8.33667 1.65827 14
      vertex 8.33667 1.65827 6.5
    endloop
  endfacet
  facet normal -0.986643 -0.1629 0
    outer loop
      vertex 8.33667 1.65827 14
      vertex 8.42728 1.10947 6.5
      vertex 8.42728 1.10947 14
    endloop
  endfacet
  facet normal -0.910861 0.412714 0
    outer loop
      vertex 7.62342 -3.75945 6.5
      vertex 7.85298 -3.25281 14
      vertex 7.85298 -3.25281 6.5
    endloop
  endfacet
  facet normal -0.910861 0.412714 0
    outer loop
      vertex 7.85298 -3.25281 14
      vertex 7.62342 -3.75945 6.5
      vertex 7.62342 -3.75945 14
    endloop
  endfacet
  facet normal 0.973879 0.227069 0
    outer loop
      vertex -8.21037 -2.19996 14
      vertex -8.33667 -1.65827 6.5
      vertex -8.33667 -1.65827 14
    endloop
  endfacet
  facet normal 0.973879 0.227069 0
    outer loop
      vertex -8.33667 -1.65827 6.5
      vertex -8.21037 -2.19996 14
      vertex -8.21037 -2.19996 6.5
    endloop
  endfacet
  facet normal -0.528073 0.849199 0
    outer loop
      vertex 4.72235 -7.06749 6.5
      vertex 4.25 -7.36122 14
      vertex 4.72235 -7.06749 14
    endloop
  endfacet
  facet normal -0.528073 0.849199 0
    outer loop
      vertex 4.25 -7.36122 14
      vertex 4.72235 -7.06749 6.5
      vertex 4.25 -7.36122 6.5
    endloop
  endfacet
  facet normal 0.290281 0.956942 -0
    outer loop
      vertex -2.19996 -8.21037 6.5
      vertex -2.73223 -8.04891 14
      vertex -2.19996 -8.21037 14
    endloop
  endfacet
  facet normal 0.290281 0.956942 0
    outer loop
      vertex -2.73223 -8.04891 14
      vertex -2.19996 -8.21037 6.5
      vertex -2.73223 -8.04891 6.5
    endloop
  endfacet
  facet normal -0.227069 0.973879 0
    outer loop
      vertex 2.19996 -8.21037 6.5
      vertex 1.65827 -8.33667 14
      vertex 2.19996 -8.21037 14
    endloop
  endfacet
  facet normal -0.227069 0.973879 0
    outer loop
      vertex 1.65827 -8.33667 14
      vertex 2.19996 -8.21037 6.5
      vertex 1.65827 -8.33667 6.5
    endloop
  endfacet
  facet normal 0.956942 -0.290281 0
    outer loop
      vertex -8.21037 2.19996 14
      vertex -8.04891 2.73223 6.5
      vertex -8.04891 2.73223 14
    endloop
  endfacet
  facet normal 0.956942 -0.290281 0
    outer loop
      vertex -8.04891 2.73223 6.5
      vertex -8.21037 2.19996 14
      vertex -8.21037 2.19996 6.5
    endloop
  endfacet
  facet normal -0.634385 -0.773017 0
    outer loop
      vertex 5.17447 6.7435 6.5
      vertex 5.60444 6.39064 14
      vertex 5.17447 6.7435 14
    endloop
  endfacet
  facet normal -0.634385 -0.773017 -0
    outer loop
      vertex 5.60444 6.39064 14
      vertex 5.17447 6.7435 6.5
      vertex 5.60444 6.39064 6.5
    endloop
  endfacet
  facet normal 0.68359 -0.729866 0
    outer loop
      vertex -6.01041 6.01041 6.5
      vertex -5.60444 6.39064 14
      vertex -6.01041 6.01041 14
    endloop
  endfacet
  facet normal 0.68359 -0.729866 0
    outer loop
      vertex -5.60444 6.39064 14
      vertex -6.01041 6.01041 6.5
      vertex -5.60444 6.39064 6.5
    endloop
  endfacet
  facet normal 0.986643 0.1629 0
    outer loop
      vertex -8.33667 -1.65827 14
      vertex -8.42728 -1.10947 6.5
      vertex -8.42728 -1.10947 14
    endloop
  endfacet
  facet normal 0.986643 0.1629 0
    outer loop
      vertex -8.42728 -1.10947 6.5
      vertex -8.33667 -1.65827 14
      vertex -8.33667 -1.65827 6.5
    endloop
  endfacet
  facet normal -0.0327206 -0.999465 0
    outer loop
      vertex 0 8.5 6.5
      vertex 0.555926 8.4818 14
      vertex 0 8.5 14
    endloop
  endfacet
  facet normal -0.0327206 -0.999465 -0
    outer loop
      vertex 0.555926 8.4818 14
      vertex 0 8.5 6.5
      vertex 0.555926 8.4818 6.5
    endloop
  endfacet
  facet normal 0.973879 -0.227069 0
    outer loop
      vertex -8.33667 1.65827 14
      vertex -8.21037 2.19996 6.5
      vertex -8.21037 2.19996 14
    endloop
  endfacet
  facet normal 0.973879 -0.227069 0
    outer loop
      vertex -8.21037 2.19996 6.5
      vertex -8.33667 1.65827 14
      vertex -8.33667 1.65827 6.5
    endloop
  endfacet
  facet normal -0.812842 0.582484 0
    outer loop
      vertex 6.7435 -5.17447 6.5
      vertex 7.06749 -4.72235 14
      vertex 7.06749 -4.72235 6.5
    endloop
  endfacet
  facet normal -0.812842 0.582484 0
    outer loop
      vertex 7.06749 -4.72235 14
      vertex 6.7435 -5.17447 6.5
      vertex 6.7435 -5.17447 14
    endloop
  endfacet
  facet normal 0.227069 -0.973879 0
    outer loop
      vertex -2.19996 8.21037 6.5
      vertex -1.65827 8.33667 14
      vertex -2.19996 8.21037 14
    endloop
  endfacet
  facet normal 0.227069 -0.973879 0
    outer loop
      vertex -1.65827 8.33667 14
      vertex -2.19996 8.21037 6.5
      vertex -1.65827 8.33667 6.5
    endloop
  endfacet
  facet normal 0.471391 0.881925 -0
    outer loop
      vertex -3.75945 -7.62342 6.5
      vertex -4.25 -7.36122 14
      vertex -3.75945 -7.62342 14
    endloop
  endfacet
  facet normal 0.471391 0.881925 0
    outer loop
      vertex -4.25 -7.36122 14
      vertex -3.75945 -7.62342 6.5
      vertex -4.25 -7.36122 6.5
    endloop
  endfacet
  facet normal -0.729866 0.68359 0
    outer loop
      vertex 6.01041 -6.01041 6.5
      vertex 6.39064 -5.60444 14
      vertex 6.39064 -5.60444 6.5
    endloop
  endfacet
  facet normal -0.729866 0.68359 0
    outer loop
      vertex 6.39064 -5.60444 14
      vertex 6.01041 -6.01041 6.5
      vertex 6.01041 -6.01041 14
    endloop
  endfacet
  facet normal -0.68359 -0.729866 0
    outer loop
      vertex 5.60444 6.39064 6.5
      vertex 6.01041 6.01041 14
      vertex 5.60444 6.39064 14
    endloop
  endfacet
  facet normal -0.68359 -0.729866 -0
    outer loop
      vertex 6.01041 6.01041 14
      vertex 5.60444 6.39064 6.5
      vertex 6.01041 6.01041 6.5
    endloop
  endfacet
  facet normal -0.849199 -0.528073 0
    outer loop
      vertex 7.36122 4.25 6.5
      vertex 7.06749 4.72235 14
      vertex 7.06749 4.72235 6.5
    endloop
  endfacet
  facet normal -0.849199 -0.528073 0
    outer loop
      vertex 7.06749 4.72235 14
      vertex 7.36122 4.25 6.5
      vertex 7.36122 4.25 14
    endloop
  endfacet
  facet normal -0.935907 0.352246 0
    outer loop
      vertex 7.85298 -3.25281 6.5
      vertex 8.04891 -2.73223 14
      vertex 8.04891 -2.73223 6.5
    endloop
  endfacet
  facet normal -0.935907 0.352246 0
    outer loop
      vertex 8.04891 -2.73223 14
      vertex 7.85298 -3.25281 6.5
      vertex 7.85298 -3.25281 14
    endloop
  endfacet
  facet normal -0.227069 -0.973879 0
    outer loop
      vertex 1.65827 8.33667 6.5
      vertex 2.19996 8.21037 14
      vertex 1.65827 8.33667 14
    endloop
  endfacet
  facet normal -0.227069 -0.973879 -0
    outer loop
      vertex 2.19996 8.21037 14
      vertex 1.65827 8.33667 6.5
      vertex 2.19996 8.21037 6.5
    endloop
  endfacet
  facet normal 0.0327206 0.999465 -0
    outer loop
      vertex 0 -8.5 6.5
      vertex -0.555926 -8.4818 14
      vertex 0 -8.5 14
    endloop
  endfacet
  facet normal 0.0327206 0.999465 0
    outer loop
      vertex -0.555926 -8.4818 14
      vertex 0 -8.5 6.5
      vertex -0.555926 -8.4818 6.5
    endloop
  endfacet
  facet normal -0.0980183 -0.995185 0
    outer loop
      vertex 0.555926 8.4818 6.5
      vertex 1.10947 8.42728 14
      vertex 0.555926 8.4818 14
    endloop
  endfacet
  facet normal -0.0980183 -0.995185 -0
    outer loop
      vertex 1.10947 8.42728 14
      vertex 0.555926 8.4818 6.5
      vertex 1.10947 8.42728 6.5
    endloop
  endfacet
  facet normal 0.634385 0.773017 -0
    outer loop
      vertex -5.17447 -6.7435 6.5
      vertex -5.60444 -6.39064 14
      vertex -5.17447 -6.7435 14
    endloop
  endfacet
  facet normal 0.634385 0.773017 0
    outer loop
      vertex -5.60444 -6.39064 14
      vertex -5.17447 -6.7435 6.5
      vertex -5.60444 -6.39064 6.5
    endloop
  endfacet
  facet normal -0.973879 -0.227069 0
    outer loop
      vertex 8.33667 1.65827 6.5
      vertex 8.21037 2.19996 14
      vertex 8.21037 2.19996 6.5
    endloop
  endfacet
  facet normal -0.973879 -0.227069 0
    outer loop
      vertex 8.21037 2.19996 14
      vertex 8.33667 1.65827 6.5
      vertex 8.33667 1.65827 14
    endloop
  endfacet
  facet normal 0.729866 -0.68359 0
    outer loop
      vertex -6.39064 5.60444 14
      vertex -6.01041 6.01041 6.5
      vertex -6.01041 6.01041 14
    endloop
  endfacet
  facet normal 0.729866 -0.68359 0
    outer loop
      vertex -6.01041 6.01041 6.5
      vertex -6.39064 5.60444 14
      vertex -6.39064 5.60444 6.5
    endloop
  endfacet
  facet normal 0.812842 0.582484 0
    outer loop
      vertex -6.7435 -5.17447 14
      vertex -7.06749 -4.72235 6.5
      vertex -7.06749 -4.72235 14
    endloop
  endfacet
  facet normal 0.812842 0.582484 0
    outer loop
      vertex -7.06749 -4.72235 6.5
      vertex -6.7435 -5.17447 14
      vertex -6.7435 -5.17447 6.5
    endloop
  endfacet
  facet normal 0.471391 -0.881925 0
    outer loop
      vertex -4.25 7.36122 6.5
      vertex -3.75945 7.62342 14
      vertex -4.25 7.36122 14
    endloop
  endfacet
  facet normal 0.471391 -0.881925 0
    outer loop
      vertex -3.75945 7.62342 14
      vertex -4.25 7.36122 6.5
      vertex -3.75945 7.62342 6.5
    endloop
  endfacet
  facet normal 0.0980183 -0.995185 0
    outer loop
      vertex -1.10947 8.42728 6.5
      vertex -0.555926 8.4818 14
      vertex -1.10947 8.42728 14
    endloop
  endfacet
  facet normal 0.0980183 -0.995185 0
    outer loop
      vertex -0.555926 8.4818 14
      vertex -1.10947 8.42728 6.5
      vertex -0.555926 8.4818 6.5
    endloop
  endfacet
  facet normal 0.956942 0.290281 0
    outer loop
      vertex -8.04891 -2.73223 14
      vertex -8.21037 -2.19996 6.5
      vertex -8.21037 -2.19996 14
    endloop
  endfacet
  facet normal 0.956942 0.290281 0
    outer loop
      vertex -8.21037 -2.19996 6.5
      vertex -8.04891 -2.73223 14
      vertex -8.04891 -2.73223 6.5
    endloop
  endfacet
  facet normal 0.995185 -0.0980183 0
    outer loop
      vertex -8.4818 0.555926 14
      vertex -8.42728 1.10947 6.5
      vertex -8.42728 1.10947 14
    endloop
  endfacet
  facet normal 0.995185 -0.0980183 0
    outer loop
      vertex -8.42728 1.10947 6.5
      vertex -8.4818 0.555926 14
      vertex -8.4818 0.555926 6.5
    endloop
  endfacet
  facet normal -0.935907 -0.352246 0
    outer loop
      vertex 8.04891 2.73223 6.5
      vertex 7.85298 3.25281 14
      vertex 7.85298 3.25281 6.5
    endloop
  endfacet
  facet normal -0.935907 -0.352246 0
    outer loop
      vertex 7.85298 3.25281 14
      vertex 8.04891 2.73223 6.5
      vertex 8.04891 2.73223 14
    endloop
  endfacet
  facet normal -0.999465 0.0327206 0
    outer loop
      vertex 8.4818 -0.555926 6.5
      vertex 8.5 0 14
      vertex 8.5 0 6.5
    endloop
  endfacet
  facet normal -0.999465 0.0327206 0
    outer loop
      vertex 8.5 0 14
      vertex 8.4818 -0.555926 6.5
      vertex 8.4818 -0.555926 14
    endloop
  endfacet
  facet normal 0.528073 -0.849199 0
    outer loop
      vertex -4.72235 7.06749 6.5
      vertex -4.25 7.36122 14
      vertex -4.72235 7.06749 14
    endloop
  endfacet
  facet normal 0.528073 -0.849199 0
    outer loop
      vertex -4.25 7.36122 14
      vertex -4.72235 7.06749 6.5
      vertex -4.25 7.36122 6.5
    endloop
  endfacet
  facet normal -0.290281 0.956942 0
    outer loop
      vertex 2.73223 -8.04891 6.5
      vertex 2.19996 -8.21037 14
      vertex 2.73223 -8.04891 14
    endloop
  endfacet
  facet normal -0.290281 0.956942 0
    outer loop
      vertex 2.19996 -8.21037 14
      vertex 2.73223 -8.04891 6.5
      vertex 2.19996 -8.21037 6.5
    endloop
  endfacet
  facet normal -0.528073 -0.849199 0
    outer loop
      vertex 4.25 7.36122 6.5
      vertex 4.72235 7.06749 14
      vertex 4.25 7.36122 14
    endloop
  endfacet
  facet normal -0.528073 -0.849199 -0
    outer loop
      vertex 4.72235 7.06749 14
      vertex 4.25 7.36122 6.5
      vertex 4.72235 7.06749 6.5
    endloop
  endfacet
  facet normal 0.729866 0.68359 0
    outer loop
      vertex -6.01041 -6.01041 14
      vertex -6.39064 -5.60444 6.5
      vertex -6.39064 -5.60444 14
    endloop
  endfacet
  facet normal 0.729866 0.68359 0
    outer loop
      vertex -6.39064 -5.60444 6.5
      vertex -6.01041 -6.01041 14
      vertex -6.01041 -6.01041 6.5
    endloop
  endfacet
  facet normal 0.999465 -0.0327206 0
    outer loop
      vertex -8.5 0 14
      vertex -8.4818 0.555926 6.5
      vertex -8.4818 0.555926 14
    endloop
  endfacet
  facet normal 0.999465 -0.0327206 0
    outer loop
      vertex -8.4818 0.555926 6.5
      vertex -8.5 0 14
      vertex -8.5 0 6.5
    endloop
  endfacet
  facet normal -0.973879 0.227069 0
    outer loop
      vertex 8.21037 -2.19996 6.5
      vertex 8.33667 -1.65827 14
      vertex 8.33667 -1.65827 6.5
    endloop
  endfacet
  facet normal -0.973879 0.227069 0
    outer loop
      vertex 8.33667 -1.65827 14
      vertex 8.21037 -2.19996 6.5
      vertex 8.21037 -2.19996 14
    endloop
  endfacet
  facet normal 0.634385 -0.773017 0
    outer loop
      vertex -5.60444 6.39064 6.5
      vertex -5.17447 6.7435 14
      vertex -5.60444 6.39064 14
    endloop
  endfacet
  facet normal 0.634385 -0.773017 0
    outer loop
      vertex -5.17447 6.7435 14
      vertex -5.60444 6.39064 6.5
      vertex -5.17447 6.7435 6.5
    endloop
  endfacet
  facet normal 0.935907 0.352246 0
    outer loop
      vertex -7.85298 -3.25281 14
      vertex -8.04891 -2.73223 6.5
      vertex -8.04891 -2.73223 14
    endloop
  endfacet
  facet normal 0.935907 0.352246 0
    outer loop
      vertex -8.04891 -2.73223 6.5
      vertex -7.85298 -3.25281 14
      vertex -7.85298 -3.25281 6.5
    endloop
  endfacet
  facet normal -0.986643 0.1629 0
    outer loop
      vertex 8.33667 -1.65827 6.5
      vertex 8.42728 -1.10947 14
      vertex 8.42728 -1.10947 6.5
    endloop
  endfacet
  facet normal -0.986643 0.1629 0
    outer loop
      vertex 8.42728 -1.10947 14
      vertex 8.33667 -1.65827 6.5
      vertex 8.33667 -1.65827 14
    endloop
  endfacet
  facet normal -0.0327206 0.999465 0
    outer loop
      vertex 0.555926 -8.4818 6.5
      vertex 0 -8.5 14
      vertex 0.555926 -8.4818 14
    endloop
  endfacet
  facet normal -0.0327206 0.999465 0
    outer loop
      vertex 0 -8.5 14
      vertex 0.555926 -8.4818 6.5
      vertex 0 -8.5 6.5
    endloop
  endfacet
  facet normal -0.956942 -0.290281 0
    outer loop
      vertex 8.21037 2.19996 6.5
      vertex 8.04891 2.73223 14
      vertex 8.04891 2.73223 6.5
    endloop
  endfacet
  facet normal -0.956942 -0.290281 0
    outer loop
      vertex 8.04891 2.73223 14
      vertex 8.21037 2.19996 6.5
      vertex 8.21037 2.19996 14
    endloop
  endfacet
  facet normal 0.1629 -0.986643 0
    outer loop
      vertex -1.65827 8.33667 6.5
      vertex -1.10947 8.42728 14
      vertex -1.65827 8.33667 14
    endloop
  endfacet
  facet normal 0.1629 -0.986643 0
    outer loop
      vertex -1.10947 8.42728 14
      vertex -1.65827 8.33667 6.5
      vertex -1.10947 8.42728 6.5
    endloop
  endfacet
  facet normal -0.881925 -0.471391 0
    outer loop
      vertex 7.62342 3.75945 6.5
      vertex 7.36122 4.25 14
      vertex 7.36122 4.25 6.5
    endloop
  endfacet
  facet normal -0.881925 -0.471391 0
    outer loop
      vertex 7.36122 4.25 14
      vertex 7.62342 3.75945 6.5
      vertex 7.62342 3.75945 14
    endloop
  endfacet
  facet normal 0.290281 -0.956942 0
    outer loop
      vertex -2.73223 8.04891 6.5
      vertex -2.19996 8.21037 14
      vertex -2.73223 8.04891 14
    endloop
  endfacet
  facet normal 0.290281 -0.956942 0
    outer loop
      vertex -2.19996 8.21037 14
      vertex -2.73223 8.04891 6.5
      vertex -2.19996 8.21037 6.5
    endloop
  endfacet
  facet normal -0.352246 0.935907 0
    outer loop
      vertex 3.25281 -7.85298 6.5
      vertex 2.73223 -8.04891 14
      vertex 3.25281 -7.85298 14
    endloop
  endfacet
  facet normal -0.352246 0.935907 0
    outer loop
      vertex 2.73223 -8.04891 14
      vertex 3.25281 -7.85298 6.5
      vertex 2.73223 -8.04891 6.5
    endloop
  endfacet
  facet normal -0.910861 -0.412714 0
    outer loop
      vertex 7.85298 3.25281 6.5
      vertex 7.62342 3.75945 14
      vertex 7.62342 3.75945 6.5
    endloop
  endfacet
  facet normal -0.910861 -0.412714 0
    outer loop
      vertex 7.62342 3.75945 14
      vertex 7.85298 3.25281 6.5
      vertex 7.85298 3.25281 14
    endloop
  endfacet
  facet normal 0.352246 -0.935907 0
    outer loop
      vertex -3.25281 7.85298 6.5
      vertex -2.73223 8.04891 14
      vertex -3.25281 7.85298 14
    endloop
  endfacet
  facet normal 0.352246 -0.935907 0
    outer loop
      vertex -2.73223 8.04891 14
      vertex -3.25281 7.85298 6.5
      vertex -2.73223 8.04891 6.5
    endloop
  endfacet
  facet normal 0.849199 0.528073 0
    outer loop
      vertex -7.06749 -4.72235 14
      vertex -7.36122 -4.25 6.5
      vertex -7.36122 -4.25 14
    endloop
  endfacet
  facet normal 0.849199 0.528073 0
    outer loop
      vertex -7.36122 -4.25 6.5
      vertex -7.06749 -4.72235 14
      vertex -7.06749 -4.72235 6.5
    endloop
  endfacet
  facet normal 0.68359 0.729866 -0
    outer loop
      vertex -5.60444 -6.39064 6.5
      vertex -6.01041 -6.01041 14
      vertex -5.60444 -6.39064 14
    endloop
  endfacet
  facet normal 0.68359 0.729866 0
    outer loop
      vertex -6.01041 -6.01041 14
      vertex -5.60444 -6.39064 6.5
      vertex -6.01041 -6.01041 6.5
    endloop
  endfacet
  facet normal -0.68359 0.729866 0
    outer loop
      vertex 6.01041 -6.01041 6.5
      vertex 5.60444 -6.39064 14
      vertex 6.01041 -6.01041 14
    endloop
  endfacet
  facet normal -0.68359 0.729866 0
    outer loop
      vertex 5.60444 -6.39064 14
      vertex 6.01041 -6.01041 6.5
      vertex 5.60444 -6.39064 6.5
    endloop
  endfacet
  facet normal -0.773017 0.634385 0
    outer loop
      vertex 6.39064 -5.60444 6.5
      vertex 6.7435 -5.17447 14
      vertex 6.7435 -5.17447 6.5
    endloop
  endfacet
  facet normal -0.773017 0.634385 0
    outer loop
      vertex 6.7435 -5.17447 14
      vertex 6.39064 -5.60444 6.5
      vertex 6.39064 -5.60444 14
    endloop
  endfacet
  facet normal -0.849199 0.528073 0
    outer loop
      vertex 7.06749 -4.72235 6.5
      vertex 7.36122 -4.25 14
      vertex 7.36122 -4.25 6.5
    endloop
  endfacet
  facet normal -0.849199 0.528073 0
    outer loop
      vertex 7.36122 -4.25 14
      vertex 7.06749 -4.72235 6.5
      vertex 7.06749 -4.72235 14
    endloop
  endfacet
  facet normal 0.0327206 -0.999465 0
    outer loop
      vertex -0.555926 8.4818 6.5
      vertex 0 8.5 14
      vertex -0.555926 8.4818 14
    endloop
  endfacet
  facet normal 0.0327206 -0.999465 0
    outer loop
      vertex 0 8.5 14
      vertex -0.555926 8.4818 6.5
      vertex 0 8.5 6.5
    endloop
  endfacet
  facet normal -0.812842 -0.582484 0
    outer loop
      vertex 7.06749 4.72235 6.5
      vertex 6.7435 5.17447 14
      vertex 6.7435 5.17447 6.5
    endloop
  endfacet
  facet normal -0.812842 -0.582484 0
    outer loop
      vertex 6.7435 5.17447 14
      vertex 7.06749 4.72235 6.5
      vertex 7.06749 4.72235 14
    endloop
  endfacet
  facet normal 0.999465 0.0327206 0
    outer loop
      vertex -8.4818 -0.555926 14
      vertex -8.5 0 6.5
      vertex -8.5 0 14
    endloop
  endfacet
  facet normal 0.999465 0.0327206 0
    outer loop
      vertex -8.5 0 6.5
      vertex -8.4818 -0.555926 14
      vertex -8.4818 -0.555926 6.5
    endloop
  endfacet
  facet normal 0.881925 0.471391 0
    outer loop
      vertex -7.36122 -4.25 14
      vertex -7.62342 -3.75945 6.5
      vertex -7.62342 -3.75945 14
    endloop
  endfacet
  facet normal 0.881925 0.471391 0
    outer loop
      vertex -7.62342 -3.75945 6.5
      vertex -7.36122 -4.25 14
      vertex -7.36122 -4.25 6.5
    endloop
  endfacet
  facet normal 0.910861 0.412714 0
    outer loop
      vertex -7.62342 -3.75945 14
      vertex -7.85298 -3.25281 6.5
      vertex -7.85298 -3.25281 14
    endloop
  endfacet
  facet normal 0.910861 0.412714 0
    outer loop
      vertex -7.85298 -3.25281 6.5
      vertex -7.62342 -3.75945 14
      vertex -7.62342 -3.75945 6.5
    endloop
  endfacet
  facet normal -0.0980183 0.995185 0
    outer loop
      vertex 1.10947 -8.42728 6.5
      vertex 0.555926 -8.4818 14
      vertex 1.10947 -8.42728 14
    endloop
  endfacet
  facet normal -0.0980183 0.995185 0
    outer loop
      vertex 0.555926 -8.4818 14
      vertex 1.10947 -8.42728 6.5
      vertex 0.555926 -8.4818 6.5
    endloop
  endfacet
  facet normal -0.412714 -0.910861 0
    outer loop
      vertex 3.25281 7.85298 6.5
      vertex 3.75945 7.62342 14
      vertex 3.25281 7.85298 14
    endloop
  endfacet
  facet normal -0.412714 -0.910861 -0
    outer loop
      vertex 3.75945 7.62342 14
      vertex 3.25281 7.85298 6.5
      vertex 3.75945 7.62342 6.5
    endloop
  endfacet
  facet normal -0.995185 0.0980183 0
    outer loop
      vertex 8.42728 -1.10947 6.5
      vertex 8.4818 -0.555926 14
      vertex 8.4818 -0.555926 6.5
    endloop
  endfacet
  facet normal -0.995185 0.0980183 0
    outer loop
      vertex 8.4818 -0.555926 14
      vertex 8.42728 -1.10947 6.5
      vertex 8.42728 -1.10947 14
    endloop
  endfacet
  facet normal -0.412714 0.910861 0
    outer loop
      vertex 3.75945 -7.62342 6.5
      vertex 3.25281 -7.85298 14
      vertex 3.75945 -7.62342 14
    endloop
  endfacet
  facet normal -0.412714 0.910861 0
    outer loop
      vertex 3.25281 -7.85298 14
      vertex 3.75945 -7.62342 6.5
      vertex 3.25281 -7.85298 6.5
    endloop
  endfacet
  facet normal -0.956942 0.290281 0
    outer loop
      vertex 8.04891 -2.73223 6.5
      vertex 8.21037 -2.19996 14
      vertex 8.21037 -2.19996 6.5
    endloop
  endfacet
  facet normal -0.956942 0.290281 0
    outer loop
      vertex 8.21037 -2.19996 14
      vertex 8.04891 -2.73223 6.5
      vertex 8.04891 -2.73223 14
    endloop
  endfacet
  facet normal -0.471391 -0.881925 0
    outer loop
      vertex 3.75945 7.62342 6.5
      vertex 4.25 7.36122 14
      vertex 3.75945 7.62342 14
    endloop
  endfacet
  facet normal -0.471391 -0.881925 -0
    outer loop
      vertex 4.25 7.36122 14
      vertex 3.75945 7.62342 6.5
      vertex 4.25 7.36122 6.5
    endloop
  endfacet
  facet normal -0.582484 -0.812842 0
    outer loop
      vertex 4.72235 7.06749 6.5
      vertex 5.17447 6.7435 14
      vertex 4.72235 7.06749 14
    endloop
  endfacet
  facet normal -0.582484 -0.812842 -0
    outer loop
      vertex 5.17447 6.7435 14
      vertex 4.72235 7.06749 6.5
      vertex 5.17447 6.7435 6.5
    endloop
  endfacet
  facet normal -0.634385 0.773017 0
    outer loop
      vertex 5.60444 -6.39064 6.5
      vertex 5.17447 -6.7435 14
      vertex 5.60444 -6.39064 14
    endloop
  endfacet
  facet normal -0.634385 0.773017 0
    outer loop
      vertex 5.17447 -6.7435 14
      vertex 5.60444 -6.39064 6.5
      vertex 5.17447 -6.7435 6.5
    endloop
  endfacet
  facet normal -0.1629 -0.986643 0
    outer loop
      vertex 1.10947 8.42728 6.5
      vertex 1.65827 8.33667 14
      vertex 1.10947 8.42728 14
    endloop
  endfacet
  facet normal -0.1629 -0.986643 -0
    outer loop
      vertex 1.65827 8.33667 14
      vertex 1.10947 8.42728 6.5
      vertex 1.65827 8.33667 6.5
    endloop
  endfacet
  facet normal -0.729866 -0.68359 0
    outer loop
      vertex 6.39064 5.60444 6.5
      vertex 6.01041 6.01041 14
      vertex 6.01041 6.01041 6.5
    endloop
  endfacet
  facet normal -0.729866 -0.68359 0
    outer loop
      vertex 6.01041 6.01041 14
      vertex 6.39064 5.60444 6.5
      vertex 6.39064 5.60444 14
    endloop
  endfacet
  facet normal 0.528073 0.849199 -0
    outer loop
      vertex -4.25 -7.36122 6.5
      vertex -4.72235 -7.06749 14
      vertex -4.25 -7.36122 14
    endloop
  endfacet
  facet normal 0.528073 0.849199 0
    outer loop
      vertex -4.72235 -7.06749 14
      vertex -4.25 -7.36122 6.5
      vertex -4.72235 -7.06749 6.5
    endloop
  endfacet
  facet normal -0.582484 0.812842 0
    outer loop
      vertex 5.17447 -6.7435 6.5
      vertex 4.72235 -7.06749 14
      vertex 5.17447 -6.7435 14
    endloop
  endfacet
  facet normal -0.582484 0.812842 0
    outer loop
      vertex 4.72235 -7.06749 14
      vertex 5.17447 -6.7435 6.5
      vertex 4.72235 -7.06749 6.5
    endloop
  endfacet
  facet normal 0.582484 -0.812842 0
    outer loop
      vertex -5.17447 6.7435 6.5
      vertex -4.72235 7.06749 14
      vertex -5.17447 6.7435 14
    endloop
  endfacet
  facet normal 0.582484 -0.812842 0
    outer loop
      vertex -4.72235 7.06749 14
      vertex -5.17447 6.7435 6.5
      vertex -4.72235 7.06749 6.5
    endloop
  endfacet
  facet normal 0.773017 -0.634385 0
    outer loop
      vertex -6.7435 5.17447 14
      vertex -6.39064 5.60444 6.5
      vertex -6.39064 5.60444 14
    endloop
  endfacet
  facet normal 0.773017 -0.634385 0
    outer loop
      vertex -6.39064 5.60444 6.5
      vertex -6.7435 5.17447 14
      vertex -6.7435 5.17447 6.5
    endloop
  endfacet
  facet normal 0.910861 -0.412714 0
    outer loop
      vertex -7.85298 3.25281 14
      vertex -7.62342 3.75945 6.5
      vertex -7.62342 3.75945 14
    endloop
  endfacet
  facet normal 0.910861 -0.412714 0
    outer loop
      vertex -7.62342 3.75945 6.5
      vertex -7.85298 3.25281 14
      vertex -7.85298 3.25281 6.5
    endloop
  endfacet
  facet normal 0.995185 0.0980183 0
    outer loop
      vertex -8.42728 -1.10947 14
      vertex -8.4818 -0.555926 6.5
      vertex -8.4818 -0.555926 14
    endloop
  endfacet
  facet normal 0.995185 0.0980183 0
    outer loop
      vertex -8.4818 -0.555926 6.5
      vertex -8.42728 -1.10947 14
      vertex -8.42728 -1.10947 6.5
    endloop
  endfacet
  facet normal 0.352246 0.935907 -0
    outer loop
      vertex -2.73223 -8.04891 6.5
      vertex -3.25281 -7.85298 14
      vertex -2.73223 -8.04891 14
    endloop
  endfacet
  facet normal 0.352246 0.935907 0
    outer loop
      vertex -3.25281 -7.85298 14
      vertex -2.73223 -8.04891 6.5
      vertex -3.25281 -7.85298 6.5
    endloop
  endfacet
  facet normal 0.935907 -0.352246 0
    outer loop
      vertex -8.04891 2.73223 14
      vertex -7.85298 3.25281 6.5
      vertex -7.85298 3.25281 14
    endloop
  endfacet
  facet normal 0.935907 -0.352246 0
    outer loop
      vertex -7.85298 3.25281 6.5
      vertex -8.04891 2.73223 14
      vertex -8.04891 2.73223 6.5
    endloop
  endfacet
  facet normal -0.471391 0.881925 0
    outer loop
      vertex 4.25 -7.36122 6.5
      vertex 3.75945 -7.62342 14
      vertex 4.25 -7.36122 14
    endloop
  endfacet
  facet normal -0.471391 0.881925 0
    outer loop
      vertex 3.75945 -7.62342 14
      vertex 4.25 -7.36122 6.5
      vertex 3.75945 -7.62342 6.5
    endloop
  endfacet
  facet normal 0.849199 -0.528073 0
    outer loop
      vertex -7.36122 4.25 14
      vertex -7.06749 4.72235 6.5
      vertex -7.06749 4.72235 14
    endloop
  endfacet
  facet normal 0.849199 -0.528073 0
    outer loop
      vertex -7.06749 4.72235 6.5
      vertex -7.36122 4.25 14
      vertex -7.36122 4.25 6.5
    endloop
  endfacet
  facet normal 0.227069 0.973879 -0
    outer loop
      vertex -1.65827 -8.33667 6.5
      vertex -2.19996 -8.21037 14
      vertex -1.65827 -8.33667 14
    endloop
  endfacet
  facet normal 0.227069 0.973879 0
    outer loop
      vertex -2.19996 -8.21037 14
      vertex -1.65827 -8.33667 6.5
      vertex -2.19996 -8.21037 6.5
    endloop
  endfacet
  facet normal 0.812842 -0.582484 0
    outer loop
      vertex -7.06749 4.72235 14
      vertex -6.7435 5.17447 6.5
      vertex -6.7435 5.17447 14
    endloop
  endfacet
  facet normal 0.812842 -0.582484 0
    outer loop
      vertex -6.7435 5.17447 6.5
      vertex -7.06749 4.72235 14
      vertex -7.06749 4.72235 6.5
    endloop
  endfacet
  facet normal -0.1629 0.986643 0
    outer loop
      vertex 1.65827 -8.33667 6.5
      vertex 1.10947 -8.42728 14
      vertex 1.65827 -8.33667 14
    endloop
  endfacet
  facet normal -0.1629 0.986643 0
    outer loop
      vertex 1.10947 -8.42728 14
      vertex 1.65827 -8.33667 6.5
      vertex 1.10947 -8.42728 6.5
    endloop
  endfacet
  facet normal -0.290281 -0.956942 0
    outer loop
      vertex 2.19996 8.21037 6.5
      vertex 2.73223 8.04891 14
      vertex 2.19996 8.21037 14
    endloop
  endfacet
  facet normal -0.290281 -0.956942 -0
    outer loop
      vertex 2.73223 8.04891 14
      vertex 2.19996 8.21037 6.5
      vertex 2.73223 8.04891 6.5
    endloop
  endfacet
  facet normal -0.352246 -0.935907 0
    outer loop
      vertex 2.73223 8.04891 6.5
      vertex 3.25281 7.85298 14
      vertex 2.73223 8.04891 14
    endloop
  endfacet
  facet normal -0.352246 -0.935907 -0
    outer loop
      vertex 3.25281 7.85298 14
      vertex 2.73223 8.04891 6.5
      vertex 3.25281 7.85298 6.5
    endloop
  endfacet
  facet normal 0 0 1
    outer loop
      vertex 1.5 0 6.5
      vertex 8.5 0 6.5
      vertex 8.4818 0.555926 6.5
    endloop
  endfacet
  facet normal 0 0 1
    outer loop
      vertex 1.49679 0.0981045 6.5
      vertex 8.4818 0.555926 6.5
      vertex 8.42728 1.10947 6.5
    endloop
  endfacet
  facet normal 0 0 1
    outer loop
      vertex 8.5 0 6.5
      vertex 1.5 0 6.5
      vertex 8.4818 -0.555926 6.5
    endloop
  endfacet
  facet normal 0 0 1
    outer loop
      vertex 1.48717 0.195788 6.5
      vertex 8.42728 1.10947 6.5
      vertex 8.33667 1.65827 6.5
    endloop
  endfacet
  facet normal -0 0 1
    outer loop
      vertex 1.49679 -0.0981045 6.5
      vertex 8.4818 -0.555926 6.5
      vertex 1.5 0 6.5
    endloop
  endfacet
  facet normal 0 0 1
    outer loop
      vertex 1.47118 0.292635 6.5
      vertex 8.33667 1.65827 6.5
      vertex 8.21037 2.19996 6.5
    endloop
  endfacet
  facet normal 0 0 1
    outer loop
      vertex 8.4818 -0.555926 6.5
      vertex 1.49679 -0.0981045 6.5
      vertex 8.42728 -1.10947 6.5
    endloop
  endfacet
  facet normal 0 0 1
    outer loop
      vertex 1.44889 0.388228 6.5
      vertex 8.21037 2.19996 6.5
      vertex 8.04891 2.73223 6.5
    endloop
  endfacet
  facet normal -0 0 1
    outer loop
      vertex 1.48717 -0.195788 6.5
      vertex 8.42728 -1.10947 6.5
      vertex 1.49679 -0.0981045 6.5
    endloop
  endfacet
  facet normal 0 0 1
    outer loop
      vertex 1.42039 0.482159 6.5
      vertex 8.04891 2.73223 6.5
      vertex 7.85298 3.25281 6.5
    endloop
  endfacet
  facet normal 0 0 1
    outer loop
      vertex 8.42728 -1.10947 6.5
      vertex 1.48717 -0.195788 6.5
      vertex 8.33667 -1.65827 6.5
    endloop
  endfacet
  facet normal 0 0 1
    outer loop
      vertex 1.38582 0.574024 6.5
      vertex 7.85298 3.25281 6.5
      vertex 7.62342 3.75945 6.5
    endloop
  endfacet
  facet normal -0 0 1
    outer loop
      vertex 1.47118 -0.292635 6.5
      vertex 8.33667 -1.65827 6.5
      vertex 1.48717 -0.195788 6.5
    endloop
  endfacet
  facet normal 0 0 1
    outer loop
      vertex 1.34531 0.663432 6.5
      vertex 7.62342 3.75945 6.5
      vertex 7.36122 4.25 6.5
    endloop
  endfacet
  facet normal 0 0 1
    outer loop
      vertex 8.33667 -1.65827 6.5
      vertex 1.47118 -0.292635 6.5
      vertex 8.21037 -2.19996 6.5
    endloop
  endfacet
  facet normal 0 0 1
    outer loop
      vertex 1.29904 0.75 6.5
      vertex 7.36122 4.25 6.5
      vertex 7.06749 4.72235 6.5
    endloop
  endfacet
  facet normal -0 0 1
    outer loop
      vertex 1.44889 -0.388228 6.5
      vertex 8.21037 -2.19996 6.5
      vertex 1.47118 -0.292635 6.5
    endloop
  endfacet
  facet normal 0 0 1
    outer loop
      vertex 1.2472 0.833355 6.5
      vertex 7.06749 4.72235 6.5
      vertex 6.7435 5.17447 6.5
    endloop
  endfacet
  facet normal 0 0 1
    outer loop
      vertex 8.21037 -2.19996 6.5
      vertex 1.44889 -0.388228 6.5
      vertex 8.04891 -2.73223 6.5
    endloop
  endfacet
  facet normal 0 0 1
    outer loop
      vertex 1.19003 0.913141 6.5
      vertex 6.7435 5.17447 6.5
      vertex 6.39064 5.60444 6.5
    endloop
  endfacet
  facet normal -0 0 1
    outer loop
      vertex 1.42039 -0.482159 6.5
      vertex 8.04891 -2.73223 6.5
      vertex 1.44889 -0.388228 6.5
    endloop
  endfacet
  facet normal 0 0 1
    outer loop
      vertex 1.12776 0.989018 6.5
      vertex 6.39064 5.60444 6.5
      vertex 6.01041 6.01041 6.5
    endloop
  endfacet
  facet normal 0 0 1
    outer loop
      vertex 8.04891 -2.73223 6.5
      vertex 1.42039 -0.482159 6.5
      vertex 7.85298 -3.25281 6.5
    endloop
  endfacet
  facet normal 0 0 1
    outer loop
      vertex 1.06066 1.06066 6.5
      vertex 6.01041 6.01041 6.5
      vertex 5.60444 6.39064 6.5
    endloop
  endfacet
  facet normal -0 0 1
    outer loop
      vertex 1.38582 -0.574024 6.5
      vertex 7.85298 -3.25281 6.5
      vertex 1.42039 -0.482159 6.5
    endloop
  endfacet
  facet normal 0 0 1
    outer loop
      vertex 0.989018 1.12776 6.5
      vertex 5.60444 6.39064 6.5
      vertex 5.17447 6.7435 6.5
    endloop
  endfacet
  facet normal 0 0 1
    outer loop
      vertex 7.85298 -3.25281 6.5
      vertex 1.38582 -0.574024 6.5
      vertex 7.62342 -3.75945 6.5
    endloop
  endfacet
  facet normal 0 0 1
    outer loop
      vertex 0.913141 1.19003 6.5
      vertex 5.17447 6.7435 6.5
      vertex 4.72235 7.06749 6.5
    endloop
  endfacet
  facet normal -0 0 1
    outer loop
      vertex 1.34531 -0.663432 6.5
      vertex 7.62342 -3.75945 6.5
      vertex 1.38582 -0.574024 6.5
    endloop
  endfacet
  facet normal 0 0 1
    outer loop
      vertex 0.833355 1.2472 6.5
      vertex 4.72235 7.06749 6.5
      vertex 4.25 7.36122 6.5
    endloop
  endfacet
  facet normal 0 0 1
    outer loop
      vertex 7.62342 -3.75945 6.5
      vertex 1.34531 -0.663432 6.5
      vertex 7.36122 -4.25 6.5
    endloop
  endfacet
  facet normal 0 0 1
    outer loop
      vertex 0.75 1.29904 6.5
      vertex 4.25 7.36122 6.5
      vertex 3.75945 7.62342 6.5
    endloop
  endfacet
  facet normal -0 0 1
    outer loop
      vertex 1.29904 -0.75 6.5
      vertex 7.36122 -4.25 6.5
      vertex 1.34531 -0.663432 6.5
    endloop
  endfacet
  facet normal 0 0 1
    outer loop
      vertex 0.663432 1.34531 6.5
      vertex 3.75945 7.62342 6.5
      vertex 3.25281 7.85298 6.5
    endloop
  endfacet
  facet normal 0 0 1
    outer loop
      vertex 7.36122 -4.25 6.5
      vertex 1.29904 -0.75 6.5
      vertex 7.06749 -4.72235 6.5
    endloop
  endfacet
  facet normal 0 0 1
    outer loop
      vertex 0.574024 1.38582 6.5
      vertex 3.25281 7.85298 6.5
      vertex 2.73223 8.04891 6.5
    endloop
  endfacet
  facet normal -0 0 1
    outer loop
      vertex 1.2472 -0.833355 6.5
      vertex 7.06749 -4.72235 6.5
      vertex 1.29904 -0.75 6.5
    endloop
  endfacet
  facet normal 0 0 1
    outer loop
      vertex 0.482159 1.42039 6.5
      vertex 2.73223 8.04891 6.5
      vertex 2.19996 8.21037 6.5
    endloop
  endfacet
  facet normal 0 0 1
    outer loop
      vertex 7.06749 -4.72235 6.5
      vertex 1.2472 -0.833355 6.5
      vertex 6.7435 -5.17447 6.5
    endloop
  endfacet
  facet normal 0 0 1
    outer loop
      vertex 0.388228 1.44889 6.5
      vertex 2.19996 8.21037 6.5
      vertex 1.65827 8.33667 6.5
    endloop
  endfacet
  facet normal -0 0 1
    outer loop
      vertex 1.19003 -0.913141 6.5
      vertex 6.7435 -5.17447 6.5
      vertex 1.2472 -0.833355 6.5
    endloop
  endfacet
  facet normal 0 0 1
    outer loop
      vertex 6.7435 -5.17447 6.5
      vertex 1.19003 -0.913141 6.5
      vertex 6.39064 -5.60444 6.5
    endloop
  endfacet
  facet normal 0 0 1
    outer loop
      vertex 8.4818 0.555926 6.5
      vertex 1.49679 0.0981045 6.5
      vertex 1.5 0 6.5
    endloop
  endfacet
  facet normal 0 0 1
    outer loop
      vertex 8.42728 1.10947 6.5
      vertex 1.48717 0.195788 6.5
      vertex 1.49679 0.0981045 6.5
    endloop
  endfacet
  facet normal 0 0 1
    outer loop
      vertex 8.33667 1.65827 6.5
      vertex 1.47118 0.292635 6.5
      vertex 1.48717 0.195788 6.5
    endloop
  endfacet
  facet normal 0 0 1
    outer loop
      vertex 8.21037 2.19996 6.5
      vertex 1.44889 0.388228 6.5
      vertex 1.47118 0.292635 6.5
    endloop
  endfacet
  facet normal 0 0 1
    outer loop
      vertex 8.04891 2.73223 6.5
      vertex 1.42039 0.482159 6.5
      vertex 1.44889 0.388228 6.5
    endloop
  endfacet
  facet normal 0 0 1
    outer loop
      vertex 7.85298 3.25281 6.5
      vertex 1.38582 0.574024 6.5
      vertex 1.42039 0.482159 6.5
    endloop
  endfacet
  facet normal 0 0 1
    outer loop
      vertex 7.62342 3.75945 6.5
      vertex 1.34531 0.663432 6.5
      vertex 1.38582 0.574024 6.5
    endloop
  endfacet
  facet normal 0 0 1
    outer loop
      vertex 7.36122 4.25 6.5
      vertex 1.29904 0.75 6.5
      vertex 1.34531 0.663432 6.5
    endloop
  endfacet
  facet normal 0 0 1
    outer loop
      vertex 7.06749 4.72235 6.5
      vertex 1.2472 0.833355 6.5
      vertex 1.29904 0.75 6.5
    endloop
  endfacet
  facet normal 0 0 1
    outer loop
      vertex 6.7435 5.17447 6.5
      vertex 1.19003 0.913141 6.5
      vertex 1.2472 0.833355 6.5
    endloop
  endfacet
  facet normal 0 0 1
    outer loop
      vertex 6.39064 5.60444 6.5
      vertex 1.12776 0.989018 6.5
      vertex 1.19003 0.913141 6.5
    endloop
  endfacet
  facet normal 0 0 1
    outer loop
      vertex 0.292635 1.47118 6.5
      vertex 1.65827 8.33667 6.5
      vertex 1.10947 8.42728 6.5
    endloop
  endfacet
  facet normal 0 0 1
    outer loop
      vertex 6.01041 6.01041 6.5
      vertex 1.06066 1.06066 6.5
      vertex 1.12776 0.989018 6.5
    endloop
  endfacet
  facet normal 0 0 1
    outer loop
      vertex 5.60444 6.39064 6.5
      vertex 0.989018 1.12776 6.5
      vertex 1.06066 1.06066 6.5
    endloop
  endfacet
  facet normal 0 0 1
    outer loop
      vertex 5.17447 6.7435 6.5
      vertex 0.913141 1.19003 6.5
      vertex 0.989018 1.12776 6.5
    endloop
  endfacet
  facet normal 0 0 1
    outer loop
      vertex 4.72235 7.06749 6.5
      vertex 0.833355 1.2472 6.5
      vertex 0.913141 1.19003 6.5
    endloop
  endfacet
  facet normal 0 0 1
    outer loop
      vertex 4.25 7.36122 6.5
      vertex 0.75 1.29904 6.5
      vertex 0.833355 1.2472 6.5
    endloop
  endfacet
  facet normal 0 0 1
    outer loop
      vertex 3.75945 7.62342 6.5
      vertex 0.663432 1.34531 6.5
      vertex 0.75 1.29904 6.5
    endloop
  endfacet
  facet normal 0 0 1
    outer loop
      vertex 3.25281 7.85298 6.5
      vertex 0.574024 1.38582 6.5
      vertex 0.663432 1.34531 6.5
    endloop
  endfacet
  facet normal 0 0 1
    outer loop
      vertex 0.195788 1.48717 6.5
      vertex 1.10947 8.42728 6.5
      vertex 0.555926 8.4818 6.5
    endloop
  endfacet
  facet normal 0 0 1
    outer loop
      vertex 2.73223 8.04891 6.5
      vertex 0.482159 1.42039 6.5
      vertex 0.574024 1.38582 6.5
    endloop
  endfacet
  facet normal 0 0 1
    outer loop
      vertex 2.19996 8.21037 6.5
      vertex 0.388228 1.44889 6.5
      vertex 0.482159 1.42039 6.5
    endloop
  endfacet
  facet normal 0 0 1
    outer loop
      vertex 1.65827 8.33667 6.5
      vertex 0.292635 1.47118 6.5
      vertex 0.388228 1.44889 6.5
    endloop
  endfacet
  facet normal 0 0 1
    outer loop
      vertex 1.10947 8.42728 6.5
      vertex 0.195788 1.48717 6.5
      vertex 0.292635 1.47118 6.5
    endloop
  endfacet
  facet normal 0 0 1
    outer loop
      vertex 0.555926 8.4818 6.5
      vertex 0.0981045 1.49679 6.5
      vertex 0.195788 1.48717 6.5
    endloop
  endfacet
  facet normal 0 0 1
    outer loop
      vertex 0 8.5 6.5
      vertex 0.0981045 1.49679 6.5
      vertex 0.555926 8.4818 6.5
    endloop
  endfacet
  facet normal 0 0 1
    outer loop
      vertex 0 8.5 6.5
      vertex 0 1.5 6.5
      vertex 0.0981045 1.49679 6.5
    endloop
  endfacet
  facet normal 0 0 1
    outer loop
      vertex 0 8.5 6.5
      vertex -0.0981045 1.49679 6.5
      vertex 0 1.5 6.5
    endloop
  endfacet
  facet normal -0 0 1
    outer loop
      vertex -0.555926 8.4818 6.5
      vertex -0.0981045 1.49679 6.5
      vertex 0 8.5 6.5
    endloop
  endfacet
  facet normal 0 0 1
    outer loop
      vertex -0.0981045 1.49679 6.5
      vertex -0.555926 8.4818 6.5
      vertex -0.195788 1.48717 6.5
    endloop
  endfacet
  facet normal -0 0 1
    outer loop
      vertex -1.10947 8.42728 6.5
      vertex -0.195788 1.48717 6.5
      vertex -0.555926 8.4818 6.5
    endloop
  endfacet
  facet normal 0 0 1
    outer loop
      vertex -0.195788 1.48717 6.5
      vertex -1.10947 8.42728 6.5
      vertex -0.292635 1.47118 6.5
    endloop
  endfacet
  facet normal -0 0 1
    outer loop
      vertex -1.65827 8.33667 6.5
      vertex -0.292635 1.47118 6.5
      vertex -1.10947 8.42728 6.5
    endloop
  endfacet
  facet normal 0 0 1
    outer loop
      vertex -0.292635 1.47118 6.5
      vertex -1.65827 8.33667 6.5
      vertex -0.388228 1.44889 6.5
    endloop
  endfacet
  facet normal -0 0 1
    outer loop
      vertex -2.19996 8.21037 6.5
      vertex -0.388228 1.44889 6.5
      vertex -1.65827 8.33667 6.5
    endloop
  endfacet
  facet normal 0 0 1
    outer loop
      vertex -0.388228 1.44889 6.5
      vertex -2.19996 8.21037 6.5
      vertex -0.482159 1.42039 6.5
    endloop
  endfacet
  facet normal -0 0 1
    outer loop
      vertex -2.73223 8.04891 6.5
      vertex -0.482159 1.42039 6.5
      vertex -2.19996 8.21037 6.5
    endloop
  endfacet
  facet normal 0 0 1
    outer loop
      vertex -0.482159 1.42039 6.5
      vertex -2.73223 8.04891 6.5
      vertex -0.574024 1.38582 6.5
    endloop
  endfacet
  facet normal -0 0 1
    outer loop
      vertex -3.25281 7.85298 6.5
      vertex -0.574024 1.38582 6.5
      vertex -2.73223 8.04891 6.5
    endloop
  endfacet
  facet normal 0 0 1
    outer loop
      vertex -0.574024 1.38582 6.5
      vertex -3.25281 7.85298 6.5
      vertex -0.663432 1.34531 6.5
    endloop
  endfacet
  facet normal -0 0 1
    outer loop
      vertex -3.75945 7.62342 6.5
      vertex -0.663432 1.34531 6.5
      vertex -3.25281 7.85298 6.5
    endloop
  endfacet
  facet normal 0 0 1
    outer loop
      vertex -0.663432 1.34531 6.5
      vertex -3.75945 7.62342 6.5
      vertex -0.75 1.29904 6.5
    endloop
  endfacet
  facet normal -0 0 1
    outer loop
      vertex -4.25 7.36122 6.5
      vertex -0.75 1.29904 6.5
      vertex -3.75945 7.62342 6.5
    endloop
  endfacet
  facet normal 0 0 1
    outer loop
      vertex -0.75 1.29904 6.5
      vertex -4.25 7.36122 6.5
      vertex -0.833355 1.2472 6.5
    endloop
  endfacet
  facet normal -0 0 1
    outer loop
      vertex -4.72235 7.06749 6.5
      vertex -0.833355 1.2472 6.5
      vertex -4.25 7.36122 6.5
    endloop
  endfacet
  facet normal 0 0 1
    outer loop
      vertex -0.833355 1.2472 6.5
      vertex -4.72235 7.06749 6.5
      vertex -0.913141 1.19003 6.5
    endloop
  endfacet
  facet normal -0 0 1
    outer loop
      vertex -5.17447 6.7435 6.5
      vertex -0.913141 1.19003 6.5
      vertex -4.72235 7.06749 6.5
    endloop
  endfacet
  facet normal 0 0 1
    outer loop
      vertex -0.913141 1.19003 6.5
      vertex -5.17447 6.7435 6.5
      vertex -0.989018 1.12776 6.5
    endloop
  endfacet
  facet normal -0 0 1
    outer loop
      vertex -5.60444 6.39064 6.5
      vertex -0.989018 1.12776 6.5
      vertex -5.17447 6.7435 6.5
    endloop
  endfacet
  facet normal 0 0 1
    outer loop
      vertex -0.989018 1.12776 6.5
      vertex -5.60444 6.39064 6.5
      vertex -1.06066 1.06066 6.5
    endloop
  endfacet
  facet normal -0 0 1
    outer loop
      vertex -6.01041 6.01041 6.5
      vertex -1.06066 1.06066 6.5
      vertex -5.60444 6.39064 6.5
    endloop
  endfacet
  facet normal 0 0 1
    outer loop
      vertex -1.06066 1.06066 6.5
      vertex -6.01041 6.01041 6.5
      vertex -1.12776 0.989018 6.5
    endloop
  endfacet
  facet normal 0 0 1
    outer loop
      vertex -1.12776 0.989018 6.5
      vertex -6.39064 5.60444 6.5
      vertex -1.19003 0.913141 6.5
    endloop
  endfacet
  facet normal -0 0 1
    outer loop
      vertex -6.39064 5.60444 6.5
      vertex -1.12776 0.989018 6.5
      vertex -6.01041 6.01041 6.5
    endloop
  endfacet
  facet normal -0 0 1
    outer loop
      vertex 1.12776 -0.989018 6.5
      vertex 6.39064 -5.60444 6.5
      vertex 1.19003 -0.913141 6.5
    endloop
  endfacet
  facet normal 0 0 1
    outer loop
      vertex 6.39064 -5.60444 6.5
      vertex 1.12776 -0.989018 6.5
      vertex 6.01041 -6.01041 6.5
    endloop
  endfacet
  facet normal -0 0 1
    outer loop
      vertex 1.06066 -1.06066 6.5
      vertex 6.01041 -6.01041 6.5
      vertex 1.12776 -0.989018 6.5
    endloop
  endfacet
  facet normal 0 0 1
    outer loop
      vertex 6.01041 -6.01041 6.5
      vertex 1.06066 -1.06066 6.5
      vertex 5.60444 -6.39064 6.5
    endloop
  endfacet
  facet normal -0 0 1
    outer loop
      vertex 0.989018 -1.12776 6.5
      vertex 5.60444 -6.39064 6.5
      vertex 1.06066 -1.06066 6.5
    endloop
  endfacet
  facet normal 0 0 1
    outer loop
      vertex 5.60444 -6.39064 6.5
      vertex 0.989018 -1.12776 6.5
      vertex 5.17447 -6.7435 6.5
    endloop
  endfacet
  facet normal -0 0 1
    outer loop
      vertex 0.913141 -1.19003 6.5
      vertex 5.17447 -6.7435 6.5
      vertex 0.989018 -1.12776 6.5
    endloop
  endfacet
  facet normal 0 0 1
    outer loop
      vertex 5.17447 -6.7435 6.5
      vertex 0.913141 -1.19003 6.5
      vertex 4.72235 -7.06749 6.5
    endloop
  endfacet
  facet normal -0 0 1
    outer loop
      vertex 0.833355 -1.2472 6.5
      vertex 4.72235 -7.06749 6.5
      vertex 0.913141 -1.19003 6.5
    endloop
  endfacet
  facet normal 0 0 1
    outer loop
      vertex 4.72235 -7.06749 6.5
      vertex 0.833355 -1.2472 6.5
      vertex 4.25 -7.36122 6.5
    endloop
  endfacet
  facet normal -0 0 1
    outer loop
      vertex 0.75 -1.29904 6.5
      vertex 4.25 -7.36122 6.5
      vertex 0.833355 -1.2472 6.5
    endloop
  endfacet
  facet normal 0 0 1
    outer loop
      vertex 4.25 -7.36122 6.5
      vertex 0.75 -1.29904 6.5
      vertex 3.75945 -7.62342 6.5
    endloop
  endfacet
  facet normal -0 0 1
    outer loop
      vertex 0.663432 -1.34531 6.5
      vertex 3.75945 -7.62342 6.5
      vertex 0.75 -1.29904 6.5
    endloop
  endfacet
  facet normal 0 0 1
    outer loop
      vertex 3.75945 -7.62342 6.5
      vertex 0.663432 -1.34531 6.5
      vertex 3.25281 -7.85298 6.5
    endloop
  endfacet
  facet normal -0 0 1
    outer loop
      vertex 0.574024 -1.38582 6.5
      vertex 3.25281 -7.85298 6.5
      vertex 0.663432 -1.34531 6.5
    endloop
  endfacet
  facet normal 0 0 1
    outer loop
      vertex 3.25281 -7.85298 6.5
      vertex 0.574024 -1.38582 6.5
      vertex 2.73223 -8.04891 6.5
    endloop
  endfacet
  facet normal -0 0 1
    outer loop
      vertex 0.482159 -1.42039 6.5
      vertex 2.73223 -8.04891 6.5
      vertex 0.574024 -1.38582 6.5
    endloop
  endfacet
  facet normal 0 0 1
    outer loop
      vertex 2.73223 -8.04891 6.5
      vertex 0.482159 -1.42039 6.5
      vertex 2.19996 -8.21037 6.5
    endloop
  endfacet
  facet normal -0 0 1
    outer loop
      vertex 0.388228 -1.44889 6.5
      vertex 2.19996 -8.21037 6.5
      vertex 0.482159 -1.42039 6.5
    endloop
  endfacet
  facet normal 0 0 1
    outer loop
      vertex 2.19996 -8.21037 6.5
      vertex 0.388228 -1.44889 6.5
      vertex 1.65827 -8.33667 6.5
    endloop
  endfacet
  facet normal -0 0 1
    outer loop
      vertex 0.292635 -1.47118 6.5
      vertex 1.65827 -8.33667 6.5
      vertex 0.388228 -1.44889 6.5
    endloop
  endfacet
  facet normal 0 0 1
    outer loop
      vertex 1.65827 -8.33667 6.5
      vertex 0.292635 -1.47118 6.5
      vertex 1.10947 -8.42728 6.5
    endloop
  endfacet
  facet normal -0 0 1
    outer loop
      vertex 0.195788 -1.48717 6.5
      vertex 1.10947 -8.42728 6.5
      vertex 0.292635 -1.47118 6.5
    endloop
  endfacet
  facet normal 0 0 1
    outer loop
      vertex 1.10947 -8.42728 6.5
      vertex 0.195788 -1.48717 6.5
      vertex 0.555926 -8.4818 6.5
    endloop
  endfacet
  facet normal -0 0 1
    outer loop
      vertex 0.0981045 -1.49679 6.5
      vertex 0.555926 -8.4818 6.5
      vertex 0.195788 -1.48717 6.5
    endloop
  endfacet
  facet normal -0 0 1
    outer loop
      vertex 0 -1.5 6.5
      vertex 0.555926 -8.4818 6.5
      vertex 0.0981045 -1.49679 6.5
    endloop
  endfacet
  facet normal 0 0 1
    outer loop
      vertex 0 -1.5 6.5
      vertex 0 -8.5 6.5
      vertex 0.555926 -8.4818 6.5
    endloop
  endfacet
  facet normal 0 0 1
    outer loop
      vertex -0.0981045 -1.49679 6.5
      vertex 0 -8.5 6.5
      vertex 0 -1.5 6.5
    endloop
  endfacet
  facet normal 0 0 1
    outer loop
      vertex -0.555926 -8.4818 6.5
      vertex -0.0981045 -1.49679 6.5
      vertex -0.195788 -1.48717 6.5
    endloop
  endfacet
  facet normal 0 0 1
    outer loop
      vertex -1.10947 -8.42728 6.5
      vertex -0.195788 -1.48717 6.5
      vertex -0.292635 -1.47118 6.5
    endloop
  endfacet
  facet normal 0 0 1
    outer loop
      vertex -1.65827 -8.33667 6.5
      vertex -0.292635 -1.47118 6.5
      vertex -0.388228 -1.44889 6.5
    endloop
  endfacet
  facet normal 0 0 1
    outer loop
      vertex -2.19996 -8.21037 6.5
      vertex -0.388228 -1.44889 6.5
      vertex -0.482159 -1.42039 6.5
    endloop
  endfacet
  facet normal 0 0 1
    outer loop
      vertex -0.0981045 -1.49679 6.5
      vertex -0.555926 -8.4818 6.5
      vertex 0 -8.5 6.5
    endloop
  endfacet
  facet normal 0 0 1
    outer loop
      vertex -2.73223 -8.04891 6.5
      vertex -0.482159 -1.42039 6.5
      vertex -0.574024 -1.38582 6.5
    endloop
  endfacet
  facet normal 0 0 1
    outer loop
      vertex -3.25281 -7.85298 6.5
      vertex -0.574024 -1.38582 6.5
      vertex -0.663432 -1.34531 6.5
    endloop
  endfacet
  facet normal 0 0 1
    outer loop
      vertex -3.75945 -7.62342 6.5
      vertex -0.663432 -1.34531 6.5
      vertex -0.75 -1.29904 6.5
    endloop
  endfacet
  facet normal 0 0 1
    outer loop
      vertex -4.25 -7.36122 6.5
      vertex -0.75 -1.29904 6.5
      vertex -0.833355 -1.2472 6.5
    endloop
  endfacet
  facet normal 0 0 1
    outer loop
      vertex -4.72235 -7.06749 6.5
      vertex -0.833355 -1.2472 6.5
      vertex -0.913141 -1.19003 6.5
    endloop
  endfacet
  facet normal 0 0 1
    outer loop
      vertex -5.17447 -6.7435 6.5
      vertex -0.913141 -1.19003 6.5
      vertex -0.989018 -1.12776 6.5
    endloop
  endfacet
  facet normal 0 0 1
    outer loop
      vertex -5.60444 -6.39064 6.5
      vertex -0.989018 -1.12776 6.5
      vertex -1.06066 -1.06066 6.5
    endloop
  endfacet
  facet normal 0 0 1
    outer loop
      vertex -0.195788 -1.48717 6.5
      vertex -1.10947 -8.42728 6.5
      vertex -0.555926 -8.4818 6.5
    endloop
  endfacet
  facet normal 0 0 1
    outer loop
      vertex -6.01041 -6.01041 6.5
      vertex -1.06066 -1.06066 6.5
      vertex -1.12776 -0.989018 6.5
    endloop
  endfacet
  facet normal 0 0 1
    outer loop
      vertex -6.39064 -5.60444 6.5
      vertex -1.12776 -0.989018 6.5
      vertex -1.19003 -0.913141 6.5
    endloop
  endfacet
  facet normal 0 0 1
    outer loop
      vertex -6.7435 -5.17447 6.5
      vertex -1.19003 -0.913141 6.5
      vertex -1.2472 -0.833355 6.5
    endloop
  endfacet
  facet normal 0 0 1
    outer loop
      vertex -7.06749 -4.72235 6.5
      vertex -1.2472 -0.833355 6.5
      vertex -1.29904 -0.75 6.5
    endloop
  endfacet
  facet normal 0 0 1
    outer loop
      vertex -7.36122 -4.25 6.5
      vertex -1.29904 -0.75 6.5
      vertex -1.34531 -0.663432 6.5
    endloop
  endfacet
  facet normal 0 0 1
    outer loop
      vertex -7.62342 -3.75945 6.5
      vertex -1.34531 -0.663432 6.5
      vertex -1.38582 -0.574024 6.5
    endloop
  endfacet
  facet normal 0 0 1
    outer loop
      vertex -7.85298 -3.25281 6.5
      vertex -1.38582 -0.574024 6.5
      vertex -1.42039 -0.482159 6.5
    endloop
  endfacet
  facet normal 0 0 1
    outer loop
      vertex -8.04891 -2.73223 6.5
      vertex -1.42039 -0.482159 6.5
      vertex -1.44889 -0.388228 6.5
    endloop
  endfacet
  facet normal 0 0 1
    outer loop
      vertex -8.21037 -2.19996 6.5
      vertex -1.44889 -0.388228 6.5
      vertex -1.47118 -0.292635 6.5
    endloop
  endfacet
  facet normal 0 0 1
    outer loop
      vertex -8.33667 -1.65827 6.5
      vertex -1.47118 -0.292635 6.5
      vertex -1.48717 -0.195788 6.5
    endloop
  endfacet
  facet normal 0 0 1
    outer loop
      vertex -8.42728 -1.10947 6.5
      vertex -1.48717 -0.195788 6.5
      vertex -1.49679 -0.0981045 6.5
    endloop
  endfacet
  facet normal 0 0 1
    outer loop
      vertex -0.292635 -1.47118 6.5
      vertex -1.65827 -8.33667 6.5
      vertex -1.10947 -8.42728 6.5
    endloop
  endfacet
  facet normal 0 0 1
    outer loop
      vertex -8.4818 -0.555926 6.5
      vertex -1.49679 -0.0981045 6.5
      vertex -1.5 0 6.5
    endloop
  endfacet
  facet normal -0 0 1
    outer loop
      vertex -6.7435 5.17447 6.5
      vertex -1.19003 0.913141 6.5
      vertex -6.39064 5.60444 6.5
    endloop
  endfacet
  facet normal 0 0 1
    outer loop
      vertex -1.19003 0.913141 6.5
      vertex -6.7435 5.17447 6.5
      vertex -1.2472 0.833355 6.5
    endloop
  endfacet
  facet normal 0 0 1
    outer loop
      vertex -0.388228 -1.44889 6.5
      vertex -2.19996 -8.21037 6.5
      vertex -1.65827 -8.33667 6.5
    endloop
  endfacet
  facet normal -0 0 1
    outer loop
      vertex -7.06749 4.72235 6.5
      vertex -1.2472 0.833355 6.5
      vertex -6.7435 5.17447 6.5
    endloop
  endfacet
  facet normal 0 0 1
    outer loop
      vertex -0.482159 -1.42039 6.5
      vertex -2.73223 -8.04891 6.5
      vertex -2.19996 -8.21037 6.5
    endloop
  endfacet
  facet normal 0 0 1
    outer loop
      vertex -1.2472 0.833355 6.5
      vertex -7.06749 4.72235 6.5
      vertex -1.29904 0.75 6.5
    endloop
  endfacet
  facet normal 0 0 1
    outer loop
      vertex -0.574024 -1.38582 6.5
      vertex -3.25281 -7.85298 6.5
      vertex -2.73223 -8.04891 6.5
    endloop
  endfacet
  facet normal -0 0 1
    outer loop
      vertex -7.36122 4.25 6.5
      vertex -1.29904 0.75 6.5
      vertex -7.06749 4.72235 6.5
    endloop
  endfacet
  facet normal 0 0 1
    outer loop
      vertex -0.663432 -1.34531 6.5
      vertex -3.75945 -7.62342 6.5
      vertex -3.25281 -7.85298 6.5
    endloop
  endfacet
  facet normal 0 0 1
    outer loop
      vertex -1.29904 0.75 6.5
      vertex -7.36122 4.25 6.5
      vertex -1.34531 0.663432 6.5
    endloop
  endfacet
  facet normal 0 0 1
    outer loop
      vertex -0.75 -1.29904 6.5
      vertex -4.25 -7.36122 6.5
      vertex -3.75945 -7.62342 6.5
    endloop
  endfacet
  facet normal -0 0 1
    outer loop
      vertex -7.62342 3.75945 6.5
      vertex -1.34531 0.663432 6.5
      vertex -7.36122 4.25 6.5
    endloop
  endfacet
  facet normal 0 0 1
    outer loop
      vertex -0.833355 -1.2472 6.5
      vertex -4.72235 -7.06749 6.5
      vertex -4.25 -7.36122 6.5
    endloop
  endfacet
  facet normal 0 0 1
    outer loop
      vertex -1.34531 0.663432 6.5
      vertex -7.62342 3.75945 6.5
      vertex -1.38582 0.574024 6.5
    endloop
  endfacet
  facet normal 0 0 1
    outer loop
      vertex -0.913141 -1.19003 6.5
      vertex -5.17447 -6.7435 6.5
      vertex -4.72235 -7.06749 6.5
    endloop
  endfacet
  facet normal -0 0 1
    outer loop
      vertex -7.85298 3.25281 6.5
      vertex -1.38582 0.574024 6.5
      vertex -7.62342 3.75945 6.5
    endloop
  endfacet
  facet normal 0 0 1
    outer loop
      vertex -0.989018 -1.12776 6.5
      vertex -5.60444 -6.39064 6.5
      vertex -5.17447 -6.7435 6.5
    endloop
  endfacet
  facet normal 0 0 1
    outer loop
      vertex -1.38582 0.574024 6.5
      vertex -7.85298 3.25281 6.5
      vertex -1.42039 0.482159 6.5
    endloop
  endfacet
  facet normal 0 0 1
    outer loop
      vertex -1.06066 -1.06066 6.5
      vertex -6.01041 -6.01041 6.5
      vertex -5.60444 -6.39064 6.5
    endloop
  endfacet
  facet normal -0 0 1
    outer loop
      vertex -8.04891 2.73223 6.5
      vertex -1.42039 0.482159 6.5
      vertex -7.85298 3.25281 6.5
    endloop
  endfacet
  facet normal 0 0 1
    outer loop
      vertex -1.12776 -0.989018 6.5
      vertex -6.39064 -5.60444 6.5
      vertex -6.01041 -6.01041 6.5
    endloop
  endfacet
  facet normal 0 0 1
    outer loop
      vertex -1.42039 0.482159 6.5
      vertex -8.04891 2.73223 6.5
      vertex -1.44889 0.388228 6.5
    endloop
  endfacet
  facet normal 0 0 1
    outer loop
      vertex -1.19003 -0.913141 6.5
      vertex -6.7435 -5.17447 6.5
      vertex -6.39064 -5.60444 6.5
    endloop
  endfacet
  facet normal -0 0 1
    outer loop
      vertex -8.21037 2.19996 6.5
      vertex -1.44889 0.388228 6.5
      vertex -8.04891 2.73223 6.5
    endloop
  endfacet
  facet normal 0 0 1
    outer loop
      vertex -1.2472 -0.833355 6.5
      vertex -7.06749 -4.72235 6.5
      vertex -6.7435 -5.17447 6.5
    endloop
  endfacet
  facet normal 0 0 1
    outer loop
      vertex -1.44889 0.388228 6.5
      vertex -8.21037 2.19996 6.5
      vertex -1.47118 0.292635 6.5
    endloop
  endfacet
  facet normal 0 0 1
    outer loop
      vertex -1.29904 -0.75 6.5
      vertex -7.36122 -4.25 6.5
      vertex -7.06749 -4.72235 6.5
    endloop
  endfacet
  facet normal -0 0 1
    outer loop
      vertex -8.33667 1.65827 6.5
      vertex -1.47118 0.292635 6.5
      vertex -8.21037 2.19996 6.5
    endloop
  endfacet
  facet normal 0 0 1
    outer loop
      vertex -1.34531 -0.663432 6.5
      vertex -7.62342 -3.75945 6.5
      vertex -7.36122 -4.25 6.5
    endloop
  endfacet
  facet normal 0 0 1
    outer loop
      vertex -1.47118 0.292635 6.5
      vertex -8.33667 1.65827 6.5
      vertex -1.48717 0.195788 6.5
    endloop
  endfacet
  facet normal 0 0 1
    outer loop
      vertex -1.38582 -0.574024 6.5
      vertex -7.85298 -3.25281 6.5
      vertex -7.62342 -3.75945 6.5
    endloop
  endfacet
  facet normal -0 0 1
    outer loop
      vertex -8.42728 1.10947 6.5
      vertex -1.48717 0.195788 6.5
      vertex -8.33667 1.65827 6.5
    endloop
  endfacet
  facet normal 0 0 1
    outer loop
      vertex -1.42039 -0.482159 6.5
      vertex -8.04891 -2.73223 6.5
      vertex -7.85298 -3.25281 6.5
    endloop
  endfacet
  facet normal 0 0 1
    outer loop
      vertex -1.48717 0.195788 6.5
      vertex -8.42728 1.10947 6.5
      vertex -1.49679 0.0981045 6.5
    endloop
  endfacet
  facet normal 0 0 1
    outer loop
      vertex -1.44889 -0.388228 6.5
      vertex -8.21037 -2.19996 6.5
      vertex -8.04891 -2.73223 6.5
    endloop
  endfacet
  facet normal -0 0 1
    outer loop
      vertex -8.4818 0.555926 6.5
      vertex -1.49679 0.0981045 6.5
      vertex -8.42728 1.10947 6.5
    endloop
  endfacet
  facet normal 0 0 1
    outer loop
      vertex -1.47118 -0.292635 6.5
      vertex -8.33667 -1.65827 6.5
      vertex -8.21037 -2.19996 6.5
    endloop
  endfacet
  facet normal 0 0 1
    outer loop
      vertex -1.49679 0.0981045 6.5
      vertex -8.4818 0.555926 6.5
      vertex -1.5 0 6.5
    endloop
  endfacet
  facet normal 0 0 1
    outer loop
      vertex -1.48717 -0.195788 6.5
      vertex -8.42728 -1.10947 6.5
      vertex -8.33667 -1.65827 6.5
    endloop
  endfacet
  facet normal 0 0 1
    outer loop
      vertex -8.5 0 6.5
      vertex -1.5 0 6.5
      vertex -8.4818 0.555926 6.5
    endloop
  endfacet
  facet normal 0 0 1
    outer loop
      vertex -1.49679 -0.0981045 6.5
      vertex -8.4818 -0.555926 6.5
      vertex -8.42728 -1.10947 6.5
    endloop
  endfacet
  facet normal 0 0 1
    outer loop
      vertex -1.5 0 6.5
      vertex -8.5 0 6.5
      vertex -8.4818 -0.555926 6.5
    endloop
  endfacet
  facet normal 0.881925 -0.471391 0
    outer loop
      vertex -7.62342 3.75945 14
      vertex -7.36122 4.25 6.5
      vertex -7.36122 4.25 14
    endloop
  endfacet
  facet normal 0.881925 -0.471391 0
    outer loop
      vertex -7.36122 4.25 6.5
      vertex -7.62342 3.75945 14
      vertex -7.62342 3.75945 6.5
    endloop
  endfacet
  facet normal 0.986643 -0.1629 0
    outer loop
      vertex -8.42728 1.10947 14
      vertex -8.33667 1.65827 6.5
      vertex -8.33667 1.65827 14
    endloop
  endfacet
  facet normal 0.986643 -0.1629 0
    outer loop
      vertex -8.33667 1.65827 6.5
      vertex -8.42728 1.10947 14
      vertex -8.42728 1.10947 6.5
    endloop
  endfacet
  facet normal -0.773017 -0.634385 0
    outer loop
      vertex 6.7435 5.17447 6.5
      vertex 6.39064 5.60444 14
      vertex 6.39064 5.60444 6.5
    endloop
  endfacet
  facet normal -0.773017 -0.634385 0
    outer loop
      vertex 6.39064 5.60444 14
      vertex 6.7435 5.17447 6.5
      vertex 6.7435 5.17447 14
    endloop
  endfacet
  facet normal 0.412714 -0.910861 0
    outer loop
      vertex -3.75945 7.62342 6.5
      vertex -3.25281 7.85298 14
      vertex -3.75945 7.62342 14
    endloop
  endfacet
  facet normal 0.412714 -0.910861 0
    outer loop
      vertex -3.25281 7.85298 14
      vertex -3.75945 7.62342 6.5
      vertex -3.25281 7.85298 6.5
    endloop
  endfacet
  facet normal 0.773017 0.634385 0
    outer loop
      vertex -6.39064 -5.60444 14
      vertex -6.7435 -5.17447 6.5
      vertex -6.7435 -5.17447 14
    endloop
  endfacet
  facet normal 0.773017 0.634385 0
    outer loop
      vertex -6.7435 -5.17447 6.5
      vertex -6.39064 -5.60444 14
      vertex -6.39064 -5.60444 6.5
    endloop
  endfacet
  facet normal 0.1629 0.986643 -0
    outer loop
      vertex -1.10947 -8.42728 6.5
      vertex -1.65827 -8.33667 14
      vertex -1.10947 -8.42728 14
    endloop
  endfacet
  facet normal 0.1629 0.986643 0
    outer loop
      vertex -1.65827 -8.33667 14
      vertex -1.10947 -8.42728 6.5
      vertex -1.65827 -8.33667 6.5
    endloop
  endfacet
  facet normal 0.0980183 0.995185 -0
    outer loop
      vertex -0.555926 -8.4818 6.5
      vertex -1.10947 -8.42728 14
      vertex -0.555926 -8.4818 14
    endloop
  endfacet
  facet normal 0.0980183 0.995185 0
    outer loop
      vertex -1.10947 -8.42728 14
      vertex -0.555926 -8.4818 6.5
      vertex -1.10947 -8.42728 6.5
    endloop
  endfacet
  facet normal -0.881925 0.471391 0
    outer loop
      vertex 7.36122 -4.25 6.5
      vertex 7.62342 -3.75945 14
      vertex 7.62342 -3.75945 6.5
    endloop
  endfacet
  facet normal -0.881925 0.471391 0
    outer loop
      vertex 7.62342 -3.75945 14
      vertex 7.36122 -4.25 6.5
      vertex 7.36122 -4.25 14
    endloop
  endfacet
  facet normal 0.412714 0.910861 -0
    outer loop
      vertex -3.25281 -7.85298 6.5
      vertex -3.75945 -7.62342 14
      vertex -3.25281 -7.85298 14
    endloop
  endfacet
  facet normal 0.412714 0.910861 0
    outer loop
      vertex -3.75945 -7.62342 14
      vertex -3.25281 -7.85298 6.5
      vertex -3.75945 -7.62342 6.5
    endloop
  endfacet
  facet normal 0.582484 0.812842 -0
    outer loop
      vertex -4.72235 -7.06749 6.5
      vertex -5.17447 -6.7435 14
      vertex -4.72235 -7.06749 14
    endloop
  endfacet
  facet normal 0.582484 0.812842 0
    outer loop
      vertex -5.17447 -6.7435 14
      vertex -4.72235 -7.06749 6.5
      vertex -5.17447 -6.7435 6.5
    endloop
  endfacet
  facet normal -0.986641 -0.162911 0
    outer loop
      vertex 3.84185 0.505789 0
      vertex 3.80054 0.755975 5.49
      vertex 3.80054 0.755975 0
    endloop
  endfacet
  facet normal -0.986641 -0.162911 0
    outer loop
      vertex 3.80054 0.755975 5.49
      vertex 3.84185 0.505789 0
      vertex 3.84185 0.505789 5.49
    endloop
  endfacet
  facet normal 0.352247 -0.935907 0
    outer loop
      vertex -1.4829 3.58003 0
      vertex -1.24558 3.66935 5.49
      vertex -1.4829 3.58003 5.49
    endloop
  endfacet
  facet normal 0.352247 -0.935907 0
    outer loop
      vertex -1.24558 3.66935 5.49
      vertex -1.4829 3.58003 0
      vertex -1.24558 3.66935 0
    endloop
  endfacet
  facet normal -0.290284 -0.95694 0
    outer loop
      vertex 1.00292 3.74296 0
      vertex 1.24558 3.66935 5.49
      vertex 1.00292 3.74296 5.49
    endloop
  endfacet
  facet normal -0.290284 -0.95694 -0
    outer loop
      vertex 1.24558 3.66935 5.49
      vertex 1.00292 3.74296 0
      vertex 1.24558 3.66935 0
    endloop
  endfacet
  facet normal -0.910866 -0.412703 0
    outer loop
      vertex 3.58003 1.4829 0
      vertex 3.47538 1.71387 5.49
      vertex 3.47538 1.71387 0
    endloop
  endfacet
  facet normal -0.910866 -0.412703 0
    outer loop
      vertex 3.47538 1.71387 5.49
      vertex 3.58003 1.4829 0
      vertex 3.58003 1.4829 5.49
    endloop
  endfacet
  facet normal 0.528094 -0.849186 0
    outer loop
      vertex -2.15283 3.22194 0
      vertex -1.9375 3.35585 5.49
      vertex -2.15283 3.22194 5.49
    endloop
  endfacet
  facet normal 0.528094 -0.849186 0
    outer loop
      vertex -1.9375 3.35585 5.49
      vertex -2.15283 3.22194 0
      vertex -1.9375 3.35585 0
    endloop
  endfacet
  facet normal 0.227078 0.973877 -0
    outer loop
      vertex -0.755975 -3.80054 0
      vertex -1.00292 -3.74296 5.49
      vertex -0.755975 -3.80054 5.49
    endloop
  endfacet
  facet normal 0.227078 0.973877 0
    outer loop
      vertex -1.00292 -3.74296 5.49
      vertex -0.755975 -3.80054 0
      vertex -1.00292 -3.74296 0
    endloop
  endfacet
  facet normal 0.849186 -0.528094 0
    outer loop
      vertex -3.35585 1.9375 5.49
      vertex -3.22194 2.15283 0
      vertex -3.22194 2.15283 5.49
    endloop
  endfacet
  facet normal 0.849186 -0.528094 0
    outer loop
      vertex -3.22194 2.15283 0
      vertex -3.35585 1.9375 5.49
      vertex -3.35585 1.9375 0
    endloop
  endfacet
  facet normal -0.995186 -0.0979996 0
    outer loop
      vertex 3.8667 0.253437 0
      vertex 3.84185 0.505789 5.49
      vertex 3.84185 0.505789 0
    endloop
  endfacet
  facet normal -0.995186 -0.0979996 0
    outer loop
      vertex 3.84185 0.505789 5.49
      vertex 3.8667 0.253437 0
      vertex 3.8667 0.253437 5.49
    endloop
  endfacet
  facet normal -0.0327322 0.999464 0
    outer loop
      vertex 0.253437 -3.8667 0
      vertex 0 -3.875 5.49
      vertex 0.253437 -3.8667 5.49
    endloop
  endfacet
  facet normal -0.0327322 0.999464 0
    outer loop
      vertex 0 -3.875 5.49
      vertex 0.253437 -3.8667 0
      vertex 0 -3.875 0
    endloop
  endfacet
  facet normal 0.973877 -0.227078 0
    outer loop
      vertex -3.80054 0.755975 5.49
      vertex -3.74296 1.00292 0
      vertex -3.74296 1.00292 5.49
    endloop
  endfacet
  facet normal 0.973877 -0.227078 0
    outer loop
      vertex -3.74296 1.00292 0
      vertex -3.80054 0.755975 5.49
      vertex -3.80054 0.755975 0
    endloop
  endfacet
  facet normal -0.352247 0.935907 0
    outer loop
      vertex 1.4829 -3.58003 0
      vertex 1.24558 -3.66935 5.49
      vertex 1.4829 -3.58003 5.49
    endloop
  endfacet
  facet normal -0.352247 0.935907 0
    outer loop
      vertex 1.24558 -3.66935 5.49
      vertex 1.4829 -3.58003 0
      vertex 1.24558 -3.66935 0
    endloop
  endfacet
  facet normal -0.471388 -0.881926 0
    outer loop
      vertex 1.71387 3.47538 0
      vertex 1.9375 3.35585 5.49
      vertex 1.71387 3.47538 5.49
    endloop
  endfacet
  facet normal -0.471388 -0.881926 -0
    outer loop
      vertex 1.9375 3.35585 5.49
      vertex 1.71387 3.47538 0
      vertex 1.9375 3.35585 0
    endloop
  endfacet
  facet normal -0.910866 0.412703 0
    outer loop
      vertex 3.47538 -1.71387 0
      vertex 3.58003 -1.4829 5.49
      vertex 3.58003 -1.4829 0
    endloop
  endfacet
  facet normal -0.910866 0.412703 0
    outer loop
      vertex 3.58003 -1.4829 5.49
      vertex 3.47538 -1.71387 0
      vertex 3.47538 -1.71387 5.49
    endloop
  endfacet
  facet normal -0.973877 -0.227078 0
    outer loop
      vertex 3.80054 0.755975 0
      vertex 3.74296 1.00292 5.49
      vertex 3.74296 1.00292 0
    endloop
  endfacet
  facet normal -0.973877 -0.227078 0
    outer loop
      vertex 3.74296 1.00292 5.49
      vertex 3.80054 0.755975 0
      vertex 3.80054 0.755975 5.49
    endloop
  endfacet
  facet normal -0.999464 -0.0327322 0
    outer loop
      vertex 3.875 0 0
      vertex 3.8667 0.253437 5.49
      vertex 3.8667 0.253437 0
    endloop
  endfacet
  facet normal -0.999464 -0.0327322 0
    outer loop
      vertex 3.8667 0.253437 5.49
      vertex 3.875 0 0
      vertex 3.875 0 5.49
    endloop
  endfacet
  facet normal -0.973877 0.227078 0
    outer loop
      vertex 3.74296 -1.00292 0
      vertex 3.80054 -0.755975 5.49
      vertex 3.80054 -0.755975 0
    endloop
  endfacet
  facet normal -0.973877 0.227078 0
    outer loop
      vertex 3.80054 -0.755975 5.49
      vertex 3.74296 -1.00292 0
      vertex 3.74296 -1.00292 5.49
    endloop
  endfacet
  facet normal 0.0327322 -0.999464 0
    outer loop
      vertex -0.253437 3.8667 0
      vertex 0 3.875 5.49
      vertex -0.253437 3.8667 5.49
    endloop
  endfacet
  facet normal 0.0327322 -0.999464 0
    outer loop
      vertex 0 3.875 5.49
      vertex -0.253437 3.8667 0
      vertex 0 3.875 0
    endloop
  endfacet
  facet normal 0 0 -1
    outer loop
      vertex 1.5 0 5.49
      vertex 3.875 0 5.49
      vertex 3.8667 -0.253437 5.49
    endloop
  endfacet
  facet normal 0 0 -1
    outer loop
      vertex 1.49679 -0.0981045 5.49
      vertex 3.8667 -0.253437 5.49
      vertex 3.84185 -0.505789 5.49
    endloop
  endfacet
  facet normal 0 0 -1
    outer loop
      vertex 3.875 0 5.49
      vertex 1.5 0 5.49
      vertex 3.8667 0.253437 5.49
    endloop
  endfacet
  facet normal 0 0 -1
    outer loop
      vertex 1.48717 -0.195788 5.49
      vertex 3.84185 -0.505789 5.49
      vertex 3.80054 -0.755975 5.49
    endloop
  endfacet
  facet normal 0 0 -1
    outer loop
      vertex 1.49679 0.0981045 5.49
      vertex 3.8667 0.253437 5.49
      vertex 1.5 0 5.49
    endloop
  endfacet
  facet normal 0 0 -1
    outer loop
      vertex 1.47118 -0.292635 5.49
      vertex 3.80054 -0.755975 5.49
      vertex 3.74296 -1.00292 5.49
    endloop
  endfacet
  facet normal -0 0 -1
    outer loop
      vertex 3.8667 0.253437 5.49
      vertex 1.49679 0.0981045 5.49
      vertex 3.84185 0.505789 5.49
    endloop
  endfacet
  facet normal 0 0 -1
    outer loop
      vertex 1.44889 -0.388228 5.49
      vertex 3.74296 -1.00292 5.49
      vertex 3.66935 -1.24558 5.49
    endloop
  endfacet
  facet normal 0 0 -1
    outer loop
      vertex 1.48717 0.195788 5.49
      vertex 3.84185 0.505789 5.49
      vertex 1.49679 0.0981045 5.49
    endloop
  endfacet
  facet normal 0 0 -1
    outer loop
      vertex 1.42039 -0.482159 5.49
      vertex 3.66935 -1.24558 5.49
      vertex 3.58003 -1.4829 5.49
    endloop
  endfacet
  facet normal -0 0 -1
    outer loop
      vertex 3.84185 0.505789 5.49
      vertex 1.48717 0.195788 5.49
      vertex 3.80054 0.755975 5.49
    endloop
  endfacet
  facet normal 0 0 -1
    outer loop
      vertex 1.38582 -0.574024 5.49
      vertex 3.58003 -1.4829 5.49
      vertex 3.47538 -1.71387 5.49
    endloop
  endfacet
  facet normal 0 0 -1
    outer loop
      vertex 1.47118 0.292635 5.49
      vertex 3.80054 0.755975 5.49
      vertex 1.48717 0.195788 5.49
    endloop
  endfacet
  facet normal 0 0 -1
    outer loop
      vertex 1.34531 -0.663432 5.49
      vertex 3.47538 -1.71387 5.49
      vertex 3.35585 -1.9375 5.49
    endloop
  endfacet
  facet normal -0 0 -1
    outer loop
      vertex 3.80054 0.755975 5.49
      vertex 1.47118 0.292635 5.49
      vertex 3.74296 1.00292 5.49
    endloop
  endfacet
  facet normal 0 0 -1
    outer loop
      vertex 1.29904 -0.75 5.49
      vertex 3.35585 -1.9375 5.49
      vertex 3.22194 -2.15283 5.49
    endloop
  endfacet
  facet normal 0 0 -1
    outer loop
      vertex 1.44889 0.388228 5.49
      vertex 3.74296 1.00292 5.49
      vertex 1.47118 0.292635 5.49
    endloop
  endfacet
  facet normal 0 0 -1
    outer loop
      vertex 1.2472 -0.833355 5.49
      vertex 3.22194 -2.15283 5.49
      vertex 3.07424 -2.35895 5.49
    endloop
  endfacet
  facet normal -0 0 -1
    outer loop
      vertex 3.74296 1.00292 5.49
      vertex 1.44889 0.388228 5.49
      vertex 3.66935 1.24558 5.49
    endloop
  endfacet
  facet normal 0 0 -1
    outer loop
      vertex 1.19003 -0.913141 5.49
      vertex 3.07424 -2.35895 5.49
      vertex 2.91338 -2.55497 5.49
    endloop
  endfacet
  facet normal 0 0 -1
    outer loop
      vertex 1.42039 0.482159 5.49
      vertex 3.66935 1.24558 5.49
      vertex 1.44889 0.388228 5.49
    endloop
  endfacet
  facet normal 0 0 -1
    outer loop
      vertex 1.12776 -0.989018 5.49
      vertex 2.91338 -2.55497 5.49
      vertex 2.74004 -2.74004 5.49
    endloop
  endfacet
  facet normal -0 0 -1
    outer loop
      vertex 3.66935 1.24558 5.49
      vertex 1.42039 0.482159 5.49
      vertex 3.58003 1.4829 5.49
    endloop
  endfacet
  facet normal 0 0 -1
    outer loop
      vertex 1.06066 -1.06066 5.49
      vertex 2.74004 -2.74004 5.49
      vertex 2.55497 -2.91338 5.49
    endloop
  endfacet
  facet normal 0 0 -1
    outer loop
      vertex 1.38582 0.574024 5.49
      vertex 3.58003 1.4829 5.49
      vertex 1.42039 0.482159 5.49
    endloop
  endfacet
  facet normal 0 0 -1
    outer loop
      vertex 0.989018 -1.12776 5.49
      vertex 2.55497 -2.91338 5.49
      vertex 2.35895 -3.07424 5.49
    endloop
  endfacet
  facet normal -0 0 -1
    outer loop
      vertex 3.58003 1.4829 5.49
      vertex 1.38582 0.574024 5.49
      vertex 3.47538 1.71387 5.49
    endloop
  endfacet
  facet normal 0 0 -1
    outer loop
      vertex 0.913141 -1.19003 5.49
      vertex 2.35895 -3.07424 5.49
      vertex 2.15283 -3.22194 5.49
    endloop
  endfacet
  facet normal 0 0 -1
    outer loop
      vertex 1.34531 0.663432 5.49
      vertex 3.47538 1.71387 5.49
      vertex 1.38582 0.574024 5.49
    endloop
  endfacet
  facet normal 0 0 -1
    outer loop
      vertex 0.833355 -1.2472 5.49
      vertex 2.15283 -3.22194 5.49
      vertex 1.9375 -3.35585 5.49
    endloop
  endfacet
  facet normal -0 0 -1
    outer loop
      vertex 3.47538 1.71387 5.49
      vertex 1.34531 0.663432 5.49
      vertex 3.35585 1.9375 5.49
    endloop
  endfacet
  facet normal 0 0 -1
    outer loop
      vertex 0.75 -1.29904 5.49
      vertex 1.9375 -3.35585 5.49
      vertex 1.71387 -3.47538 5.49
    endloop
  endfacet
  facet normal 0 0 -1
    outer loop
      vertex 1.29904 0.75 5.49
      vertex 3.35585 1.9375 5.49
      vertex 1.34531 0.663432 5.49
    endloop
  endfacet
  facet normal -0 0 -1
    outer loop
      vertex 3.35585 1.9375 5.49
      vertex 1.29904 0.75 5.49
      vertex 3.22194 2.15283 5.49
    endloop
  endfacet
  facet normal 0 0 -1
    outer loop
      vertex 3.8667 -0.253437 5.49
      vertex 1.49679 -0.0981045 5.49
      vertex 1.5 0 5.49
    endloop
  endfacet
  facet normal 0 0 -1
    outer loop
      vertex 3.84185 -0.505789 5.49
      vertex 1.48717 -0.195788 5.49
      vertex 1.49679 -0.0981045 5.49
    endloop
  endfacet
  facet normal 0 0 -1
    outer loop
      vertex 0.663432 -1.34531 5.49
      vertex 1.71387 -3.47538 5.49
      vertex 1.4829 -3.58003 5.49
    endloop
  endfacet
  facet normal 0 0 -1
    outer loop
      vertex 3.80054 -0.755975 5.49
      vertex 1.47118 -0.292635 5.49
      vertex 1.48717 -0.195788 5.49
    endloop
  endfacet
  facet normal 0 0 -1
    outer loop
      vertex 3.74296 -1.00292 5.49
      vertex 1.44889 -0.388228 5.49
      vertex 1.47118 -0.292635 5.49
    endloop
  endfacet
  facet normal 0 0 -1
    outer loop
      vertex 3.66935 -1.24558 5.49
      vertex 1.42039 -0.482159 5.49
      vertex 1.44889 -0.388228 5.49
    endloop
  endfacet
  facet normal 0 0 -1
    outer loop
      vertex 3.58003 -1.4829 5.49
      vertex 1.38582 -0.574024 5.49
      vertex 1.42039 -0.482159 5.49
    endloop
  endfacet
  facet normal 0 0 -1
    outer loop
      vertex 3.47538 -1.71387 5.49
      vertex 1.34531 -0.663432 5.49
      vertex 1.38582 -0.574024 5.49
    endloop
  endfacet
  facet normal 0 0 -1
    outer loop
      vertex 3.35585 -1.9375 5.49
      vertex 1.29904 -0.75 5.49
      vertex 1.34531 -0.663432 5.49
    endloop
  endfacet
  facet normal 0 0 -1
    outer loop
      vertex 3.22194 -2.15283 5.49
      vertex 1.2472 -0.833355 5.49
      vertex 1.29904 -0.75 5.49
    endloop
  endfacet
  facet normal 0 0 -1
    outer loop
      vertex 0.574024 -1.38582 5.49
      vertex 1.4829 -3.58003 5.49
      vertex 1.24558 -3.66935 5.49
    endloop
  endfacet
  facet normal 0 0 -1
    outer loop
      vertex 3.07424 -2.35895 5.49
      vertex 1.19003 -0.913141 5.49
      vertex 1.2472 -0.833355 5.49
    endloop
  endfacet
  facet normal 0 0 -1
    outer loop
      vertex 2.91338 -2.55497 5.49
      vertex 1.12776 -0.989018 5.49
      vertex 1.19003 -0.913141 5.49
    endloop
  endfacet
  facet normal 0 0 -1
    outer loop
      vertex 2.74004 -2.74004 5.49
      vertex 1.06066 -1.06066 5.49
      vertex 1.12776 -0.989018 5.49
    endloop
  endfacet
  facet normal 0 0 -1
    outer loop
      vertex 0.482159 -1.42039 5.49
      vertex 1.24558 -3.66935 5.49
      vertex 1.00292 -3.74296 5.49
    endloop
  endfacet
  facet normal 0 0 -1
    outer loop
      vertex 2.55497 -2.91338 5.49
      vertex 0.989018 -1.12776 5.49
      vertex 1.06066 -1.06066 5.49
    endloop
  endfacet
  facet normal 0 0 -1
    outer loop
      vertex 2.35895 -3.07424 5.49
      vertex 0.913141 -1.19003 5.49
      vertex 0.989018 -1.12776 5.49
    endloop
  endfacet
  facet normal 0 0 -1
    outer loop
      vertex 2.15283 -3.22194 5.49
      vertex 0.833355 -1.2472 5.49
      vertex 0.913141 -1.19003 5.49
    endloop
  endfacet
  facet normal 0 0 -1
    outer loop
      vertex 0.388228 -1.44889 5.49
      vertex 1.00292 -3.74296 5.49
      vertex 0.755975 -3.80054 5.49
    endloop
  endfacet
  facet normal 0 0 -1
    outer loop
      vertex 1.9375 -3.35585 5.49
      vertex 0.75 -1.29904 5.49
      vertex 0.833355 -1.2472 5.49
    endloop
  endfacet
  facet normal 0 0 -1
    outer loop
      vertex 1.71387 -3.47538 5.49
      vertex 0.663432 -1.34531 5.49
      vertex 0.75 -1.29904 5.49
    endloop
  endfacet
  facet normal 0 0 -1
    outer loop
      vertex 1.4829 -3.58003 5.49
      vertex 0.574024 -1.38582 5.49
      vertex 0.663432 -1.34531 5.49
    endloop
  endfacet
  facet normal 0 0 -1
    outer loop
      vertex 0.292635 -1.47118 5.49
      vertex 0.755975 -3.80054 5.49
      vertex 0.505789 -3.84185 5.49
    endloop
  endfacet
  facet normal 0 0 -1
    outer loop
      vertex 1.24558 -3.66935 5.49
      vertex 0.482159 -1.42039 5.49
      vertex 0.574024 -1.38582 5.49
    endloop
  endfacet
  facet normal 0 0 -1
    outer loop
      vertex 1.00292 -3.74296 5.49
      vertex 0.388228 -1.44889 5.49
      vertex 0.482159 -1.42039 5.49
    endloop
  endfacet
  facet normal 0 0 -1
    outer loop
      vertex 0.755975 -3.80054 5.49
      vertex 0.292635 -1.47118 5.49
      vertex 0.388228 -1.44889 5.49
    endloop
  endfacet
  facet normal 0 0 -1
    outer loop
      vertex 0.195788 -1.48717 5.49
      vertex 0.505789 -3.84185 5.49
      vertex 0.253437 -3.8667 5.49
    endloop
  endfacet
  facet normal 0 0 -1
    outer loop
      vertex 0.505789 -3.84185 5.49
      vertex 0.195788 -1.48717 5.49
      vertex 0.292635 -1.47118 5.49
    endloop
  endfacet
  facet normal 0 0 -1
    outer loop
      vertex 0.253437 -3.8667 5.49
      vertex 0.0981045 -1.49679 5.49
      vertex 0.195788 -1.48717 5.49
    endloop
  endfacet
  facet normal 0 0 -1
    outer loop
      vertex 0 -3.875 5.49
      vertex 0.0981045 -1.49679 5.49
      vertex 0.253437 -3.8667 5.49
    endloop
  endfacet
  facet normal 0 0 -1
    outer loop
      vertex 0 -3.875 5.49
      vertex 0 -1.5 5.49
      vertex 0.0981045 -1.49679 5.49
    endloop
  endfacet
  facet normal 0 0 -1
    outer loop
      vertex 0 -3.875 5.49
      vertex -0.0981045 -1.49679 5.49
      vertex 0 -1.5 5.49
    endloop
  endfacet
  facet normal 0 0 -1
    outer loop
      vertex -0.253437 -3.8667 5.49
      vertex -0.0981045 -1.49679 5.49
      vertex 0 -3.875 5.49
    endloop
  endfacet
  facet normal -0 0 -1
    outer loop
      vertex -0.0981045 -1.49679 5.49
      vertex -0.253437 -3.8667 5.49
      vertex -0.195788 -1.48717 5.49
    endloop
  endfacet
  facet normal 0 0 -1
    outer loop
      vertex -0.505789 -3.84185 5.49
      vertex -0.195788 -1.48717 5.49
      vertex -0.253437 -3.8667 5.49
    endloop
  endfacet
  facet normal -0 0 -1
    outer loop
      vertex -0.195788 -1.48717 5.49
      vertex -0.505789 -3.84185 5.49
      vertex -0.292635 -1.47118 5.49
    endloop
  endfacet
  facet normal 0 0 -1
    outer loop
      vertex -0.755975 -3.80054 5.49
      vertex -0.292635 -1.47118 5.49
      vertex -0.505789 -3.84185 5.49
    endloop
  endfacet
  facet normal -0 0 -1
    outer loop
      vertex -0.292635 -1.47118 5.49
      vertex -0.755975 -3.80054 5.49
      vertex -0.388228 -1.44889 5.49
    endloop
  endfacet
  facet normal 0 0 -1
    outer loop
      vertex -1.00292 -3.74296 5.49
      vertex -0.388228 -1.44889 5.49
      vertex -0.755975 -3.80054 5.49
    endloop
  endfacet
  facet normal -0 0 -1
    outer loop
      vertex -0.388228 -1.44889 5.49
      vertex -1.00292 -3.74296 5.49
      vertex -0.482159 -1.42039 5.49
    endloop
  endfacet
  facet normal 0 0 -1
    outer loop
      vertex -1.24558 -3.66935 5.49
      vertex -0.482159 -1.42039 5.49
      vertex -1.00292 -3.74296 5.49
    endloop
  endfacet
  facet normal -0 0 -1
    outer loop
      vertex -0.482159 -1.42039 5.49
      vertex -1.24558 -3.66935 5.49
      vertex -0.574024 -1.38582 5.49
    endloop
  endfacet
  facet normal 0 0 -1
    outer loop
      vertex -1.4829 -3.58003 5.49
      vertex -0.574024 -1.38582 5.49
      vertex -1.24558 -3.66935 5.49
    endloop
  endfacet
  facet normal -0 0 -1
    outer loop
      vertex -0.574024 -1.38582 5.49
      vertex -1.4829 -3.58003 5.49
      vertex -0.663432 -1.34531 5.49
    endloop
  endfacet
  facet normal 0 0 -1
    outer loop
      vertex -1.71387 -3.47538 5.49
      vertex -0.663432 -1.34531 5.49
      vertex -1.4829 -3.58003 5.49
    endloop
  endfacet
  facet normal -0 0 -1
    outer loop
      vertex -0.663432 -1.34531 5.49
      vertex -1.71387 -3.47538 5.49
      vertex -0.75 -1.29904 5.49
    endloop
  endfacet
  facet normal 0 0 -1
    outer loop
      vertex -1.9375 -3.35585 5.49
      vertex -0.75 -1.29904 5.49
      vertex -1.71387 -3.47538 5.49
    endloop
  endfacet
  facet normal -0 0 -1
    outer loop
      vertex -0.75 -1.29904 5.49
      vertex -1.9375 -3.35585 5.49
      vertex -0.833355 -1.2472 5.49
    endloop
  endfacet
  facet normal 0 0 -1
    outer loop
      vertex -2.15283 -3.22194 5.49
      vertex -0.833355 -1.2472 5.49
      vertex -1.9375 -3.35585 5.49
    endloop
  endfacet
  facet normal -0 0 -1
    outer loop
      vertex -0.833355 -1.2472 5.49
      vertex -2.15283 -3.22194 5.49
      vertex -0.913141 -1.19003 5.49
    endloop
  endfacet
  facet normal 0 0 -1
    outer loop
      vertex -2.35895 -3.07424 5.49
      vertex -0.913141 -1.19003 5.49
      vertex -2.15283 -3.22194 5.49
    endloop
  endfacet
  facet normal -0 0 -1
    outer loop
      vertex -0.913141 -1.19003 5.49
      vertex -2.35895 -3.07424 5.49
      vertex -0.989018 -1.12776 5.49
    endloop
  endfacet
  facet normal 0 0 -1
    outer loop
      vertex -2.55497 -2.91338 5.49
      vertex -0.989018 -1.12776 5.49
      vertex -2.35895 -3.07424 5.49
    endloop
  endfacet
  facet normal -0 0 -1
    outer loop
      vertex -0.989018 -1.12776 5.49
      vertex -2.55497 -2.91338 5.49
      vertex -1.06066 -1.06066 5.49
    endloop
  endfacet
  facet normal 0 0 -1
    outer loop
      vertex -2.74004 -2.74004 5.49
      vertex -1.06066 -1.06066 5.49
      vertex -2.55497 -2.91338 5.49
    endloop
  endfacet
  facet normal -0 0 -1
    outer loop
      vertex -1.06066 -1.06066 5.49
      vertex -2.74004 -2.74004 5.49
      vertex -1.12776 -0.989018 5.49
    endloop
  endfacet
  facet normal 0 0 -1
    outer loop
      vertex -2.91338 -2.55497 5.49
      vertex -1.12776 -0.989018 5.49
      vertex -2.74004 -2.74004 5.49
    endloop
  endfacet
  facet normal -0 0 -1
    outer loop
      vertex -1.12776 -0.989018 5.49
      vertex -2.91338 -2.55497 5.49
      vertex -1.19003 -0.913141 5.49
    endloop
  endfacet
  facet normal 0 0 -1
    outer loop
      vertex -3.07424 -2.35895 5.49
      vertex -1.19003 -0.913141 5.49
      vertex -2.91338 -2.55497 5.49
    endloop
  endfacet
  facet normal -0 0 -1
    outer loop
      vertex -1.19003 -0.913141 5.49
      vertex -3.07424 -2.35895 5.49
      vertex -1.2472 -0.833355 5.49
    endloop
  endfacet
  facet normal 0 0 -1
    outer loop
      vertex -3.22194 -2.15283 5.49
      vertex -1.2472 -0.833355 5.49
      vertex -3.07424 -2.35895 5.49
    endloop
  endfacet
  facet normal -0 0 -1
    outer loop
      vertex -1.2472 -0.833355 5.49
      vertex -3.22194 -2.15283 5.49
      vertex -1.29904 -0.75 5.49
    endloop
  endfacet
  facet normal 0 0 -1
    outer loop
      vertex 1.2472 0.833355 5.49
      vertex 3.22194 2.15283 5.49
      vertex 1.29904 0.75 5.49
    endloop
  endfacet
  facet normal -0 0 -1
    outer loop
      vertex 3.22194 2.15283 5.49
      vertex 1.2472 0.833355 5.49
      vertex 3.07424 2.35895 5.49
    endloop
  endfacet
  facet normal 0 0 -1
    outer loop
      vertex 1.19003 0.913141 5.49
      vertex 3.07424 2.35895 5.49
      vertex 1.2472 0.833355 5.49
    endloop
  endfacet
  facet normal -0 0 -1
    outer loop
      vertex 3.07424 2.35895 5.49
      vertex 1.19003 0.913141 5.49
      vertex 2.91338 2.55497 5.49
    endloop
  endfacet
  facet normal 0 0 -1
    outer loop
      vertex 1.12776 0.989018 5.49
      vertex 2.91338 2.55497 5.49
      vertex 1.19003 0.913141 5.49
    endloop
  endfacet
  facet normal -0 0 -1
    outer loop
      vertex 2.91338 2.55497 5.49
      vertex 1.12776 0.989018 5.49
      vertex 2.74004 2.74004 5.49
    endloop
  endfacet
  facet normal 0 0 -1
    outer loop
      vertex 1.06066 1.06066 5.49
      vertex 2.74004 2.74004 5.49
      vertex 1.12776 0.989018 5.49
    endloop
  endfacet
  facet normal -0 0 -1
    outer loop
      vertex 2.74004 2.74004 5.49
      vertex 1.06066 1.06066 5.49
      vertex 2.55497 2.91338 5.49
    endloop
  endfacet
  facet normal 0 0 -1
    outer loop
      vertex 0.989018 1.12776 5.49
      vertex 2.55497 2.91338 5.49
      vertex 1.06066 1.06066 5.49
    endloop
  endfacet
  facet normal -0 0 -1
    outer loop
      vertex 2.55497 2.91338 5.49
      vertex 0.989018 1.12776 5.49
      vertex 2.35895 3.07424 5.49
    endloop
  endfacet
  facet normal 0 0 -1
    outer loop
      vertex 0.913141 1.19003 5.49
      vertex 2.35895 3.07424 5.49
      vertex 0.989018 1.12776 5.49
    endloop
  endfacet
  facet normal -0 0 -1
    outer loop
      vertex 2.35895 3.07424 5.49
      vertex 0.913141 1.19003 5.49
      vertex 2.15283 3.22194 5.49
    endloop
  endfacet
  facet normal 0 0 -1
    outer loop
      vertex 0.833355 1.2472 5.49
      vertex 2.15283 3.22194 5.49
      vertex 0.913141 1.19003 5.49
    endloop
  endfacet
  facet normal -0 0 -1
    outer loop
      vertex 2.15283 3.22194 5.49
      vertex 0.833355 1.2472 5.49
      vertex 1.9375 3.35585 5.49
    endloop
  endfacet
  facet normal 0 0 -1
    outer loop
      vertex 0.75 1.29904 5.49
      vertex 1.9375 3.35585 5.49
      vertex 0.833355 1.2472 5.49
    endloop
  endfacet
  facet normal -0 0 -1
    outer loop
      vertex 1.9375 3.35585 5.49
      vertex 0.75 1.29904 5.49
      vertex 1.71387 3.47538 5.49
    endloop
  endfacet
  facet normal 0 0 -1
    outer loop
      vertex 0.663432 1.34531 5.49
      vertex 1.71387 3.47538 5.49
      vertex 0.75 1.29904 5.49
    endloop
  endfacet
  facet normal -0 0 -1
    outer loop
      vertex 1.71387 3.47538 5.49
      vertex 0.663432 1.34531 5.49
      vertex 1.4829 3.58003 5.49
    endloop
  endfacet
  facet normal 0 0 -1
    outer loop
      vertex 0.574024 1.38582 5.49
      vertex 1.4829 3.58003 5.49
      vertex 0.663432 1.34531 5.49
    endloop
  endfacet
  facet normal -0 0 -1
    outer loop
      vertex 1.4829 3.58003 5.49
      vertex 0.574024 1.38582 5.49
      vertex 1.24558 3.66935 5.49
    endloop
  endfacet
  facet normal 0 0 -1
    outer loop
      vertex 0.482159 1.42039 5.49
      vertex 1.24558 3.66935 5.49
      vertex 0.574024 1.38582 5.49
    endloop
  endfacet
  facet normal -0 0 -1
    outer loop
      vertex 1.24558 3.66935 5.49
      vertex 0.482159 1.42039 5.49
      vertex 1.00292 3.74296 5.49
    endloop
  endfacet
  facet normal 0 0 -1
    outer loop
      vertex 0.388228 1.44889 5.49
      vertex 1.00292 3.74296 5.49
      vertex 0.482159 1.42039 5.49
    endloop
  endfacet
  facet normal -0 0 -1
    outer loop
      vertex 1.00292 3.74296 5.49
      vertex 0.388228 1.44889 5.49
      vertex 0.755975 3.80054 5.49
    endloop
  endfacet
  facet normal 0 0 -1
    outer loop
      vertex 0.292635 1.47118 5.49
      vertex 0.755975 3.80054 5.49
      vertex 0.388228 1.44889 5.49
    endloop
  endfacet
  facet normal -0 0 -1
    outer loop
      vertex 0.755975 3.80054 5.49
      vertex 0.292635 1.47118 5.49
      vertex 0.505789 3.84185 5.49
    endloop
  endfacet
  facet normal 0 0 -1
    outer loop
      vertex 0.195788 1.48717 5.49
      vertex 0.505789 3.84185 5.49
      vertex 0.292635 1.47118 5.49
    endloop
  endfacet
  facet normal -0 0 -1
    outer loop
      vertex 0.505789 3.84185 5.49
      vertex 0.195788 1.48717 5.49
      vertex 0.253437 3.8667 5.49
    endloop
  endfacet
  facet normal 0 0 -1
    outer loop
      vertex 0.0981045 1.49679 5.49
      vertex 0.253437 3.8667 5.49
      vertex 0.195788 1.48717 5.49
    endloop
  endfacet
  facet normal 0 0 -1
    outer loop
      vertex 0 1.5 5.49
      vertex 0.253437 3.8667 5.49
      vertex 0.0981045 1.49679 5.49
    endloop
  endfacet
  facet normal 0 0 -1
    outer loop
      vertex 0 1.5 5.49
      vertex 0 3.875 5.49
      vertex 0.253437 3.8667 5.49
    endloop
  endfacet
  facet normal 0 0 -1
    outer loop
      vertex -0.0981045 1.49679 5.49
      vertex 0 3.875 5.49
      vertex 0 1.5 5.49
    endloop
  endfacet
  facet normal 0 0 -1
    outer loop
      vertex -0.253437 3.8667 5.49
      vertex -0.0981045 1.49679 5.49
      vertex -0.195788 1.48717 5.49
    endloop
  endfacet
  facet normal 0 0 -1
    outer loop
      vertex -0.0981045 1.49679 5.49
      vertex -0.253437 3.8667 5.49
      vertex 0 3.875 5.49
    endloop
  endfacet
  facet normal 0 0 -1
    outer loop
      vertex -0.505789 3.84185 5.49
      vertex -0.195788 1.48717 5.49
      vertex -0.292635 1.47118 5.49
    endloop
  endfacet
  facet normal 0 0 -1
    outer loop
      vertex -0.755975 3.80054 5.49
      vertex -0.292635 1.47118 5.49
      vertex -0.388228 1.44889 5.49
    endloop
  endfacet
  facet normal 0 0 -1
    outer loop
      vertex -1.00292 3.74296 5.49
      vertex -0.388228 1.44889 5.49
      vertex -0.482159 1.42039 5.49
    endloop
  endfacet
  facet normal 0 0 -1
    outer loop
      vertex -0.195788 1.48717 5.49
      vertex -0.505789 3.84185 5.49
      vertex -0.253437 3.8667 5.49
    endloop
  endfacet
  facet normal 0 0 -1
    outer loop
      vertex -1.24558 3.66935 5.49
      vertex -0.482159 1.42039 5.49
      vertex -0.574024 1.38582 5.49
    endloop
  endfacet
  facet normal 0 0 -1
    outer loop
      vertex -1.4829 3.58003 5.49
      vertex -0.574024 1.38582 5.49
      vertex -0.663432 1.34531 5.49
    endloop
  endfacet
  facet normal 0 0 -1
    outer loop
      vertex -1.71387 3.47538 5.49
      vertex -0.663432 1.34531 5.49
      vertex -0.75 1.29904 5.49
    endloop
  endfacet
  facet normal 0 0 -1
    outer loop
      vertex -0.292635 1.47118 5.49
      vertex -0.755975 3.80054 5.49
      vertex -0.505789 3.84185 5.49
    endloop
  endfacet
  facet normal 0 0 -1
    outer loop
      vertex -1.9375 3.35585 5.49
      vertex -0.75 1.29904 5.49
      vertex -0.833355 1.2472 5.49
    endloop
  endfacet
  facet normal 0 0 -1
    outer loop
      vertex -2.15283 3.22194 5.49
      vertex -0.833355 1.2472 5.49
      vertex -0.913141 1.19003 5.49
    endloop
  endfacet
  facet normal 0 0 -1
    outer loop
      vertex -2.35895 3.07424 5.49
      vertex -0.913141 1.19003 5.49
      vertex -0.989018 1.12776 5.49
    endloop
  endfacet
  facet normal 0 0 -1
    outer loop
      vertex -0.388228 1.44889 5.49
      vertex -1.00292 3.74296 5.49
      vertex -0.755975 3.80054 5.49
    endloop
  endfacet
  facet normal 0 0 -1
    outer loop
      vertex -2.55497 2.91338 5.49
      vertex -0.989018 1.12776 5.49
      vertex -1.06066 1.06066 5.49
    endloop
  endfacet
  facet normal 0 0 -1
    outer loop
      vertex -2.74004 2.74004 5.49
      vertex -1.06066 1.06066 5.49
      vertex -1.12776 0.989018 5.49
    endloop
  endfacet
  facet normal 0 0 -1
    outer loop
      vertex -2.91338 2.55497 5.49
      vertex -1.12776 0.989018 5.49
      vertex -1.19003 0.913141 5.49
    endloop
  endfacet
  facet normal 0 0 -1
    outer loop
      vertex -0.482159 1.42039 5.49
      vertex -1.24558 3.66935 5.49
      vertex -1.00292 3.74296 5.49
    endloop
  endfacet
  facet normal 0 0 -1
    outer loop
      vertex -3.07424 2.35895 5.49
      vertex -1.19003 0.913141 5.49
      vertex -1.2472 0.833355 5.49
    endloop
  endfacet
  facet normal 0 0 -1
    outer loop
      vertex -3.22194 2.15283 5.49
      vertex -1.2472 0.833355 5.49
      vertex -1.29904 0.75 5.49
    endloop
  endfacet
  facet normal 0 0 -1
    outer loop
      vertex -3.35585 1.9375 5.49
      vertex -1.29904 0.75 5.49
      vertex -1.34531 0.663432 5.49
    endloop
  endfacet
  facet normal 0 0 -1
    outer loop
      vertex -3.47538 1.71387 5.49
      vertex -1.34531 0.663432 5.49
      vertex -1.38582 0.574024 5.49
    endloop
  endfacet
  facet normal 0 0 -1
    outer loop
      vertex -3.58003 1.4829 5.49
      vertex -1.38582 0.574024 5.49
      vertex -1.42039 0.482159 5.49
    endloop
  endfacet
  facet normal 0 0 -1
    outer loop
      vertex -3.66935 1.24558 5.49
      vertex -1.42039 0.482159 5.49
      vertex -1.44889 0.388228 5.49
    endloop
  endfacet
  facet normal 0 0 -1
    outer loop
      vertex -3.74296 1.00292 5.49
      vertex -1.44889 0.388228 5.49
      vertex -1.47118 0.292635 5.49
    endloop
  endfacet
  facet normal 0 0 -1
    outer loop
      vertex -0.574024 1.38582 5.49
      vertex -1.4829 3.58003 5.49
      vertex -1.24558 3.66935 5.49
    endloop
  endfacet
  facet normal 0 0 -1
    outer loop
      vertex -3.80054 0.755975 5.49
      vertex -1.47118 0.292635 5.49
      vertex -1.48717 0.195788 5.49
    endloop
  endfacet
  facet normal 0 0 -1
    outer loop
      vertex -3.84185 0.505789 5.49
      vertex -1.48717 0.195788 5.49
      vertex -1.49679 0.0981045 5.49
    endloop
  endfacet
  facet normal 0 0 -1
    outer loop
      vertex -3.8667 0.253437 5.49
      vertex -1.49679 0.0981045 5.49
      vertex -1.5 0 5.49
    endloop
  endfacet
  facet normal 0 0 -1
    outer loop
      vertex -3.35585 -1.9375 5.49
      vertex -1.29904 -0.75 5.49
      vertex -3.22194 -2.15283 5.49
    endloop
  endfacet
  facet normal 0 0 -1
    outer loop
      vertex -0.663432 1.34531 5.49
      vertex -1.71387 3.47538 5.49
      vertex -1.4829 3.58003 5.49
    endloop
  endfacet
  facet normal -0 0 -1
    outer loop
      vertex -1.29904 -0.75 5.49
      vertex -3.35585 -1.9375 5.49
      vertex -1.34531 -0.663432 5.49
    endloop
  endfacet
  facet normal 0 0 -1
    outer loop
      vertex -0.75 1.29904 5.49
      vertex -1.9375 3.35585 5.49
      vertex -1.71387 3.47538 5.49
    endloop
  endfacet
  facet normal 0 0 -1
    outer loop
      vertex -3.47538 -1.71387 5.49
      vertex -1.34531 -0.663432 5.49
      vertex -3.35585 -1.9375 5.49
    endloop
  endfacet
  facet normal 0 0 -1
    outer loop
      vertex -0.833355 1.2472 5.49
      vertex -2.15283 3.22194 5.49
      vertex -1.9375 3.35585 5.49
    endloop
  endfacet
  facet normal -0 0 -1
    outer loop
      vertex -1.34531 -0.663432 5.49
      vertex -3.47538 -1.71387 5.49
      vertex -1.38582 -0.574024 5.49
    endloop
  endfacet
  facet normal 0 0 -1
    outer loop
      vertex -0.913141 1.19003 5.49
      vertex -2.35895 3.07424 5.49
      vertex -2.15283 3.22194 5.49
    endloop
  endfacet
  facet normal 0 0 -1
    outer loop
      vertex -3.58003 -1.4829 5.49
      vertex -1.38582 -0.574024 5.49
      vertex -3.47538 -1.71387 5.49
    endloop
  endfacet
  facet normal 0 0 -1
    outer loop
      vertex -0.989018 1.12776 5.49
      vertex -2.55497 2.91338 5.49
      vertex -2.35895 3.07424 5.49
    endloop
  endfacet
  facet normal -0 0 -1
    outer loop
      vertex -1.38582 -0.574024 5.49
      vertex -3.58003 -1.4829 5.49
      vertex -1.42039 -0.482159 5.49
    endloop
  endfacet
  facet normal 0 0 -1
    outer loop
      vertex -1.06066 1.06066 5.49
      vertex -2.74004 2.74004 5.49
      vertex -2.55497 2.91338 5.49
    endloop
  endfacet
  facet normal 0 0 -1
    outer loop
      vertex -3.66935 -1.24558 5.49
      vertex -1.42039 -0.482159 5.49
      vertex -3.58003 -1.4829 5.49
    endloop
  endfacet
  facet normal 0 0 -1
    outer loop
      vertex -1.12776 0.989018 5.49
      vertex -2.91338 2.55497 5.49
      vertex -2.74004 2.74004 5.49
    endloop
  endfacet
  facet normal -0 0 -1
    outer loop
      vertex -1.42039 -0.482159 5.49
      vertex -3.66935 -1.24558 5.49
      vertex -1.44889 -0.388228 5.49
    endloop
  endfacet
  facet normal 0 0 -1
    outer loop
      vertex -1.19003 0.913141 5.49
      vertex -3.07424 2.35895 5.49
      vertex -2.91338 2.55497 5.49
    endloop
  endfacet
  facet normal 0 0 -1
    outer loop
      vertex -3.74296 -1.00292 5.49
      vertex -1.44889 -0.388228 5.49
      vertex -3.66935 -1.24558 5.49
    endloop
  endfacet
  facet normal 0 0 -1
    outer loop
      vertex -1.2472 0.833355 5.49
      vertex -3.22194 2.15283 5.49
      vertex -3.07424 2.35895 5.49
    endloop
  endfacet
  facet normal -0 0 -1
    outer loop
      vertex -1.44889 -0.388228 5.49
      vertex -3.74296 -1.00292 5.49
      vertex -1.47118 -0.292635 5.49
    endloop
  endfacet
  facet normal 0 0 -1
    outer loop
      vertex -1.29904 0.75 5.49
      vertex -3.35585 1.9375 5.49
      vertex -3.22194 2.15283 5.49
    endloop
  endfacet
  facet normal 0 0 -1
    outer loop
      vertex -3.80054 -0.755975 5.49
      vertex -1.47118 -0.292635 5.49
      vertex -3.74296 -1.00292 5.49
    endloop
  endfacet
  facet normal 0 0 -1
    outer loop
      vertex -1.34531 0.663432 5.49
      vertex -3.47538 1.71387 5.49
      vertex -3.35585 1.9375 5.49
    endloop
  endfacet
  facet normal -0 0 -1
    outer loop
      vertex -1.47118 -0.292635 5.49
      vertex -3.80054 -0.755975 5.49
      vertex -1.48717 -0.195788 5.49
    endloop
  endfacet
  facet normal 0 0 -1
    outer loop
      vertex -1.38582 0.574024 5.49
      vertex -3.58003 1.4829 5.49
      vertex -3.47538 1.71387 5.49
    endloop
  endfacet
  facet normal 0 0 -1
    outer loop
      vertex -3.84185 -0.505789 5.49
      vertex -1.48717 -0.195788 5.49
      vertex -3.80054 -0.755975 5.49
    endloop
  endfacet
  facet normal 0 0 -1
    outer loop
      vertex -1.42039 0.482159 5.49
      vertex -3.66935 1.24558 5.49
      vertex -3.58003 1.4829 5.49
    endloop
  endfacet
  facet normal -0 0 -1
    outer loop
      vertex -1.48717 -0.195788 5.49
      vertex -3.84185 -0.505789 5.49
      vertex -1.49679 -0.0981045 5.49
    endloop
  endfacet
  facet normal 0 0 -1
    outer loop
      vertex -1.44889 0.388228 5.49
      vertex -3.74296 1.00292 5.49
      vertex -3.66935 1.24558 5.49
    endloop
  endfacet
  facet normal 0 0 -1
    outer loop
      vertex -3.8667 -0.253437 5.49
      vertex -1.49679 -0.0981045 5.49
      vertex -3.84185 -0.505789 5.49
    endloop
  endfacet
  facet normal 0 0 -1
    outer loop
      vertex -1.47118 0.292635 5.49
      vertex -3.80054 0.755975 5.49
      vertex -3.74296 1.00292 5.49
    endloop
  endfacet
  facet normal -0 0 -1
    outer loop
      vertex -1.49679 -0.0981045 5.49
      vertex -3.8667 -0.253437 5.49
      vertex -1.5 0 5.49
    endloop
  endfacet
  facet normal 0 0 -1
    outer loop
      vertex -1.48717 0.195788 5.49
      vertex -3.84185 0.505789 5.49
      vertex -3.80054 0.755975 5.49
    endloop
  endfacet
  facet normal 0 0 -1
    outer loop
      vertex -3.875 0 5.49
      vertex -1.5 0 5.49
      vertex -3.8667 -0.253437 5.49
    endloop
  endfacet
  facet normal 0 0 -1
    outer loop
      vertex -1.49679 0.0981045 5.49
      vertex -3.8667 0.253437 5.49
      vertex -3.84185 0.505789 5.49
    endloop
  endfacet
  facet normal 0 0 -1
    outer loop
      vertex -1.5 0 5.49
      vertex -3.875 0 5.49
      vertex -3.8667 0.253437 5.49
    endloop
  endfacet
  facet normal -0.634371 -0.773029 0
    outer loop
      vertex 2.35895 3.07424 0
      vertex 2.55497 2.91338 5.49
      vertex 2.35895 3.07424 5.49
    endloop
  endfacet
  facet normal -0.634371 -0.773029 -0
    outer loop
      vertex 2.55497 2.91338 5.49
      vertex 2.35895 3.07424 0
      vertex 2.55497 2.91338 0
    endloop
  endfacet
  facet normal -0.0979996 0.995186 0
    outer loop
      vertex 0.505789 -3.84185 0
      vertex 0.253437 -3.8667 5.49
      vertex 0.505789 -3.84185 5.49
    endloop
  endfacet
  facet normal -0.0979996 0.995186 0
    outer loop
      vertex 0.253437 -3.8667 5.49
      vertex 0.505789 -3.84185 0
      vertex 0.253437 -3.8667 0
    endloop
  endfacet
  facet normal 0.95694 0.290284 0
    outer loop
      vertex -3.66935 -1.24558 5.49
      vertex -3.74296 -1.00292 0
      vertex -3.74296 -1.00292 5.49
    endloop
  endfacet
  facet normal 0.95694 0.290284 0
    outer loop
      vertex -3.74296 -1.00292 0
      vertex -3.66935 -1.24558 5.49
      vertex -3.66935 -1.24558 0
    endloop
  endfacet
  facet normal 0.773029 0.634371 0
    outer loop
      vertex -2.91338 -2.55497 5.49
      vertex -3.07424 -2.35895 0
      vertex -3.07424 -2.35895 5.49
    endloop
  endfacet
  facet normal 0.773029 0.634371 0
    outer loop
      vertex -3.07424 -2.35895 0
      vertex -2.91338 -2.55497 5.49
      vertex -2.91338 -2.55497 0
    endloop
  endfacet
  facet normal -0.812853 -0.582469 0
    outer loop
      vertex 3.22194 2.15283 0
      vertex 3.07424 2.35895 5.49
      vertex 3.07424 2.35895 0
    endloop
  endfacet
  facet normal -0.812853 -0.582469 0
    outer loop
      vertex 3.07424 2.35895 5.49
      vertex 3.22194 2.15283 0
      vertex 3.22194 2.15283 5.49
    endloop
  endfacet
  facet normal -0.729858 0.683599 0
    outer loop
      vertex 2.74004 -2.74004 0
      vertex 2.91338 -2.55497 5.49
      vertex 2.91338 -2.55497 0
    endloop
  endfacet
  facet normal -0.729858 0.683599 0
    outer loop
      vertex 2.91338 -2.55497 5.49
      vertex 2.74004 -2.74004 0
      vertex 2.74004 -2.74004 5.49
    endloop
  endfacet
  facet normal 0.729858 0.683599 0
    outer loop
      vertex -2.74004 -2.74004 5.49
      vertex -2.91338 -2.55497 0
      vertex -2.91338 -2.55497 5.49
    endloop
  endfacet
  facet normal 0.729858 0.683599 0
    outer loop
      vertex -2.91338 -2.55497 0
      vertex -2.74004 -2.74004 5.49
      vertex -2.74004 -2.74004 0
    endloop
  endfacet
  facet normal 0.0979996 -0.995186 0
    outer loop
      vertex -0.505789 3.84185 0
      vertex -0.253437 3.8667 5.49
      vertex -0.505789 3.84185 5.49
    endloop
  endfacet
  facet normal 0.0979996 -0.995186 0
    outer loop
      vertex -0.253437 3.8667 5.49
      vertex -0.505789 3.84185 0
      vertex -0.253437 3.8667 0
    endloop
  endfacet
  facet normal -0.290284 0.95694 0
    outer loop
      vertex 1.24558 -3.66935 0
      vertex 1.00292 -3.74296 5.49
      vertex 1.24558 -3.66935 5.49
    endloop
  endfacet
  facet normal -0.290284 0.95694 0
    outer loop
      vertex 1.00292 -3.74296 5.49
      vertex 1.24558 -3.66935 0
      vertex 1.00292 -3.74296 0
    endloop
  endfacet
  facet normal 0.412703 0.910866 -0
    outer loop
      vertex -1.4829 -3.58003 0
      vertex -1.71387 -3.47538 5.49
      vertex -1.4829 -3.58003 5.49
    endloop
  endfacet
  facet normal 0.412703 0.910866 0
    outer loop
      vertex -1.71387 -3.47538 5.49
      vertex -1.4829 -3.58003 0
      vertex -1.71387 -3.47538 0
    endloop
  endfacet
  facet normal -0.849186 -0.528094 0
    outer loop
      vertex 3.35585 1.9375 0
      vertex 3.22194 2.15283 5.49
      vertex 3.22194 2.15283 0
    endloop
  endfacet
  facet normal -0.849186 -0.528094 0
    outer loop
      vertex 3.22194 2.15283 5.49
      vertex 3.35585 1.9375 0
      vertex 3.35585 1.9375 5.49
    endloop
  endfacet
  facet normal -0.683599 -0.729858 0
    outer loop
      vertex 2.55497 2.91338 0
      vertex 2.74004 2.74004 5.49
      vertex 2.55497 2.91338 5.49
    endloop
  endfacet
  facet normal -0.683599 -0.729858 -0
    outer loop
      vertex 2.74004 2.74004 5.49
      vertex 2.55497 2.91338 0
      vertex 2.74004 2.74004 0
    endloop
  endfacet
  facet normal -0.773029 0.634371 0
    outer loop
      vertex 2.91338 -2.55497 0
      vertex 3.07424 -2.35895 5.49
      vertex 3.07424 -2.35895 0
    endloop
  endfacet
  facet normal -0.773029 0.634371 0
    outer loop
      vertex 3.07424 -2.35895 5.49
      vertex 2.91338 -2.55497 0
      vertex 2.91338 -2.55497 5.49
    endloop
  endfacet
  facet normal -0.995186 0.0979996 0
    outer loop
      vertex 3.84185 -0.505789 0
      vertex 3.8667 -0.253437 5.49
      vertex 3.8667 -0.253437 0
    endloop
  endfacet
  facet normal -0.995186 0.0979996 0
    outer loop
      vertex 3.8667 -0.253437 5.49
      vertex 3.84185 -0.505789 0
      vertex 3.84185 -0.505789 5.49
    endloop
  endfacet
  facet normal -0.95694 -0.290284 0
    outer loop
      vertex 3.74296 1.00292 0
      vertex 3.66935 1.24558 5.49
      vertex 3.66935 1.24558 0
    endloop
  endfacet
  facet normal -0.95694 -0.290284 0
    outer loop
      vertex 3.66935 1.24558 5.49
      vertex 3.74296 1.00292 0
      vertex 3.74296 1.00292 5.49
    endloop
  endfacet
  facet normal 0.162911 -0.986641 0
    outer loop
      vertex -0.755975 3.80054 0
      vertex -0.505789 3.84185 5.49
      vertex -0.755975 3.80054 5.49
    endloop
  endfacet
  facet normal 0.162911 -0.986641 0
    outer loop
      vertex -0.505789 3.84185 5.49
      vertex -0.755975 3.80054 0
      vertex -0.505789 3.84185 0
    endloop
  endfacet
  facet normal 0.995186 0.0979996 0
    outer loop
      vertex -3.84185 -0.505789 5.49
      vertex -3.8667 -0.253437 0
      vertex -3.8667 -0.253437 5.49
    endloop
  endfacet
  facet normal 0.995186 0.0979996 0
    outer loop
      vertex -3.8667 -0.253437 0
      vertex -3.84185 -0.505789 5.49
      vertex -3.84185 -0.505789 0
    endloop
  endfacet
  facet normal 0.935907 0.352247 0
    outer loop
      vertex -3.58003 -1.4829 5.49
      vertex -3.66935 -1.24558 0
      vertex -3.66935 -1.24558 5.49
    endloop
  endfacet
  facet normal 0.935907 0.352247 0
    outer loop
      vertex -3.66935 -1.24558 0
      vertex -3.58003 -1.4829 5.49
      vertex -3.58003 -1.4829 0
    endloop
  endfacet
  facet normal -0.352247 -0.935907 0
    outer loop
      vertex 1.24558 3.66935 0
      vertex 1.4829 3.58003 5.49
      vertex 1.24558 3.66935 5.49
    endloop
  endfacet
  facet normal -0.352247 -0.935907 -0
    outer loop
      vertex 1.4829 3.58003 5.49
      vertex 1.24558 3.66935 0
      vertex 1.4829 3.58003 0
    endloop
  endfacet
  facet normal 0.352247 0.935907 -0
    outer loop
      vertex -1.24558 -3.66935 0
      vertex -1.4829 -3.58003 5.49
      vertex -1.24558 -3.66935 5.49
    endloop
  endfacet
  facet normal 0.352247 0.935907 0
    outer loop
      vertex -1.4829 -3.58003 5.49
      vertex -1.24558 -3.66935 0
      vertex -1.4829 -3.58003 0
    endloop
  endfacet
  facet normal -0.812853 0.582469 0
    outer loop
      vertex 3.07424 -2.35895 0
      vertex 3.22194 -2.15283 5.49
      vertex 3.22194 -2.15283 0
    endloop
  endfacet
  facet normal -0.812853 0.582469 0
    outer loop
      vertex 3.22194 -2.15283 5.49
      vertex 3.07424 -2.35895 0
      vertex 3.07424 -2.35895 5.49
    endloop
  endfacet
  facet normal 0.634371 -0.773029 0
    outer loop
      vertex -2.55497 2.91338 0
      vertex -2.35895 3.07424 5.49
      vertex -2.55497 2.91338 5.49
    endloop
  endfacet
  facet normal 0.634371 -0.773029 0
    outer loop
      vertex -2.35895 3.07424 5.49
      vertex -2.55497 2.91338 0
      vertex -2.35895 3.07424 0
    endloop
  endfacet
  facet normal -0.935907 0.352247 0
    outer loop
      vertex 3.58003 -1.4829 0
      vertex 3.66935 -1.24558 5.49
      vertex 3.66935 -1.24558 0
    endloop
  endfacet
  facet normal -0.935907 0.352247 0
    outer loop
      vertex 3.66935 -1.24558 5.49
      vertex 3.58003 -1.4829 0
      vertex 3.58003 -1.4829 5.49
    endloop
  endfacet
  facet normal -0.881926 -0.471388 0
    outer loop
      vertex 3.47538 1.71387 0
      vertex 3.35585 1.9375 5.49
      vertex 3.35585 1.9375 0
    endloop
  endfacet
  facet normal -0.881926 -0.471388 0
    outer loop
      vertex 3.35585 1.9375 5.49
      vertex 3.47538 1.71387 0
      vertex 3.47538 1.71387 5.49
    endloop
  endfacet
  facet normal -0.582469 -0.812853 0
    outer loop
      vertex 2.15283 3.22194 0
      vertex 2.35895 3.07424 5.49
      vertex 2.15283 3.22194 5.49
    endloop
  endfacet
  facet normal -0.582469 -0.812853 -0
    outer loop
      vertex 2.35895 3.07424 5.49
      vertex 2.15283 3.22194 0
      vertex 2.35895 3.07424 0
    endloop
  endfacet
  facet normal 0.471388 0.881926 -0
    outer loop
      vertex -1.71387 -3.47538 0
      vertex -1.9375 -3.35585 5.49
      vertex -1.71387 -3.47538 5.49
    endloop
  endfacet
  facet normal 0.471388 0.881926 0
    outer loop
      vertex -1.9375 -3.35585 5.49
      vertex -1.71387 -3.47538 0
      vertex -1.9375 -3.35585 0
    endloop
  endfacet
  facet normal -0.227078 -0.973877 0
    outer loop
      vertex 0.755975 3.80054 0
      vertex 1.00292 3.74296 5.49
      vertex 0.755975 3.80054 5.49
    endloop
  endfacet
  facet normal -0.227078 -0.973877 -0
    outer loop
      vertex 1.00292 3.74296 5.49
      vertex 0.755975 3.80054 0
      vertex 1.00292 3.74296 0
    endloop
  endfacet
  facet normal 0.729858 -0.683599 0
    outer loop
      vertex -2.91338 2.55497 5.49
      vertex -2.74004 2.74004 0
      vertex -2.74004 2.74004 5.49
    endloop
  endfacet
  facet normal 0.729858 -0.683599 0
    outer loop
      vertex -2.74004 2.74004 0
      vertex -2.91338 2.55497 5.49
      vertex -2.91338 2.55497 0
    endloop
  endfacet
  facet normal -0.0327322 -0.999464 0
    outer loop
      vertex 0 3.875 0
      vertex 0.253437 3.8667 5.49
      vertex 0 3.875 5.49
    endloop
  endfacet
  facet normal -0.0327322 -0.999464 -0
    outer loop
      vertex 0.253437 3.8667 5.49
      vertex 0 3.875 0
      vertex 0.253437 3.8667 0
    endloop
  endfacet
  facet normal 0.162911 0.986641 -0
    outer loop
      vertex -0.505789 -3.84185 0
      vertex -0.755975 -3.80054 5.49
      vertex -0.505789 -3.84185 5.49
    endloop
  endfacet
  facet normal 0.162911 0.986641 0
    outer loop
      vertex -0.755975 -3.80054 5.49
      vertex -0.505789 -3.84185 0
      vertex -0.755975 -3.80054 0
    endloop
  endfacet
  facet normal -0.162911 -0.986641 0
    outer loop
      vertex 0.505789 3.84185 0
      vertex 0.755975 3.80054 5.49
      vertex 0.505789 3.84185 5.49
    endloop
  endfacet
  facet normal -0.162911 -0.986641 -0
    outer loop
      vertex 0.755975 3.80054 5.49
      vertex 0.505789 3.84185 0
      vertex 0.755975 3.80054 0
    endloop
  endfacet
  facet normal 0.683599 -0.729858 0
    outer loop
      vertex -2.74004 2.74004 0
      vertex -2.55497 2.91338 5.49
      vertex -2.74004 2.74004 5.49
    endloop
  endfacet
  facet normal 0.683599 -0.729858 0
    outer loop
      vertex -2.55497 2.91338 5.49
      vertex -2.74004 2.74004 0
      vertex -2.55497 2.91338 0
    endloop
  endfacet
  facet normal 0.0979996 0.995186 -0
    outer loop
      vertex -0.253437 -3.8667 0
      vertex -0.505789 -3.84185 5.49
      vertex -0.253437 -3.8667 5.49
    endloop
  endfacet
  facet normal 0.0979996 0.995186 0
    outer loop
      vertex -0.505789 -3.84185 5.49
      vertex -0.253437 -3.8667 0
      vertex -0.505789 -3.84185 0
    endloop
  endfacet
  facet normal 0.986641 0.162911 0
    outer loop
      vertex -3.80054 -0.755975 5.49
      vertex -3.84185 -0.505789 0
      vertex -3.84185 -0.505789 5.49
    endloop
  endfacet
  facet normal 0.986641 0.162911 0
    outer loop
      vertex -3.84185 -0.505789 0
      vertex -3.80054 -0.755975 5.49
      vertex -3.80054 -0.755975 0
    endloop
  endfacet
  facet normal -0.528094 -0.849186 0
    outer loop
      vertex 1.9375 3.35585 0
      vertex 2.15283 3.22194 5.49
      vertex 1.9375 3.35585 5.49
    endloop
  endfacet
  facet normal -0.528094 -0.849186 -0
    outer loop
      vertex 2.15283 3.22194 5.49
      vertex 1.9375 3.35585 0
      vertex 2.15283 3.22194 0
    endloop
  endfacet
  facet normal 0.582469 -0.812853 0
    outer loop
      vertex -2.35895 3.07424 0
      vertex -2.15283 3.22194 5.49
      vertex -2.35895 3.07424 5.49
    endloop
  endfacet
  facet normal 0.582469 -0.812853 0
    outer loop
      vertex -2.15283 3.22194 5.49
      vertex -2.35895 3.07424 0
      vertex -2.15283 3.22194 0
    endloop
  endfacet
  facet normal -0.582469 0.812853 0
    outer loop
      vertex 2.35895 -3.07424 0
      vertex 2.15283 -3.22194 5.49
      vertex 2.35895 -3.07424 5.49
    endloop
  endfacet
  facet normal -0.582469 0.812853 0
    outer loop
      vertex 2.15283 -3.22194 5.49
      vertex 2.35895 -3.07424 0
      vertex 2.15283 -3.22194 0
    endloop
  endfacet
  facet normal -0.412703 -0.910866 0
    outer loop
      vertex 1.4829 3.58003 0
      vertex 1.71387 3.47538 5.49
      vertex 1.4829 3.58003 5.49
    endloop
  endfacet
  facet normal -0.412703 -0.910866 -0
    outer loop
      vertex 1.71387 3.47538 5.49
      vertex 1.4829 3.58003 0
      vertex 1.71387 3.47538 0
    endloop
  endfacet
  facet normal -0.773029 -0.634371 0
    outer loop
      vertex 3.07424 2.35895 0
      vertex 2.91338 2.55497 5.49
      vertex 2.91338 2.55497 0
    endloop
  endfacet
  facet normal -0.773029 -0.634371 0
    outer loop
      vertex 2.91338 2.55497 5.49
      vertex 3.07424 2.35895 0
      vertex 3.07424 2.35895 5.49
    endloop
  endfacet
  facet normal 0.290284 -0.95694 0
    outer loop
      vertex -1.24558 3.66935 0
      vertex -1.00292 3.74296 5.49
      vertex -1.24558 3.66935 5.49
    endloop
  endfacet
  facet normal 0.290284 -0.95694 0
    outer loop
      vertex -1.00292 3.74296 5.49
      vertex -1.24558 3.66935 0
      vertex -1.00292 3.74296 0
    endloop
  endfacet
  facet normal 0.290284 0.95694 -0
    outer loop
      vertex -1.00292 -3.74296 0
      vertex -1.24558 -3.66935 5.49
      vertex -1.00292 -3.74296 5.49
    endloop
  endfacet
  facet normal 0.290284 0.95694 0
    outer loop
      vertex -1.24558 -3.66935 5.49
      vertex -1.00292 -3.74296 0
      vertex -1.24558 -3.66935 0
    endloop
  endfacet
  facet normal -0.986641 0.162911 0
    outer loop
      vertex 3.80054 -0.755975 0
      vertex 3.84185 -0.505789 5.49
      vertex 3.84185 -0.505789 0
    endloop
  endfacet
  facet normal -0.986641 0.162911 0
    outer loop
      vertex 3.84185 -0.505789 5.49
      vertex 3.80054 -0.755975 0
      vertex 3.80054 -0.755975 5.49
    endloop
  endfacet
  facet normal 0.999464 0.0327322 0
    outer loop
      vertex -3.8667 -0.253437 5.49
      vertex -3.875 0 0
      vertex -3.875 0 5.49
    endloop
  endfacet
  facet normal 0.999464 0.0327322 0
    outer loop
      vertex -3.875 0 0
      vertex -3.8667 -0.253437 5.49
      vertex -3.8667 -0.253437 0
    endloop
  endfacet
  facet normal 0.849186 0.528094 0
    outer loop
      vertex -3.22194 -2.15283 5.49
      vertex -3.35585 -1.9375 0
      vertex -3.35585 -1.9375 5.49
    endloop
  endfacet
  facet normal 0.849186 0.528094 0
    outer loop
      vertex -3.35585 -1.9375 0
      vertex -3.22194 -2.15283 5.49
      vertex -3.22194 -2.15283 0
    endloop
  endfacet
  facet normal -0.881926 0.471388 0
    outer loop
      vertex 3.35585 -1.9375 0
      vertex 3.47538 -1.71387 5.49
      vertex 3.47538 -1.71387 0
    endloop
  endfacet
  facet normal -0.881926 0.471388 0
    outer loop
      vertex 3.47538 -1.71387 5.49
      vertex 3.35585 -1.9375 0
      vertex 3.35585 -1.9375 5.49
    endloop
  endfacet
  facet normal 0.0327322 0.999464 -0
    outer loop
      vertex 0 -3.875 0
      vertex -0.253437 -3.8667 5.49
      vertex 0 -3.875 5.49
    endloop
  endfacet
  facet normal 0.0327322 0.999464 0
    outer loop
      vertex -0.253437 -3.8667 5.49
      vertex 0 -3.875 0
      vertex -0.253437 -3.8667 0
    endloop
  endfacet
  facet normal 0.881926 -0.471388 0
    outer loop
      vertex -3.47538 1.71387 5.49
      vertex -3.35585 1.9375 0
      vertex -3.35585 1.9375 5.49
    endloop
  endfacet
  facet normal 0.881926 -0.471388 0
    outer loop
      vertex -3.35585 1.9375 0
      vertex -3.47538 1.71387 5.49
      vertex -3.47538 1.71387 0
    endloop
  endfacet
  facet normal -0.471388 0.881926 0
    outer loop
      vertex 1.9375 -3.35585 0
      vertex 1.71387 -3.47538 5.49
      vertex 1.9375 -3.35585 5.49
    endloop
  endfacet
  facet normal -0.471388 0.881926 0
    outer loop
      vertex 1.71387 -3.47538 5.49
      vertex 1.9375 -3.35585 0
      vertex 1.71387 -3.47538 0
    endloop
  endfacet
  facet normal 0.999464 -0.0327322 0
    outer loop
      vertex -3.875 0 5.49
      vertex -3.8667 0.253437 0
      vertex -3.8667 0.253437 5.49
    endloop
  endfacet
  facet normal 0.999464 -0.0327322 0
    outer loop
      vertex -3.8667 0.253437 0
      vertex -3.875 0 5.49
      vertex -3.875 0 0
    endloop
  endfacet
  facet normal -0.634371 0.773029 0
    outer loop
      vertex 2.55497 -2.91338 0
      vertex 2.35895 -3.07424 5.49
      vertex 2.55497 -2.91338 5.49
    endloop
  endfacet
  facet normal -0.634371 0.773029 0
    outer loop
      vertex 2.35895 -3.07424 5.49
      vertex 2.55497 -2.91338 0
      vertex 2.35895 -3.07424 0
    endloop
  endfacet
  facet normal 0.812853 -0.582469 0
    outer loop
      vertex -3.22194 2.15283 5.49
      vertex -3.07424 2.35895 0
      vertex -3.07424 2.35895 5.49
    endloop
  endfacet
  facet normal 0.812853 -0.582469 0
    outer loop
      vertex -3.07424 2.35895 0
      vertex -3.22194 2.15283 5.49
      vertex -3.22194 2.15283 0
    endloop
  endfacet
  facet normal -0.227078 0.973877 0
    outer loop
      vertex 1.00292 -3.74296 0
      vertex 0.755975 -3.80054 5.49
      vertex 1.00292 -3.74296 5.49
    endloop
  endfacet
  facet normal -0.227078 0.973877 0
    outer loop
      vertex 0.755975 -3.80054 5.49
      vertex 1.00292 -3.74296 0
      vertex 0.755975 -3.80054 0
    endloop
  endfacet
  facet normal -0.999464 0.0327322 0
    outer loop
      vertex 3.8667 -0.253437 0
      vertex 3.875 0 5.49
      vertex 3.875 0 0
    endloop
  endfacet
  facet normal -0.999464 0.0327322 0
    outer loop
      vertex 3.875 0 5.49
      vertex 3.8667 -0.253437 0
      vertex 3.8667 -0.253437 5.49
    endloop
  endfacet
  facet normal 0.935907 -0.352247 0
    outer loop
      vertex -3.66935 1.24558 5.49
      vertex -3.58003 1.4829 0
      vertex -3.58003 1.4829 5.49
    endloop
  endfacet
  facet normal 0.935907 -0.352247 0
    outer loop
      vertex -3.58003 1.4829 0
      vertex -3.66935 1.24558 5.49
      vertex -3.66935 1.24558 0
    endloop
  endfacet
  facet normal 0.973877 0.227078 0
    outer loop
      vertex -3.74296 -1.00292 5.49
      vertex -3.80054 -0.755975 0
      vertex -3.80054 -0.755975 5.49
    endloop
  endfacet
  facet normal 0.973877 0.227078 0
    outer loop
      vertex -3.80054 -0.755975 0
      vertex -3.74296 -1.00292 5.49
      vertex -3.74296 -1.00292 0
    endloop
  endfacet
  facet normal 0.986641 -0.162911 0
    outer loop
      vertex -3.84185 0.505789 5.49
      vertex -3.80054 0.755975 0
      vertex -3.80054 0.755975 5.49
    endloop
  endfacet
  facet normal 0.986641 -0.162911 0
    outer loop
      vertex -3.80054 0.755975 0
      vertex -3.84185 0.505789 5.49
      vertex -3.84185 0.505789 0
    endloop
  endfacet
  facet normal 0.683599 0.729858 -0
    outer loop
      vertex -2.55497 -2.91338 0
      vertex -2.74004 -2.74004 5.49
      vertex -2.55497 -2.91338 5.49
    endloop
  endfacet
  facet normal 0.683599 0.729858 0
    outer loop
      vertex -2.74004 -2.74004 5.49
      vertex -2.55497 -2.91338 0
      vertex -2.74004 -2.74004 0
    endloop
  endfacet
  facet normal -0.162911 0.986641 0
    outer loop
      vertex 0.755975 -3.80054 0
      vertex 0.505789 -3.84185 5.49
      vertex 0.755975 -3.80054 5.49
    endloop
  endfacet
  facet normal -0.162911 0.986641 0
    outer loop
      vertex 0.505789 -3.84185 5.49
      vertex 0.755975 -3.80054 0
      vertex 0.505789 -3.84185 0
    endloop
  endfacet
  facet normal -0.528094 0.849186 0
    outer loop
      vertex 2.15283 -3.22194 0
      vertex 1.9375 -3.35585 5.49
      vertex 2.15283 -3.22194 5.49
    endloop
  endfacet
  facet normal -0.528094 0.849186 0
    outer loop
      vertex 1.9375 -3.35585 5.49
      vertex 2.15283 -3.22194 0
      vertex 1.9375 -3.35585 0
    endloop
  endfacet
  facet normal 0.881926 0.471388 0
    outer loop
      vertex -3.35585 -1.9375 5.49
      vertex -3.47538 -1.71387 0
      vertex -3.47538 -1.71387 5.49
    endloop
  endfacet
  facet normal 0.881926 0.471388 0
    outer loop
      vertex -3.47538 -1.71387 0
      vertex -3.35585 -1.9375 5.49
      vertex -3.35585 -1.9375 0
    endloop
  endfacet
  facet normal -0.935907 -0.352247 0
    outer loop
      vertex 3.66935 1.24558 0
      vertex 3.58003 1.4829 5.49
      vertex 3.58003 1.4829 0
    endloop
  endfacet
  facet normal -0.935907 -0.352247 0
    outer loop
      vertex 3.58003 1.4829 5.49
      vertex 3.66935 1.24558 0
      vertex 3.66935 1.24558 5.49
    endloop
  endfacet
  facet normal -0.0979996 -0.995186 0
    outer loop
      vertex 0.253437 3.8667 0
      vertex 0.505789 3.84185 5.49
      vertex 0.253437 3.8667 5.49
    endloop
  endfacet
  facet normal -0.0979996 -0.995186 -0
    outer loop
      vertex 0.505789 3.84185 5.49
      vertex 0.253437 3.8667 0
      vertex 0.505789 3.84185 0
    endloop
  endfacet
  facet normal 0.95694 -0.290284 0
    outer loop
      vertex -3.74296 1.00292 5.49
      vertex -3.66935 1.24558 0
      vertex -3.66935 1.24558 5.49
    endloop
  endfacet
  facet normal 0.95694 -0.290284 0
    outer loop
      vertex -3.66935 1.24558 0
      vertex -3.74296 1.00292 5.49
      vertex -3.74296 1.00292 0
    endloop
  endfacet
  facet normal -0.849186 0.528094 0
    outer loop
      vertex 3.22194 -2.15283 0
      vertex 3.35585 -1.9375 5.49
      vertex 3.35585 -1.9375 0
    endloop
  endfacet
  facet normal -0.849186 0.528094 0
    outer loop
      vertex 3.35585 -1.9375 5.49
      vertex 3.22194 -2.15283 0
      vertex 3.22194 -2.15283 5.49
    endloop
  endfacet
  facet normal -0.95694 0.290284 0
    outer loop
      vertex 3.66935 -1.24558 0
      vertex 3.74296 -1.00292 5.49
      vertex 3.74296 -1.00292 0
    endloop
  endfacet
  facet normal -0.95694 0.290284 0
    outer loop
      vertex 3.74296 -1.00292 5.49
      vertex 3.66935 -1.24558 0
      vertex 3.66935 -1.24558 5.49
    endloop
  endfacet
  facet normal 0.995186 -0.0979996 0
    outer loop
      vertex -3.8667 0.253437 5.49
      vertex -3.84185 0.505789 0
      vertex -3.84185 0.505789 5.49
    endloop
  endfacet
  facet normal 0.995186 -0.0979996 0
    outer loop
      vertex -3.84185 0.505789 0
      vertex -3.8667 0.253437 5.49
      vertex -3.8667 0.253437 0
    endloop
  endfacet
  facet normal 0.812853 0.582469 0
    outer loop
      vertex -3.07424 -2.35895 5.49
      vertex -3.22194 -2.15283 0
      vertex -3.22194 -2.15283 5.49
    endloop
  endfacet
  facet normal 0.812853 0.582469 0
    outer loop
      vertex -3.22194 -2.15283 0
      vertex -3.07424 -2.35895 5.49
      vertex -3.07424 -2.35895 0
    endloop
  endfacet
  facet normal 0.773029 -0.634371 0
    outer loop
      vertex -3.07424 2.35895 5.49
      vertex -2.91338 2.55497 0
      vertex -2.91338 2.55497 5.49
    endloop
  endfacet
  facet normal 0.773029 -0.634371 0
    outer loop
      vertex -2.91338 2.55497 0
      vertex -3.07424 2.35895 5.49
      vertex -3.07424 2.35895 0
    endloop
  endfacet
  facet normal -0.729858 -0.683599 0
    outer loop
      vertex 2.91338 2.55497 0
      vertex 2.74004 2.74004 5.49
      vertex 2.74004 2.74004 0
    endloop
  endfacet
  facet normal -0.729858 -0.683599 0
    outer loop
      vertex 2.74004 2.74004 5.49
      vertex 2.91338 2.55497 0
      vertex 2.91338 2.55497 5.49
    endloop
  endfacet
  facet normal 0.910866 0.412703 0
    outer loop
      vertex -3.47538 -1.71387 5.49
      vertex -3.58003 -1.4829 0
      vertex -3.58003 -1.4829 5.49
    endloop
  endfacet
  facet normal 0.910866 0.412703 0
    outer loop
      vertex -3.58003 -1.4829 0
      vertex -3.47538 -1.71387 5.49
      vertex -3.47538 -1.71387 0
    endloop
  endfacet
  facet normal 0.471388 -0.881926 0
    outer loop
      vertex -1.9375 3.35585 0
      vertex -1.71387 3.47538 5.49
      vertex -1.9375 3.35585 5.49
    endloop
  endfacet
  facet normal 0.471388 -0.881926 0
    outer loop
      vertex -1.71387 3.47538 5.49
      vertex -1.9375 3.35585 0
      vertex -1.71387 3.47538 0
    endloop
  endfacet
  facet normal 0.412703 -0.910866 0
    outer loop
      vertex -1.71387 3.47538 0
      vertex -1.4829 3.58003 5.49
      vertex -1.71387 3.47538 5.49
    endloop
  endfacet
  facet normal 0.412703 -0.910866 0
    outer loop
      vertex -1.4829 3.58003 5.49
      vertex -1.71387 3.47538 0
      vertex -1.4829 3.58003 0
    endloop
  endfacet
  facet normal 0.227078 -0.973877 0
    outer loop
      vertex -1.00292 3.74296 0
      vertex -0.755975 3.80054 5.49
      vertex -1.00292 3.74296 5.49
    endloop
  endfacet
  facet normal 0.227078 -0.973877 0
    outer loop
      vertex -0.755975 3.80054 5.49
      vertex -1.00292 3.74296 0
      vertex -0.755975 3.80054 0
    endloop
  endfacet
  facet normal -0.412703 0.910866 0
    outer loop
      vertex 1.71387 -3.47538 0
      vertex 1.4829 -3.58003 5.49
      vertex 1.71387 -3.47538 5.49
    endloop
  endfacet
  facet normal -0.412703 0.910866 0
    outer loop
      vertex 1.4829 -3.58003 5.49
      vertex 1.71387 -3.47538 0
      vertex 1.4829 -3.58003 0
    endloop
  endfacet
  facet normal 0.910866 -0.412703 0
    outer loop
      vertex -3.58003 1.4829 5.49
      vertex -3.47538 1.71387 0
      vertex -3.47538 1.71387 5.49
    endloop
  endfacet
  facet normal 0.910866 -0.412703 0
    outer loop
      vertex -3.47538 1.71387 0
      vertex -3.58003 1.4829 5.49
      vertex -3.58003 1.4829 0
    endloop
  endfacet
  facet normal -0.683599 0.729858 0
    outer loop
      vertex 2.74004 -2.74004 0
      vertex 2.55497 -2.91338 5.49
      vertex 2.74004 -2.74004 5.49
    endloop
  endfacet
  facet normal -0.683599 0.729858 0
    outer loop
      vertex 2.55497 -2.91338 5.49
      vertex 2.74004 -2.74004 0
      vertex 2.55497 -2.91338 0
    endloop
  endfacet
  facet normal 0.528094 0.849186 -0
    outer loop
      vertex -1.9375 -3.35585 0
      vertex -2.15283 -3.22194 5.49
      vertex -1.9375 -3.35585 5.49
    endloop
  endfacet
  facet normal 0.528094 0.849186 0
    outer loop
      vertex -2.15283 -3.22194 5.49
      vertex -1.9375 -3.35585 0
      vertex -2.15283 -3.22194 0
    endloop
  endfacet
  facet normal 0.582469 0.812853 -0
    outer loop
      vertex -2.15283 -3.22194 0
      vertex -2.35895 -3.07424 5.49
      vertex -2.15283 -3.22194 5.49
    endloop
  endfacet
  facet normal 0.582469 0.812853 0
    outer loop
      vertex -2.35895 -3.07424 5.49
      vertex -2.15283 -3.22194 0
      vertex -2.35895 -3.07424 0
    endloop
  endfacet
  facet normal 0.634371 0.773029 -0
    outer loop
      vertex -2.35895 -3.07424 0
      vertex -2.55497 -2.91338 5.49
      vertex -2.35895 -3.07424 5.49
    endloop
  endfacet
  facet normal 0.634371 0.773029 0
    outer loop
      vertex -2.55497 -2.91338 5.49
      vertex -2.35895 -3.07424 0
      vertex -2.55497 -2.91338 0
    endloop
  endfacet
  facet normal -0.773014 -0.634389 0
    outer loop
      vertex 1.19003 0.913141 5.49
      vertex 1.12776 0.989018 6.5
      vertex 1.12776 0.989018 5.49
    endloop
  endfacet
  facet normal -0.773014 -0.634389 0
    outer loop
      vertex 1.12776 0.989018 6.5
      vertex 1.19003 0.913141 5.49
      vertex 1.19003 0.913141 6.5
    endloop
  endfacet
  facet normal -0.986643 -0.1629 0
    outer loop
      vertex 1.48717 0.195788 5.49
      vertex 1.47118 0.292635 6.5
      vertex 1.47118 0.292635 5.49
    endloop
  endfacet
  facet normal -0.986643 -0.1629 0
    outer loop
      vertex 1.47118 0.292635 6.5
      vertex 1.48717 0.195788 5.49
      vertex 1.48717 0.195788 6.5
    endloop
  endfacet
  facet normal -0.812865 0.582452 0
    outer loop
      vertex 1.19003 -0.913141 5.49
      vertex 1.2472 -0.833355 6.5
      vertex 1.2472 -0.833355 5.49
    endloop
  endfacet
  facet normal -0.812865 0.582452 0
    outer loop
      vertex 1.2472 -0.833355 6.5
      vertex 1.19003 -0.913141 5.49
      vertex 1.19003 -0.913141 6.5
    endloop
  endfacet
  facet normal 0.290344 -0.956922 0
    outer loop
      vertex -0.482159 1.42039 5.49
      vertex -0.388228 1.44889 6.5
      vertex -0.482159 1.42039 6.5
    endloop
  endfacet
  facet normal 0.290344 -0.956922 0
    outer loop
      vertex -0.388228 1.44889 6.5
      vertex -0.482159 1.42039 5.49
      vertex -0.388228 1.44889 5.49
    endloop
  endfacet
  facet normal 0.582452 -0.812865 0
    outer loop
      vertex -0.913141 1.19003 5.49
      vertex -0.833355 1.2472 6.5
      vertex -0.913141 1.19003 6.5
    endloop
  endfacet
  facet normal 0.582452 -0.812865 0
    outer loop
      vertex -0.833355 1.2472 6.5
      vertex -0.913141 1.19003 5.49
      vertex -0.833355 1.2472 5.49
    endloop
  endfacet
  facet normal -0.910865 -0.412705 0
    outer loop
      vertex 1.38582 0.574024 5.49
      vertex 1.34531 0.663432 6.5
      vertex 1.34531 0.663432 5.49
    endloop
  endfacet
  facet normal -0.910865 -0.412705 0
    outer loop
      vertex 1.34531 0.663432 6.5
      vertex 1.38582 0.574024 5.49
      vertex 1.38582 0.574024 6.5
    endloop
  endfacet
  facet normal 0.995186 -0.0980072 0
    outer loop
      vertex -1.49679 0.0981045 6.5
      vertex -1.48717 0.195788 5.49
      vertex -1.48717 0.195788 6.5
    endloop
  endfacet
  facet normal 0.995186 -0.0980072 0
    outer loop
      vertex -1.48717 0.195788 5.49
      vertex -1.49679 0.0981045 6.5
      vertex -1.49679 0.0981045 5.49
    endloop
  endfacet
  facet normal -0.471384 -0.881928 0
    outer loop
      vertex 0.663432 1.34531 5.49
      vertex 0.75 1.29904 6.5
      vertex 0.663432 1.34531 6.5
    endloop
  endfacet
  facet normal -0.471384 -0.881928 -0
    outer loop
      vertex 0.75 1.29904 6.5
      vertex 0.663432 1.34531 5.49
      vertex 0.75 1.29904 5.49
    endloop
  endfacet
  facet normal 0.471384 -0.881928 0
    outer loop
      vertex -0.75 1.29904 5.49
      vertex -0.663432 1.34531 6.5
      vertex -0.75 1.29904 6.5
    endloop
  endfacet
  facet normal 0.471384 -0.881928 0
    outer loop
      vertex -0.663432 1.34531 6.5
      vertex -0.75 1.29904 5.49
      vertex -0.663432 1.34531 5.49
    endloop
  endfacet
  facet normal 0.528116 0.849172 -0
    outer loop
      vertex -0.75 -1.29904 5.49
      vertex -0.833355 -1.2472 6.5
      vertex -0.75 -1.29904 6.5
    endloop
  endfacet
  facet normal 0.528116 0.849172 0
    outer loop
      vertex -0.833355 -1.2472 6.5
      vertex -0.75 -1.29904 5.49
      vertex -0.833355 -1.2472 5.49
    endloop
  endfacet
  facet normal 0.999465 -0.0327027 0
    outer loop
      vertex -1.5 0 6.5
      vertex -1.49679 0.0981045 5.49
      vertex -1.49679 0.0981045 6.5
    endloop
  endfacet
  facet normal 0.999465 -0.0327027 0
    outer loop
      vertex -1.49679 0.0981045 5.49
      vertex -1.5 0 6.5
      vertex -1.5 0 5.49
    endloop
  endfacet
  facet normal -0.995186 -0.0980072 0
    outer loop
      vertex 1.49679 0.0981045 5.49
      vertex 1.48717 0.195788 6.5
      vertex 1.48717 0.195788 5.49
    endloop
  endfacet
  facet normal -0.995186 -0.0980072 0
    outer loop
      vertex 1.48717 0.195788 6.5
      vertex 1.49679 0.0981045 5.49
      vertex 1.49679 0.0981045 6.5
    endloop
  endfacet
  facet normal 0.935925 -0.352201 0
    outer loop
      vertex -1.42039 0.482159 6.5
      vertex -1.38582 0.574024 5.49
      vertex -1.38582 0.574024 6.5
    endloop
  endfacet
  facet normal 0.935925 -0.352201 0
    outer loop
      vertex -1.38582 0.574024 5.49
      vertex -1.42039 0.482159 6.5
      vertex -1.42039 0.482159 5.49
    endloop
  endfacet
  facet normal -0.0327027 0.999465 0
    outer loop
      vertex 0.0981045 -1.49679 5.49
      vertex 0 -1.5 6.5
      vertex 0.0981045 -1.49679 6.5
    endloop
  endfacet
  facet normal -0.0327027 0.999465 0
    outer loop
      vertex 0 -1.5 6.5
      vertex 0.0981045 -1.49679 5.49
      vertex 0 -1.5 5.49
    endloop
  endfacet
  facet normal 0.683592 -0.729864 0
    outer loop
      vertex -1.06066 1.06066 5.49
      vertex -0.989018 1.12776 6.5
      vertex -1.06066 1.06066 6.5
    endloop
  endfacet
  facet normal 0.683592 -0.729864 0
    outer loop
      vertex -0.989018 1.12776 6.5
      vertex -1.06066 1.06066 5.49
      vertex -0.989018 1.12776 5.49
    endloop
  endfacet
  facet normal -0.352201 -0.935925 0
    outer loop
      vertex 0.482159 1.42039 5.49
      vertex 0.574024 1.38582 6.5
      vertex 0.482159 1.42039 6.5
    endloop
  endfacet
  facet normal -0.352201 -0.935925 -0
    outer loop
      vertex 0.574024 1.38582 6.5
      vertex 0.482159 1.42039 5.49
      vertex 0.574024 1.38582 5.49
    endloop
  endfacet
  facet normal -0.227084 0.973875 0
    outer loop
      vertex 0.388228 -1.44889 5.49
      vertex 0.292635 -1.47118 6.5
      vertex 0.388228 -1.44889 6.5
    endloop
  endfacet
  facet normal -0.227084 0.973875 0
    outer loop
      vertex 0.292635 -1.47118 6.5
      vertex 0.388228 -1.44889 5.49
      vertex 0.292635 -1.47118 5.49
    endloop
  endfacet
  facet normal 0.227084 -0.973875 0
    outer loop
      vertex -0.388228 1.44889 5.49
      vertex -0.292635 1.47118 6.5
      vertex -0.388228 1.44889 6.5
    endloop
  endfacet
  facet normal 0.227084 -0.973875 0
    outer loop
      vertex -0.292635 1.47118 6.5
      vertex -0.388228 1.44889 5.49
      vertex -0.292635 1.47118 5.49
    endloop
  endfacet
  facet normal 0.812865 -0.582452 0
    outer loop
      vertex -1.2472 0.833355 6.5
      vertex -1.19003 0.913141 5.49
      vertex -1.19003 0.913141 6.5
    endloop
  endfacet
  facet normal 0.812865 -0.582452 0
    outer loop
      vertex -1.19003 0.913141 5.49
      vertex -1.2472 0.833355 6.5
      vertex -1.2472 0.833355 5.49
    endloop
  endfacet
  facet normal 0.935925 0.352201 0
    outer loop
      vertex -1.38582 -0.574024 6.5
      vertex -1.42039 -0.482159 5.49
      vertex -1.42039 -0.482159 6.5
    endloop
  endfacet
  facet normal 0.935925 0.352201 0
    outer loop
      vertex -1.42039 -0.482159 5.49
      vertex -1.38582 -0.574024 6.5
      vertex -1.38582 -0.574024 5.49
    endloop
  endfacet
  facet normal -0.973875 -0.227084 0
    outer loop
      vertex 1.47118 0.292635 5.49
      vertex 1.44889 0.388228 6.5
      vertex 1.44889 0.388228 5.49
    endloop
  endfacet
  facet normal -0.973875 -0.227084 0
    outer loop
      vertex 1.44889 0.388228 6.5
      vertex 1.47118 0.292635 5.49
      vertex 1.47118 0.292635 6.5
    endloop
  endfacet
  facet normal -0.999465 -0.0327027 0
    outer loop
      vertex 1.5 0 5.49
      vertex 1.49679 0.0981045 6.5
      vertex 1.49679 0.0981045 5.49
    endloop
  endfacet
  facet normal -0.999465 -0.0327027 0
    outer loop
      vertex 1.49679 0.0981045 6.5
      vertex 1.5 0 5.49
      vertex 1.5 0 6.5
    endloop
  endfacet
  facet normal -0.0327027 -0.999465 0
    outer loop
      vertex 0 1.5 5.49
      vertex 0.0981045 1.49679 6.5
      vertex 0 1.5 6.5
    endloop
  endfacet
  facet normal -0.0327027 -0.999465 -0
    outer loop
      vertex 0.0981045 1.49679 6.5
      vertex 0 1.5 5.49
      vertex 0.0981045 1.49679 5.49
    endloop
  endfacet
  facet normal 0.773014 0.634389 0
    outer loop
      vertex -1.12776 -0.989018 6.5
      vertex -1.19003 -0.913141 5.49
      vertex -1.19003 -0.913141 6.5
    endloop
  endfacet
  facet normal 0.773014 0.634389 0
    outer loop
      vertex -1.19003 -0.913141 5.49
      vertex -1.12776 -0.989018 6.5
      vertex -1.12776 -0.989018 5.49
    endloop
  endfacet
  facet normal 0.849172 -0.528116 0
    outer loop
      vertex -1.29904 0.75 6.5
      vertex -1.2472 0.833355 5.49
      vertex -1.2472 0.833355 6.5
    endloop
  endfacet
  facet normal 0.849172 -0.528116 0
    outer loop
      vertex -1.2472 0.833355 5.49
      vertex -1.29904 0.75 6.5
      vertex -1.29904 0.75 5.49
    endloop
  endfacet
  facet normal 0.986643 -0.1629 0
    outer loop
      vertex -1.48717 0.195788 6.5
      vertex -1.47118 0.292635 5.49
      vertex -1.47118 0.292635 6.5
    endloop
  endfacet
  facet normal 0.986643 -0.1629 0
    outer loop
      vertex -1.47118 0.292635 5.49
      vertex -1.48717 0.195788 6.5
      vertex -1.48717 0.195788 5.49
    endloop
  endfacet
  facet normal 0.412705 -0.910865 0
    outer loop
      vertex -0.663432 1.34531 5.49
      vertex -0.574024 1.38582 6.5
      vertex -0.663432 1.34531 6.5
    endloop
  endfacet
  facet normal 0.412705 -0.910865 0
    outer loop
      vertex -0.574024 1.38582 6.5
      vertex -0.663432 1.34531 5.49
      vertex -0.574024 1.38582 5.49
    endloop
  endfacet
  facet normal -0.935925 -0.352201 0
    outer loop
      vertex 1.42039 0.482159 5.49
      vertex 1.38582 0.574024 6.5
      vertex 1.38582 0.574024 5.49
    endloop
  endfacet
  facet normal -0.935925 -0.352201 0
    outer loop
      vertex 1.38582 0.574024 6.5
      vertex 1.42039 0.482159 5.49
      vertex 1.42039 0.482159 6.5
    endloop
  endfacet
  facet normal 0.986643 0.1629 0
    outer loop
      vertex -1.47118 -0.292635 6.5
      vertex -1.48717 -0.195788 5.49
      vertex -1.48717 -0.195788 6.5
    endloop
  endfacet
  facet normal 0.986643 0.1629 0
    outer loop
      vertex -1.48717 -0.195788 5.49
      vertex -1.47118 -0.292635 6.5
      vertex -1.47118 -0.292635 5.49
    endloop
  endfacet
  facet normal -0.290344 -0.956922 0
    outer loop
      vertex 0.388228 1.44889 5.49
      vertex 0.482159 1.42039 6.5
      vertex 0.388228 1.44889 6.5
    endloop
  endfacet
  facet normal -0.290344 -0.956922 -0
    outer loop
      vertex 0.482159 1.42039 6.5
      vertex 0.388228 1.44889 5.49
      vertex 0.482159 1.42039 5.49
    endloop
  endfacet
  facet normal 0.0327027 0.999465 -0
    outer loop
      vertex 0 -1.5 5.49
      vertex -0.0981045 -1.49679 6.5
      vertex 0 -1.5 6.5
    endloop
  endfacet
  facet normal 0.0327027 0.999465 0
    outer loop
      vertex -0.0981045 -1.49679 6.5
      vertex 0 -1.5 5.49
      vertex -0.0981045 -1.49679 5.49
    endloop
  endfacet
  facet normal -0.995186 0.0980072 0
    outer loop
      vertex 1.48717 -0.195788 5.49
      vertex 1.49679 -0.0981045 6.5
      vertex 1.49679 -0.0981045 5.49
    endloop
  endfacet
  facet normal -0.995186 0.0980072 0
    outer loop
      vertex 1.49679 -0.0981045 6.5
      vertex 1.48717 -0.195788 5.49
      vertex 1.48717 -0.195788 6.5
    endloop
  endfacet
  facet normal 0.0327027 -0.999465 0
    outer loop
      vertex -0.0981045 1.49679 5.49
      vertex 0 1.5 6.5
      vertex -0.0981045 1.49679 6.5
    endloop
  endfacet
  facet normal 0.0327027 -0.999465 0
    outer loop
      vertex 0 1.5 6.5
      vertex -0.0981045 1.49679 5.49
      vertex 0 1.5 5.49
    endloop
  endfacet
  facet normal -0.412705 -0.910865 0
    outer loop
      vertex 0.574024 1.38582 5.49
      vertex 0.663432 1.34531 6.5
      vertex 0.574024 1.38582 6.5
    endloop
  endfacet
  facet normal -0.412705 -0.910865 -0
    outer loop
      vertex 0.663432 1.34531 6.5
      vertex 0.574024 1.38582 5.49
      vertex 0.663432 1.34531 5.49
    endloop
  endfacet
  facet normal -0.412705 0.910865 0
    outer loop
      vertex 0.663432 -1.34531 5.49
      vertex 0.574024 -1.38582 6.5
      vertex 0.663432 -1.34531 6.5
    endloop
  endfacet
  facet normal -0.412705 0.910865 0
    outer loop
      vertex 0.574024 -1.38582 6.5
      vertex 0.663432 -1.34531 5.49
      vertex 0.574024 -1.38582 5.49
    endloop
  endfacet
  facet normal 0.582452 0.812865 -0
    outer loop
      vertex -0.833355 -1.2472 5.49
      vertex -0.913141 -1.19003 6.5
      vertex -0.833355 -1.2472 6.5
    endloop
  endfacet
  facet normal 0.582452 0.812865 0
    outer loop
      vertex -0.913141 -1.19003 6.5
      vertex -0.833355 -1.2472 5.49
      vertex -0.913141 -1.19003 5.49
    endloop
  endfacet
  facet normal -0.582452 -0.812865 0
    outer loop
      vertex 0.833355 1.2472 5.49
      vertex 0.913141 1.19003 6.5
      vertex 0.833355 1.2472 6.5
    endloop
  endfacet
  facet normal -0.582452 -0.812865 -0
    outer loop
      vertex 0.913141 1.19003 6.5
      vertex 0.833355 1.2472 5.49
      vertex 0.913141 1.19003 5.49
    endloop
  endfacet
  facet normal 0.910865 0.412705 0
    outer loop
      vertex -1.34531 -0.663432 6.5
      vertex -1.38582 -0.574024 5.49
      vertex -1.38582 -0.574024 6.5
    endloop
  endfacet
  facet normal 0.910865 0.412705 0
    outer loop
      vertex -1.38582 -0.574024 5.49
      vertex -1.34531 -0.663432 6.5
      vertex -1.34531 -0.663432 5.49
    endloop
  endfacet
  facet normal -0.290344 0.956922 0
    outer loop
      vertex 0.482159 -1.42039 5.49
      vertex 0.388228 -1.44889 6.5
      vertex 0.482159 -1.42039 6.5
    endloop
  endfacet
  facet normal -0.290344 0.956922 0
    outer loop
      vertex 0.388228 -1.44889 6.5
      vertex 0.482159 -1.42039 5.49
      vertex 0.388228 -1.44889 5.49
    endloop
  endfacet
  facet normal -0.729864 -0.683592 0
    outer loop
      vertex 1.12776 0.989018 5.49
      vertex 1.06066 1.06066 6.5
      vertex 1.06066 1.06066 5.49
    endloop
  endfacet
  facet normal -0.729864 -0.683592 0
    outer loop
      vertex 1.06066 1.06066 6.5
      vertex 1.12776 0.989018 5.49
      vertex 1.12776 0.989018 6.5
    endloop
  endfacet
  facet normal -0.812865 -0.582452 0
    outer loop
      vertex 1.2472 0.833355 5.49
      vertex 1.19003 0.913141 6.5
      vertex 1.19003 0.913141 5.49
    endloop
  endfacet
  facet normal -0.812865 -0.582452 0
    outer loop
      vertex 1.19003 0.913141 6.5
      vertex 1.2472 0.833355 5.49
      vertex 1.2472 0.833355 6.5
    endloop
  endfacet
  facet normal -0.849172 -0.528116 0
    outer loop
      vertex 1.29904 0.75 5.49
      vertex 1.2472 0.833355 6.5
      vertex 1.2472 0.833355 5.49
    endloop
  endfacet
  facet normal -0.849172 -0.528116 0
    outer loop
      vertex 1.2472 0.833355 6.5
      vertex 1.29904 0.75 5.49
      vertex 1.29904 0.75 6.5
    endloop
  endfacet
  facet normal 0.773014 -0.634389 0
    outer loop
      vertex -1.19003 0.913141 6.5
      vertex -1.12776 0.989018 5.49
      vertex -1.12776 0.989018 6.5
    endloop
  endfacet
  facet normal 0.773014 -0.634389 0
    outer loop
      vertex -1.12776 0.989018 5.49
      vertex -1.19003 0.913141 6.5
      vertex -1.19003 0.913141 5.49
    endloop
  endfacet
  facet normal 0.729864 -0.683592 0
    outer loop
      vertex -1.12776 0.989018 6.5
      vertex -1.06066 1.06066 5.49
      vertex -1.06066 1.06066 6.5
    endloop
  endfacet
  facet normal 0.729864 -0.683592 0
    outer loop
      vertex -1.06066 1.06066 5.49
      vertex -1.12776 0.989018 6.5
      vertex -1.12776 0.989018 5.49
    endloop
  endfacet
  facet normal -0.729864 0.683592 0
    outer loop
      vertex 1.06066 -1.06066 5.49
      vertex 1.12776 -0.989018 6.5
      vertex 1.12776 -0.989018 5.49
    endloop
  endfacet
  facet normal -0.729864 0.683592 0
    outer loop
      vertex 1.12776 -0.989018 6.5
      vertex 1.06066 -1.06066 5.49
      vertex 1.06066 -1.06066 6.5
    endloop
  endfacet
  facet normal 0.999465 0.0327027 0
    outer loop
      vertex -1.49679 -0.0981045 6.5
      vertex -1.5 0 5.49
      vertex -1.5 0 6.5
    endloop
  endfacet
  facet normal 0.999465 0.0327027 0
    outer loop
      vertex -1.5 0 5.49
      vertex -1.49679 -0.0981045 6.5
      vertex -1.49679 -0.0981045 5.49
    endloop
  endfacet
  facet normal -0.956922 -0.290344 0
    outer loop
      vertex 1.44889 0.388228 5.49
      vertex 1.42039 0.482159 6.5
      vertex 1.42039 0.482159 5.49
    endloop
  endfacet
  facet normal -0.956922 -0.290344 0
    outer loop
      vertex 1.42039 0.482159 6.5
      vertex 1.44889 0.388228 5.49
      vertex 1.44889 0.388228 6.5
    endloop
  endfacet
  facet normal 0.0980072 -0.995186 0
    outer loop
      vertex -0.195788 1.48717 5.49
      vertex -0.0981045 1.49679 6.5
      vertex -0.195788 1.48717 6.5
    endloop
  endfacet
  facet normal 0.0980072 -0.995186 0
    outer loop
      vertex -0.0981045 1.49679 6.5
      vertex -0.195788 1.48717 5.49
      vertex -0.0981045 1.49679 5.49
    endloop
  endfacet
  facet normal 0.352201 0.935925 -0
    outer loop
      vertex -0.482159 -1.42039 5.49
      vertex -0.574024 -1.38582 6.5
      vertex -0.482159 -1.42039 6.5
    endloop
  endfacet
  facet normal 0.352201 0.935925 0
    outer loop
      vertex -0.574024 -1.38582 6.5
      vertex -0.482159 -1.42039 5.49
      vertex -0.574024 -1.38582 5.49
    endloop
  endfacet
  facet normal -0.0980072 0.995186 0
    outer loop
      vertex 0.195788 -1.48717 5.49
      vertex 0.0981045 -1.49679 6.5
      vertex 0.195788 -1.48717 6.5
    endloop
  endfacet
  facet normal -0.0980072 0.995186 0
    outer loop
      vertex 0.0981045 -1.49679 6.5
      vertex 0.195788 -1.48717 5.49
      vertex 0.0981045 -1.49679 5.49
    endloop
  endfacet
  facet normal -0.935925 0.352201 0
    outer loop
      vertex 1.38582 -0.574024 5.49
      vertex 1.42039 -0.482159 6.5
      vertex 1.42039 -0.482159 5.49
    endloop
  endfacet
  facet normal -0.935925 0.352201 0
    outer loop
      vertex 1.42039 -0.482159 6.5
      vertex 1.38582 -0.574024 5.49
      vertex 1.38582 -0.574024 6.5
    endloop
  endfacet
  facet normal -0.881928 -0.471384 0
    outer loop
      vertex 1.34531 0.663432 5.49
      vertex 1.29904 0.75 6.5
      vertex 1.29904 0.75 5.49
    endloop
  endfacet
  facet normal -0.881928 -0.471384 0
    outer loop
      vertex 1.29904 0.75 6.5
      vertex 1.34531 0.663432 5.49
      vertex 1.34531 0.663432 6.5
    endloop
  endfacet
  facet normal -0.849172 0.528116 0
    outer loop
      vertex 1.2472 -0.833355 5.49
      vertex 1.29904 -0.75 6.5
      vertex 1.29904 -0.75 5.49
    endloop
  endfacet
  facet normal -0.849172 0.528116 0
    outer loop
      vertex 1.29904 -0.75 6.5
      vertex 1.2472 -0.833355 5.49
      vertex 1.2472 -0.833355 6.5
    endloop
  endfacet
  facet normal -0.634389 -0.773014 0
    outer loop
      vertex 0.913141 1.19003 5.49
      vertex 0.989018 1.12776 6.5
      vertex 0.913141 1.19003 6.5
    endloop
  endfacet
  facet normal -0.634389 -0.773014 -0
    outer loop
      vertex 0.989018 1.12776 6.5
      vertex 0.913141 1.19003 5.49
      vertex 0.989018 1.12776 5.49
    endloop
  endfacet
  facet normal 0.1629 0.986643 -0
    outer loop
      vertex -0.195788 -1.48717 5.49
      vertex -0.292635 -1.47118 6.5
      vertex -0.195788 -1.48717 6.5
    endloop
  endfacet
  facet normal 0.1629 0.986643 0
    outer loop
      vertex -0.292635 -1.47118 6.5
      vertex -0.195788 -1.48717 5.49
      vertex -0.292635 -1.47118 5.49
    endloop
  endfacet
  facet normal -0.528116 -0.849172 0
    outer loop
      vertex 0.75 1.29904 5.49
      vertex 0.833355 1.2472 6.5
      vertex 0.75 1.29904 6.5
    endloop
  endfacet
  facet normal -0.528116 -0.849172 -0
    outer loop
      vertex 0.833355 1.2472 6.5
      vertex 0.75 1.29904 5.49
      vertex 0.833355 1.2472 5.49
    endloop
  endfacet
  facet normal 0.227084 0.973875 -0
    outer loop
      vertex -0.292635 -1.47118 5.49
      vertex -0.388228 -1.44889 6.5
      vertex -0.292635 -1.47118 6.5
    endloop
  endfacet
  facet normal 0.227084 0.973875 0
    outer loop
      vertex -0.388228 -1.44889 6.5
      vertex -0.292635 -1.47118 5.49
      vertex -0.388228 -1.44889 5.49
    endloop
  endfacet
  facet normal 0.956922 -0.290344 0
    outer loop
      vertex -1.44889 0.388228 6.5
      vertex -1.42039 0.482159 5.49
      vertex -1.42039 0.482159 6.5
    endloop
  endfacet
  facet normal 0.956922 -0.290344 0
    outer loop
      vertex -1.42039 0.482159 5.49
      vertex -1.44889 0.388228 6.5
      vertex -1.44889 0.388228 5.49
    endloop
  endfacet
  facet normal 0.352201 -0.935925 0
    outer loop
      vertex -0.574024 1.38582 5.49
      vertex -0.482159 1.42039 6.5
      vertex -0.574024 1.38582 6.5
    endloop
  endfacet
  facet normal 0.352201 -0.935925 0
    outer loop
      vertex -0.482159 1.42039 6.5
      vertex -0.574024 1.38582 5.49
      vertex -0.482159 1.42039 5.49
    endloop
  endfacet
  facet normal 0.729864 0.683592 0
    outer loop
      vertex -1.06066 -1.06066 6.5
      vertex -1.12776 -0.989018 5.49
      vertex -1.12776 -0.989018 6.5
    endloop
  endfacet
  facet normal 0.729864 0.683592 0
    outer loop
      vertex -1.12776 -0.989018 5.49
      vertex -1.06066 -1.06066 6.5
      vertex -1.06066 -1.06066 5.49
    endloop
  endfacet
  facet normal 0.881928 0.471384 0
    outer loop
      vertex -1.29904 -0.75 6.5
      vertex -1.34531 -0.663432 5.49
      vertex -1.34531 -0.663432 6.5
    endloop
  endfacet
  facet normal 0.881928 0.471384 0
    outer loop
      vertex -1.34531 -0.663432 5.49
      vertex -1.29904 -0.75 6.5
      vertex -1.29904 -0.75 5.49
    endloop
  endfacet
  facet normal -0.973875 0.227084 0
    outer loop
      vertex 1.44889 -0.388228 5.49
      vertex 1.47118 -0.292635 6.5
      vertex 1.47118 -0.292635 5.49
    endloop
  endfacet
  facet normal -0.973875 0.227084 0
    outer loop
      vertex 1.47118 -0.292635 6.5
      vertex 1.44889 -0.388228 5.49
      vertex 1.44889 -0.388228 6.5
    endloop
  endfacet
  facet normal -0.986643 0.1629 0
    outer loop
      vertex 1.47118 -0.292635 5.49
      vertex 1.48717 -0.195788 6.5
      vertex 1.48717 -0.195788 5.49
    endloop
  endfacet
  facet normal -0.986643 0.1629 0
    outer loop
      vertex 1.48717 -0.195788 6.5
      vertex 1.47118 -0.292635 5.49
      vertex 1.47118 -0.292635 6.5
    endloop
  endfacet
  facet normal 0.1629 -0.986643 0
    outer loop
      vertex -0.292635 1.47118 5.49
      vertex -0.195788 1.48717 6.5
      vertex -0.292635 1.47118 6.5
    endloop
  endfacet
  facet normal 0.1629 -0.986643 0
    outer loop
      vertex -0.195788 1.48717 6.5
      vertex -0.292635 1.47118 5.49
      vertex -0.195788 1.48717 5.49
    endloop
  endfacet
  facet normal -0.773014 0.634389 0
    outer loop
      vertex 1.12776 -0.989018 5.49
      vertex 1.19003 -0.913141 6.5
      vertex 1.19003 -0.913141 5.49
    endloop
  endfacet
  facet normal -0.773014 0.634389 0
    outer loop
      vertex 1.19003 -0.913141 6.5
      vertex 1.12776 -0.989018 5.49
      vertex 1.12776 -0.989018 6.5
    endloop
  endfacet
  facet normal 0.812865 0.582452 0
    outer loop
      vertex -1.19003 -0.913141 6.5
      vertex -1.2472 -0.833355 5.49
      vertex -1.2472 -0.833355 6.5
    endloop
  endfacet
  facet normal 0.812865 0.582452 0
    outer loop
      vertex -1.2472 -0.833355 5.49
      vertex -1.19003 -0.913141 6.5
      vertex -1.19003 -0.913141 5.49
    endloop
  endfacet
  facet normal 0.0980072 0.995186 -0
    outer loop
      vertex -0.0981045 -1.49679 5.49
      vertex -0.195788 -1.48717 6.5
      vertex -0.0981045 -1.49679 6.5
    endloop
  endfacet
  facet normal 0.0980072 0.995186 0
    outer loop
      vertex -0.195788 -1.48717 6.5
      vertex -0.0981045 -1.49679 5.49
      vertex -0.195788 -1.48717 5.49
    endloop
  endfacet
  facet normal -0.528116 0.849172 0
    outer loop
      vertex 0.833355 -1.2472 5.49
      vertex 0.75 -1.29904 6.5
      vertex 0.833355 -1.2472 6.5
    endloop
  endfacet
  facet normal -0.528116 0.849172 0
    outer loop
      vertex 0.75 -1.29904 6.5
      vertex 0.833355 -1.2472 5.49
      vertex 0.75 -1.29904 5.49
    endloop
  endfacet
  facet normal 0.683592 0.729864 -0
    outer loop
      vertex -0.989018 -1.12776 5.49
      vertex -1.06066 -1.06066 6.5
      vertex -0.989018 -1.12776 6.5
    endloop
  endfacet
  facet normal 0.683592 0.729864 0
    outer loop
      vertex -1.06066 -1.06066 6.5
      vertex -0.989018 -1.12776 5.49
      vertex -1.06066 -1.06066 5.49
    endloop
  endfacet
  facet normal -0.471384 0.881928 0
    outer loop
      vertex 0.75 -1.29904 5.49
      vertex 0.663432 -1.34531 6.5
      vertex 0.75 -1.29904 6.5
    endloop
  endfacet
  facet normal -0.471384 0.881928 0
    outer loop
      vertex 0.663432 -1.34531 6.5
      vertex 0.75 -1.29904 5.49
      vertex 0.663432 -1.34531 5.49
    endloop
  endfacet
  facet normal 0.849172 0.528116 0
    outer loop
      vertex -1.2472 -0.833355 6.5
      vertex -1.29904 -0.75 5.49
      vertex -1.29904 -0.75 6.5
    endloop
  endfacet
  facet normal 0.849172 0.528116 0
    outer loop
      vertex -1.29904 -0.75 5.49
      vertex -1.2472 -0.833355 6.5
      vertex -1.2472 -0.833355 5.49
    endloop
  endfacet
  facet normal 0.881928 -0.471384 0
    outer loop
      vertex -1.34531 0.663432 6.5
      vertex -1.29904 0.75 5.49
      vertex -1.29904 0.75 6.5
    endloop
  endfacet
  facet normal 0.881928 -0.471384 0
    outer loop
      vertex -1.29904 0.75 5.49
      vertex -1.34531 0.663432 6.5
      vertex -1.34531 0.663432 5.49
    endloop
  endfacet
  facet normal 0.528116 -0.849172 0
    outer loop
      vertex -0.833355 1.2472 5.49
      vertex -0.75 1.29904 6.5
      vertex -0.833355 1.2472 6.5
    endloop
  endfacet
  facet normal 0.528116 -0.849172 0
    outer loop
      vertex -0.75 1.29904 6.5
      vertex -0.833355 1.2472 5.49
      vertex -0.75 1.29904 5.49
    endloop
  endfacet
  facet normal -0.683592 -0.729864 0
    outer loop
      vertex 0.989018 1.12776 5.49
      vertex 1.06066 1.06066 6.5
      vertex 0.989018 1.12776 6.5
    endloop
  endfacet
  facet normal -0.683592 -0.729864 -0
    outer loop
      vertex 1.06066 1.06066 6.5
      vertex 0.989018 1.12776 5.49
      vertex 1.06066 1.06066 5.49
    endloop
  endfacet
  facet normal 0.995186 0.0980072 0
    outer loop
      vertex -1.48717 -0.195788 6.5
      vertex -1.49679 -0.0981045 5.49
      vertex -1.49679 -0.0981045 6.5
    endloop
  endfacet
  facet normal 0.995186 0.0980072 0
    outer loop
      vertex -1.49679 -0.0981045 5.49
      vertex -1.48717 -0.195788 6.5
      vertex -1.48717 -0.195788 5.49
    endloop
  endfacet
  facet normal 0.910865 -0.412705 0
    outer loop
      vertex -1.38582 0.574024 6.5
      vertex -1.34531 0.663432 5.49
      vertex -1.34531 0.663432 6.5
    endloop
  endfacet
  facet normal 0.910865 -0.412705 0
    outer loop
      vertex -1.34531 0.663432 5.49
      vertex -1.38582 0.574024 6.5
      vertex -1.38582 0.574024 5.49
    endloop
  endfacet
  facet normal -0.1629 0.986643 0
    outer loop
      vertex 0.292635 -1.47118 5.49
      vertex 0.195788 -1.48717 6.5
      vertex 0.292635 -1.47118 6.5
    endloop
  endfacet
  facet normal -0.1629 0.986643 0
    outer loop
      vertex 0.195788 -1.48717 6.5
      vertex 0.292635 -1.47118 5.49
      vertex 0.195788 -1.48717 5.49
    endloop
  endfacet
  facet normal -0.999465 0.0327027 0
    outer loop
      vertex 1.49679 -0.0981045 5.49
      vertex 1.5 0 6.5
      vertex 1.5 0 5.49
    endloop
  endfacet
  facet normal -0.999465 0.0327027 0
    outer loop
      vertex 1.5 0 6.5
      vertex 1.49679 -0.0981045 5.49
      vertex 1.49679 -0.0981045 6.5
    endloop
  endfacet
  facet normal -0.1629 -0.986643 0
    outer loop
      vertex 0.195788 1.48717 5.49
      vertex 0.292635 1.47118 6.5
      vertex 0.195788 1.48717 6.5
    endloop
  endfacet
  facet normal -0.1629 -0.986643 -0
    outer loop
      vertex 0.292635 1.47118 6.5
      vertex 0.195788 1.48717 5.49
      vertex 0.292635 1.47118 5.49
    endloop
  endfacet
  facet normal -0.227084 -0.973875 0
    outer loop
      vertex 0.292635 1.47118 5.49
      vertex 0.388228 1.44889 6.5
      vertex 0.292635 1.47118 6.5
    endloop
  endfacet
  facet normal -0.227084 -0.973875 -0
    outer loop
      vertex 0.388228 1.44889 6.5
      vertex 0.292635 1.47118 5.49
      vertex 0.388228 1.44889 5.49
    endloop
  endfacet
  facet normal 0.471384 0.881928 -0
    outer loop
      vertex -0.663432 -1.34531 5.49
      vertex -0.75 -1.29904 6.5
      vertex -0.663432 -1.34531 6.5
    endloop
  endfacet
  facet normal 0.471384 0.881928 0
    outer loop
      vertex -0.75 -1.29904 6.5
      vertex -0.663432 -1.34531 5.49
      vertex -0.75 -1.29904 5.49
    endloop
  endfacet
  facet normal 0.290344 0.956922 -0
    outer loop
      vertex -0.388228 -1.44889 5.49
      vertex -0.482159 -1.42039 6.5
      vertex -0.388228 -1.44889 6.5
    endloop
  endfacet
  facet normal 0.290344 0.956922 0
    outer loop
      vertex -0.482159 -1.42039 6.5
      vertex -0.388228 -1.44889 5.49
      vertex -0.482159 -1.42039 5.49
    endloop
  endfacet
  facet normal -0.956922 0.290344 0
    outer loop
      vertex 1.42039 -0.482159 5.49
      vertex 1.44889 -0.388228 6.5
      vertex 1.44889 -0.388228 5.49
    endloop
  endfacet
  facet normal -0.956922 0.290344 0
    outer loop
      vertex 1.44889 -0.388228 6.5
      vertex 1.42039 -0.482159 5.49
      vertex 1.42039 -0.482159 6.5
    endloop
  endfacet
  facet normal -0.582452 0.812865 0
    outer loop
      vertex 0.913141 -1.19003 5.49
      vertex 0.833355 -1.2472 6.5
      vertex 0.913141 -1.19003 6.5
    endloop
  endfacet
  facet normal -0.582452 0.812865 0
    outer loop
      vertex 0.833355 -1.2472 6.5
      vertex 0.913141 -1.19003 5.49
      vertex 0.833355 -1.2472 5.49
    endloop
  endfacet
  facet normal -0.634389 0.773014 0
    outer loop
      vertex 0.989018 -1.12776 5.49
      vertex 0.913141 -1.19003 6.5
      vertex 0.989018 -1.12776 6.5
    endloop
  endfacet
  facet normal -0.634389 0.773014 0
    outer loop
      vertex 0.913141 -1.19003 6.5
      vertex 0.989018 -1.12776 5.49
      vertex 0.913141 -1.19003 5.49
    endloop
  endfacet
  facet normal -0.0980072 -0.995186 0
    outer loop
      vertex 0.0981045 1.49679 5.49
      vertex 0.195788 1.48717 6.5
      vertex 0.0981045 1.49679 6.5
    endloop
  endfacet
  facet normal -0.0980072 -0.995186 -0
    outer loop
      vertex 0.195788 1.48717 6.5
      vertex 0.0981045 1.49679 5.49
      vertex 0.195788 1.48717 5.49
    endloop
  endfacet
  facet normal 0.634389 -0.773014 0
    outer loop
      vertex -0.989018 1.12776 5.49
      vertex -0.913141 1.19003 6.5
      vertex -0.989018 1.12776 6.5
    endloop
  endfacet
  facet normal 0.634389 -0.773014 0
    outer loop
      vertex -0.913141 1.19003 6.5
      vertex -0.989018 1.12776 5.49
      vertex -0.913141 1.19003 5.49
    endloop
  endfacet
  facet normal 0.973875 -0.227084 0
    outer loop
      vertex -1.47118 0.292635 6.5
      vertex -1.44889 0.388228 5.49
      vertex -1.44889 0.388228 6.5
    endloop
  endfacet
  facet normal 0.973875 -0.227084 0
    outer loop
      vertex -1.44889 0.388228 5.49
      vertex -1.47118 0.292635 6.5
      vertex -1.47118 0.292635 5.49
    endloop
  endfacet
  facet normal 0.973875 0.227084 0
    outer loop
      vertex -1.44889 -0.388228 6.5
      vertex -1.47118 -0.292635 5.49
      vertex -1.47118 -0.292635 6.5
    endloop
  endfacet
  facet normal 0.973875 0.227084 0
    outer loop
      vertex -1.47118 -0.292635 5.49
      vertex -1.44889 -0.388228 6.5
      vertex -1.44889 -0.388228 5.49
    endloop
  endfacet
  facet normal -0.881928 0.471384 0
    outer loop
      vertex 1.29904 -0.75 5.49
      vertex 1.34531 -0.663432 6.5
      vertex 1.34531 -0.663432 5.49
    endloop
  endfacet
  facet normal -0.881928 0.471384 0
    outer loop
      vertex 1.34531 -0.663432 6.5
      vertex 1.29904 -0.75 5.49
      vertex 1.29904 -0.75 6.5
    endloop
  endfacet
  facet normal 0.412705 0.910865 -0
    outer loop
      vertex -0.574024 -1.38582 5.49
      vertex -0.663432 -1.34531 6.5
      vertex -0.574024 -1.38582 6.5
    endloop
  endfacet
  facet normal 0.412705 0.910865 0
    outer loop
      vertex -0.663432 -1.34531 6.5
      vertex -0.574024 -1.38582 5.49
      vertex -0.663432 -1.34531 5.49
    endloop
  endfacet
  facet normal -0.910865 0.412705 0
    outer loop
      vertex 1.34531 -0.663432 5.49
      vertex 1.38582 -0.574024 6.5
      vertex 1.38582 -0.574024 5.49
    endloop
  endfacet
  facet normal -0.910865 0.412705 0
    outer loop
      vertex 1.38582 -0.574024 6.5
      vertex 1.34531 -0.663432 5.49
      vertex 1.34531 -0.663432 6.5
    endloop
  endfacet
  facet normal 0.956922 0.290344 0
    outer loop
      vertex -1.42039 -0.482159 6.5
      vertex -1.44889 -0.388228 5.49
      vertex -1.44889 -0.388228 6.5
    endloop
  endfacet
  facet normal 0.956922 0.290344 0
    outer loop
      vertex -1.44889 -0.388228 5.49
      vertex -1.42039 -0.482159 6.5
      vertex -1.42039 -0.482159 5.49
    endloop
  endfacet
  facet normal -0.352201 0.935925 0
    outer loop
      vertex 0.574024 -1.38582 5.49
      vertex 0.482159 -1.42039 6.5
      vertex 0.574024 -1.38582 6.5
    endloop
  endfacet
  facet normal -0.352201 0.935925 0
    outer loop
      vertex 0.482159 -1.42039 6.5
      vertex 0.574024 -1.38582 5.49
      vertex 0.482159 -1.42039 5.49
    endloop
  endfacet
  facet normal -0.683592 0.729864 0
    outer loop
      vertex 1.06066 -1.06066 5.49
      vertex 0.989018 -1.12776 6.5
      vertex 1.06066 -1.06066 6.5
    endloop
  endfacet
  facet normal -0.683592 0.729864 0
    outer loop
      vertex 0.989018 -1.12776 6.5
      vertex 1.06066 -1.06066 5.49
      vertex 0.989018 -1.12776 5.49
    endloop
  endfacet
  facet normal 0.634389 0.773014 -0
    outer loop
      vertex -0.913141 -1.19003 5.49
      vertex -0.989018 -1.12776 6.5
      vertex -0.913141 -1.19003 6.5
    endloop
  endfacet
  facet normal 0.634389 0.773014 0
    outer loop
      vertex -0.989018 -1.12776 6.5
      vertex -0.913141 -1.19003 5.49
      vertex -0.989018 -1.12776 5.49
    endloop
  endfacet
endsolid OpenSCAD_Model
